Cluster,Dist,mean,median,std,min,max,bag_count,day_count,Cluster_Rank,Cluster_perc
0,"[0.0, 0.0, 0.6744999999999957, 0.6745000000000043]",0.33725,0.33724999999999783,0.33725,0.0,0.6745000000000043,4.0,3.0,1.0,0.33
1,"[0.6745, 0.6745, 0.6745, 0.6745, 0.6745, 0.6745]",0.6745,0.6745,0.0,0.6745,0.6745,6.0,3.0,2.0,0.67
2,"[1.92683784172662, 0.6745, 1.0143703597122318, 0.4759349640287767, 0.0]",0.8183286330935257,0.6745,0.6441749570192719,0.0,1.92683784172662,5.0,1.0,3.0,1.0
