Cluster,Dist,mean,median,std,min,max,bag_count,day_count,Cluster_Rank,Cluster_perc
0,"[0.0, 0.0, 0.0, 0.0, 0.0]",0.0,0.0,0.0,0.0,0.0,5.0,5.0,1.0,0.33
1,"[0.7075637254901948, 0.0017401960784334996, 23.61341666666667, 23.383362745098044, 0.6414362745098052, 0.0017401960784334996]",8.058209967320265,0.6745,10.921528477082806,0.0017401960784334996,23.61341666666667,6.0,1.0,3.0,1.0
2,"[0.6745, 0.6745]",0.6745,0.6745,0.0,0.6745,0.6745,2.0,1.0,2.0,0.67
