Cluster,Dist,mean,median,std,min,max,bag_count,day_count,Cluster_Rank,Cluster_perc
0,"[0.6745000000000022, 0.6744999999999977, 0.0, 0.0, 0.0]",0.26979999999999993,0.0,0.3304361663014507,0.0,0.6745000000000022,5.0,4.0,3.0,1.0
1,[0.0],0.0,0.0,0.0,0.0,0.0,1.0,1.0,1.5,0.5
2,[0.0],0.0,0.0,0.0,0.0,0.0,1.0,1.0,1.5,0.5
