Cluster,Dist,mean,median,std,min,max,bag_count,day_count,Cluster_Rank,Cluster_perc
0,"[0.0, 0.0, 0.6745000000000042, 0.6744999999999958, 0.0, 0.0]",0.22483333333333333,0.0,0.3179623492735508,0.0,0.6745000000000042,6.0,5.0,1.0,0.33
1,"[554.2141666679587, 0.6745, 0.0]",184.96288888931954,0.6745,261.1002276820542,0.0,554.2141666679587,3.0,1.0,3.0,1.0
2,"[0.6744999999999999, 0.6745000000000001]",0.6745,0.6745,1.1102230246251565e-16,0.6744999999999999,0.6745000000000001,2.0,1.0,2.0,0.67
