Cluster,Dist,mean,median,std,min,max,bag_count,day_count,Cluster_Rank,Cluster_perc
0,"[0.674500000000005, 0.674499999999995, 0.6745000000000049, 0.6744999999999952]",0.6745,0.6745000000000001,4.913599269663572e-15,0.674499999999995,0.674500000000005,4.0,2.0,2.5,0.83
1,"[0.6745, 0.6745]",0.6745,0.6745,0.0,0.6745,0.6745,2.0,1.0,2.5,0.83
2,[0.0],0.0,0.0,0.0,0.0,0.0,1.0,1.0,1.0,0.33
