Cluster,Dist,mean,median,std,min,max,bag_count,day_count,Cluster_Rank,Cluster_perc
0,"[0.0, 0.6744999999999918, 0.6745000000000082, 0.674500000000009, 0.674499999999991]",0.5396000000000001,0.6744999999999918,0.2698,0.0,0.674500000000009,5.0,3.0,1.0,0.33
1,"[0.6745, 0.6745, 0.6745, 0.6745]",0.6745,0.6745,0.0,0.6745,0.6745,4.0,2.0,2.0,0.67
2,"[0.6745, 0.0, 0.7043053874092006, 0.086966404358358, 2.5354993946731406]",0.8002542372881398,0.6745,0.9149079126469938,0.0,2.5354993946731406,5.0,1.0,3.0,1.0
