Cluster,Dist,mean,median,std,min,max,bag_count,day_count,Cluster_Rank,Cluster_perc
0,"[0.0, 0.0, 0.0, 0.0]",0.0,0.0,0.0,0.0,0.0,4.0,4.0,1.5,0.5
1,"[0.6745, 0.6745, 0.0, 0.5840805405405406, 282.4339318918925, 280.2354264864871, 281.9548545945952]",120.93675621621648,0.6745,139.0892407224896,0.0,282.4339318918925,7.0,1.0,3.0,1.0
2,[0.0],0.0,0.0,0.0,0.0,0.0,1.0,1.0,1.5,0.5
