Cluster,Dist,mean,median,std,min,max,bag_count,day_count,Cluster_Rank,Cluster_perc
0,"[0.0, 0.0, 0.0, 0.0, 0.0, 0.0, 0.0]",0.0,0.0,0.0,0.0,0.0,7.0,7.0,1.5,0.5
1,"[1.0661855287569653, 1.2576484230055986, 0.2828144712430349, 0.2828144712430349]",0.7223657235621584,0.6745000000000001,0.44473313166388645,0.2828144712430349,1.2576484230055986,4.0,1.0,3.0,1.0
2,[0.0],0.0,0.0,0.0,0.0,0.0,1.0,1.0,1.5,0.5
