Cluster,Dist,mean,median,std,min,max,bag_count,day_count,Cluster_Rank,Cluster_perc
0,"[0.0, 0.0, 0.6744999999998907, 0.6745000000001092, 0.0, 0.0, 0.0, 0.0]",0.168625,0.0,0.2920670674263019,0.0,0.6745000000001092,8.0,7.0,2.0,0.67
1,"[0.6745, 0.19456116895409425, 0.0, 9.76237399432089, 9.810202949992131]",4.0883276226534235,0.6745,4.657568431547452,0.0,9.810202949992131,5.0,1.0,3.0,1.0
2,[0.0],0.0,0.0,0.0,0.0,0.0,1.0,1.0,1.0,0.33
