Cluster,Dist,mean,median,std,min,max,bag_count,day_count,Cluster_Rank,Cluster_perc
0,"[0.0, 0.0, 0.6745000000000239, 0.6744999999999762, 0.0, 0.0, 0.0]",0.19271428571428575,0.0,0.304708040254796,0.0,0.6745000000000239,7.0,6.0,1.0,0.33
1,"[0.6745, 0.6745]",0.6745,0.6745,0.0,0.6745,0.6745,2.0,1.0,2.0,0.67
2,"[0.6745, 1.4773679129635164, 0.0, 0.6441133925835061, 1.4240363162733578, 142.78811523138071, 0.6015307998774043]",21.08709480758264,0.6745,49.6864871632379,0.0,142.78811523138071,7.0,1.0,3.0,1.0
