Cluster,Dist,mean,median,std,min,max,bag_count,day_count,Cluster_Rank,Cluster_perc
0,"[0.0, 0.6745000000000001, 0.6744999999999999, 0.6744999999999564, 0.6745000000000436, 0.0, 0.0]",0.3854285714285714,0.6744999999999564,0.3337909342014879,0.0,0.6745000000000436,7.0,5.0,1.0,0.33
1,"[0.6745, 0.6745]",0.6745,0.6745,0.0,0.6745,0.6745,2.0,1.0,2.0,0.67
2,"[0.0, 0.6745, 23.353242539138776]",8.009247513046258,0.6745,10.853336663074753,0.0,23.353242539138776,3.0,1.0,3.0,1.0
