Cluster,Dist,mean,median,std,min,max,bag_count,day_count,Cluster_Rank,Cluster_perc
0,"[0.0, 0.0, 0.0, 0.0, 0.6745000000000135, 0.6744999999999866, 0.0, 0.0, 0.6744999999998388, 0.6745000000001612]",0.26980000000000004,0.0,0.33043616630145073,0.0,0.6745000000001612,10.0,8.0,2.0,0.67
1,[0.0],0.0,0.0,0.0,0.0,0.0,1.0,1.0,1.0,0.33
2,"[0.6744999999999882, 0.6745000000000118]",0.6745,0.6745,1.176836406102666e-14,0.6744999999999882,0.6745000000000118,2.0,1.0,3.0,1.0
