Cluster,Dist,mean,median,std,min,max,bag_count,day_count,Cluster_Rank,Cluster_perc
0,"[0.6745, 0.6745, 0.6745, 140.16741638795344, 0.0]",28.43818327759069,0.6745,55.86522733682326,0.0,140.16741638795344,5.0,2.0,3.0,1.0
1,"[0.0, 0.6745000000000156, 0.6744999999999843, 0.0, 0.0, 0.0, 0.0]",0.1927142857142857,0.0,0.304708040254796,0.0,0.6745000000000156,7.0,6.0,1.0,0.33
2,"[0.8494889286688967, 0.861650514133467, 0.8697124784332232, 0.8633914491486621, 1.5348619726258044, 0.005753197433727086, 0.005753197433727086, 0.01689143758470607, 0.4951805734796869, 0.49951107133110334]",0.6002194820273005,0.6745,0.47054768907770356,0.005753197433727086,1.5348619726258044,10.0,1.0,2.0,0.67
