Cluster,Dist,mean,median,std,min,max,bag_count,day_count,Cluster_Rank,Cluster_perc
0,"[0.0, 0.0, 0.0, 0.0, 0.6745000000000186, 0.6744999999999813, 0.0, 0.0, 0.0, 0.0, 0.0]",0.12263636363636364,0.0,0.26015101304199617,0.0,0.6745000000000186,11.0,10.0,1.0,0.33
1,"[0.0, 0.6745, 53.01384229390671]",17.896114097968905,0.6745,24.833510461945355,0.0,53.01384229390671,3.0,1.0,3.0,1.0
2,"[0.6745, 0.6745]",0.6745,0.6745,0.0,0.6745,0.6745,2.0,1.0,2.0,0.67
