Cluster,Dist,mean,median,std,min,max,bag_count,day_count,Cluster_Rank,Cluster_perc
0,"[0.28538871402877714, 0.6745, 0.802788444244595, 0.0, 3.44437792266184, 0.6745, 0.6745]",0.9365792972764588,0.6745,1.0565604957204897,0.0,3.44437792266184,7.0,2.0,2.0,0.67
1,"[0.0, 0.0, 0.0, 0.0, 0.6745000000002304, 0.6744999999997696, 0.0, 0.0]",0.168625,0.0,0.2920670674263019,0.0,0.6745000000002304,8.0,7.0,1.0,0.33
2,"[0.5919144287664957, 0.7570855712335043, 0.10090380822333621, 8.527906842664258, 7.614655742679422, 0.10090380822333621]",2.9488950336317252,0.6745,3.639509813390473,0.10090380822333621,8.527906842664258,6.0,1.0,3.0,1.0
