Cluster,Dist,mean,median,std,min,max,bag_count,day_count,Cluster_Rank,Cluster_perc
0,"[0.7425688073394412, 1.2376146788990756, 0.5507385321100863, 0.22277064220182824, 3.805665137614626, 4.938082568807271, 0.043316513761462595, 1.1509816513761297, 0.154701834862387, 0.21658256880733356, 6.064311926605423, 0.9282110091743015, 5.17322935779811, 5.123724770642152, 1.2128623853210763, 1.528454128440345, 0.0, 0.27227522935778553, 0.6745, 0.055692660550451904, 2.4628532110091412, 0.6559357798164954, 1.930678899082539, 0.556926605504581, 1.0024678899082373, 0.09282110091741985, 0.11757339449541908, 0.4269770642201725, 0.6373715596330114, 0.380357142857129, 0.13692857142857118, 5.958928571428483, 0.0, 0.6744999999999831, 0.6745, 1.0802142857142687, 0.6237857142857037, 0.689714285714267, 0.10650000000000355, 0.60857142857142, 0.10142857142857561, 0.750571428571419, 0.06592857142856318, 0.025357142857156574, 0.9331428571428416, 0.8874999999999902, 1.2830714285713862, 1.1410714285714207, 0.755642857142847, 1.2171428571428229, 0.8012857142856984, 0.31442857142856584]",1.176739641092835,0.6745,1.5492646714420726,0.0,6.064311926605423,52.0,2.0,3.0,1.0
1,"[0.0, 0.6744999999999931, 0.6745000000000069]",0.44966666666666666,0.6744999999999931,0.3179623492735509,0.0,0.6745000000000069,3.0,2.0,1.0,0.33
2,"[0.21495054945055053, 1.5861868131868118, 0.08894505494504518, 0.08894505494504518, 0.9561593406593344, 1.9493791208791045, 2.2013901098901147, 0.39284065934066553, 0.0, 2.036900662251669, 2.787337748344391, 0.5628278145695339, 1.9743642384105866, 2.2602450331126014, 0.7057682119205114, 0.0, 0.06253642384108246, 0.5628278145695339, 0.5806953642384061, 0.1608079470198498, 1.259662251655639, 0.6432317880794884, 0.9201788079470076, 0.9916490066225262, 1.232860927152301, 1.6974172185430378, 0.3305496688741655, 0.5002913907284812, 1.4562052980132332, 0.15187417218544347]",0.9452342830458721,0.6744999999999999,0.7884020438291981,0.0,2.787337748344391,30.0,2.0,2.0,0.67
