Cluster,Dist,mean,median,std,min,max,bag_count,day_count,Cluster_Rank,Cluster_perc
0,"[0.0, 0.6745000000001099, 0.6744999999998901, 0.0, 0.0, 0.0]",0.22483333333333333,0.0,0.3179623492735508,0.0,0.6745000000001099,6.0,5.0,2.0,0.67
1,"[6.475199999991373, 0.0, 0.6745]",2.3832333333304576,0.6745,2.9065306883290756,0.0,6.475199999991373,3.0,1.0,3.0,1.0
2,[0.0],0.0,0.0,0.0,0.0,0.0,1.0,1.0,1.0,0.33
