Cluster,Dist,mean,median,std,min,max,bag_count,day_count,Cluster_Rank,Cluster_perc
0,"[0.0, 0.0, 0.0, 0.6744999999999998, 0.6745000000000002, 0.0, 0.0, 0.6744999999999491, 0.6745000000000507]",0.29977777777777775,0.0,0.33516174462746845,0.0,0.6745000000000507,9.0,7.0,3.0,1.0
1,[0.0],0.0,0.0,0.0,0.0,0.0,1.0,1.0,1.5,0.5
2,[0.0],0.0,0.0,0.0,0.0,0.0,1.0,1.0,1.5,0.5
