Cluster,Dist,mean,median,std,min,max,bag_count,day_count,Cluster_Rank,Cluster_perc
0,"[0.6708736559139791, 0.5185672043010734, 1.3381209677418888, 0.061647849462380916, 1.57020698924728, 0.4025241935483777, 0.32999731182793385, 0.1849435483870461, 1.8965779569891688, 1.6209758064515496, 2.636352150537547, 2.309981182795658, 0.061647849462380916, 0.678126344086021, 1.8867770270269846, 3.117283783783697, 0.6198108108107878, 2.8620675675674847, 0.04557432432431817, 0.1640675675675758, 0.5560067567567121, 2.807378378378303, 0.9023716216215908, 0.4283986486486818, 0.04557432432431817, 0.7291891891892122, 0.2536119999999797, 1.397564000000104, 0.5773719999999538, 0.8795479999999656, 1.6457800000000842, 0.6421239999999486, 3.3509160000000557, 0.2212359999999823, 0.7068760000000514, 0.22123599999994636]",1.065036305854223,0.6745000000000001,0.9588681163449932,0.04557432432431817,3.3509160000000557,36.0,3.0,2.0,0.67
1,"[2.5261322115384592, 1.9424302884615583, 1.9164879807692534, 0.10701201923077883, 0.08106971153847406, 0.11349759615385503, 1.7219206730769245, 1.8775745192307964, 2.908781249999998, 1.2549591346153952, 1.6376081730769123, 0.6777427884615272, 0.47668990384614357, 0.08106971153847406, 0.08106971153845245, 1.4235841346153328, 1.5597812500000197, 0.145925480769236, 0.6712572115384727, 1.1057908653845994, 0.24320913461535734, 0.38589182692305524, 0.10052644230770263, 4.192925480769257, 0.5739735576923082, 0.6971995192307775, 0.3534639423077175, 0.4507475961537956]",1.0467257898351656,0.6745,1.003293414793692,0.08106971153845245,4.192925480769257,28.0,1.0,1.0,0.33
2,"[0.5064750889679814, 0.0, 1.4450142348754427, 0.6745, 2.803615658363002]",1.0859209964412853,0.6745,0.9760811556418684,0.0,2.803615658363002,5.0,1.0,3.0,1.0
