Cluster,Dist,mean,median,std,min,max,bag_count,day_count,Cluster_Rank,Cluster_perc
0,"[0.0, 0.0, 0.0, 0.0, 0.0]",0.0,0.0,0.0,0.0,0.0,5.0,5.0,1.0,0.33
1,"[5.493438039960685, 0.6446509155430551, 0.704349084456945, 0.6446509155430539]",1.8717722388759348,0.6745000000000001,2.091111754580378,0.6446509155430539,5.493438039960685,4.0,1.0,3.0,1.0
2,"[0.0, 3.360724241556924, 0.6745]",1.3450747471856415,0.6745,1.4516357958338828,0.0,3.360724241556924,3.0,1.0,2.0,0.67
