Cluster,Dist,mean,median,std,min,max,bag_count,day_count,Cluster_Rank,Cluster_perc
0,"[0.0, 0.0, 0.0, 0.0, 0.0, 0.6744999999999987, 0.6745000000000012, 0.0, 0.0, 0.0]",0.13489999999999996,0.0,0.26979999999999993,0.0,0.6745000000000012,10.0,9.0,1.0,0.33
1,"[0.6745, 0.6745, 0.6745, 0.6745, 0.6745, 0.6745]",0.6745,0.6745,0.0,0.6745,0.6745,6.0,3.0,2.0,0.67
2,"[0.6469987436655399, 0.23465080236486516, 0.23465080236486444, 0.7020012563344601, 4.626719647381754, 1.8055123099662165]",1.3750889270129498,0.6745,1.5461094824347026,0.23465080236486444,4.626719647381754,6.0,1.0,3.0,1.0
