Cluster,Dist,mean,median,std,min,max,bag_count,day_count,Cluster_Rank,Cluster_perc
0,"[0.0, 0.0, 0.0, 0.0]",0.0,0.0,0.0,0.0,0.0,4.0,4.0,1.5,0.5
1,"[6.834988372093063, 0.45737209302326237, 0.8916279069767377, 0.43755813953489237, 1.0162906976744153, 0.43755813953489237]",1.6792325581395442,0.6745,2.3172571692216333,0.43755813953489237,6.834988372093063,6.0,1.0,3.0,1.0
2,[0.0],0.0,0.0,0.0,0.0,0.0,1.0,1.0,1.5,0.5
