Cluster,Dist,mean,median,std,min,max,bag_count,day_count,Cluster_Rank,Cluster_perc
0,"[0.0, 0.0, 0.0, 0.0, 0.6744999999999975, 0.6745000000000024]",0.22483333333333333,0.0,0.3179623492735509,0.0,0.6745000000000024,6.0,5.0,2.0,0.67
1,"[0.6745000000000003, 0.6744999999999998]",0.6745000000000001,0.6745000000000001,2.830524433501838e-16,0.6744999999999998,0.6745000000000003,2.0,1.0,3.0,1.0
2,[0.0],0.0,0.0,0.0,0.0,0.0,1.0,1.0,1.0,0.33
