Cluster,Dist,mean,median,std,min,max,bag_count,day_count,Cluster_Rank,Cluster_perc
0,"[0.0, 0.0, 0.0, 0.0, 0.0, 0.0, 0.0, 0.0, 0.0, 0.0]",0.0,0.0,0.0,0.0,0.0,10.0,10.0,1.0,0.33
1,"[0.6745, 0.6745, 0.6745, 0.6745]",0.6745,0.6745,0.0,0.6745,0.6745,4.0,2.0,2.0,0.67
2,"[0.10774288840262151, 0.1077428884025822, 6.550177242888231, 1.2412571115973785]",2.001730032822703,0.6745,2.666508282995155,0.1077428884025822,6.550177242888231,4.0,1.0,3.0,1.0
