Cluster,Dist,mean,median,std,min,max,bag_count,day_count,Cluster_Rank,Cluster_perc
0,"[0.0, 0.6745, 1.1081071428570397, 13.225017857141156, 0.4576964285713197, 1.4694464285712394, 0.43360714285703966, 0.6745, 0.610574119076551, 0.07294106925880643, 0.8293973268529757, 0.0, 0.0040978128797079195, 0.369622721749698, 1.7317357229647579, 1.773533414337784, 1.062972660996349, 1.0351075334143351, 1.3252326852976832, 0.05491069258809158, 1.4957017010935545, 0.44502247873632916, 0.6966281895504227, 0.24095139732685297, 0.6015589307411882, 0.6179501822600252, 0.5827089914945316, 0.10654313487241682, 1.7391117861482321, 3.7462205346293898, 2.8487995139732565, 0.6990868772782475, 0.557302551640337, 2.329196840826238, 1.74483333333337, 1.3917500000000278, 0.9025000000000102, 0.6745, 0.5605000000000001, 0.24541666666666473, 2.862666666666725, 2.5349166666667133, 0.6745, 0.46708333333333174, 0.39741666666666103, 0.362583333333352, 0.4259166666666689, 4.480833333333419, 5.3944166666667615, 0.24541666666667528, 0.1885806213017728, 0.7184023668638936, 0.2674053254437886, 0.07483357988165461, 0.7433468934911228, 0.18658505917159549, 0.0, 0.8401316568047208, 2.565295118343171, 3.5062026627218645, 0.14866937869822056, 0.6745, 0.7722825443786934, 0.17560946745562045, 0.6715066568047341, 0.8950096153846092, 0.9768276627218909, 1.1394659763313526, 0.14767159763313192, 0.584237947075882, 0.3641044888835189, 0.7555524710004833, 0.5934475289995167, 0.34242529603673266, 0.34242529603673266, 4.228950368535524, 3.5245396024649582, 5.035074039391009, 6.561827120589654]",1.316581572309263,0.6745,1.9054869491946682,0.0,13.225017857141156,79.0,5.0,3.0,1.0
1,"[0.0, 0.674500000000003, 0.6744999999999971]",0.4496666666666667,0.6744999999999971,0.3179623492735509,0.0,0.674500000000003,3.0,2.0,1.0,0.33
2,"[3.302724137931019, 3.3166793103448104, 0.6745, 0.5942577586206911, 0.5477405172413784, 1.1803749999999962, 1.1466499999999922, 0.05930948275862163, 0.0, 0.06632753403933378, 0.06632753403933378, 1.4602261724659598, 0.8064747856782642, 0.3826588502269295, 0.7153169440242058, 0.6901464952092771, 0.6588535047907229, 0.6588535047907229, 1.359544377206254, 0.8057945032778608, 1.246617498739284, 0.23503756933938363, 0.18061497730711082, 0.6678126495726503, 0.8112447863247867, 0.6811873504273497, 0.6678126495726503]",0.8512254775529107,0.6745,0.7961014177702244,0.0,3.3166793103448104,27.0,3.0,2.0,0.67
