Cluster,Dist,mean,median,std,min,max,bag_count,day_count,Cluster_Rank,Cluster_perc
0,"[0.0, 0.0758812500000103, 0.6745, 0.03372499999999626, 3.352827083333336, 1.8436333333333346, 1.9307562499999915, 0.10790223831468095, 1.9377998683344382, 1.379638907175779, 0.10790223831468095, 0.4285006583278456, 0.9204993416721544]",0.9841204745235574,0.6745,0.9981666917381319,0.0,3.352827083333336,13.0,2.0,4.0,0.8
1,"[0.6745, 0.6745]",0.6745,0.6745,0.0,0.6745,0.6745,2.0,1.0,1.0,0.2
2,"[0.5024615384615388, 0.8920512820512828, 1.020397435897435, 1.1560256410256438, 0.6854230769230758, 0.6298974358974346, 0.6744999999999999, 0.9958205128205144, 1.0877564102564141, 0.34862820512820386, 0.6508333333333358, 0.2548717948717977, 1.558358974358976, 2.2892948717948736, 0.6517435897435923, 0.0, 0.3440769230769224, 0.7217338935574263, 0.0, 0.6745, 1.0151565656565644, 1.0277346542346515, 0.04769191919192087, 0.7221919191919192, 0.6268080808080809, 0.04769191919191737]",0.7163711529797508,0.6744999999999999,0.49550195643975803,0.0,2.2892948717948736,26.0,3.0,3.0,0.6
3,"[0.0, 0.4080654885654807, 0.40385862785862986, 0.17528586278586206, 0.6674885654885663, 2.268900207900199, 1.7206060291060346, 1.7738929313929308, 1.6561008316008254, 0.21174532224531747, 0.030850311850317773, 0.3085031185031217, 0.1893087318087295, 1.6168367983367968, 0.23277962577961867, 0.8455790020790017, 0.5286621621621597, 0.06590748440748645, 0.10517151767151536, 1.8117546777546825, 5.031405405405408, 6.105557172557169, 4.595294178794184, 1.3377817047816967, 1.0390945945945915, 1.689755717255717, 1.705180873180871, 0.0855395010395009, 0.3000893970894012, 2.754091476091479, 0.5174438669438657, 0.6745, 0.430502079002078, 1.278885654885653, 1.7135945945945916]",1.2651432432432423,0.6745,1.428534178508526,0.0,6.105557172557169,35.0,1.0,5.0,1.0
4,"[0.0, 1.4598767123287535, 0.6745]",0.7114589041095845,0.6745,0.5965648745077596,0.0,1.4598767123287535,3.0,1.0,2.0,0.4
