Cluster,Dist,mean,median,std,min,max,bag_count,day_count,Cluster_Rank,Cluster_perc
0,"[0.674499999999994, 0.674500000000006, 0.6745000000000035, 0.6744999999999964, 0.0, 0.0, 0.6744999999999942, 0.6745000000000058]",0.505875,0.6744999999999953,0.29206706742630195,0.0,0.674500000000006,8.0,5.0,1.0,0.33
1,"[0.8776211163416238, 0.4713788836583762, 0.4713788836583762, 0.9398547410894494, 0.6745, 0.6745]",0.6848722707913043,0.6745,0.17960243053387032,0.4713788836583762,0.9398547410894494,6.0,2.0,2.0,0.67
2,"[0.6745, 2.6695364450124894, 0.0]",1.114678815004163,0.6745,1.1334090905159624,0.0,2.6695364450124894,3.0,1.0,3.0,1.0
