Cluster,Dist,mean,median,std,min,max,bag_count,day_count,Cluster_Rank,Cluster_perc
0,"[0.6745, 0.6745, 0.6745000000000001, 0.6745000000000001]",0.6745000000000001,0.6745000000000001,7.850462293418876e-17,0.6745,0.6745000000000001,4.0,2.0,1.0,0.33
1,"[2.4773574468085116, 2.3722106382978727, 0.0, 0.48910851063829824, 0.6745]",1.2026353191489365,0.6745,1.02246780512324,0.0,2.4773574468085116,5.0,1.0,2.0,0.67
2,"[0.6745, 0.0, 12.032060137456995]",4.2355200458189985,0.6745,5.519859032794766,0.0,12.032060137456995,3.0,1.0,3.0,1.0
