Cluster,Dist,mean,median,std,min,max,bag_count,day_count,Cluster_Rank,Cluster_perc
0,"[2.8231855976243394, 0.658976985894579, 0.6745, 0.0, 1.1291740905716356, 0.3035250000000006, 2.657807191780823, 0.3594253424657541, 3.0038349315068524, 4.0234386986301365, 0.37698082191781, 0.6744999999999999, 2.061382876712331, 0.0]",1.3390522526503044,0.6744999999999999,1.2641897278433776,0.0,4.0234386986301365,14.0,2.0,4.0,0.8
1,"[0.700024045653499, 1.172910244334866, 0.3638391046595377, 0.3083812953626239, 1.4577481300903097, 1.1945851293700487, 0.6489759543465009, 0.3083812953626239, 0.10218508287292605, 0.2296712707182315, 1.2852569060773484, 0.10218508287292864, 1.459422651933704, 1.1193287292817684]",0.7466353516383512,0.6744999999999999,0.49752173478684936,0.10218508287292605,1.459422651933704,14.0,2.0,3.0,0.6
2,"[0.014585437774081762, 0.014585437774081762, 0.08149485861182627, 1.034546121276273, 0.9345899742930572, 0.8913436413125649, 0.6606285347043704, 18.2720856646, 0.6883714652956295, 6.3768961893240474, 0.25856003326780613, 0.17267934371692162]",2.4500305584958877,0.6745,5.051851013413768,0.014585437774081762,18.2720856646,12.0,1.0,5.0,1.0
3,"[0.6745, 0.6745000000000001, 0.6745000000000005, 0.6744999999999994, 0.0, 0.0, 0.0]",0.3854285714285715,0.6744999999999994,0.3337909342014879,0.0,0.6745000000000005,7.0,5.0,1.0,0.2
4,"[0.6745, 0.6745, 0.6745, 0.6745]",0.6745,0.6745,0.0,0.6745,0.6745,4.0,2.0,2.0,0.4
