Cluster,Dist,mean,median,std,min,max,bag_count,day_count,Cluster_Rank,Cluster_perc
0,"[35.1211424731184, 0.025384408602171966, 1.2438360215054118, 10.012336021505437, 0.025384408602171966, 0.1051639784945882, 0.05744317873609835, 0.6938916463249233, 0.5667483048548965, 0.3768565229183593, 0.449117846487661, 0.6745, 0.9276890425820464, 1.049527122321672, 0.7286502576620548, 1.0023285869270389, 0.0]",3.1211764600378196,0.6745,8.312972675289748,0.0,35.1211424731184,17.0,2.0,4.0,1.0
1,"[0.0, 0.0, 0.0, 0.0, 0.6745000000000012, 0.6744999999999988]",0.22483333333333333,0.0,0.3179623492735509,0.0,0.6745000000000012,6.0,5.0,1.0,0.25
2,"[0.5946612244897924, 4.423251700680292, 0.7892108843537535, 6.45684625850342, 0.06974421768707947, 0.06974421768707947, 0.7543387755102077, 8.444556462585032, 0.3872639455782258, 0.4056176870748347]",2.239523537414972,0.6745000000000001,2.903129805580477,0.06974421768707947,8.444556462585032,10.0,1.0,3.0,0.75
3,"[0.6745, 0.6745, 0.6745, 0.6745]",0.6745,0.6745,0.0,0.6745,0.6745,4.0,2.0,2.0,0.5
