Cluster,Dist,mean,median,std,min,max,bag_count,day_count,Cluster_Rank,Cluster_perc
0,"[0.0, 0.0, 0.6745000000000011, 0.6744999999999989]",0.33725,0.33724999999999944,0.33725,0.0,0.6745000000000011,4.0,3.0,1.0,0.17
1,"[0.0, 0.6744999999999999, 0.478281818181819, 1.4112265993265953, 3.8457855218855115, 1.7875953282828256, 4.3587007575757575, 0.6191433080808085, 0.0, 0.6745000000000001]",1.3849733333333316,0.6745,1.4599957958802943,0.0,4.3587007575757575,10.0,2.0,4.0,0.67
2,"[0.6745, 0.4164794397116645, 0.5551585845347313, 0.6322884993446916, 0.539688401048493, 1.1886625982961987, 7.79199991808649, 9.584220674967224, 9.584441677588453, 1.1074441349934443, 0.029614351245086306, 0.3709528997378775, 0.0, 1.048215432503276, 0.46443700851900444, 0.10475524246395816, 1.0195955930537328, 1.832443233944951, 1.7693469855832216, 2.2815205602883326, 2.5876091906946237, 0.017127703145477204, 0.8411359764089098, 0.27293823722149463, 0.06420126146788939]",1.791151104193969,0.6745,2.7580785178704623,0.0,9.584441677588453,25.0,1.0,5.0,0.83
3,"[0.6745, 0.0, 210.62149999994935, 10.642111111109816, 0.6745, 0.0]",37.102101851843194,0.6745,77.69189674678927,0.0,210.62149999994935,6.0,2.0,6.0,1.0
4,"[0.04904353680430726, 0.16590035906642858, 2.8802482046678546, 1.2569676840215382, 1.1830996409335715, 0.07871184919209966, 3.566252244165153, 0.04904353680431129]",1.153658381956908,0.6745,1.2934829449894052,0.04904353680430726,3.566252244165153,8.0,1.0,3.0,0.5
5,"[0.6745, 0.7881000000000008, 1.2126799999999998, 0.027264000000000798, 1.2833960000000033, 0.1465439999999991, 0.0]",0.5903548571428576,0.6745,0.5037482936352329,0.0,1.2833960000000033,7.0,1.0,2.0,0.33
