Cluster,Dist,mean,median,std,min,max,bag_count,day_count,Cluster_Rank,Cluster_perc
0,"[6.151665701415693, 0.40611786786786797, 1.960274667524664, 0.6543894251394244, 0.6946105748605755, 0.40611786786786597, 1.8051422811059912, 0.2234864055299551, 1.2745563364055288, 0.08812016129032216, 0.5891773041474666, 0.6479240783410146, 0.4306542626728121, 0.7010759216589854, 3.611217050691243, 2.021324193548385, 0.20095126728110552, 0.7784724654377869, 0.0881201612903232, 0.7250097926267287]",1.172920389335187,0.6745,1.4160242022369225,0.08812016129032216,6.151665701415693,20.0,2.0,4.0,1.0
1,"[0.0, 0.0, 0.0, 0.6745000000000002, 0.6744999999999999]",0.26980000000000004,0.0,0.33043616630145073,0.0,0.6745000000000002,5.0,4.0,1.0,0.25
2,"[0.160330933233589, 1.1208027866093142, 0.06067598653450456, 0.024093790910790978, 0.9399101365251546, 1.2905946325042084, 1.2033019450158968, 0.024093790910790978, 0.4090898634748454, 1.410685150551712]",0.6643579016270806,0.6745,0.5502200949072691,0.024093790910790978,1.410685150551712,10.0,1.0,2.0,0.5
3,"[0.661611279235658, 1.5986387748043749, 0.6873887207643419, 0.6616112792356577]",0.9023125135100081,0.6744999999999999,0.4021618664228261,0.6616112792356577,1.5986387748043749,4.0,1.0,3.0,0.75
