Cluster,Dist,mean,median,std,min,max,bag_count,day_count,Cluster_Rank,Cluster_perc
0,"[0.6745, 0.6745, 0.0, 0.053738459831336016, 0.6745, 47.15003484243228, 44.28378406569015, 1.8882830853563044, 0.0, 0.6745, 0.4119890368050123, 1.5185493343774497]",8.167031568707712,0.6745,16.811797668026472,0.0,47.15003484243228,12.0,3.0,3.0,1.0
1,"[0.6745000000000017, 0.6744999999999984, 0.0, 0.0, 0.0, 1.6212553533190623, 0.6745, 0.0, 0.0, 0.0]",0.36447553533190624,0.0,0.5162262597070126,0.0,1.6212553533190623,10.0,7.0,1.0,0.33
2,"[1.5725014809329918, 1.4571297667530574, 0.4227798963346899, 0.558628841169938, 2.7966403184005935, 0.35635375786745604, 0.790371158830062, 1.6364303961495779, 0.35635375786745943, 0.42028267308404227, 7.745234146341438, 1.516802439024382, 0.12009390243902168, 0.0, 0.15135121951218886, 0.684370731707316, 2.9727353658536493, 0.6745, 0.2961219512195114, 0.037926038062283465, 3.187537629757782, 0.21530320069203737, 0.39384731833909997, 0.6844191176470578, 0.03442517301038074, 3.0498369377162673, 6.441008217993085, 1.1617037197231845, 0.5735583910034635, 0.03442517301038074, 9.046818771626306, 0.494205449826986, 0.7941128892733589, 0.10444247404844313, 0.2444770761245679, 0.9738239619377146, 2.913303200692045, 2.6203974913494856, 0.040259948096885295, 5.5634580449827, 0.6645808823529422, 5.0371613321799344, 0.3763429930795863]",1.6096757496747296,0.6745,2.138810451967917,0.0,9.046818771626306,43.0,3.0,2.0,0.67
