Cluster,Dist,mean,median,std,min,max,bag_count,day_count,Cluster_Rank,Cluster_perc
0,"[2.566948342328449, 0.07904703161141088, 0.6745, 0.6817806476484186, 0.0, 0.6745, 3.1616314699792913, 0.0, 0.6745, 0.6745]",0.9187407491567571,0.6745,1.021526602064257,0.0,3.1616314699792913,10.0,3.0,2.0,0.4
1,"[0.0, 0.6744999999999988, 0.6745000000000012, 0.0, 0.0, 0.0, 0.0]",0.1927142857142857,0.0,0.304708040254796,0.0,0.6745000000000012,7.0,6.0,1.0,0.2
2,"[0.5248758389261736, 0.6795033557046974, 0.744308724832215, 0.6730704697986563, 0.0, 2.011825503355703, 0.6745, 0.416374038461539, 28.252470192307896, 0.584999038461539, 0.764000961538461, 0.416374038461539, 6.471308653846207, 0.5848493488998651, 0.8846944319712607, 0.16506623259991007, 0.19081050740906955, 1.8117911989223143, 2.0819546475078576, 1.0567267624607075, 0.6769229905702736, 0.7081189941625509, 0.8619788953749433, 0.5821234845083073, 0.6745, 0.04482532555006643, 0.6284631791647948, 0.0]",1.8988013148141625,0.6745,5.208037521319777,0.0,28.252470192307896,28.0,3.0,3.0,0.6
3,"[2.1128173515981628, 0.08623744292236395, 0.8192557077625805, 0.5297442922374195, 2.40848858447488, 0.08623744292240497, 0.2648721461186892, 0.13551598173518437, 0.25871232876709177, 3.702050228310421, 11.038392694063814, 14.173739726027232]",2.96800532724502,0.6745,4.491885930594687,0.08623744292236395,14.173739726027232,12.0,1.0,4.0,0.8
4,"[0.876045281995661, 6.0555029826464075, 0.472954718004339, 0.4729547180043366, 0.4233263598326264, 0.9256736401673736, 0.4233263598326264, 27.79843096234308]",4.681026877853306,0.6745,8.920172987813524,0.4233263598326264,27.79843096234308,8.0,2.0,5.0,1.0
