Cluster,Dist,mean,median,std,min,max,bag_count,day_count,Cluster_Rank,Cluster_perc
0,"[0.1382835332606321, 0.6561112322791732, 0.6745, 0.6185981461286817, 2.9900136314067636, 2.266231733914943, 0.2059541984732796, 3.0289978189749216, 3.02384896401309, 1.548334242093787, 2.2066521264994545, 0.2567071973827713, 0.008826608505996857, 0.02647982551799547, 0.0, 0.25229389312976797, 4.5479100327153805, 4.6832513631406805, 3.2562829880043647, 2.8002415485278114, 3.320275899672847, 0.04045528898582383, 0.5354809160305348, 0.9142895310796058, 1.7557595419847376, 1.056250817884408, 2.7465463467829925, 0.4016106870229011, 5.101779716466742, 0.26994711014176664, 0.16476335877862758, 4.911272082878957, 0.600944929116683, 12.593363685932403, 0.4207350054525658, 5.621814067611782, 0.17285441657579137, 12.940543620501652, 3.691729007633592, 0.2037475463467853, 0.2993691384950944, 0.34129552889857945, 0.400875136314068, 0.648915945498067, 6.96246446326643, 0.2902424047136809, 0.06967308046400436, 1.568948352053027, 0.3083747928558292, 0.8881144356472092, 3.634301878107161, 0.0696730804640027, 0.44747256490517506, 0.7050518320751251, 0.700084054501933]",1.9634279881656378,0.6745,2.7083956310014643,0.0,12.940543620501652,55.0,2.0,3.0,1.0
1,"[0.0, 0.0, 1.7807815558343816, 0.6745, 0.0, 0.0, 0.0, 0.6745000000000007, 0.6744999999999993, 0.0]",0.3804281555834381,0.0,0.5557677468145983,0.0,1.7807815558343816,10.0,7.0,1.0,0.33
2,"[0.7124275218988397, 0.6745, 0.1073024865781302, 0.9584799378355456, 0.0, 0.6745, 0.0, 4.164987363726467, 0.523088453914768, 3.245488107036673]",1.1060773870990424,0.6745,1.3515736587340006,0.0,4.164987363726467,10.0,2.0,2.0,0.67
