Cluster,Dist,mean,median,std,min,max,bag_count,day_count,Cluster_Rank,Cluster_perc
0,"[0.6745, 0.6745, 0.8478689258311943, 0.8064673913043447, 0.4390287723785197, 0.670187340153453, 0.1095415601023069, 0.6839878516624031, 1.0790274936061393, 1.2222078005115058, 0.7892167519181573, 0.1095415601022954, 0.31654923273656654, 0.6356860613810785, 0.6788126598465468, 0.18199424552429375, 0.15952904564315454, 0.920790456431536, 0.8452240663900412, 0.18331846473028884, 1.0355394190871343, 0.2966680497925356, 0.6745, 0.9137935684647318, 1.1698796680497938, 0.0, 0.04198132780083455, 0.6745, 0.6515800970873808, 0.0, 3.284094660194227, 4.479203883495213]",0.7890537610695524,0.6745,0.8828001286150705,0.0,4.479203883495213,32.0,4.0,2.0,0.5
1,"[0.6763946629213481, 0.08525983146066458, 0.5949241573033798, 0.0852598314606772, 0.6726053370786519, 0.09852247191011392, 0.4433511235955063, 1.559307584269652, 0.22925421348314556, 1.085641853932576, 5.401683988764032, 3.560071629213475, 0.5475575842696646, 523.3058988764034, 0.6025028089887595, 1.4626797752808987, 1.3736306179775253, 1.585832865168538]",30.18724328963789,0.6745,119.60593015694799,0.08525983146066458,523.3058988764034,18.0,1.0,4.0,1.0
2,"[1.8159615384615595, 0.6745, 0.0, 0.0, 0.0, 0.6744999999999889, 0.6745000000000111]",0.5484945054945085,0.6744999999999889,0.6043465776319338,0.0,1.8159615384615595,7.0,4.0,1.0,0.25
3,"[0.7173872832369632, 0.655005780346797, 0.3898843930635907, 2.409485549132929, 0.6939942196532028, 0.3898843930635907, 0.5770289017341412, 4.015809248554865]",1.23105997109826,0.6744999999999999,1.2181216282370542,0.3898843930635907,4.015809248554865,8.0,1.0,3.0,0.75
