Cluster,Dist,mean,median,std,min,max,bag_count,day_count,Cluster_Rank,Cluster_perc
0,"[0.521392638036801, 0.6745, 3.7863036809815442, 0.0, 3.6456104294477916, 0.1954884836852266, 0.18772072936660936, 0.9463714011516468, 0.9204788867562387, 2.0183214971209305, 1.865555662188107, 0.42852111324376124, 0.18772072936660936]",1.1829219424111743,0.6745,1.2326194545819749,0.0,3.7863036809815442,13.0,2.0,4.0,0.8
1,"[0.6745, 0.0, 1.706088235293449, 0.6745000000000154, 0.6744999999999844, 0.6745000000000021, 0.6744999999999979]",0.7255126050419213,0.6745,0.4630502188260101,0.0,1.706088235293449,7.0,3.0,2.0,0.4
2,"[1.1920408805031362, 0.0721163522012488, 0.1908962264150986, 1.4635377358490422, 0.0, 0.029694968553455388, 0.34361320754715485, 0.6448050314465447, 1.4635377358490422, 0.24604402515720175, 0.7720691823899248, 1.6629182389936996, 0.419971698113183, 0.7763113207547042, 0.08908490566039441, 0.5557201257861785, 0.26301257861634736, 3.1094874213835957, 1.119924528301859, 0.6320786163521783, 0.5302672955974742, 0.5132987421383568, 0.6745, 0.1781698113207606, 0.8441855345912018, 0.13150628930818783, 1.6204968553458778, 0.5387515723270329, 0.27998113207546477, 1.0775031446540657, 0.9035754716980845, 1.255672955974826, 1.0520503144653894, 0.6235943396226196, 0.7338899371068826, 2.8464748427672486, 1.91744654088046, 6.465018867924423, 1.6544339622641124, 0.687226415094338, 1.3362735849056337, 2.9355597484276146, 0.6320786163521783, 0.8993333333333333, 0.279981132075493, 0.1187798742138498, 1.5271698113207324, 0.11029559748429113, 0.021210691823924963, 0.8950911949685539, 1.0859874213836527, 0.12726415094340848, 0.08484276729561507]",0.9363920137652655,0.6745,1.054199896932926,0.0,6.465018867924423,53.0,1.0,3.0,0.6
3,"[0.0, 0.6745, 5.124326388888976, 0.0, 4.192145569620236, 0.6745, 0.0, 1.0090192307692356, 0.6745]",1.37211013214205,0.6745,1.8034411564275543,0.0,5.124326388888976,9.0,3.0,5.0,1.0
4,"[0.6745, 0.6745, 0.6745, 0.6745]",0.6745,0.6745,0.0,0.6745,0.6745,4.0,2.0,1.0,0.2
