Cluster,Dist,mean,median,std,min,max,bag_count,day_count,Cluster_Rank,Cluster_perc
0,"[0.03481290322580246, 0.03481290322580246, 0.783290322580652, 0.7136645161290277, 2.599363440860207, 0.6353354838709723, 0.6745, 0.0, 0.09728365384614138, 1.0052644230769023, 0.311307692307674, 0.3048221153846195, 4.335608173076842, 4.128069711538386, 0.8950096153845871]",1.1035429969671746,0.6745,1.374113504196759,0.0,4.335608173076842,15.0,2.0,3.0,0.6
1,"[0.0, 0.6745, 1.0871352941175825, 0.0, 0.6745000000044931, 0.6744999999955069]",0.5184392156862637,0.6744999999977535,0.3945543003499419,0.0,1.0871352941175825,6.0,3.0,1.0,0.2
2,"[0.03905000000001817, 0.6745, 0.0, 2.722849999999902, 0.7632499999999639, 0.0, 0.2609490950226266, 1.8287800904977405, 0.6745, 0.7147868778280559]",0.7678666063348307,0.6745,0.8327753698667455,0.0,2.722849999999902,10.0,2.0,2.0,0.4
3,"[0.09741137855578874, 4.271341356674016, 1.2515886214441916, 0.0974113785558084]",1.4294381838074512,0.6745,1.707090721856904,0.09741137855578874,4.271341356674016,4.0,1.0,4.0,0.8
4,"[0.6745, 6.999528301886675, 0.25452830188676046, 0.0, 2.8761698113206475]",2.1609452830188167,0.6745,2.624387988004815,0.0,6.999528301886675,5.0,1.0,5.0,1.0
