Cluster,Dist,mean,median,std,min,max,bag_count,day_count,Cluster_Rank,Cluster_perc
0,"[0.7390882439599314, 0.800695492044783, 0.34360945786682445, 0.1532231879787838, 1.352378461991751, 0.8893304360636433, 0.1532231879787838, 0.6099117560400685, 2.849418367346879, 0.6745, 0.6469693877551058, 0.4640874635568406, 0.0, 1.6597026239066632, 5.018437317784124, 0.001938218390817286, 0.7161716954023005, 0.08043606321838802, 1.9663225574712515, 1.8025431034482624, 0.1259841954023102, 1.3751659482758525, 0.6551178160919563, 1.5573584770114768, 1.5699568965517114, 1.9634152298850385, 1.0602054597701094, 0.510720545976998, 0.646395833333343, 0.8712291666666634, 0.03101149425288291, 0.5979403735632207, 0.001938218390804375, 0.49230747126437585, 0.6938821839080438, 0.7056136738055976, 0.05889373970345993, 2.6968887973640636, 0.6745, 0.0, 0.7103614253393679, 0.6386385746606322, 1.3711272624434416, 1.3360288461538425, 0.1320005656108712, 0.7347777149321254, 0.41889196832579345, 0.13200056561085088, 1.1427327586206917, 0.11996551724138257, 0.08446551724137827, 0.020810344827583944, 0.6745, 0.0, 0.7552931034482753, 1.1109051724137906, 0.9897155172413817, 0.5373965517241365, 0.434568965517243, 0.7093879310344829, 1.1078448275862087, 138.21963147914042, 0.0, 0.6745, 1.2398512596899134, 1.0398541666666634, 0.6745, 0.0, 0.02091472868216811, 1.1334532608695609, 0.21554673913043912, 1.9780445652173673, 0.21554673913043912, 0.0, 0.6745, 72.92382692308469, 4.008457142857656, 0.0, 0.6745, 0.0, 24.098141330785356, 0.6745, 0.6745, 0.6745, 0.0, 0.6745, 5.6003939393936255, 0.09788258575196684, 0.2331385224274475, 1.2146339050131676, 0.6744999999999999, 0.949461081794191, 0.0, 2.344732849604188]",3.31889294566634,0.6745,16.018412067906084,0.0,138.21963147914042,94.0,15.0,2.0,0.67
1,"[0.0, 0.6745000000000182, 0.6744999999999819, 0.0, 0.0, 1.6290889830509458, 1.1603686440678833, 0.4715783898305009, 0.6745, 0.0, 0.0, 0.0]",0.44037800141244415,0.23578919491525044,0.5212508851353642,0.0,1.6290889830509458,12.0,7.0,1.0,0.33
2,"[1.8244307502061015, 0.8201875515251349, 2.5995774938169607, 0.6022122835943802, 0.026134789777419478, 0.02613478977740466, 0.7467877164056198, 0.028359027205284017, 0.447627782357802, 395.5611644682585, 0.38542857142862147, 5.290883116882785, 0.3854285714285047, 0.6920194805194191, 0.9898506493506531, 0.6569805194805808]",25.692700472625948,0.6744999999999999,95.50813445010861,0.02613478977740466,395.5611644682585,16.0,2.0,3.0,1.0
