Cluster,Dist,mean,median,std,min,max,bag_count,day_count,Cluster_Rank,Cluster_perc
0,"[0.0200346534653897, 0.8681683168317148, 1.1753663366337193, 4.641361386138842, 0.0, 0.2070247524752339, 0.6745, 2.53104455445559, 0.4941881188119375, 0.20034653465345212, 2.397480198019866, 0.04651724137946527, 16.51362068965703, 0.4186551724137931, 5.396000000000464, 9.838396551725221, 0.0, 0.6745, 0.7908611111110998, 1.4298611111111426, 0.43586111111110803, 0.49108333333332493, 0.8776388888889216, 0.853972222222231, 0.5581388888889002, 0.43586111111113435, 1.8816658878504429, 1.043268691588781, 0.5767920560747575, 5.206887850467208, 6.061044392523281, 0.43180607476634336, 4.11003738317752, 0.617766355140173, 0.17335280373831716, 1.345848130841101, 0.0, 0.09140420560748626, 0.557880841121489, 0.03151869158878112, 1.0149018691588572, 0.5830957943925137, 1.3269369158878321, 3.5710677570093, 0.787967289719612, 3.744420560747617, 0.2647570093457824, 0.7123224299065373, 2.389116822429861, 3.1581728971962253, 3.3945630841121046, 0.532665887850464, 2.177941588785006, 0.4255023364485871, 0.19856775700934207, 0.4696285046728807, 1.522352803738296, 0.5515771028037326, 0.04412616822429357, 0.06934112149531846, 0.32464252336448757, 0.9045864485981231, 0.6745, 0.6398294392523198, 0.8573084112149305, 0.5042990654205609, 0.9770794392523198]",1.5809108459248085,0.6745,2.539466659474738,0.0,16.51362068965703,67.0,4.0,3.0,1.0
1,"[1.4096693121693238, 0.0, 0.6745000000000001]",0.6947231040564413,0.6745000000000001,0.5756727211829316,0.0,1.4096693121693238,3.0,1.0,1.0,0.33
2,"[0.2838242574257496, 1.525972772277182, 0.6477871287128526, 0.0, 1.509277227722751, 0.6978737623762346, 1.258844059405908, 0.8815247524752202, 0.16027722772277336, 1.519294554455423, 2.1804381188118382, 0.03339108910890649, 2.3874628712870805, 0.49752722772275115, 0.023373762376234543, 0.5542920792079143, 1.0050717821781965, 1.3924084158415562, 0.6711608910891093, 0.6745, 0.4374232673267195, 0.6876640334572477, 0.062059014869886124, 0.11346143122676638, 2.526867565055776, 2.6835822490706462, 3.4157532527881247, 0.062059014869894465, 0.6613359665427523]",0.9846381991519138,0.6745,0.8985599602770744,0.0,3.4157532527881247,29.0,2.0,2.0,0.67
