Cluster,Dist,mean,median,std,min,max,bag_count,day_count,Cluster_Rank,Cluster_perc
0,"[0.38756984126984306, 0.14774761904761768, 0.09421587301587732, 0.4261126984126961, 0.5417412698412696, 0.45180793650794576, 0.5567301587301569, 2.852171428571441, 1.3361523809523823, 0.49035079365079887, 0.3276142857142796, 0.02783650793650499, 1.9078714285714409, 1.4003904761904848, 2.1905190476190586, 0.7301730158730243, 0.7066190476190585, 1.2869031746031812, 0.5802841269841369, 0.3447444444444508, 0.12633492063492152, 1.0171031746031811, 1.0449396825396862, 0.6595111111111126, 1.0427984126984167, 1.3382936507936518, 0.3682984126984165, 0.3169079365079458, 0.5010571428571469, 0.6380984126984165, 2.154117460317475, 1.0106793650793722, 0.9143222222222255, 0.6273920634920684, 0.9421587301587304, 0.4560904761904708, 0.8350952380952353, 0.550306349206348, 0.9314523809523824, 0.5695777777777746, 0.41754761904761767, 0.2569523809523823, 1.4839, 0.7473031746031812, 1.4132380952381027, 1.1113190476190584, 0.6745, 1.349, 0.0, 1.0085380952381027, 0.05781428571429386, 1.2697730158730243, 3.288990476190485, 1.981634482758717, 4.6083080459771955, 0.08993333333332644, 4.381924137931194, 0.8187034482759026, 1.7521494252874288, 3.761694252873709, 4.056303448276027, 1.4916528735632901, 1.2466620689655459, 0.2853057471264356, 1.3707080459770717, 3.485691954023135, 0.86522068965523, 0.5861172413793481, 3.4174666666667974, 3.383354022988639, 0.2635977011494051, 0.3969471264367719, 0.27600229885059485, 0.31321609195406097, 0.0899333333333471, 0.13955172413792036, 1.2032459770115467, 0.17366436781607866, 0.46827356321839625, 0.5985218390804552, 0.3380252873563166, 0.7566804597701189, 0.48688045977011896, 0.2853057471264356, 0.5209931034482773, 0.2635977011494051, 1.0171770114942575, 0.7504781609195447, 0.5613080459770098]",1.0381707477722015,0.6745,1.028328838836442,0.0,4.6083080459771955,89.0,2.0,2.0,0.67
1,"[0.6745, 0.6745]",0.6745,0.6745,0.0,0.6745,0.6745,2.0,1.0,1.0,0.33
2,"[0.0, 0.6745, 1.9625512048192573, 0.33724999999998645, 3.1449578313252746]",1.2238518072289035,0.6745,1.1680743618934897,0.0,3.1449578313252746,5.0,1.0,3.0,1.0
