Cluster,Dist,mean,median,std,min,max,bag_count,day_count,Cluster_Rank,Cluster_perc
0,"[0.679609848484848, 0.669390151515152, 3.1272272727273314, 2.018390151515186, 0.40367803030302357, 0.035768939393935786, 2.176795454545473, 1.0321893939394258, 0.6489507575757602, 0.03576893939396982, 0.6745, 0.6745]",1.0147307449495087,0.6745,0.8994287951725188,0.035768939393935786,3.1272272727273314,12.0,2.0,2.0,0.67
1,"[0.568855421686764, 0.1300240963855213, 0.877662650602377, 0.03250602409638032, 0.877662650602377, 1.6415542168674229, 0.7801445783132359, 2.5842289156625604, 0.03250602409638032, 0.11377108433733114, 5.688554216867206, 0.5688554216866557]",1.1580271084336846,0.6744999999999999,1.5402551849431296,0.03250602409638032,5.688554216867206,12.0,1.0,3.0,1.0
2,"[0.01556538461538302, 0.30093076923077294, 0.6148326923076983, 0.9494884615384679, 0.8171826923076949, 0.9728365384615597, 0.6589346153846343, 1.0947653846153933, 1.5695096153846273, 0.8197769230769254, 0.30093076923077294, 0.9754307692307729, 1.0350980769230917, 0.47733846153846443, 0.6174269230769289, 0.02075384615386131, 0.0, 1.3438115384615563, 0.6745]",0.6978480769230845,0.6745,0.42818666171508973,0.0,1.5695096153846273,19.0,1.0,1.0,0.33
