Cluster,Dist,mean,median,std,min,max,bag_count,day_count,Cluster_Rank,Cluster_perc
0,"[0.0, 0.0, 0.0, 0.0, 0.0, 0.0, 0.0]",0.0,0.0,0.0,0.0,0.0,7.0,7.0,1.0,0.33
1,"[0.6745, 0.6745, 0.6745, 0.6745]",0.6745,0.6745,0.0,0.6745,0.6745,4.0,2.0,2.0,0.67
2,"[0.5572863244475275, 0.5572863244475275, 0.7917136755524725, 1.0730371915568326]",0.74483087900109,0.6745,0.2122871287309387,0.5572863244475275,1.0730371915568326,4.0,1.0,3.0,1.0
