Cluster,Dist,mean,median,std,min,max,bag_count,day_count,Cluster_Rank,Cluster_perc
0,"[0.0, 0.0, 0.0, 0.0, 0.0, 0.0, 0.0, 0.0, 0.0, 0.6745000000000003, 0.6744999999999998, 0.0, 0.0]",0.10376923076923078,0.0,0.2433604176923772,0.0,0.6745000000000003,13.0,12.0,1.0,0.33
1,"[6.066334936468355, 0.0, 0.6745, 0.0, 0.6745, 18.662019924098676, 0.0, 185.38115990990804, 0.6745, 0.6745, 0.0, 2.3824736193293874]",17.9324990324837,0.6745,50.74433267181848,0.0,185.38115990990804,12.0,4.0,3.0,1.0
2,"[0.6745, 0.6745, 0.6745, 0.6745]",0.6745,0.6745,0.0,0.6745,0.6745,4.0,2.0,2.0,0.67
