Cluster,Dist,mean,median,std,min,max,bag_count,day_count,Cluster_Rank,Cluster_perc
0,"[0.15975000000002074, 0.15974999999994194, 1.1892499999999793, 249.32241666666508, 0.450569611780456, 3.344508701472551, 35.22795214190088, 0.0, 0.6745]",32.28096634686877,0.6745,77.48651354153037,0.0,249.32241666666508,9.0,2.0,3.0,1.0
1,"[0.0, 0.0, 0.0, 0.0, 0.6745000000000005, 0.6744999999999994, 0.0, 0.0, 0.0, 0.0, 0.0, 0.0]",0.11241666666666666,0.0,0.25137130847060135,0.0,0.6745000000000005,12.0,11.0,1.0,0.33
2,"[0.6745, 0.6745, 0.6745, 0.6745]",0.6745,0.6745,0.0,0.6745,0.6745,4.0,2.0,2.0,0.67
