Cluster,Dist,mean,median,std,min,max,bag_count,day_count,Cluster_Rank,Cluster_perc
0,"[0.0, 0.6745000000000281, 0.6744999999999719, 0.0, 0.0, 0.0, 0.0, 0.0, 0.0, 0.0, 0.0, 0.0, 0.0, 0.0]",0.09635714285714285,0.0,0.23602583307246483,0.0,0.6745000000000281,14.0,13.0,1.0,0.25
1,"[0.6745, 0.6744999999999999, 0.6745, 0.6745, 0.6745, 0.6745]",0.6745,0.6745,4.5324665183683945e-17,0.6744999999999999,0.6745,6.0,3.0,2.0,0.5
2,"[0.6745, 6.835396907216495, 0.0, 0.6744999999999999, 0.0, 10.362942479237175, 65.30984314627413, 0.6745, 0.0]",9.39240917030309,0.6745,20.07457634822533,0.0,65.30984314627413,9.0,3.0,4.0,1.0
3,"[0.15150571065988624, 0.15150571065989765, 1.1974942893401024, 7.077970177664906]",2.144618972081198,0.6745,2.8801041746783484,0.15150571065988624,7.077970177664906,4.0,1.0,3.0,0.75
