Cluster,Dist,mean,median,std,min,max,bag_count,day_count,Cluster_Rank,Cluster_perc
0,"[0.0, 0.0, 0.0, 0.0, 0.0, 0.6745000000000002, 0.6744999999999997, 0.0, 0.0]",0.14988888888888885,0.0,0.2804164341532248,0.0,0.6745000000000002,9.0,8.0,1.0,0.33
1,"[0.0, 0.6745, 2.304693215769147, 2.177075093727268, 0.0, 0.6745]",0.9717947182494026,0.6745,0.9394020647939935,0.0,2.304693215769147,6.0,2.0,3.0,1.0
2,"[0.6745, 0.6745]",0.6745,0.6745,0.0,0.6745,0.6745,2.0,1.0,2.0,0.67
