Cluster,Dist,mean,median,std,min,max,bag_count,day_count,Cluster_Rank,Cluster_perc
0,"[0.10926479750779082, 0.7585498442367653, 0.6745, 0.8068785046728975, 0.0, 0.7138077116302416, 0.6351922883697583, 0.6351922883697562, 38.94970648078378]",4.809232435063444,0.6745,12.07352928783587,0.0,38.94970648078378,9.0,2.0,3.0,0.75
1,"[0.6745000000000005, 0.6744999999999994, 0.6745, 0.6744999999999998, 0.0, 0.0, 0.0, 0.0]",0.33724999999999994,0.3372499999999997,0.33724999999999994,0.0,0.6745000000000005,8.0,6.0,1.0,0.25
2,"[0.0, 0.6745, 7.100290118870737, 0.0, 0.6745, 351.999288177344, 0.6745, 472.11362990196653, 0.0, 62.474570588235316, 0.6744999999999999, 0.0, 0.0, 0.6745, 6.612834802924109, 0.0, 0.8727166650480719, 0.6745]",50.290018347466045,0.6745,130.22884524506597,0.0,472.11362990196653,18.0,6.0,4.0,1.0
3,"[0.6745, 0.6745, 0.6745, 0.6745, 0.6745, 0.6745, 0.6745000000000001, 0.6745000000000001]",0.6745000000000001,0.6745,9.614813431917819e-17,0.6745,0.6745000000000001,8.0,4.0,2.0,0.5
