Cluster,Dist,mean,median,std,min,max,bag_count,day_count,Cluster_Rank,Cluster_perc
0,"[0.0, 0.6745000000000001, 0.6744999999999999, 0.0, 0.0, 0.0, 0.0, 0.0]",0.168625,0.0,0.2920670674263019,0.0,0.6745000000000001,8.0,7.0,1.0,0.33
1,"[0.3060048761458938, 0.6745, 0.0, 2.0624412912034322, 56.94953345036081]",11.998495923542027,0.6745,22.486583072540732,0.0,56.94953345036081,5.0,1.0,3.0,1.0
2,"[0.6744999999999998, 0.6745000000000001]",0.6744999999999999,0.6744999999999999,1.7554167342883506e-16,0.6744999999999998,0.6745000000000001,2.0,1.0,2.0,0.67
