Cluster,Dist,mean,median,std,min,max,bag_count,day_count,Cluster_Rank,Cluster_perc
0,"[0.6744999999999987, 0.6745000000000014, 0.0, 0.6745, 0.6745000000000001, 0.0, 0.6744999999999998, 0.6745000000000002, 0.0, 0.0, 0.0, 0.0]",0.33725000000000005,0.33724999999999933,0.33725000000000005,0.0,0.6745000000000014,12.0,9.0,1.0,0.33
1,"[0.6745, 0.6745, 0.6745, 0.6745, 0.6745, 0.6745, 0.6745, 0.6745, 0.6745, 0.6745]",0.6745,0.6745,0.0,0.6745,0.6745,10.0,5.0,2.0,0.67
2,"[0.6745, 22.76297545648568, 0.49727780412615613, 1.0142291913682726, 0.0]",4.989796490396022,0.6745,8.89262169297477,0.0,22.76297545648568,5.0,1.0,3.0,1.0
