Cluster,Dist,mean,median,std,min,max,bag_count,day_count,Cluster_Rank,Cluster_perc
0,"[0.0, 0.6745000000000002, 0.6744999999999998, 0.6744999999999909, 0.6745000000000091, 0.0, 0.0, 0.6745000000000001, 0.6744999999999999, 0.6745000000000001, 0.6745, 0.6745000000000001, 0.6745]",0.5188461538461538,0.6745,0.28418374233633426,0.0,0.6745000000000091,13.0,8.0,2.0,0.67
1,"[0.6745, 0.6745]",0.6745,0.6745,0.0,0.6745,0.6745,2.0,1.0,3.0,1.0
2,"[0.8805204116860138, 0.6745, 0.0]",0.5183401372286712,0.6745,0.37604829114046595,0.0,0.8805204116860138,3.0,1.0,1.0,0.33
