Cluster,Dist,mean,median,std,min,max,bag_count,day_count,Cluster_Rank,Cluster_perc
0,"[1.1467693541251924, 0.0, 0.6745, 0.0, 0.0, 0.6745000000000003, 0.6744999999999995, 0.0, 0.0, 0.0, 0.0, 0.0, 0.6744999999999999, 0.6745000000000001, 0.6745000000000005, 0.6744999999999994]",0.3667668346328245,0.3372499999999997,0.3830343592433488,0.0,1.1467693541251924,16.0,11.0,1.0,0.33
1,"[11.377465151038402, 0.6567779263687853, 0.6567779263687853, 0.6922220736312148]",3.345810769351797,0.6745000000000001,4.637100396104345,0.6567779263687853,11.377465151038402,4.0,1.0,3.0,1.0
2,"[0.6744999999999997, 0.6745000000000003]",0.6745,0.6745,3.3306690738754696e-16,0.6744999999999997,0.6745000000000003,2.0,1.0,2.0,0.67
