Cluster,Dist,mean,median,std,min,max,bag_count,day_count,Cluster_Rank,Cluster_perc
0,"[0.0, 0.0, 0.0, 0.6744999999999952, 0.6745000000000048, 0.6745000000000001, 0.6744999999999999, 0.0, 0.0]",0.29977777777777775,0.0,0.33516174462746845,0.0,0.6745000000000048,9.0,7.0,1.0,0.33
1,"[0.0, 0.6745, 4.7307594082840225, 0.8454349315068452, 0.0, 0.6745, 0.6745, 0.0, 74.6012535508637]",9.133438654517175,0.6745,23.187710854411836,0.0,74.6012535508637,9.0,3.0,3.0,1.0
2,"[1.1268373729744576, 4.670416952760232, 0.22216262702554238, 0.22216262702554238]",1.5603948949464437,0.6745,1.8331626039959081,0.22216262702554238,4.670416952760232,4.0,1.0,2.0,0.67
