Cluster,Dist,mean,median,std,min,max,bag_count,day_count,Cluster_Rank,Cluster_perc
0,"[6.084810334219823, 0.4997639919818997, 0.4997639919818997, 0.8492360080181003, 0.6745, 0.0, 1335.125828260862, 0.5982521739130328, 209.253360869564]",172.62061284783786,0.6745,416.09375559513853,0.0,1335.125828260862,9.0,2.0,4.0,1.0
1,"[0.0, 0.0, 0.0, 0.0, 0.0, 0.0, 0.0, 0.0, 0.0, 0.0]",0.0,0.0,0.0,0.0,0.0,10.0,10.0,1.0,0.25
2,"[0.6745, 0.6745, 0.6745, 0.6745]",0.6745,0.6745,0.0,0.6745,0.6745,4.0,2.0,2.0,0.5
3,"[0.0, 0.6745, 284.0281320754673]",94.9008773584891,0.6745,133.7334478110545,0.0,284.0281320754673,3.0,1.0,3.0,0.75
