Cluster,Dist,mean,median,std,min,max,bag_count,day_count,Cluster_Rank,Cluster_perc
0,"[0.0, 0.0, 0.0, 0.0, 0.6744999999999998, 0.6745000000000001]",0.2248333333333333,0.0,0.3179623492735508,0.0,0.6745000000000001,6.0,5.0,2.0,0.67
1,"[0.8797826086953974, 0.0, 0.6744999999999999]",0.5180942028984657,0.6744999999999999,0.3758115127435954,0.0,0.8797826086953974,3.0,1.0,3.0,1.0
2,[0.0],0.0,0.0,0.0,0.0,0.0,1.0,1.0,1.0,0.33
