Cluster,Dist,mean,median,std,min,max,bag_count,day_count,Cluster_Rank,Cluster_perc
0,"[0.0, 0.0, 0.0, 0.0, 0.6745, 0.0, 1.3248587659725128, 0.0, 0.0, 0.0]",0.1999358765972513,0.0,0.42549470646144316,0.0,1.3248587659725128,10.0,8.0,1.0,0.25
1,"[0.6745, 0.6745, 0.6745, 0.6745]",0.6745,0.6745,0.0,0.6745,0.6745,4.0,2.0,2.0,0.5
2,"[242.06012025316565, 0.0, 0.6745]",80.91154008438855,0.6745,113.94958652951777,0.0,242.06012025316565,3.0,1.0,4.0,1.0
3,"[0.668881386047815, 0.6688813860478148, 0.9887471882920863, 0.6801186139521851]",0.7516571435849753,0.6745000000000001,0.13696085443744777,0.6688813860478148,0.9887471882920863,4.0,1.0,3.0,0.75
