Cluster,Dist,mean,median,std,min,max,bag_count,day_count,Cluster_Rank,Cluster_perc
0,"[0.6745000000000039, 0.674499999999996, 0.0, 0.0, 0.6745000000000001, 0.6744999999999999, 0.0, 0.0, 0.0, 0.0, 0.0, 0.0]",0.2248333333333333,0.0,0.3179623492735508,0.0,0.6745000000000039,12.0,10.0,1.0,0.33
1,"[0.6722437812962475, 0.6767562187037526, 0.912797717274515, 0.6722437812962475, 35.923127831715306, 0.24229611650484278, 0.24229611650484278, 1.1067038834951572, 0.09124878920851605, 0.09124878920851633, 1.2577512107914839, 5.680620802860393]",3.9641112532383183,0.6745000000000001,9.743828177926448,0.09124878920851605,35.923127831715306,12.0,3.0,3.0,1.0
2,"[0.6745, 0.6745]",0.6745,0.6745,0.0,0.6745,0.6745,2.0,1.0,2.0,0.67
