Cluster,Dist,mean,median,std,min,max,bag_count,day_count,Cluster_Rank,Cluster_perc
0,"[0.0, 0.0, 0.6744999999999937, 0.6745000000000063, 0.0, 0.0, 0.0, 0.0, 0.0, 1.6784069767441738, 0.6745, 0.0]",0.3084922480620145,0.0,0.503313282509947,0.0,1.6784069767441738,12.0,9.0,1.0,0.33
1,"[0.6745, 0.6745, 0.6745, 0.6745, 0.6745, 0.6745, 0.6745, 0.6745, 0.6745, 0.6745]",0.6745,0.6745,0.0,0.6745,0.6745,10.0,5.0,2.0,0.67
2,"[0.6745, 4.360626922930108, 0.0]",1.6783756409767028,0.6745,1.916523157031245,0.0,4.360626922930108,3.0,1.0,3.0,1.0
