Cluster,Dist,mean,median,std,min,max,bag_count,day_count,Cluster_Rank,Cluster_perc
0,"[0.0, 0.0, 0.0, 0.0, 0.6744999999999994, 0.6745000000000005, 0.0, 0.0, 0.6744999999999998, 0.6745000000000002, 0.6745000000000001, 0.6744999999999999, 0.6745000000000001, 0.6744999999999999, 0.0, 0.0, 0.0, 1.097061434977579, 0.6745]",0.3772400755251357,0.6744999999999994,0.3695092495853237,0.0,1.097061434977579,19.0,13.0,1.0,0.33
1,"[0.6745, 0.6745]",0.6745,0.6745,0.0,0.6745,0.6745,2.0,1.0,2.0,0.67
2,"[0.6752263812289919, 0.673773618771008, 1.0060893624427545, 0.673773618771008]",0.7572157453034406,0.6745,0.14368847386781522,0.673773618771008,1.0060893624427545,4.0,1.0,3.0,1.0
