Cluster,Dist,mean,median,std,min,max,bag_count,day_count,Cluster_Rank,Cluster_perc
0,"[0.6745000000000522, 0.6744999999999477, 0.0, 0.0, 0.674499999999965, 0.674500000000035, 0.0, 0.6745000000000017, 0.6744999999999983, 0.0, 0.0, 0.6744999999991014, 0.6745000000008986, 0.0, 0.0]",0.35973333333333335,0.6744999999991014,0.3364997209838698,0.0,0.6745000000008986,15.0,11.0,2.0,0.67
1,"[0.6745, 0.6745, 0.6745, 0.6745]",0.6745,0.6745,0.0,0.6745,0.6745,4.0,2.0,3.0,1.0
2,[0.0],0.0,0.0,0.0,0.0,0.0,1.0,1.0,1.0,0.33
