Cluster,Dist,mean,median,std,min,max,bag_count,day_count,Cluster_Rank,Cluster_perc
0,"[0.0, 0.0, 0.0, 0.6745, 0.6744999999999998, 0.0, 0.6745000000000038, 0.6744999999999962, 0.6744999999999994, 0.6745000000000007, 0.0, 0.0, 0.0, 0.6745000000000001, 0.6744999999999999]",0.3597333333333334,0.6744999999999962,0.3364997209838698,0.0,0.6745000000000038,15.0,11.0,1.0,0.33
1,"[0.6745, 0.6745, 0.6745, 0.6745]",0.6745,0.6745,0.0,0.6745,0.6745,4.0,2.0,2.0,0.67
2,"[0.0, 5.375591767327314, 0.6745]",2.0166972557757714,0.6745,2.3910063177524656,0.0,5.375591767327314,3.0,1.0,3.0,1.0
