Cluster,Dist,mean,median,std,min,max,bag_count,day_count,Cluster_Rank,Cluster_perc
0,"[0.6744999999999916, 0.6745000000000085, 0.0, 0.0, 0.0, 0.0, 0.0, 0.0, 0.6744999999999995, 0.6745000000000004]",0.26980000000000004,0.0,0.33043616630145073,0.0,0.6745000000000085,10.0,8.0,1.0,0.33
1,"[102.88189795918102, 0.6745, 0.0]",34.518799319727,0.6745,48.340794913153076,0.0,102.88189795918102,3.0,1.0,3.0,1.0
2,"[0.6745, 0.6745]",0.6745,0.6745,0.0,0.6745,0.6745,2.0,1.0,2.0,0.67
