Cluster,Dist,mean,median,std,min,max,bag_count,day_count,Cluster_Rank,Cluster_perc
0,"[0.6745, 12.882100205098142, 0.0, 1.2798639464588537, 0.06913605354114633, 2.3034058434413383, 0.06913605354114609, 0.6745, 0.0, 37.68826896551705]",5.564091106759767,0.6745,11.334135234577701,0.0,37.68826896551705,10.0,3.0,3.0,1.0
1,"[0.0, 0.0, 0.0, 0.0, 0.0, 0.0, 0.0, 0.0, 0.0, 0.6745, 0.0, 1.9428518125246939, 0.0, 0.6745000000000249, 0.674499999999975, 0.0, 0.0, 0.6744999999999998, 0.6745000000000003, 0.0]",0.2657675906262347,0.0,0.48149642630475514,0.0,1.9428518125246939,20.0,16.0,1.0,0.33
2,"[0.6745, 0.6745]",0.6745,0.6745,0.0,0.6745,0.6745,2.0,1.0,2.0,0.67
