Cluster,Dist,mean,median,std,min,max,bag_count,day_count,Cluster_Rank,Cluster_perc
0,"[0.6745000000000001, 0.6745000000000001, 0.6744999999999999, 0.6745, 0.6745, 0.6745]",0.6745000000000001,0.6745,1.199177923332954e-16,0.6744999999999999,0.6745000000000001,6.0,3.0,2.0,0.67
1,"[0.0, 0.0, 0.0]",0.0,0.0,0.0,0.0,0.0,3.0,3.0,1.0,0.33
2,"[2.1701567834681033, 0.0, 0.6745, 211.61594374999981, 0.0, 0.6745, 0.0, 0.6745, 79.40964858490692]",32.802138790930535,0.6745,67.83104139081416,0.0,211.61594374999981,9.0,3.0,3.0,1.0
