Cluster,Dist,mean,median,std,min,max,bag_count,day_count,Cluster_Rank,Cluster_perc
0,"[6.468282051282858, 0.0, 23.451846153848688, 0.5361410256411409, 0.6745, 0.6745, 0.19897302355783472, 0.8663880071809859, 0.6760715854508647, 0.09110686968229882, 0.0, 0.6774306204104239]",2.8596032780879246,0.6745,6.433063302582568,0.0,23.451846153848688,12.0,2.0,3.0,0.75
1,"[0.6744999999999949, 0.6745000000000051, 0.0, 0.0, 0.6744999999999998, 0.6745000000000003, 0.0, 0.6745, 1.5712784090908243, 0.0, 0.0, 0.6745000000000001, 0.6745, 1.5678242187500009, 0.6745, 0.0, 0.0, 0.0, 0.0, 0.0]",0.42675513139204124,0.33724999999999744,0.49619511164386104,0.0,1.5712784090908243,20.0,13.0,1.0,0.25
2,"[0.6745, 0.6745, 0.6745, 0.6745, 0.6745, 0.6745]",0.6745,0.6745,0.0,0.6745,0.6745,6.0,3.0,2.0,0.5
3,"[0.6813321690534402, 0.6676678309465588, 9.32379042961927, 0.6676678309465598, 0.2849181034482819, 0.2849181034482819, 12.321254310344768, 1.064081896551718]",3.16195383429486,0.6745,4.4918420564037085,0.2849181034482819,12.321254310344768,8.0,2.0,4.0,1.0
