Cluster,Dist,mean,median,std,min,max,bag_count,day_count,Cluster_Rank,Cluster_perc
0,"[0.6745, 1.3149343434343694, 0.0, 0.0, 0.0, 0.0, 0.0, 0.0, 0.0, 0.0, 0.6744999999999866, 0.6745000000000133]",0.2782028619528641,0.0,0.4247686712354938,0.0,1.3149343434343694,12.0,9.0,1.0,0.33
1,"[0.6745, 0.6744999999999999, 0.6745, 0.6745]",0.6745,0.6745,5.551115123125783e-17,0.6744999999999999,0.6745,4.0,2.0,2.0,0.67
2,"[0.0, 0.6745, 54.55955555555755]",18.41135185185252,0.6745,25.56212316189608,0.0,54.55955555555755,3.0,1.0,3.0,1.0
