Cluster,Dist,mean,median,std,min,max,bag_count,day_count,Cluster_Rank,Cluster_perc
0,"[0.6745, 0.6745, 0.5455514705882212, 0.5455514705882212, 168.01993382352316, 0.8034485294117788]",28.54391421568523,0.6745,62.3756344154781,0.5455514705882212,168.01993382352316,6.0,2.0,3.0,1.0
1,"[0.0, 1.2758708189158035, 0.6745, 0.0, 0.0, 0.0, 0.674500000000003, 0.6744999999999969, 0.0, 0.0, 0.0, 0.6744999999999999, 0.6745000000000001, 0.6745, 0.6745000000000001, 0.0, 0.0]",0.3527865187597531,0.0,0.39828356168499485,0.0,1.2758708189158035,17.0,12.0,1.0,0.33
2,"[29.34808152173918, 0.6745, 0.0, 0.6745000000000001, 0.0, 34.06596842632805, 3.4812449617790264, 0.0, 0.6745, 8.11493168133397, 0.6745, 0.0]",6.475685549265017,0.6745,11.541147536500795,0.0,34.06596842632805,12.0,4.0,2.0,0.67
