Cluster,Dist,mean,median,std,min,max,bag_count,day_count,Cluster_Rank,Cluster_perc
0,"[0.0, 0.0, 0.0, 0.0, 0.0, 1.1273785714285656, 0.6745, 0.0, 0.6745000000000002, 0.6744999999999998, 0.6744999999999914, 0.6745000000000085, 0.0, 0.6744999999999999, 0.6745000000000001, 0.0, 0.0, 0.0, 0.0, 0.0]",0.2924439285714283,0.0,0.37048381652580314,0.0,1.1273785714285656,20.0,15.0,2.0,0.67
1,[0.0],0.0,0.0,0.0,0.0,0.0,1.0,1.0,1.0,0.33
2,"[0.6745000000000624, 0.6744999999999376]",0.6745,0.6745,6.23945339839338e-14,0.6744999999999376,0.6745000000000624,2.0,1.0,3.0,1.0
