Cluster,Dist,mean,median,std,min,max,bag_count,day_count,Cluster_Rank,Cluster_perc
0,"[0.9535340042021473, 7.727623355081292, 0.6745, 0.3740592170739806, 0.0, 0.2750633748484503, 7.146369502920736, 0.2750633748484522, 1.0739366251515476]",2.055572161569623,0.6745,2.897645113377969,0.0,7.727623355081292,9.0,2.0,3.0,0.75
1,"[0.6744999999999987, 0.6745000000000012, 0.0, 0.0, 0.0, 0.0, 0.0, 0.0, 0.0, 0.0]",0.13489999999999996,0.0,0.26979999999999993,0.0,0.6745000000000012,10.0,9.0,1.0,0.25
2,"[0.0, 0.6744999999999999, 55.69757065217603, 8.883942211348014, 0.6745, 0.0]",10.98841881058734,0.6744999999999999,20.238501338321694,0.0,55.69757065217603,6.0,2.0,4.0,1.0
3,"[0.6745, 0.6745, 0.6745, 0.6745, 0.6744999999999999, 0.6745, 0.6745, 0.6745, 0.6745, 0.6745]",0.6744999999999999,0.6745,1.0532500405730103e-16,0.6744999999999999,0.6745,10.0,5.0,2.0,0.5
