Cluster,Dist,mean,median,std,min,max,bag_count,day_count,Cluster_Rank,Cluster_perc
0,"[0.6745000000000003, 0.6744999999999997, 0.0, 0.0, 0.0, 0.6745000000000008, 0.6744999999999992, 0.6745000000000053, 0.6744999999999945, 0.0, 0.6744999999999991, 0.6745000000000009, 0.0, 0.6745000000000007, 0.6744999999999992, 0.0, 0.6745000000000001, 0.6744999999999999]",0.44966666666666666,0.6744999999999992,0.3179623492735508,0.0,0.6745000000000053,18.0,12.0,1.0,0.25
1,"[0.6745, 0.6745, 0.6745, 0.6745]",0.6745,0.6745,0.0,0.6745,0.6745,4.0,2.0,2.0,0.5
2,"[0.0, 135.27318647540812, 0.6745, 0.7412777737065808, 0.0, 0.6745, 0.0, 0.6745, 2.607219380888265, 0.6745, 12.424990640653828, 0.0, 0.0, 0.6745, 0.7175531914893566]",10.342448497476408,0.6745,33.524974250307864,0.0,135.27318647540812,15.0,5.0,4.0,1.0
3,"[0.4584587293947782, 0.8905412706052217, 0.4584587293947777, 3.2902468716159308]",1.274426400252677,0.6745,1.1771264211313652,0.4584587293947777,3.2902468716159308,4.0,1.0,3.0,0.75
