Cluster,Dist,mean,median,std,min,max,bag_count,day_count,Cluster_Rank,Cluster_perc
0,"[0.6670320005040866, 0.6670320005040868, 0.6819679994959131, 1.47697601087387, 0.0, 8.966677417417422, 7.14872774774775, 0.6645344144144144, 0.6745, 0.0, 6.536365179273913, 5.687345790715972, 0.6745, 0.6021752838035297]",2.4605595603393544,0.6745,3.0126537986649993,0.0,8.966677417417422,14.0,3.0,3.0,0.6
1,"[0.6745, 0.0, 586.3053777777844, 0.0, 63.71768068833622, 0.6745, 0.0, 0.6745, 33.81928494623666, 0.0, 0.6745, 36.93831391830557, 4.439351294438251, 0.00893986126594835, 1.3400601387340516, 0.00893986126594835]",45.57974678039794,0.6745,140.7802437333057,0.0,586.3053777777844,16.0,5.0,5.0,1.0
2,"[0.6755506776052754, 0.2773788877927203, 0.2773788877927203, 2.201274650812607, 3.497880860896204, 0.6734493223947245, 0.6745, 36.949953125000995, 0.0, 0.32460312500000105, 2.554668750000068, 7.101229437229471, 1.0278095238095253, 0.629727994227999, 0.0, 0.6745, 0.6745, 0.0, 0.27457522123894545, 1.0684557522123828, 47.835778761061555]",5.113962617955962,0.6745,12.312584327198309,0.0,47.835778761061555,21.0,4.0,4.0,0.8
3,"[0.0, 0.6745000000000038, 0.6744999999999962, 0.6744999999999999, 0.6745000000000001]",0.5396,0.6744999999999999,0.2698,0.0,0.6745000000000038,5.0,3.0,1.0,0.2
4,"[0.6745, 0.6745, 0.6745000000000001, 0.6745000000000001]",0.6745000000000001,0.6745000000000001,7.850462293418876e-17,0.6745,0.6745000000000001,4.0,2.0,2.0,0.4
