Cluster,Dist,mean,median,std,min,max,bag_count,day_count,Cluster_Rank,Cluster_perc
0,"[0.0, 0.0, 0.0, 0.674499999999999, 0.674500000000001, 0.0, 0.6744999999999999, 0.6745000000000001, 0.0, 0.0, 0.0, 0.0, 0.0]",0.20753846153846156,0.0,0.3113076923076923,0.0,0.674500000000001,13.0,11.0,1.0,0.33
1,"[0.6744999999999999, 0.6745, 0.6745, 0.6745, 0.6745, 0.6745, 0.6744999999999999, 0.6744999999999999, 0.6745000000000001, 0.6745000000000001]",0.6744999999999999,0.6745,1.2658490090568387e-16,0.6744999999999999,0.6745000000000001,10.0,5.0,2.0,0.67
2,"[2.7973329093221873, 0.2283534435762312, 1.1206465564237689, 0.228353443576231]",1.0936715882246046,0.6745,1.0488971027737555,0.228353443576231,2.7973329093221873,4.0,1.0,3.0,1.0
