Cluster,Dist,mean,median,std,min,max,bag_count,day_count,Cluster_Rank,Cluster_perc
0,"[0.6748480905337658, 0.675245908286641, 0.6089097979946918, 0.674151909466234, 0.6757431804777351, 0.6075671630787378, 0.6069207092303155, 0.6096059790622234, 0.6715909576820995, 0.6318837732232379, 0.6653501916838689, 0.3206908360365673, 0.629024458124447, 0.6164186080802122, 0.1787444890887644, 1.2346771232674725, 0.2408786493659687, 0.17839639855499856, 0.6467024845178413, 0.4139542354762606, 0.6757431804777351, 1.190171262164553, 0.3299898260100266, 0.7080907365084045, 1.5168790917133588, 1.5472375589796519, 0.8443681804777351, 0.17839639855499856, 0.6756934532586257, 0.6729335925980535, 6.856737061338837, 1.9477903089059276, 1.9584816610144498, 2.3361598901503977, 2.1898872751400766, 1.6991044861397817, 1.7903787968150986, 1.5423145642878202, 1.5315486213506337, 0.6502828442937185, 0.6759918165732822, 0.6160705175464464, 0.10649999999999066, 0.08283333333332608, 0.08283333333332608, 0.4851666666666635, 14.294666666667029, 4.851666666666754, 304.7201666666735, 1095.0566666666912, 0.8638333333333365, 0.2958333333333468, 17.747781250000262, 0.7296274038461485, 0.41831971153846453, 0.6258581730769277, 0.4183197115384862, 0.7231418269230723, 0.6193725961538514, 0.535060096153838, 1.786776442307715, 69.32108894230866, 3.1163197115385293, 0.5091177884615328]",24.39197666231371,0.6744999999999999,140.27784989966162,0.08283333333332608,1095.0566666666912,64.0,3.0,3.0,1.0
1,"[0.7261163391933806, 0.8021458117890381, 1.3413273009307143, 0.6228836608066194, 0.5112807652533649, 0.5112807652533603, 0.3940609667454116, 0.7079614755587864, 0.6410385244412137, 0.3940609667454116, 2.943384154097765, 5.09337588588043]",1.2240763847246248,0.6745000000000001,1.3456405551466972,0.3940609667454116,5.09337588588043,12.0,2.0,1.0,0.33
2,"[0.7450057148794678, 0.6039942851205322, 0.1855155340814628, 21.322582190357455, 4.504726465087286, 0.20338726101413243, 0.1855155340814628, 2.645786523275147]",3.7995641884871185,0.6745,6.77755297796941,0.1855155340814628,21.322582190357455,8.0,1.0,2.0,0.67
