Cluster,Dist,mean,median,std,min,max,bag_count,day_count,Cluster_Rank,Cluster_perc
0,"[0.6745000000000012, 0.6744999999999988, 0.6745000000000009, 0.6744999999999991, 0.0, 0.0, 0.0, 0.6744999999990016, 0.6745000000009985, 0.0, 1.0843390127345298, 0.6745, 0.0]",0.4466030009795792,0.6744999999999988,0.36873356216259756,0.0,1.0843390127345298,13.0,8.0,2.0,0.67
1,"[0.0, 0.6745, 0.8714932743688975]",0.5153310914562992,0.6745,0.3731632242534093,0.0,0.8714932743688975,3.0,1.0,3.0,1.0
2,[0.0],0.0,0.0,0.0,0.0,0.0,1.0,1.0,1.0,0.33
