Cluster,Dist,mean,median,std,min,max,bag_count,day_count,Cluster_Rank,Cluster_perc
0,"[0.6744999999999989, 0.6745000000000011, 0.0, 0.0, 0.0, 0.0, 0.0, 0.0, 0.0, 0.0, 0.6745000000000072, 0.6744999999999928, 0.6745000000000003, 0.6744999999999997]",0.2890714285714286,0.0,0.33379093420148787,0.0,0.6745000000000072,14.0,11.0,1.0,0.33
1,"[0.22763499480789479, 0.22763499480789015, 1.1213650051921051, 10.223963136033223]",2.9501495327102782,0.6745,4.215358466434245,0.22763499480789015,10.223963136033223,4.0,1.0,3.0,1.0
2,"[0.6745, 0.6745]",0.6745,0.6745,0.0,0.6745,0.6745,2.0,1.0,2.0,0.67
