Cluster,Dist,mean,median,std,min,max,bag_count,day_count,Cluster_Rank,Cluster_perc
0,"[0.6745000000000001, 0.6744999999999999, 0.0, 0.6744999999999993, 0.6745000000000007, 0.0, 0.0, 0.0, 0.0, 0.0, 0.6744999999999998, 0.6745000000000002]",0.33725,0.33724999999999966,0.33725,0.0,0.6745000000000007,12.0,9.0,1.0,0.33
1,"[0.6745, 0.0, 15.370708913649008, 149.80439473683924, 0.0, 0.6745]",27.75401727508137,0.6745,54.85862500714266,0.0,149.80439473683924,6.0,2.0,3.0,1.0
2,"[0.6745, 0.6745]",0.6745,0.6745,0.0,0.6745,0.6745,2.0,1.0,2.0,0.67
