Cluster,Dist,mean,median,std,min,max,bag_count,day_count,Cluster_Rank,Cluster_perc
0,"[0.0, 0.0, 0.0, 0.0]",0.0,0.0,0.0,0.0,0.0,4.0,4.0,1.0,0.33
1,"[0.6745000000000001, 0.6745000000000001, 0.6745, 0.6745, 0.6745, 0.6745]",0.6745000000000001,0.6745,9.064933036736789e-17,0.6745,0.6745000000000001,6.0,3.0,2.0,0.67
2,"[0.0, 0.6745, 2.7055375513557913]",1.1266791837852639,0.6745,1.1498790867262532,0.0,2.7055375513557913,3.0,1.0,3.0,1.0
