Cluster,Dist,mean,median,std,min,max,bag_count,day_count,Cluster_Rank,Cluster_perc
0,"[0.6745, 0.6745000000000001, 0.0, 0.6745, 1.1049344874405969, 0.6745000000000831, 0.6744999999999168, 0.0, 0.6745000000000003, 0.6744999999999995, 0.674499999999958, 0.674500000000042, 0.0, 0.0, 0.0, 0.0, 0.6744999999999759, 0.6745000000000242, 0.0]",0.44865444670739985,0.6744999999999759,0.355469114290833,0.0,1.1049344874405969,19.0,12.0,1.0,0.33
1,"[13.538847517730519, 1.3350531914893617, 0.01394680851063813, 0.01394680851063813, 5.548385370632859, 0.16464593929792395, 1.184354060702076, 0.16464593929792246]",2.745478204521492,0.6745,4.4303419015944385,0.01394680851063813,13.538847517730519,8.0,2.0,3.0,1.0
2,"[0.6745, 0.8612100059916108, 0.0]",0.5119033353305369,0.6745,0.36990893034749595,0.0,0.8612100059916108,3.0,1.0,2.0,0.67
