Cluster,Dist,mean,median,std,min,max,bag_count,day_count,Cluster_Rank,Cluster_perc
0,"[0.0, 0.0, 0.6744999999999993, 0.6745000000000005, 0.0, 0.0, 0.0, 0.0, 0.0]",0.14988888888888885,0.0,0.2804164341532248,0.0,0.6745000000000005,9.0,8.0,1.0,0.25
1,"[0.6745, 0.6745, 0.6745, 0.6745]",0.6745,0.6745,0.0,0.6745,0.6745,4.0,2.0,2.0,0.5
2,"[2.767126313092492, 0.0, 0.6745]",1.1472087710308307,0.6745,1.178088054097067,0.0,2.767126313092492,3.0,1.0,4.0,1.0
3,"[0.7270326051891793, 0.6219673948108208, 1.5773769528549706, 0.6219673948108208]",0.8870860869164479,0.6745000000000001,0.4008411276362411,0.6219673948108208,1.5773769528549706,4.0,1.0,3.0,0.75
