Cluster,Dist,mean,median,std,min,max,bag_count,day_count,Cluster_Rank,Cluster_perc
0,"[0.0, 0.0, 0.0, 0.0, 0.6744999999999969, 0.674500000000003, 0.0, 0.6745000000000084, 0.6744999999999916, 0.6745000000000075, 0.6744999999999924, 0.0, 0.6745000000000017, 0.6744999999999983]",0.3854285714285714,0.674499999999992,0.3337909342014879,0.0,0.6745000000000084,14.0,10.0,1.0,0.33
1,"[0.6745, 0.6745, 0.6745, 0.6745, 0.6745, 0.6745, 0.6745, 0.6745]",0.6745,0.6745,0.0,0.6745,0.6745,8.0,4.0,2.0,0.67
2,"[0.0, 5.285656743766896, 0.6745]",1.9867189145889654,0.6745,2.348897707874327,0.0,5.285656743766896,3.0,1.0,3.0,1.0
