Cluster,Dist,mean,median,std,min,max,bag_count,day_count,Cluster_Rank,Cluster_perc
0,"[0.0, 0.6744999999999999, 0.6745000000000001, 0.0, 0.0, 1.3911562499999472, 0.6744999999999999, 0.0, 0.0, 0.0, 0.0, 0.0, 0.0, 0.0]",0.24390401785713905,0.0,0.41980591458927596,0.0,1.3911562499999472,14.0,11.0,1.0,0.25
1,"[0.6741690382728165, 0.6741690382728165, 0.6748309617271835, 15.526903949950944, 0.7677235772357622, 2.1386585365854267, 0.5812764227642377, 0.5812764227642377]",2.7023759934466782,0.6745,4.8716717765703965,0.5812764227642377,15.526903949950944,8.0,2.0,4.0,1.0
2,"[0.6745, 0.6745, 0.6744999999999999, 0.6745, 0.6745, 0.6745, 0.6745, 0.6744999999999999, 0.6745, 0.6745, 0.6745, 0.6745]",0.6745,0.6745,4.5324665183683945e-17,0.6744999999999999,0.6745,12.0,6.0,2.0,0.5
3,"[0.6971079669975493, 0.6663263503931919, 0.6663263503931929, 0.682673649606807]",0.6781085793476852,0.6744999999999999,0.012839961407775963,0.6663263503931919,0.6971079669975493,4.0,1.0,3.0,0.75
