Cluster,Dist,mean,median,std,min,max,bag_count,day_count,Cluster_Rank,Cluster_perc
0,"[0.0, 0.0, 1.4974805640472337, 0.6745, 0.0, 0.0, 0.0, 0.0, 0.0, 0.0]",0.2171980564047234,0.0,0.47176777471965237,0.0,1.4974805640472337,10.0,8.0,2.0,0.67
1,"[0.6745, 0.6745, 0.6745, 0.6744999999999999]",0.6744999999999999,0.6745,9.614813431917819e-17,0.6744999999999999,0.6745,4.0,2.0,3.0,1.0
2,[0.0],0.0,0.0,0.0,0.0,0.0,1.0,1.0,1.0,0.33
