Cluster,Dist,mean,median,std,min,max,bag_count,day_count,Cluster_Rank,Cluster_perc
0,"[0.6465414507772016, 0.7024585492227985, 1.1917331606217623, 0.93661139896373, 0.21318393782383477, 0.21318393782383402, 0.0, 0.8441347305389229, 0.6745, 0.642380952380952, 0.7066190476190479, 0.8993333333333323, 0.642380952380952, 0.5462344262295086, 1.0725655737704909, 0.8027655737704914, 0.5462344262295076]",0.663580085381551,0.6745,0.29769479462683013,0.0,1.1917331606217623,17.0,4.0,2.0,0.5
1,"[0.0, 0.6744999999999999, 0.6745000000000001, 0.0, 0.0, 0.6745000000000001, 0.6744999999999999, 0.0, 0.6744999999999994, 0.6745000000000004, 0.0, 0.0]",0.33725,0.3372499999999997,0.33725,0.0,0.6745000000000004,12.0,9.0,1.0,0.25
2,"[0.6745, 0.6745, 0.6745, 0.6745, 0.6745, 0.6745, 0.6745, 0.6745, 0.6745, 0.6745]",0.6745,0.6745,0.0,0.6745,0.6745,10.0,5.0,3.0,0.75
3,"[0.7072614285714286, 0.6417385714285714, 0.6417385714285714, 2.9735814285714284, 1.2436093750000028, 0.10539062499999713, 0.10539062499999713, 8.958203124999992]",1.9221142187499987,0.6745,2.793475866717487,0.10539062499999713,8.958203124999992,8.0,2.0,4.0,1.0
