Cluster,Dist,mean,median,std,min,max,bag_count,day_count,Cluster_Rank,Cluster_perc
0,"[1.3121132812500018, 0.7377343750000007, 1.4385820312500035, 0.026347656249999324, 0.026347656250001517, 0.6112656249999993, 0.0, 0.766477272727272, 0.6745, 0.6042395833333307, 0.604239583333333, 1.1438395833333284, 0.7447604166666669]",0.6684959280303029,0.6745,0.4417276220334799,0.0,1.4385820312500035,13.0,3.0,2.0,0.5
1,"[0.0, 0.0, 0.6745000000000017, 0.6744999999999983, 0.0, 0.0, 0.6745000000000034, 0.6744999999999965, 0.0, 0.0]",0.2698,0.0,0.33043616630145073,0.0,0.6745000000000034,10.0,8.0,1.0,0.25
2,"[0.6745, 0.6745, 0.6745, 0.6745, 0.6745, 0.6745, 0.6745, 0.6745, 0.6745, 0.6745, 0.6745, 0.6745]",0.6745,0.6745,0.0,0.6745,0.6745,12.0,6.0,3.0,0.75
3,"[0.7548421052631582, 0.5941578947368417, 0.5941578947368417, 2.7241578947368392, 1.462349585062242, 0.6003329875518677, 0.7486670124481322, 0.6003329875518666, 1.2028583333333318, 0.14614166666666814, 0.1461416666666588, 5.362274999999947]",1.2447012523961996,0.6744999999999999,1.4073864569360206,0.1461416666666588,5.362274999999947,12.0,3.0,4.0,1.0
