Cluster,Dist,mean,median,std,min,max,bag_count,day_count,Cluster_Rank,Cluster_perc
0,"[0.8367215189873416, 0.5122784810126572, 0.5122784810126584, 1.7673607594936696, 0.6745, 0.0, 0.5171166666666654, 1.6974916666666655, 0.809399999999999]",0.8141275082044064,0.6745,0.5418342569009837,0.0,1.7673607594936696,9.0,2.0,3.0,0.6
1,"[0.0, 0.6744999999999994, 0.6745000000000007, 0.0, 0.0, 0.0, 0.6745000000000003, 0.6744999999999997, 0.0, 0.6745000000000004, 0.6744999999999995, 0.0, 0.0, 0.674500000000002, 0.674499999999998, 0.6745000000000004, 0.6744999999999995, 0.6745000000000019, 0.6744999999999981, 0.0]",0.40469999999999995,0.6744999999999988,0.33043616630145073,0.0,0.674500000000002,20.0,14.0,1.0,0.2
2,"[7.769428571428578, 0.6440714285714297, 0.6440714285714277, 0.7049285714285701, 0.6779948186528493, 1.1987227979274617, 0.6710051813471506, 0.6710051813471506]",1.6226534974093272,0.6744999999999999,2.3297981370038783,0.6440714285714277,7.769428571428578,8.0,2.0,5.0,1.0
3,"[0.6745, 0.6745, 0.6745, 0.6745]",0.6745,0.6745,0.0,0.6745,0.6745,4.0,2.0,2.0,0.4
4,"[3.5485280487804904, 0.6629841463414633, 0.1069329268292689, 0.6860158536585367, 0.2615743902439025, 1.6434768292682946, 0.10693292682926751, 1.2848402439024407]",1.0376606707317082,0.6745,1.0800127722676989,0.10693292682926751,3.5485280487804904,8.0,1.0,4.0,0.8
