Cluster,Dist,mean,median,std,min,max,bag_count,day_count,Cluster_Rank,Cluster_perc
0,"[0.23152480158730177, 0.23152480158730177, 1.1174751984126983, 2.249671626984128, 0.0, 0.6745, 0.9230000000000007, 2.996707142857133, 0.3179785714285676, 0.3179785714285756, 1.0310214285714243, 0.9054248768472908, 0.4435751231527091, 0.4435751231527091, 1.7028633004926121]",0.90578803776683,0.6745,0.8072841491875115,0.0,2.996707142857133,15.0,4.0,3.0,0.6
1,"[0.6745000000000133, 0.6744999999999866, 0.6745000000000004, 0.6744999999999995, 0.6745000000000004, 0.6744999999999995, 0.0, 0.6745000000000045, 0.6744999999999953]",0.5995555555555555,0.6744999999999995,0.21197489951570056,0.0,0.6745000000000133,9.0,5.0,1.0,0.2
2,"[0.8877610294117618, 0.4612389705882381, 0.461238970588234, 2.8517463235294156, 0.6163970037453174, 2.106865168539326, 0.7326029962546805, 0.6163970037453196]",1.0917809333002868,0.6745000000000001,0.8325903243431003,0.461238970588234,2.8517463235294156,8.0,2.0,4.0,0.8
3,"[0.6745, 0.6745, 0.6745, 0.6745, 0.6745, 0.6745, 0.6744999999999999, 0.6744999999999999]",0.6744999999999999,0.6745,9.614813431917819e-17,0.6744999999999999,0.6745,8.0,4.0,2.0,0.4
4,"[7.785330508474571, 0.04953954802259974, 4.828200564971751, 0.22483333333333705, 0.262940677966098, 0.6059067796610198, 0.04953954802259657, 0.7430932203389803, 2.9380762711864365, 10.369008474576267]",2.7856468926553655,0.6745000000000001,3.514500552832697,0.04953954802259657,10.369008474576267,10.0,1.0,5.0,1.0
