Cluster,Dist,mean,median,std,min,max,bag_count,day_count,Cluster_Rank,Cluster_perc
0,"[0.8773477859778592, 0.6632998154981552, 0.6857001845018448, 0.6632998154981541, 0.6745, 0.0, 0.05144491525423862, 11.895207627118612, 0.7888220338983016]",1.8110691308607965,0.6745,3.577334763991883,0.0,11.895207627118612,9.0,2.0,4.0,1.0
1,"[0.6744999999999993, 0.6745000000000007, 0.6744999999999968, 0.6745000000000032, 0.0, 0.6745, 0.0, 1.7517884615384627, 0.6744999999999994, 0.6745000000000005, 0.6745, 1.2684626865671655, 0.0, 0.0, 0.0, 0.0, 1.5424227941176485, 0.6745, 0.0]",0.559640733801225,0.6744999999999994,0.5231797245459868,0.0,1.7517884615384627,19.0,10.0,1.0,0.25
2,"[0.6745, 0.0, 0.7089635036496353, 0.6745, 8.411411764705983, 0.0, 1.6917786885245918, 0.8735327868852472, 1.829995901639347, 1.304770491803279, 0.42570901639344216, 1.365586065573771, 0.6745, 0.5362827868852471, 2.8859754098360657, 0.5418114754098367, 0.0, 0.5915696721311474, 0.06634426229508163, 6.1514399999999565, 0.6745, 0.0]",1.367416901169665,0.6745,2.0199590789743085,0.0,8.411411764705983,22.0,4.0,3.0,0.75
3,"[0.6745, 0.6745, 0.6745, 0.6745]",0.6745,0.6745,0.0,0.6745,0.6745,4.0,2.0,2.0,0.5
