Cluster,Dist,mean,median,std,min,max,bag_count,day_count,Cluster_Rank,Cluster_perc
0,"[0.6745, 0.6745, 0.6745, 0.6745, 0.4705813953488371, 7.372441860465106, 0.878418604651163, 0.4705813953488371, 1.4884217877094976, 0.670731843575419, 0.31652513966480417, 0.6782681564245809, 0.04521787709497259, 2.705536312849163, 0.045217877094971805, 1.6391480446927376, 0.6745, 0.6745, 0.7971363636363631, 0.0, 0.6131818181818185, 2.1154772727272753, 0.6745]",1.0881906847593712,0.6745,1.4779452351221014,0.0,7.372441860465106,23.0,6.0,3.0,1.0
1,"[0.0, 0.6745000000000002, 0.6744999999999998, 0.0, 0.0, 0.0, 0.0, 0.6745000000000001, 0.6744999999999999, 0.0, 0.0, 0.6745000000000001, 0.6744999999999998, 0.6745000000000002, 0.6744999999999998, 0.6744999999999991, 0.6745000000000009, 0.0]",0.37472222222222223,0.6744999999999994,0.33516174462746845,0.0,0.6745000000000009,18.0,13.0,1.0,0.33
2,"[0.8915637149028078, 0.45743628509719214, 0.45743628509719214, 1.7802138228941684, 0.7111576086956515, 0.656171195652174, 0.6928288043478259, 0.6561711956521733]",0.7878723640423981,0.6744999999999999,0.3974100997670273,0.45743628509719214,1.7802138228941684,8.0,2.0,2.0,0.67
