Cluster,Dist,mean,median,std,min,max,bag_count,day_count,Cluster_Rank,Cluster_perc
0,"[0.6745000000000009, 0.6744999999999991, 0.6745000000000001, 0.6744999999999999, 0.0, 0.6745, 1.3530878787878775, 0.0, 0.6744999999999766, 0.6745000000000233, 0.6745, 1.5041349999999996, 0.0, 0.0, 0.0, 0.0, 1.2707971014492747, 0.6745, 0.0]",0.536764209486166,0.6744999999999999,0.4773030546661265,0.0,1.5041349999999996,19.0,10.0,1.0,0.2
1,"[0.6745, 0.0, 3.5322499999999586, 0.6745, 11.331599999999996, 0.0, 6.511519230769266, 0.6745, 0.0]",2.599874358974358,0.6745,3.7090364415558965,0.0,11.331599999999996,9.0,3.0,5.0,1.0
2,"[0.9048170731707291, 0.5428902439024383, 0.8965914634146308, 0.032902439024389996, 0.8595762195121959, 0.4853109756097541, 1.0282012195121941, 0.0, 10.754984756097544, 1.0364268292682908, 0.38660365853658496, 0.02878963414634167, 0.6745]",1.3562765009380842,0.6745,2.7370081952433263,0.0,10.754984756097544,13.0,1.0,3.0,0.6
3,"[0.7565937499999992, 0.6057187499999996, 0.7432812499999999, 0.6057187500000001, 0.6745, 0.6745, 0.6745, 0.6745]",0.6761640624999998,0.6745,0.05112461737230734,0.6057187499999996,0.7565937499999992,8.0,3.0,2.0,0.4
4,"[3.886404761904721, 4.5609047619047205, 0.09635714285715145, 0.6745, 0.0]",1.8436333333333184,0.6745,1.9685177078508498,0.0,4.5609047619047205,5.0,1.0,4.0,0.8
