Cluster,Dist,mean,median,std,min,max,bag_count,day_count,Cluster_Rank,Cluster_perc
0,"[0.0, 0.0, 0.6745, 0.6745000000000001, 0.0, 0.6744999999999984, 0.6745000000000017, 0.0, 0.6744999999999974, 0.6745000000000024, 0.0, 0.0, 0.6744999999999995, 0.6745000000000004, 0.0, 0.6744999999999999, 0.6745000000000001, 0.0, 1.1375042372881372, 0.6745]",0.42785021186440686,0.674499999999999,0.3631289415620924,0.0,1.1375042372881372,20.0,13.0,1.0,0.2
1,"[0.9880000000000017, 0.6745, 0.0, 6.700033333333324, 0.0, 0.6745, 3.059339285714281, 0.0, 0.6745]",1.4189858465608451,0.6745,2.0674544409391857,0.0,6.700033333333324,9.0,3.0,5.0,1.0
2,"[0.6745, 0.6745, 0.6745, 0.6745, 0.4042040441176469, 0.9447959558823529, 0.4042040441176471, 0.9795128676470589, 0.6745, 0.6745, 0.6745, 0.6745]",0.6773930759803921,0.6745,0.16127412534403632,0.4042040441176469,0.9795128676470589,12.0,5.0,2.0,0.4
3,"[3.4287083333333404, 0.49182291666666894, 0.6744999999999999, 0.0, 0.9204114583333345]",1.1030885416666687,0.6744999999999999,1.201333963998172,0.0,3.4287083333333404,5.0,1.0,4.0,0.8
4,"[0.46397424242424223, 1.363307575757575, 0.46397424242424223, 0.8850257575757577]",0.7940704545454543,0.6745,0.37088771408228843,0.46397424242424223,1.363307575757575,4.0,1.0,3.0,0.6
