Cluster,Dist,mean,median,std,min,max,bag_count,day_count,Cluster_Rank,Cluster_perc
0,"[0.674499999999999, 0.674500000000001, 0.0, 0.0, 1.7776542056074798, 0.6745, 0.0, 0.0, 0.6745000000000043, 0.6744999999999957, 0.6745000000000005, 0.6744999999999993, 1.2715983606557384, 0.0, 0.6745, 0.67449999999999, 0.67450000000001, 0.0, 0.0, 0.0, 0.6745000000000005, 0.6744999999999993, 0.674499999999999, 0.674500000000001, 0.6745, 1.484653631284917, 0.0]",0.5426446739832643,0.6744999999999993,0.4656719351073531,0.0,1.7776542056074798,27.0,15.0,1.0,0.2
1,"[0.6745, 0.0, 3.2919626865671563, 0.6745, 0.0, 8.275596153846132, 0.0, 0.6745, 2.1052575757575664]",1.7440351573523172,0.6745,2.5329943319421533,0.0,8.275596153846132,9.0,3.0,5.0,1.0
2,"[0.6744999999999999, 0.6744999999999999, 0.6745, 0.6745]",0.6745,0.6744999999999999,7.850462293418876e-17,0.6744999999999999,0.6745,4.0,2.0,3.0,0.6
3,"[1.446911290322579, 0.5004354838709666, 0.5004354838709666, 0.8485645161290334, 1.1147986111111103, 2.2502069444444452, 0.2342013888888897, 0.23420138888888814]",0.8912193884408599,0.6745,0.6496361671874133,0.23420138888888814,2.2502069444444452,8.0,2.0,4.0,0.8
4,"[0.31170075757575827, 0.8891136363636362, 0.0, 0.6745, 0.559528409090909, 1.3796590909090907, 0.7409280303030293]",0.6507757034632033,0.6745,0.4041875715399453,0.0,1.3796590909090907,7.0,1.0,2.0,0.4
