Cluster,Dist,mean,median,std,min,max,bag_count,day_count,Cluster_Rank,Cluster_perc
0,"[0.6744999999999983, 0.6745000000000017, 0.0, 1.4507564655172398, 0.6745, 0.6745000000000009, 0.6744999999999991, 0.6744999999999984, 0.6745000000000017, 0.0, 0.0, 0.0, 0.0, 1.6033961937716277, 0.6745, 0.38509515570934216, 1.0642629757785478, 0.0, 0.0, 0.0, 1.75326762820513, 0.6745, 0.6745000000000015, 0.6744999999999984]",0.5698449341242453,0.6744999999999988,0.5099660849992746,0.0,1.75326762820513,24.0,12.0,2.0,0.29
1,"[0.8851604584527235, 0.6745, 0.7073553008595992, 0.2396504297994272, 0.0, 0.8248403614457818, 0.5200963855421687, 0.0, 0.6745, 1.4302650602409652, 1.8641244725738395, 0.0, 0.6745, 0.10530168776371326, 1.0672468354430371]",0.6445027328080837,0.6745,0.5226197703580826,0.0,1.8641244725738395,15.0,3.0,3.0,0.43
2,"[0.07527901785714337, 0.3914508928571426, 0.07527901785714212, 0.9575491071428573, 141.56068750000006, 1.3971785714285725]",24.076237351190485,0.6745,52.542793022201025,0.07527901785714212,141.56068750000006,6.0,1.0,7.0,1.0
3,"[0.6745, 7.361478494623641, 0.0, 9.190062500000062, 0.0, 0.6745, 0.0, 0.7942953667953678, 0.6745, 0.0, 0.6745, 5.3023194444444774]",2.112179650488629,0.6745,3.104811823204174,0.0,9.190062500000062,12.0,4.0,6.0,0.86
4,"[0.6745, 0.6745]",0.6745,0.6745,0.0,0.6745,0.6745,2.0,1.0,4.0,0.57
5,"[0.41219444444444475, 0.14648232323232424, 1.2502095959595982, 0.07835101010101005, 1.7475681818181865, 0.9368055555555552, 2.803603535353538, 0.07835101010101005]",0.9316957070707084,0.6745,0.9092579381235555,0.07835101010101005,2.803603535353538,8.0,1.0,5.0,0.71
6,"[0.6745, 0.9502080291970779, 0.0, 0.06400364963503545, 0.812354014598537]",0.50021313868613,0.6745,0.39263090565578534,0.0,0.9502080291970779,5.0,1.0,1.0,0.14
