Cluster,Dist,mean,median,std,min,max,bag_count,day_count,Cluster_Rank,Cluster_perc
0,"[0.6745, 15.025563829787156, 0.0, 0.0, 0.8196196969696962, 0.6745, 0.6745, 0.0, 0.8719146341463401, 2.6845100000000066, 0.6745, 0.0, 0.0, 2.023500000000003, 0.6745, 0.6745, 0.0, 43.16800000000025]",3.813339342272414,0.6745,10.118625913417246,0.0,43.16800000000025,18.0,6.0,6.0,1.0
1,"[0.6745000000000002, 0.6744999999999998, 0.0, 0.0, 0.6745000000000012, 0.6744999999999988, 1.2704761194029837, 0.6745, 0.257719402985074, 0.0, 0.8859104477611927, 0.0, 0.0, 1.4219786885245906, 0.6745, 0.47767868852459056, 1.0615081967213116, 0.0, 0.0]",0.4959090286273549,0.6744999999999988,0.4530294590797366,0.0,1.4219786885245906,19.0,9.0,1.0,0.17
2,"[0.6745, 0.6745, 0.04665129682997091, 0.6686685878962529, 0.04665129682997091, 1.5045043227665698, 0.6803314121037469, 1.3062363112391937, 0.6745, 0.6745]",0.6951043227665705,0.6745,0.432690254161268,0.04665129682997091,1.5045043227665698,10.0,3.0,3.0,0.5
3,"[0.6745, 0.9902234042553171, 0.0, 0.24396808510638215, 0.707985815602833, 1.322834051724136, 0.6745, 1.0059353448275856, 0.20932758620689623, 0.0, 1.0068623188405808, 0.6011847826086956, 0.0, 0.6745, 1.7888913043478263]",0.6600475129013502,0.6745,0.500143815857363,0.0,1.7888913043478263,15.0,3.0,2.0,0.33
4,"[0.3252664974619281, 0.1609213197969555, 1.2154695431472127, 0.08559644670050837, 1.4756827411167548, 1.0237335025380718, 2.8657690355330026, 0.08559644670050837]",0.9047544416243677,0.6745,0.9023144465613592,0.08559644670050837,2.8657690355330026,8.0,1.0,4.0,0.67
5,"[0.44081496062992115, 2.044744094488187, 0.4408149606299222, 0.9081850393700778]",0.9586397637795271,0.6745,0.6554489587132616,0.44081496062992115,2.044744094488187,4.0,1.0,5.0,0.83
