Cluster,Dist,mean,median,std,min,max,bag_count,day_count,Cluster_Rank,Cluster_perc
0,"[0.0, 0.6745, 4.011499999999989, 0.6153333333333302, 1.2543333333333293, 1.0318244047619058, 1.3891488095238114, 0.15256547619047628, 0.7307083333333346, 0.6383660714285719, 0.0, 0.6745, 0.37411538461538457, 0.37411538461538457, 0.9748846153846153, 3.6128076923076944, 0.4377549668874173, 1.2194602649006616, 1.8939602649006626, 0.9112450331125828, 0.2590794701986757, 0.2590794701986757]",0.9767855595012047,0.6745,1.0098566875112043,0.0,4.011499999999989,22.0,4.0,5.0,1.0
1,"[1.9434031249999981, 0.21499687499999992, 0.6745, 1.0117499999999995, 0.0, 1.5536470588235276, 0.8687058823529413, 0.4802941176470586, 0.48029411764705776, 1.0951932989690725, 0.0, 0.5110902061855676, 0.7127448453608256, 0.6745]",0.7300799662132892,0.6745,0.5273142241564379,0.0,1.9434031249999981,14.0,3.0,2.0,0.4
2,"[0.6745, 0.6745, 0.6745, 0.6745, 0.0, 0.1802543103448275, 0.8411867816091957, 0.5097514367816092, 2.542942528735632, 2.5235603448275867, 0.6745, 1.2249540229885056, 0.4341609195402297, 0.6745, 0.6745]",0.8652206896551724,0.6745,0.7061352112767404,0.0,2.542942528735632,15.0,4.0,3.0,0.6
3,"[0.6745000000000002, 0.6744999999999997, 0.6745000000000014, 0.6744999999999984, 0.6744999999999994, 0.6745000000000005, 0.0, 0.0, 0.0, 0.6745000000000005, 0.6744999999999995]",0.49054545454545456,0.6744999999999995,0.30039651481950064,0.0,0.6745000000000014,11.0,7.0,1.0,0.2
4,"[2.4956500000000013, 0.6745, 0.0, 0.8971504854368935, 0.0, 0.6745, 0.6745, 2.4942148936170194, 0.0]",0.8789461532282127,0.6745,0.9229294868387872,0.0,2.4956500000000013,9.0,3.0,4.0,0.8
