Cluster,Dist,mean,median,std,min,max,bag_count,day_count,Cluster_Rank,Cluster_perc
0,"[1.3279218750000015, 0.4299937500000004, 0.6745, 1.6019375000000022, 0.16019375000000005, 0.0, 0.7082250000000007, 0.0, 0.6745, 1.1944270833333326, 0.9602256944444452, 0.23888541666666677, 1.0750704081632645, 1.5045479591836723, 0.8107765306122448, 0.13627653061224532, 0.13627653061224476, 0.5382234693877552, 0.9725348837209316, 0.0, 1.609388372093024, 0.06274418604651195, 0.6745]",0.6735282147772323,0.6745,0.5242849622269052,0.0,1.609388372093024,23.0,4.0,3.0,0.5
1,"[0.6744999999999999, 0.6744999999999999, 1.5607616279069774, 0.06535852713178225, 0.06535852713178335, 1.2836414728682166]",0.7206866925064599,0.6744999999999999,0.5606276856667578,0.06535852713178225,1.5607616279069774,6.0,2.0,4.0,0.67
2,"[0.6744999999999994, 0.6745000000000004, 0.0, 0.0, 0.0, 0.0, 0.0, 0.0, 0.0, 0.6745, 1.4197137096774208, 0.6744999999999971, 0.6745000000000028, 0.0]",0.34230097926267294,0.0,0.4350664006618034,0.0,1.4197137096774208,14.0,10.0,1.0,0.17
3,"[0.6745, 4.528785714285716, 0.0, 0.6745, 0.09635714285714311, 0.9110129870129864, 0.630701298701298, 0.2408928571428578, 0.8321753246753235, 0.0, 2.119857142857142, 1.0336493506493492, 0.0, 0.6745, 81.61449999999199]",6.268762121211588,0.6745,20.16744979246684,0.0,81.61449999999199,15.0,3.0,6.0,1.0
4,"[1.0812860824742259, 0.2329458762886601, 0.23294587628865865, 3.466373711340206, 1.4567809278350496, 0.267713917525774]",1.1230077319587626,0.6744999999999999,1.148945681809246,0.23294587628865865,3.466373711340206,6.0,1.0,5.0,0.83
5,"[0.7849444444444442, 0.0, 0.1656666666666669, 1.6172222222222221, 0.6745]",0.6484666666666666,0.6745,0.5676964157838476,0.0,1.6172222222222221,5.0,1.0,2.0,0.33
