Cluster,Dist,mean,median,std,min,max,bag_count,day_count,Cluster_Rank,Cluster_perc
0,"[0.6745000000000005, 0.6744999999999994, 0.0, 0.0, 1.493325327510917, 0.6745, 0.0, 0.0, 0.6744999999999883, 0.6745000000000116, 0.6744999999999968, 0.6745000000000031, 0.6745000000000004, 0.6744999999999995, 1.4723841463414633, 0.0, 0.6745, 0.6745000000000043, 0.6744999999999955, 0.6745000000000001, 0.6744999999999999, 0.0, 0.0, 0.0, 0.6745000000000003, 0.6744999999999997, 0.6745, 0.0, 1.328246153846153]",0.5434639871620184,0.6744999999999997,0.4287547184206538,0.0,1.493325327510917,29.0,16.0,1.0,0.25
1,"[1.1081071428571427, 0.4443134920634919, 0.4443134920634919, 0.9046865079365081, 0.987660714285714, 2.718074404761904, 0.36133928571428514, 0.361339285714286]",0.916229290674603,0.6745,0.7373867274536273,0.36133928571428514,2.718074404761904,8.0,2.0,3.0,0.75
2,"[0.6745, 0.0, 2.888619565217395, 0.6744999999999999, 0.0, 0.7813879781420762, 0.0, 0.6745, 0.7609743589743565, 0.6745, 4.890125000000002, 0.0]",1.0015922418611527,0.6745,1.3913018911588333,0.0,4.890125000000002,12.0,4.0,4.0,1.0
3,"[0.19823091603053397, 0.9319427480916034, 0.0, 0.6745, 0.5200343511450379, 1.506040076335878, 0.7105419847328245]",0.6487557251908397,0.6745,0.4567020668388697,0.0,1.506040076335878,7.0,1.0,2.0,0.5
