Cluster,Dist,mean,median,std,min,max,bag_count,day_count,Cluster_Rank,Cluster_perc
0,"[0.0, 0.0, 0.0, 0.6745, 0.6745000000000001, 0.0]",0.22483333333333336,0.0,0.31796234927355094,0.0,0.6745000000000001,6.0,5.0,1.0,0.33
1,"[0.6744999999999999, 0.6744999999999999]",0.6744999999999999,0.6744999999999999,0.0,0.6744999999999999,0.6744999999999999,2.0,1.0,2.0,0.67
2,"[0.9651146079983515, 0.6385634815810001, 0.6385634815810001, 0.710436518419]",0.7381695223948379,0.6745000000000001,0.13427203554940786,0.6385634815810001,0.9651146079983515,4.0,1.0,3.0,1.0
