Cluster,Dist,mean,median,std,min,max,bag_count,day_count,Cluster_Rank,Cluster_perc
0,"[0.0, 0.0, 0.6745000000000001, 0.6744999999999999, 0.0, 0.0, 0.0, 0.6745000000000054, 0.6744999999999945, 0.0, 0.0, 0.6745000000000013, 0.6744999999999987, 0.0, 0.6744999999999997, 0.6745000000000003, 0.0, 1.417068807339455, 0.6745]",0.3940825688073398,0.6744999999999945,0.40729634271662457,0.0,1.417068807339455,19.0,13.0,1.0,0.2
1,"[0.6745, 0.7419499999999988, 0.0, 3.9767395833333237, 0.0, 0.6745, 2.4222610062893084, 0.0, 0.6745]",1.0182722877358479,0.6745,1.258978447481335,0.0,3.9767395833333237,9.0,3.0,4.0,0.8
2,"[0.6745, 0.6745, 0.36313009592326123, 1.1007128297362112, 0.36313009592326123, 0.9858699040767387, 0.6745, 0.6745, 0.6745, 0.6745, 0.6745, 0.6745]",0.6840702438049561,0.6745,0.19820274824200124,0.36313009592326123,1.1007128297362112,12.0,5.0,2.0,0.4
3,"[3.5358000000000027, 0.5182999999999994, 0.6745, 0.0, 0.9585000000000015]",1.1374200000000008,0.6745,1.2389969933781126,0.0,3.5358000000000027,5.0,1.0,5.0,1.0
4,"[0.46215740740740835, 1.519706790123457, 0.4621574074074066, 0.8868425925925917]",0.8327160493827159,0.6745,0.43287220251147235,0.4621574074074066,1.519706790123457,4.0,1.0,3.0,0.6
