Cluster,Dist,mean,median,std,min,max,bag_count,day_count,Cluster_Rank,Cluster_perc
0,"[2.500955056179774, 0.065681647940075, 0.065681647940075, 0.692183520599251, 0.6568164794007488, 2.056340823970036, 13.991057142857183, 0.0, 0.6745, 195.60499999998075, 0.6745, 0.0, 0.6745, 2.023499999999999, 0.0, 0.4314816176470597, 2.4351433823529405, 0.6745, 5.150207627118648, 0.0]",11.418602447299326,0.6745,42.36704711645484,0.0,195.60499999998075,20.0,5.0,4.0,1.0
1,"[0.863689024390244, 0.6202109756097556, 0.7287890243902437, 0.6202109756097562, 0.26710968660968676, 1.3278618233618233, 0.26710968660968676, 1.666072649572649, 0.820545584045584, 0.5284544159544161, 0.35676033057851253, 0.0, 0.8919008264462813, 0.6745, 1.917586776859504]",0.7700534520025429,0.6745,0.5060174174877211,0.0,1.917586776859504,15.0,3.0,2.0,0.5
2,"[0.810113756613758, 2.8657328042328034, 0.353309523809525, 0.5388862433862419, 4.821425925925927, 0.3533095238095236]",1.6237962962962962,0.6744999999999999,1.675043477766477,0.3533095238095236,4.821425925925927,6.0,1.0,3.0,0.75
3,"[0.6745000000001404, 0.6744999999998595, 0.6744999999999989, 0.6745000000000012, 0.6745000000000001, 0.6744999999999999, 0.674499999999995, 0.674500000000005, 0.6744999999999995, 0.6745000000000004, 0.0, 0.0, 0.0, 0.0, 0.0]",0.44966666666666666,0.6744999999999989,0.3179623492735509,0.0,0.6745000000001404,15.0,10.0,1.0,0.25
