Cluster,Dist,mean,median,std,min,max,bag_count,day_count,Cluster_Rank,Cluster_perc
0,"[0.8225199501246887, 0.7047768079800493, 0.6442231920199493, 0.6442231920199507, 2.856869834710745, 0.09755165289256285, 0.09755165289256053, 0.7163078512396694, 0.6326921487603305, 2.154497933884297, 8.733612068965472, 0.0, 0.6745, 0.6745, 0.6745, 0.6745, 0.0, 2.503965753424663, 0.6745, 1.7223081761006285, 0.0, 0.3436132075471691, 2.0998584905660382, 0.1458378378378389, 0.0, 0.6745, 0.724631756756757, 1.6543479729729735, 0.6745, 9.177287878787906, 0.0]",1.3289734632091694,0.6745,2.138119045451546,0.0,9.177287878787906,31.0,8.0,2.0,0.67
1,"[0.6744999999999872, 0.6745000000000126, 0.6745000000000022, 0.6744999999999977, 0.6745000000000003, 0.6744999999999997, 0.6744999999999745, 0.6745000000000255, 0.0, 0.0, 0.0, 0.0]",0.4496666666666666,0.6744999999999924,0.3179623492735509,0.0,0.6745000000000255,12.0,8.0,1.0,0.33
2,"[0.9604442190669369, 0.2763671399594322, 52.18687221095332, 0.3885557809330632, 0.2763671399594322, 1.048006085192697, 0.8649837962962948, 2.851011574074075, 0.45278935185185154, 0.48401620370370513, 5.005664351851853, 0.4527893518518541]",5.437322267141209,0.6745,14.158618990469552,0.2763671399594322,52.18687221095332,12.0,2.0,3.0,1.0
