Cluster,Dist,mean,median,std,min,max,bag_count,day_count,Cluster_Rank,Cluster_perc
0,"[0.915392857142857, 0.8672142857142858, 0.6745, 1.0117500000000006, 0.9153928571428577, 0.09635714285714232, 0.14453571428571474, 0.43661830357142833, 0.0, 0.7541284722222226, 0.0, 1.3005983796296305, 0.6745, 0.24981481481481468, 0.0, 0.6745, 2.484346224677718]",0.658802885415216,0.6745,0.601641714893963,0.0,2.484346224677718,17.0,3.0,2.0,0.5
1,"[0.0, 0.0, 0.0, 0.0, 0.0, 0.0, 0.0, 0.0, 0.6745000000000005, 0.6744999999999995, 0.0, 0.6745000000000004, 0.6744999999999997]",0.20753846153846156,0.0,0.3113076923076923,0.0,0.6745000000000005,13.0,11.0,1.0,0.25
2,"[0.6745, 0.6745, 0.6745, 0.6745, 0.6745, 0.6745, 0.6745, 0.6745]",0.6745,0.6745,0.0,0.6745,0.6745,8.0,4.0,3.0,0.75
3,"[4.839289522058825, 0.8741222426470583, 0.47487775735294063, 0.4748777573529417]",1.6657918198529413,0.6745,1.8394551498949268,0.47487775735294063,4.839289522058825,4.0,1.0,4.0,1.0
