Cluster,Dist,mean,median,std,min,max,bag_count,day_count,Cluster_Rank,Cluster_perc
0,"[1.999162371134021, 0.7892345360824737, 0.5597654639175261, 0.5597654639175247, 0.6744999999999999, 6.295333333333347, 0.0, 4.4826145833333415, 0.0]",1.7067084168575815,0.6744999999999999,2.087277307808514,0.0,6.295333333333347,9.0,2.0,3.0,0.75
1,"[0.0, 0.6745, 1.4614166666666628, 0.6744999999999999, 0.6745000000000002, 0.0, 0.0, 0.0, 0.0, 0.6744999999999954, 0.6745000000000045, 0.6744999999999994, 0.6745000000000007, 0.0, 0.0, 1.402350282485877, 0.6745, 0.6745000000000005, 0.6744999999999994, 0.0, 0.0, 0.0]",0.4367621340523881,0.6744999999999974,0.4500041378635716,0.0,1.4614166666666628,22.0,14.0,1.0,0.25
2,"[0.6745, 0.0, 2.037552083333326, 0.0, 0.6745, 5.058749999999964, 0.0, 6.266322580645176, 0.6745, 4.817857142857136, 0.0, 0.6745]",1.7398734839029666,0.6745,2.1930762319288513,0.0,6.266322580645176,12.0,4.0,4.0,1.0
3,"[0.22561672473867636, 1.1280836236933778, 0.22561672473867536, 1.1233832752613235, 0.6745, 0.6745, 0.6745, 0.6745]",0.6750875435540067,0.6745,0.31824203180350674,0.22561672473867536,1.1280836236933778,8.0,3.0,2.0,0.5
