Cluster,Dist,mean,median,std,min,max,bag_count,day_count,Cluster_Rank,Cluster_perc
0,"[0.0, 1.5417142857142843, 0.6684776785714267, 1.6380714285714264, 1.4453571428571397, 0.5841651785714286, 0.9635714285714276, 0.10237946428571415, 0.6745, 4.653196202531657, 0.0, 0.554968354430382, 3.2785822784810197, 0.6745]",1.1985345316132787,0.6745,1.264479501371088,0.0,4.653196202531657,14.0,2.0,4.0,1.0
1,"[0.0, 0.0, 0.6745000000000003, 0.6744999999999997, 0.0, 0.0, 0.6745000000000088, 0.6744999999999912, 0.0, 1.186189655172414, 0.6745, 0.0, 0.0, 0.0, 0.6744999999999991, 0.6745000000000009, 0.6744999999999998, 0.6745000000000003, 0.0]",0.3819310344827586,0.6744999999999912,0.37905999810595997,0.0,1.186189655172414,19.0,13.0,1.0,0.25
2,"[0.19141216216216106, 1.1575878378378377, 0.1914121621621623, 2.72534459459459]",1.0664391891891878,0.6745,1.035811254076877,0.19141216216216106,2.72534459459459,4.0,1.0,3.0,0.75
3,"[0.6745, 0.6745, 0.6745, 0.6745]",0.6745,0.6745,0.0,0.6745,0.6745,4.0,2.0,2.0,0.5
