Cluster,Dist,mean,median,std,min,max,bag_count,day_count,Cluster_Rank,Cluster_perc
0,"[0.0, 0.6744999999999999, 0.6745000000000002, 0.0, 0.0, 0.0, 0.6745000000000004, 0.6744999999999995, 0.0, 0.0, 0.0, 0.6745000000000004, 0.6744999999999995, 0.0, 0.6744999999999994, 0.6745000000000004, 0.0]",0.3174117647058823,0.0,0.3366660168778774,0.0,0.6745000000000004,17.0,13.0,1.0,0.2
1,"[0.6745, 0.6745, 0.6745, 0.6745]",0.6745,0.6745,0.0,0.6745,0.6745,4.0,2.0,3.0,0.6
2,"[0.5514493243243248, 0.5514493243243244, 3.028413851351352, 0.7975506756756752, 0.9530978260869543, 5.586619565217345, 0.3959021739130458, 0.3959021739130458]",1.5325481143507584,0.6745,1.7341471665743042,0.3959021739130458,5.586619565217345,8.0,2.0,5.0,1.0
3,"[0.0, 0.8631313559322036, 0.6745, 0.0, 0.6900057471264367, 0.6745]",0.4836895171764401,0.6745,0.3481548684380296,0.0,0.8631313559322036,6.0,2.0,2.0,0.4
4,"[1.278948071216615, 0.7705712166172101, 0.5784287833827882, 0.57842878338279, 0.33979336349924577, 1.0092066365007544, 2.1465987933635, 0.33979336349924577]",0.8802211264327686,0.6745000000000001,0.5654243436209545,0.33979336349924577,2.1465987933635,8.0,2.0,4.0,0.8
