Cluster,Dist,mean,median,std,min,max,bag_count,day_count,Cluster_Rank,Cluster_perc
0,"[0.0, 0.6745, 0.6829665271966517, 0.04817857142857239, 0.963571428571429, 0.04817857142857113, 0.819035714285715, 0.529964285714285, 1.7826071428571422, 0.5138250620347381, 1.2535992555831252, 0.8351749379652604, 0.5138250620347395, 2.6623293269230768, 1.2582019230769228, 0.09079807692307702, 0.09079807692307702, 0.49817842323651457, 1.0299419087136892, 0.8508215767634855, 0.4981784232365122, 0.007175531914892822, 0.0, 0.6745, 1.4925106382978697, 3.092654255319147]",0.8042890277087882,0.6745,0.7640412249452818,0.0,3.092654255319147,26.0,6.0,3.0,1.0
1,"[0.0, 0.6745, 1.499558035714286, 0.0, 0.6744999999999995, 0.6745000000000004, 1.655590909090907, 0.0, 0.6745, 1.287681818181817, 0.6745, 0.0, 0.6745000000000001, 0.6744999999999999, 0.0, 0.6745, 1.153861635220126, 0.0, 1.1762621951219465, 0.6745, 0.0, 0.0, 0.0, 0.0, 0.0, 0.0]",0.4939790228203493,0.6744999999999997,0.5230430395171756,0.0,1.655590909090907,26.0,14.0,1.0,0.33
2,"[0.6745, 0.6745, 0.6745, 0.6745]",0.6745,0.6745,0.0,0.6745,0.6745,4.0,2.0,2.0,0.67
