Cluster,Dist,mean,median,std,min,max,bag_count,day_count,Cluster_Rank,Cluster_perc
0,"[0.0, 0.6744999999999957, 0.6745000000000043, 0.0, 0.0, 0.6744999999999997, 0.6745000000000003, 0.6745000000000004, 0.6744999999999994, 0.0, 0.0, 0.0, 0.0]",0.3113076923076923,0.0,0.3362507385443155,0.0,0.6745000000000043,13.0,10.0,1.0,0.2
1,"[0.6745, 0.6745, 0.6745, 0.6745]",0.6745,0.6745,0.0,0.6745,0.6745,4.0,2.0,3.0,0.6
2,"[0.6949393939393939, 0.6540606060606051, 1.8829791666666653, 0.6540606060606061, 1.985559374999998, 0.5733249999999998, 0.7756750000000002, 0.5733249999999998]",0.9742405184659084,0.6745,0.5581785111088879,0.5733249999999998,1.985559374999998,8.0,2.0,4.0,0.8
3,"[0.6745, 4.186761261261268, 0.0, 0.7726374133949198, 0.6745, 0.0, 5.212045454545432, 0.6745, 0.0, 0.7499474272930654, 0.6745, 0.0]",1.134949296374557,0.6745,1.6385018444510422,0.0,5.212045454545432,12.0,4.0,5.0,1.0
4,"[1.3165240740740756, 0.0, 0.6745, 0.7219648148148158, 0.1973537037037029]",0.5820685185185189,0.6745,0.4592055671616026,0.0,1.3165240740740756,5.0,1.0,2.0,0.4
