Cluster,Dist,mean,median,std,min,max,bag_count,day_count,Cluster_Rank,Cluster_perc
0,"[1.3913326359832636, 1.0046945606694562, 0.19190794979079506, 0.14110878661087844, 0.0, 1.0526715481171556, 0.6745, 0.12699790794979096, 1.758215481171549, 0.0, 0.6745, 0.9606515151515124]",0.6647150321203668,0.6745,0.5588771851187028,0.0,1.758215481171549,12.0,2.0,2.0,0.67
1,"[0.0, 0.0, 0.0, 0.0, 0.0, 0.0, 0.0, 0.0]",0.0,0.0,0.0,0.0,0.0,8.0,8.0,1.0,0.33
2,"[0.6745, 0.6745, 0.6745, 0.6745, 0.6745, 0.6745, 0.6745, 0.6745, 0.6745, 0.6745, 0.09030962343096174, 1.3546443514644357, 1.2586903765690383, 0.09030962343096174]",0.6813538553496713,0.6745,0.3257709397274238,0.09030962343096174,1.3546443514644357,14.0,6.0,3.0,1.0
