Cluster,Dist,mean,median,std,min,max,bag_count,day_count,Cluster_Rank,Cluster_perc
0,"[0.0, 0.0, 0.0, 0.0, 0.0, 0.6744999999999995, 0.6745000000000004, 0.0, 0.6744999999999995, 0.6745000000000004, 0.0]",0.24527272727272728,0.0,0.32446531987510296,0.0,0.6745000000000004,11.0,9.0,1.0,0.25
1,"[0.6745, 0.0, 0.9751669491525423, 0.6745, 0.0, 0.8043726708074521]",0.5214232699933324,0.6745,0.38222443522930194,0.0,0.9751669491525423,6.0,2.0,2.0,0.5
2,"[0.6745, 0.6745, 0.6745, 0.6745, 0.6745, 0.6745, 0.6745, 0.6745]",0.6745,0.6745,0.0,0.6745,0.6745,8.0,4.0,3.0,0.75
3,"[0.6745, 3.4729574468085085, 0.22961702127659422, 0.0, 7.362095744680849]",2.3478340425531905,0.6745,2.800283483892022,0.0,7.362095744680849,5.0,1.0,4.0,1.0
