Cluster,Dist,mean,median,std,min,max,bag_count,day_count,Cluster_Rank,Cluster_perc
0,"[0.6745000000000024, 0.6744999999999974, 0.0, 1.1324701704545461, 0.0, 0.6745, 0.0, 0.0, 0.0, 0.6744999999999991, 0.6745000000000009, 0.0, 0.6744999999999812, 0.6745000000000188, 0.0, 1.94742857142857, 0.6745, 0.0, 0.674499999999999, 0.674500000000001, 0.0]",0.46785232104205304,0.6744999999999974,0.4893079441022268,0.0,1.94742857142857,21.0,13.0,1.0,0.33
1,"[0.6745, 0.6745, 0.6745, 0.6745]",0.6745,0.6745,0.0,0.6745,0.6745,4.0,2.0,2.0,0.67
2,"[0.6745, 2.666869230769234, 0.6537461538461561, 0.0, 5.146953846153852]",1.8284138461538482,0.6745,1.8852147733398819,0.0,5.146953846153852,5.0,1.0,3.0,1.0
