Cluster,Dist,mean,median,std,min,max,bag_count,day_count,Cluster_Rank,Cluster_perc
0,"[0.6745, 0.6745, 0.6745, 0.6745, 0.6745, 0.6745, 0.6745, 0.6745, 0.6744999999999999, 0.6744999999999999, 0.6745, 0.6745, 0.6745, 0.6745, 0.6745, 0.6745]",0.6744999999999999,0.6745,1.0385185452638061e-16,0.6744999999999999,0.6745,16.0,8.0,2.0,0.67
1,"[0.6745, 0.0, 1.4735525568181809, 0.0, 0.0, 0.0, 0.0, 0.0, 0.0, 0.6745000000000703, 0.6744999999999297]",0.3179138688016528,0.0,0.46947227432556643,0.0,1.4735525568181809,11.0,8.0,1.0,0.33
2,"[0.0, 0.5058750000000005, 1.3490000000000044, 0.6745, 1.8654140625000037]",0.8789578125000016,0.6745,0.6553771752851696,0.0,1.8654140625000037,5.0,1.0,3.0,1.0
