Cluster,Dist,mean,median,std,min,max,bag_count,day_count,Cluster_Rank,Cluster_perc
0,"[0.0, 0.6745000000000035, 0.6744999999999964, 0.0, 1.0859874213836485, 0.0, 0.40724528301886725, 1.4253584905660381, 0.6745, 0.0, 0.6745, 1.7177577854671289, 0.0, 0.0, 0.0, 0.6745000000000002, 0.6744999999999998, 0.0]",0.4824082766908713,0.5408726415094318,0.5200607933773406,0.0,1.7177577854671289,18.0,10.0,1.0,0.2
1,"[0.4859899764150945, 1.376839033018868, 0.4859899764150945, 0.8136951650943396, 0.6609781839622643, 0.6880218160377356, 0.0, 4.047000000000026, 0.6745, 0.6745, 0.7490436720142606, 0.0, 0.0, 0.6745, 7.387882812499995, 722.4710020833335, 0.0, 0.6745]",41.21469126215507,0.6745,165.23819762851815,0.0,722.4710020833335,18.0,5.0,5.0,1.0
2,"[0.6745, 0.6745, 0.6745, 0.6745, 0.6745, 0.6745]",0.6745,0.6745,0.0,0.6745,0.6745,6.0,3.0,2.0,0.4
3,"[4.328484251968499, 0.0, 0.6054566929133847, 0.6745, 0.09028740157480193, 1.2693346456692913, 1.3702440944881864]",1.1911867266591663,0.6745,1.3691370790292547,0.0,4.328484251968499,7.0,1.0,4.0,0.8
4,"[1.2757478494623662, 0.5345231182795697, 0.5345231182795702, 0.8144768817204298]",0.7898177419354839,0.6745,0.30293845592432234,0.5345231182795697,1.2757478494623662,4.0,1.0,3.0,0.6
