Cluster,Dist,mean,median,std,min,max,bag_count,day_count,Cluster_Rank,Cluster_perc
0,"[0.0, 0.6745, 0.0, 1.3489999999999973, 0.6745000000000045, 0.6744999999999954, 0.6744999999999999, 0.6745000000000001, 0.0, 0.0, 0.0, 0.0, 0.0, 0.6745, 0.0, 1.0218035230352307, 0.0, 0.0, 0.0]",0.3377791327913277,0.0,0.4246227323197576,0.0,1.3489999999999973,19.0,13.0,1.0,0.33
1,"[2.6076651785714358, 0.0, 0.6745, 3.298119047619046, 0.6745, 0.0, 0.6745, 2.600716346153846, 0.0]",1.1700000635938141,0.6745,1.2241088304770766,0.0,3.298119047619046,9.0,3.0,3.0,1.0
2,"[0.19271428571428428, 1.156285714285714, 0.19271428571428595, 1.4132380952380923]",0.7387380952380941,0.6744999999999999,0.5535296435842708,0.19271428571428428,1.4132380952380923,4.0,1.0,2.0,0.67
