Cluster,Dist,mean,median,std,min,max,bag_count,day_count,Cluster_Rank,Cluster_perc
0,"[0.4905454545454535, 0.0, 0.6745, 1.6453712121212134, 0.1430757575757588, 2.6162424242424245, 2.45272727272727, 0.6745, 0.6745]",1.041273569023569,0.6745,0.9089396983983661,0.0,2.6162424242424245,9.0,2.0,4.0,0.8
1,"[0.0836589147286817, 1.2653410852713183, 0.0836589147286817, 2.269248062015503, 1.4286284722222222, 0.0, 0.5246111111111109, 1.6534618055555552, 0.6745]",0.8870120406258971,0.6745,0.7592790101363182,0.0,2.269248062015503,9.0,2.0,3.0,0.6
2,"[0.6745, 0.0, 2.5802301587301573, 0.0, 0.6744999999999999, 4.609083333333341, 0.6745, 0.0, 11.487578124999997]",2.300043513007055,0.6745,3.553069679369247,0.0,11.487578124999997,9.0,3.0,5.0,1.0
3,"[0.0, 0.6744999999999955, 0.6745000000000043, 0.0, 1.1991111111111104, 0.6745, 0.0, 0.6745000000000029, 0.6744999999999971, 0.6744999999999997, 0.6745000000000003, 0.6744999999999995, 0.6745000000000004, 0.0, 0.6745, 1.3848328125000005, 0.0, 0.0, 0.0, 0.0, 0.0]",0.4442354249338625,0.6744999999999971,0.4231899555067118,0.0,1.3848328125000005,21.0,13.0,1.0,0.2
4,"[0.12017576243980765, 1.1941789727126806, 1.505986356340289, 0.15482102728731947, 1.8156284109149277, 0.12017576243980675]",0.818494382022472,0.6745,0.7099085045161182,0.12017576243980675,1.8156284109149277,6.0,1.0,2.0,0.4
