Cluster,Dist,mean,median,std,min,max,bag_count,day_count,Cluster_Rank,Cluster_perc
0,"[0.0, 0.6745, 3.722240740740729, 0.35789795918367334, 2.009734693877551, 0.9911020408163267, 0.35789795918367334]",1.1590533419717077,0.6745,1.206156382228906,0.0,3.722240740740729,7.0,2.0,3.0,0.75
1,"[0.0, 0.0, 0.0, 0.0, 0.0, 0.6744999999999989, 0.6745000000000011, 0.6745000000000003, 0.6744999999999997, 0.6745000000000003, 0.6744999999999997, 0.0, 0.6745000000000014, 0.6744999999999987, 0.0]",0.3597333333333334,0.6744999999999987,0.3364997209838698,0.0,0.6745000000000014,15.0,11.0,1.0,0.25
2,"[0.6745, 0.6745, 0.6745, 0.6745, 0.6745, 0.6745, 0.6745, 0.6745]",0.6745,0.6745,0.0,0.6745,0.6745,8.0,4.0,2.0,0.5
3,"[0.5977465517241377, 5.5006637931034446, 0.7512534482758623, 0.5977465517241377]",1.8618525862068953,0.6745,2.1018031293059134,0.5977465517241377,5.5006637931034446,4.0,1.0,4.0,1.0
