Cluster,Dist,mean,median,std,min,max,bag_count,day_count,Cluster_Rank,Cluster_perc
0,"[0.6745000000000005, 0.6744999999999995, 0.0, 0.0, 0.6745000000000001, 0.6744999999999998, 0.0, 0.0, 0.0, 0.6745000000000024, 0.6744999999999974, 0.0, 0.0, 0.0, 0.6745, 1.861797208538588]",0.4114560755336617,0.3372499999999987,0.49637454118746616,0.0,1.861797208538588,16.0,11.0,1.0,0.25
1,"[0.6745, 16.188000000000105, 0.0, 0.6745, 4.712852564102583, 0.0]",3.708308760683781,0.6745,5.811811258170542,0.0,16.188000000000105,6.0,2.0,3.0,0.75
2,"[0.6745, 0.6745, 0.6745, 0.6745, 0.6745, 0.6745, 0.6745, 0.6745]",0.6745,0.6745,0.0,0.6745,0.6745,8.0,4.0,2.0,0.5
3,"[14.599661290322615, 6.61445161290324, 0.0, 0.6745, 0.34812903225806335]",4.447348387096783,0.6745,5.631743701974052,0.0,14.599661290322615,5.0,1.0,4.0,1.0
