Cluster,Dist,mean,median,std,min,max,bag_count,day_count,Cluster_Rank,Cluster_perc
0,"[0.3035627297426865, 0.30356272974268933, 1.0454372702573107, 7.044035160620109, 3.4989520412207695, 0.6559643942396626, 0.0, 0.44485453824811827, 0.6745, 10.020633637204387, 13.246096379970934, 0.4568042328042329, 0.6745, 4.129397996582893, 0.0, 0.677455398478836, 0.617399470899471, 8.798964767967373, 0.03796008128401201, 0.037960081284011696, 0.5903094647654473, 12.958860870014467, 12.90412772955845, 0.7586905352345527, 0.6231700333950414, 0.7348399488184687, 0.6231700333950414, 0.7258299666049586]",2.949537124726212,0.6745,4.3494523635651525,0.0,13.246096379970934,28.0,5.0,3.0,1.0
1,"[1.0118734172582893, 0.6745, 0.0, 0.0, 0.0, 0.6745, 0.6745000000000002, 0.6745000000000005, 0.6744999999999995, 0.6745000000000002, 0.6745, 0.6744999999999995, 0.6745000000000004, 0.0, 0.6745, 1.391401629802096, 0.6745000000000035, 0.6744999999999965, 0.0, 0.0, 0.0, 0.0]",0.4771488657754721,0.6744999999999998,0.39373078166847303,0.0,1.391401629802096,22.0,13.0,1.0,0.33
2,"[0.0, 0.6745, 0.7569851569683433, 1.07243518981834, 2.04639176547373, 0.2765648101816599, 0.2765648101816599, 0.6745, 0.0, 5.620610284391533, 1.0030351048269135, 0.34596489517308604, 0.34596489517308654, 1.3259795221843012]",1.029964031026618,0.6745,1.3814361455366029,0.0,5.620610284391533,14.0,4.0,2.0,0.67
