Cluster,Dist,mean,median,std,min,max,bag_count,day_count,Cluster_Rank,Cluster_perc
0,"[0.6533542928393302, 0.6533542928393302, 0.6956457071606698, 1.6579756264101648, 2.9862595693622187, 0.1977938054614259, 0.1977938054614259, 1.442027122532667, 1.3959226671589247, 0.544431006975119, 0.804568993024881, 0.24644183225432154]",0.9562973934567065,0.6745,0.771416262833626,0.1977938054614259,2.9862595693622187,12.0,2.0,3.0,0.43
1,"[0.0, 0.0, 0.0, 0.0, 0.0, 0.6745000000000001, 0.6745, 0.0, 0.0, 0.0]",0.13490000000000002,0.0,0.2698,0.0,0.6745000000000001,10.0,9.0,1.0,0.14
2,"[0.5569734848484851, 0.6745, 0.0, 2.0391489109848466, 11.660993607954541, 0.6745, 0.6992694630324793, 8.63265325607965, 0.0, 0.4192094010119147]",2.5357248123911917,0.6745,3.9018640861839007,0.0,11.660993607954541,10.0,2.0,5.0,0.71
3,"[0.27720111073712483, 0.27720111073712583, 0.609115954224167, 15.884766352518799, 2.311976831594302, 0.7398840457758329, 7.1384583333333405, 0.37338392857142966, 0.37338392857142794, 0.9595565476190483, 1.1843898809523838, 0.38944345238095174]",2.5432301230846615,0.6744999999999999,4.423785613481793,0.27720111073712483,15.884766352518799,12.0,2.0,6.0,0.86
4,"[0.6745, 0.6745, 0.6745, 0.6745, 0.6744999999999999, 0.6745, 0.6745, 0.6745]",0.6744999999999999,0.6745,1.0385185452638061e-16,0.6744999999999999,0.6745,8.0,4.0,2.0,0.29
5,"[0.0, 0.6745, 9.34912881540701, 4.1744879120879075, 0.0, 0.6745, 0.0, 10.08973706896551, 0.6745]",2.848539310717825,0.6745,3.8725905478798524,0.0,10.08973706896551,9.0,3.0,7.0,1.0
6,"[0.6745, 0.47721892998403964, 2.0161984942058138, 2.6766571369093053, 0.0]",1.1689149122198317,0.6745,1.0080106739207613,0.0,2.6766571369093053,5.0,1.0,4.0,0.57
