Cluster,Dist,mean,median,std,min,max,bag_count,day_count,Cluster_Rank,Cluster_perc
0,"[0.7722536231884058, 0.6745, 0.0, 3.3183738770566227, 0.6745, 0.0, 0.3138222940226171, 0.20376655896607437, 0.6745, 0.7243989471338644, 0.0, 0.9276770374909472, 2.0885414740125894]",0.7978718316823941,0.6745,0.9023212744875292,0.0,3.3183738770566227,13.0,3.0,3.0,0.38
1,"[0.0, 0.6745000000000009, 0.6744999999999991, 0.6744999999999999, 0.6745000000000001, 0.6745000000000001, 0.6744999999999998, 0.0, 0.6745, 0.0, 1.8274515570934244, 0.6744999999999999, 0.6745000000000001, 0.0, 0.0]",0.5265301038062283,0.6744999999999999,0.4673059091081001,0.0,1.8274515570934244,15.0,9.0,1.0,0.12
2,"[0.3139337979094076, 1.172811149825784, 0.92982787456446, 0.14289059233449483, 0.14289059233449483, 1.6235003484320558, 1.1736027874564459, 0.41917212543554, 0.0, 0.6745, 0.41162862338807477, 0.4234489143612921, 1.699742973658106, 3.5399169513942454, 0.8540346081781109]",0.9014600892848341,0.6745,0.8691763985069939,0.0,3.5399169513942454,15.0,2.0,4.0,0.5
3,"[0.6745, 0.6745, 0.6745, 0.6745, 0.6745000000000001, 0.6745000000000001, 0.6745, 0.6745]",0.6745000000000001,0.6745,9.614813431917819e-17,0.6745,0.6745000000000001,8.0,4.0,2.0,0.25
4,"[0.2506051383164818, 0.7380162332849057, 0.11873295875707929, 0.655621119577786, 3.703240386040857, 0.693378880422214, 5.5597702878999025, 0.7648946393097522, 0.6299826400213483, 0.11873295875707875]",1.3232975242387406,0.6745,1.721687916598503,0.11873295875707875,5.5597702878999025,10.0,1.0,6.0,0.75
5,"[0.6204745354702763, 0.7285254645297234, 0.6204745354702766, 1.6441847327756844, 0.38355178147268354, 0.3835517814726846, 26.29300332541568, 0.9654482185273154]",3.9549017968917903,0.6745000000000001,8.451497074283282,0.38355178147268354,26.29300332541568,8.0,2.0,8.0,1.0
6,"[0.019496064346853807, 0.0, 2.4328883392834113, 0.6745, 1.4311329734612246]",0.911603475418298,0.6745,0.9238304090795649,0.0,2.4328883392834113,5.0,1.0,5.0,0.62
7,"[0.42974472573839645, 0.6745, 0.5919662447257381, 3.489897151898733, 7.809756592826998, 0.0, 5.637731408227845]",2.6619423033453873,0.6745,2.837105986014894,0.0,7.809756592826998,7.0,1.0,7.0,0.88
