Cluster,Dist,mean,median,std,min,max,bag_count,day_count,Cluster_Rank,Cluster_perc
0,"[0.0, 0.6744999999999998, 0.6745000000000002, 0.0, 1.0885530666666665, 0.6745, 0.0, 0.0, 0.0, 0.6744999999999999, 0.6745000000000001, 0.0, 0.6744999999999999, 0.6745000000000001, 0.0, 0.6745000000000051, 0.6744999999999949]",0.42112076862745096,0.6744999999999998,0.3649878401576452,0.0,1.0885530666666665,17.0,11.0,1.0,0.25
1,"[0.6745, 0.6745, 0.6745, 0.6745]",0.6745,0.6745,0.0,0.6745,0.6745,4.0,2.0,2.0,0.5
2,"[0.0, 3.6342669404517443, 0.6745, 0.0, 0.8159469933712118, 0.6745, 19.434955222602746, 0.6745, 0.0, 0.0, 58.501883545310015, 0.6744999999999999, 0.0, 7.2845702141753135, 0.6745, 0.0, 0.6745, 4.7145607663093125, 0.6745, 0.8409974831666335, 0.0, 2.0296658174734037, 0.0, 0.6745, 0.6745, 0.0, 0.755106930642352]",3.854905700500101,0.6745,11.381624385921254,0.0,58.501883545310015,27.0,9.0,4.0,1.0
3,"[0.2756403393301158, 1.8758143922773136, 0.6745, 0.0, 0.34519167763639, 0.856024060260348, 0.6334926624737944, 5.503631929208715, 2.538738944956364]",1.4114482229047822,0.6745,1.6366748129388944,0.0,5.503631929208715,9.0,1.0,3.0,0.75
