Cluster,Dist,mean,median,std,min,max,bag_count,day_count,Cluster_Rank,Cluster_perc
0,"[0.036435030728709336, 0.79493195785777, 0.0029920983318701476, 1.0591093064091313, 0.0029920983318701476, 2.072028094820018, 0.5540680421422299, 14.790596575943814, 0.6745, 0.22420727462582707, 0.0, 0.2528494604942568, 0.8101199675136329, 1.6841761805313848, 15.987191669567242, 1.0723089517416398, 0.6839972780483812, 0.23080594326879783, 0.6650027219516189, 0.9411139945151652, 0.23080594326879783, 0.534304715320699, 0.2511533093201262, 0.9324173590929559, 6.489760652449757]",2.0391147450510276,0.6745,4.133795369811645,0.0,15.987191669567242,25.0,3.0,6.0,1.0
1,"[0.5104588532645197, 0.8385411467354803, 6.3816536286189, 0.5104588532645197, 0.7299366934032598, 0.6672691269474008, 0.681730873052599, 0.9208525502596533, 2.5489261015990534, 0.11626619620546019, 0.1434556661010849, 0.11626619620546066, 1.4566416868932028, 0.21937621359223042, 0.21937621359223314, 4.076877730582519, 0.9990621966019397, 0.34993780339806024]",1.1937270961287545,0.6744999999999999,1.5828080545151877,0.11626619620546019,6.3816536286189,18.0,3.0,4.0,0.67
2,"[0.0, 0.6745, 0.6745000000000001, 0.0, 0.6745000000000001, 0.6744999999999999]",0.4496666666666667,0.6744999999999999,0.3179623492735509,0.0,0.6745000000000001,6.0,4.0,1.0,0.17
3,"[3.8398176399759185, 0.0, 0.6745, 3.5958711855927965, 0.0, 0.6745, 0.0, 8.645086050724638, 0.6745, 0.0, 0.6745, 5.603352880271082, 0.6855837901150511, 0.9633012278292581, 1.182065978512988, 0.2170601509399126, 0.2170601509399124, 0.6634162098849489, 0.0, 0.6745, 5.879064426369874, 0.047558640644502395, 0.8278295472597299, 0.6745, 0.0, 2.1354396005900376]",1.482673364601948,0.6745,2.1708170121945685,0.0,8.645086050724638,26.0,7.0,5.0,0.83
4,"[3.0747527093230405, 0.04646199524940639, 0.04646199524940639, 1.3025380047505937, 1.619598333446704, 0.5281205156111829, 0.820879484388817, 0.5281205156111829, 0.3035415102806785, 1.0677198515013049, 0.6745, 0.0, 0.8430424485966056]",0.8350567203083787,0.6745,0.801079505758303,0.0,3.0747527093230405,13.0,3.0,3.0,0.5
5,"[1.3124610834371113, 0.28601151930261526, 1.0629884806973848, 0.28601151930261526, 0.6745, 0.6745]",0.7160787671232879,0.6745,0.3762515735583893,0.28601151930261526,1.3124610834371113,6.0,2.0,2.0,0.33
