Cluster,Dist,mean,median,std,min,max,bag_count,day_count,Cluster_Rank,Cluster_perc
0,"[1.7028536262572807, 0.15425304393859163, 0.6745, 0.0, 0.6741429327686608, 24.126318687136067, 5.524187136050831, 0.9124530196078433, 0.3036995764705881, 9.709858650980394, 0.6152074823529412, 0.3036995764705883, 0.7337925176470588]",3.494997403821603,0.6745,6.527156615872303,0.0,24.126318687136067,13.0,2.0,7.0,1.0
1,"[22.478973207450874, 0.0, 0.30033235519264895, 0.6745, 8.291754656800201, 0.6220384908199217, 0.7269615091800782, 3.3089323666365678, 0.6220384908199216, 0.2354086552639339, 0.5636083013860221, 0.0, 4.605536125036863, 1.4701355057505159, 0.6745, 1.4402991742848723]",2.8759386774139015,0.6745,5.481744272084728,0.0,22.478973207450874,16.0,3.0,5.0,0.71
2,"[8.06379334904691, 0.0, 0.6517586083213748, 1.8789642857142799, 2.118889424062301, 0.6745, 0.6592929903668765, 0.6979553571428572, 6.002748883928569, 0.6510446428571428, 0.20349107142857167, 1.352169642857143, 0.20349107142857115]",1.7813922559349689,0.6745,2.3527542824733625,0.0,8.06379334904691,13.0,2.0,4.0,0.57
3,"[0.6745, 0.6745, 0.6745, 0.6744999999999999, 0.6745, 0.6745, 0.6745, 0.6745]",0.6744999999999999,0.6745,1.0385185452638061e-16,0.6744999999999999,0.6745,8.0,4.0,2.0,0.29
4,"[0.0, 0.0, 0.0, 0.0, 0.6745, 1.2429829217802741, 0.6744999999999998, 0.6745000000000002]",0.4083103652225343,0.3372499999999999,0.4438635008440309,0.0,1.2429829217802741,8.0,5.0,1.0,0.14
5,"[0.5912848973669603, 0.010132036017582459, 1.7648740238125724, 1.4276384159091868, 0.010132036017581692, 0.7577151026330395]",0.7602960852928206,0.6744999999999999,0.6593666488328936,0.010132036017581692,1.7648740238125724,6.0,1.0,3.0,0.43
6,"[0.6745, 0.0, 7.378867469879515, 0.07688601036269303, 0.9941666936528477, 0.8422512953367871, 2.518016839378235, 0.07688601036269448, 0.5067487046632129, 36.91650715563495, 0.0, 0.6745, 0.9295431638634047, 0.6745, 0.0, 0.6798974010952693, 0.6745, 0.0]",2.9787650413460898,0.6745,8.396475243356214,0.0,36.91650715563495,18.0,5.0,6.0,0.86
