Cluster,Dist,mean,median,std,min,max,bag_count,day_count,Cluster_Rank,Cluster_perc
0,"[0.6745, 0.6745000000000001, 0.6744999999999934, 0.6745000000000065, 0.6745000000000003, 0.6744999999999997, 0.0, 0.0, 0.0, 0.0, 0.6745000000000004, 0.6744999999999995]",0.44966666666666666,0.6744999999999997,0.3179623492735509,0.0,0.6745000000000065,12.0,8.0,1.0,0.12
1,"[0.6745, 0.6745, 1.486301516483516, 0.1456030549450549, 1.203396945054945, 0.14560305494505452, 0.6745, 0.6745, 0.6745, 0.6744999999999999]",0.702790457142857,0.6745,0.3860329180234218,0.14560305494505452,1.486301516483516,10.0,4.0,3.0,0.38
2,"[0.0, 0.6745, 2.285838805087252, 2.159196314613915, 0.0, 0.6745, 6.855517736486468, 0.6745, 0.0, 0.6745, 0.0, 0.6820507297718569]",1.223383632163291,0.6745,1.8531571093633548,0.0,6.855517736486468,12.0,4.0,4.0,0.5
3,"[1.311702756892231, 0.743951879699248, 0.605048120300752, 0.6050481203007516, 4.59602887970267, 0.9024967574332523, 0.4465032425667476, 0.4465032425667476, 0.3549468027386642, 0.3549468027386646, 0.9940531972613353, 18.43423051285363]",2.482955026254558,0.6745,4.93645529036874,0.3549468027386642,18.43423051285363,12.0,3.0,7.0,0.88
4,"[0.7503131674915341, 18.785852826256836, 0.6745, 0.37133517843188335, 0.0]",4.116400234436051,0.6745,7.33948665607491,0.0,18.785852826256836,5.0,1.0,8.0,1.0
5,"[0.0, 1.011929218823807, 0.6745, 0.5409819762635804, 0.7474619744922059]",0.5949746339159186,0.6745,0.3347649386797516,0.0,1.011929218823807,5.0,1.0,2.0,0.25
6,"[0.0, 0.6745, 5.051977911646605, 3.2275773092369544, 0.6040702811244965]",1.9116251004016114,0.6745,1.92291625605365,0.0,5.051977911646605,5.0,1.0,6.0,0.75
7,"[0.10918559008629129, 1.3136842600402259, 1.026519593849348, 4.609119801466294, 0.10918559008629013, 0.3224804061506518]",1.2483625402798502,0.6745,1.5706090412413831,0.10918559008629013,4.609119801466294,6.0,1.0,5.0,0.62
