Cluster,Dist,mean,median,std,min,max,bag_count,day_count,Cluster_Rank,Cluster_perc
0,"[0.0, 0.6745, 3.001933043580406, 0.8508241661655183, 0.017036452791784448, 2.0858109820974233, 2.3193913586529122, 0.34353726233982435, 0.5241985474395158, 0.8248014525604842, 0.0029954202710826146, 2.0787592635425827, 0.0029954202710826146]",0.9789833361317398,0.6745,0.9944452091287477,0.0,3.001933043580406,13.0,2.0,4.0,0.67
1,"[0.0, 0.0, 0.6744999999999999, 0.6745000000000001, 0.6744999999999998, 0.6745000000000002, 0.6744999999999999, 0.6745000000000001, 0.0, 0.0, 0.6744999999999987, 0.6745000000000013, 0.0, 0.6745, 0.6745000000000001, 0.6744999999999982, 0.6745000000000018, 0.0]",0.4496666666666667,0.6744999999999999,0.3179623492735509,0.0,0.6745000000000018,18.0,12.0,1.0,0.17
2,"[0.6745, 0.6745, 0.6745, 0.6745, 0.6745, 0.6745]",0.6745,0.6745,0.0,0.6745,0.6745,6.0,3.0,2.0,0.33
3,"[7.388658680050313, 0.8829034823784746, 0.012492897131723968, 0.23658319974350792, 0.6745, 1.1160598687942387, 0.0]",1.4730283040140368,0.6745,2.4477329605198306,0.0,7.388658680050313,7.0,1.0,6.0,1.0
4,"[0.37265577212582207, 0.9763442278741779, 1.5200700023769909, 0.37265577212582207, 0.156423878745675, 1.1925761212543249, 0.156423878745675, 3.3194535612473617]",1.0083254018119812,0.6745,0.9935914146959588,0.156423878745675,3.3194535612473617,8.0,2.0,5.0,0.83
5,"[2.718813497355713, 0.7375298459415955, 0.06752754656242792, 0.6372776500344909, 0.7117223499655091, 0.06752754656242835]",0.823399739403694,0.6745,0.8934731639060012,0.06752754656242792,2.718813497355713,6.0,1.0,3.0,0.5
