Cluster,Dist,mean,median,std,min,max,bag_count,day_count,Cluster_Rank,Cluster_perc
0,"[0.0, 0.6745000000000003, 0.6744999999999997, 0.0, 0.0, 0.0, 0.6745, 0.0, 1.4485965193632684, 0.0, 0.6744999999999997, 0.6745000000000002, 0.0, 0.0, 0.6745000000000001, 0.6744999999999999, 0.6745, 1.7955583717357906, 0.0, 0.0, 0.0, 0.6744999999999999, 0.6745000000000001, 0.0]",0.41621478712912746,0.3372499999999998,0.48795193861789904,0.0,1.7955583717357906,24.0,16.0,1.0,0.25
1,"[0.6745, 0.6745, 0.6745, 0.6745, 0.6745, 0.6745, 0.6745, 0.6745]",0.6745,0.6745,0.0,0.6745,0.6745,8.0,4.0,2.0,0.5
2,"[4.286250405844157, 0.6745, 0.0]",1.653583468614719,0.6745,1.8818322568330001,0.0,4.286250405844157,3.0,1.0,4.0,1.0
3,"[1.436060142804834, 4.122266889417795, 0.27217099963383423, 0.9514253478579281, 0.3975746521420719, 0.2721709996338334]",1.241944838581716,0.6745,1.354758345703527,0.2721709996338334,4.122266889417795,6.0,1.0,3.0,0.75
