Cluster,Dist,mean,median,std,min,max,bag_count,day_count,Cluster_Rank,Cluster_perc
0,"[0.1411700156856269, 0.5998500619169487, 0.7491499380830512, 0.1411700156856272, 1.8438746305622062, 1.4753580780979112, 0.5250819124038784, 0.5250819124038782, 0.8239180875961216, 1.148367435640254]",0.7973022088075503,0.6744999999999999,0.5224520528325166,0.1411700156856269,1.8438746305622062,10.0,2.0,3.0,0.6
1,"[0.6744999999999994, 0.6745000000000005, 0.6744999999999998, 0.6745000000000002, 0.0, 0.0, 0.6744999999999998, 0.6745000000000002, 0.6744999999999997, 0.6745000000000002, 0.0, 0.0, 0.0]",0.415076923076923,0.6744999999999997,0.32814712027439563,0.0,0.6745000000000005,13.0,9.0,1.0,0.2
2,"[0.6745, 0.6745, 0.6745, 0.6745, 0.6744999999999999, 0.6744999999999999]",0.6745,0.6745,6.409875621278546e-17,0.6744999999999999,0.6745,6.0,3.0,2.0,0.4
3,"[0.0, 76.80064107884027, 0.6745, 0.0, 0.6745, 0.8440074979871168, 0.7426278932280338, 0.6745, 0.0, 0.6745, 0.0, 6.12702980642323]",7.267692189706554,0.6745,21.026036266658863,0.0,76.80064107884027,12.0,4.0,5.0,1.0
4,"[2.252505172887356, 0.5773606372264778, 0.5773606372264778, 0.7716393627735222]",1.0447164525284585,0.6745,0.7018132953585959,0.5773606372264778,2.252505172887356,4.0,1.0,4.0,0.8
