Cluster,Dist,mean,median,std,min,max,bag_count,day_count,Cluster_Rank,Cluster_perc
0,"[0.6744999999999999, 0.6745000000000001, 0.0, 0.6745, 1.2439443958644107, 0.0, 0.0, 0.0, 0.0, 0.6745, 1.604500953857159, 0.0, 0.0]",0.4266496422862746,0.0,0.5244215162011983,0.0,1.604500953857159,13.0,8.0,1.0,0.2
1,"[5.569988962609288, 0.6745, 0.0, 8.226831957547173, 0.6745, 0.0, 0.6745, 5.8105692903037465, 0.0, 0.0, 0.6745, 2.586512396694214]",2.0743252172628686,0.6745,2.728616906561986,0.0,8.226831957547173,12.0,4.0,4.0,0.8
2,"[0.6745, 0.6745, 0.6745, 0.6745, 0.6745, 0.6745, 0.2828453344981688, 1.0798436544470944, 0.2828453344981682, 1.066154665501831, 0.6745, 0.6744999999999999]",0.6756407490787718,0.6745,0.2281205809667063,0.2828453344981682,1.0798436544470944,12.0,5.0,2.0,0.4
3,"[0.6340645829225005, 0.7149354170774994, 0.6340645829225005, 12.824278741865507]",3.701835831197002,0.6744999999999999,5.26694834808907,0.6340645829225005,12.824278741865507,4.0,1.0,5.0,1.0
4,"[3.0347932597145535, 0.055160172934680694, 0.0, 0.9342095530784451, 1.4177921137618494, 0.21572195020314575, 0.6745]",0.9045967213846678,0.6745,0.9906213311579186,0.0,3.0347932597145535,7.0,1.0,3.0,0.6
