Cluster,Dist,mean,median,std,min,max,bag_count,day_count,Cluster_Rank,Cluster_perc
0,"[0.6745000000000002, 0.6744999999999998, 0.6745000000000043, 0.6744999999999957, 0.0, 0.0, 0.0, 0.0, 0.0, 0.6744999999999998, 0.6745000000000001, 0.0, 0.0, 0.6745000000000003, 0.6744999999999995, 0.6745000000000028, 0.6744999999999972, 0.6745000000000001, 0.6744999999999998, 0.0]",0.40470000000000006,0.6744999999999983,0.33043616630145073,0.0,0.6745000000000043,20.0,14.0,1.0,0.25
1,"[1.069999713842852, 0.2790002861571479, 1.1277105997376893, 0.2790002861571479, 0.11044058898645757, 0.11044058898645757, 1.3156742917500899, 1.2385594110135425]",0.691353220828923,0.6745,0.5047253213513174,0.11044058898645757,1.3156742917500899,8.0,2.0,2.0,0.5
2,"[17.579956521739135, 0.0, 0.6745, 3.7284861111111107, 0.6745, 0.0]",3.7762404388083737,0.6745,6.302201062285525,0.0,17.579956521739135,6.0,2.0,4.0,1.0
3,"[0.68490331893245, 2.340828461258933, 0.66409668106755, 0.6640966810675493]",1.0884812855816206,0.6745000000000001,0.7230928724390714,0.6640966810675493,2.340828461258933,4.0,1.0,3.0,0.75
