Cluster,Dist,mean,median,std,min,max,bag_count,day_count,Cluster_Rank,Cluster_perc
0,"[66.46187706381082, 0.5637387327086084, 0.7852612672913756, 0.5637387327086244, 0.6745, 0.6744999999999999]",11.620602632753238,0.6744999999999999,24.525880235751018,0.5637387327086084,66.46187706381082,6.0,2.0,3.0,1.0
1,"[0.6744999999999999, 0.6745000000000001, 0.6745000000000013, 0.6744999999999987, 0.0, 0.0, 0.0, 0.6745000000000003, 0.6744999999999998, 0.0, 0.0, 0.0, 0.6745, 0.6745000000000001, 0.0, 0.6745, 1.1238229505064008, 0.0, 0.0, 1.0372968579872441, 0.6745, 0.0, 0.6745000000000003, 0.6744999999999997]",0.42729665868723526,0.6744999999999997,0.37729229203345044,0.0,1.1238229505064008,24.0,15.0,1.0,0.33
2,"[3.9063133772375918, 0.6745, 0.0, 0.0, 0.6761634865005192, 0.6745]",0.9885794772896851,0.6745,1.33931857450918,0.0,3.9063133772375918,6.0,2.0,2.0,0.67
