Cluster,Dist,mean,median,std,min,max,bag_count,day_count,Cluster_Rank,Cluster_perc
0,"[2.3164994491185893, 0.0, 0.6745, 2.4391802325581358, 0.0, 0.6745, 0.6745, 0.0, 4.3443245049237085, 0.1070176371511065, 1.2419823628488935, 2.9373858277189595, 0.1070176371511065]",1.193608280882346,0.6745,1.3366527606186402,0.0,4.3443245049237085,13.0,4.0,3.0,1.0
1,"[0.0, 0.0, 0.0, 0.0, 0.0, 0.6745, 1.2277333756583877, 0.0, 0.0, 0.0]",0.19022333756583878,0.0,0.4000537851537802,0.0,1.2277333756583877,10.0,8.0,1.0,0.33
2,"[0.4417158492631099, 0.6604354537391731, 0.8624812522408617, 0.44171584926311014, 0.6885645462608269, 0.9463594059592769, 0.6745000000000001, 0.6745000000000001, 0.6745, 0.6745]",0.6739272356726358,0.6745000000000001,0.14765288747751007,0.4417158492631099,0.9463594059592769,10.0,3.0,2.0,0.67
