Cluster,Dist,mean,median,std,min,max,bag_count,day_count,Cluster_Rank,Cluster_perc
0,"[3.7526142625962207, 0.0, 0.6745, 0.5551949327817992, 1.24396949327818, 0.5551949327817995, 0.7938050672182004]",1.0821826698080286,0.6745,1.142259549547799,0.0,3.7526142625962207,7.0,2.0,3.0,1.0
1,"[0.6745000000000002, 0.6744999999999997, 0.0, 0.0, 0.6745000000000002, 0.6744999999999998, 0.0, 0.0, 0.0, 0.6744999999999998, 0.6745000000000002, 0.6744999999999999, 0.6745000000000001, 0.0, 0.0, 0.0, 0.0, 0.0, 0.0]",0.284,0.0,0.3330195189474635,0.0,0.6745000000000002,19.0,15.0,1.0,0.33
2,"[0.6745, 0.6745, 0.6745, 0.6745]",0.6745,0.6745,0.0,0.6745,0.6745,4.0,2.0,2.0,0.67
