Cluster,Dist,mean,median,std,min,max,bag_count,day_count,Cluster_Rank,Cluster_perc
0,"[0.6745000000000178, 0.6744999999999822, 0.0, 0.0, 0.0, 0.0, 0.0, 0.0, 0.0, 0.0, 0.0, 0.0, 0.0, 0.0, 0.0, 0.0]",0.0843125,0.0,0.22306990741413327,0.0,0.6745000000000178,16.0,15.0,2.0,0.67
1,"[15.143186274509501, 0.0, 0.6745000000000001]",5.2725620915031675,0.6745000000000001,6.985015098247205,0.0,15.143186274509501,3.0,1.0,3.0,1.0
2,[0.0],0.0,0.0,0.0,0.0,0.0,1.0,1.0,1.0,0.33
