Cluster,Dist,mean,median,std,min,max,bag_count,day_count,Cluster_Rank,Cluster_perc
0,"[0.0, 0.6745, 0.0, 1.446614179468422]",0.5302785448671055,0.33725,0.5964187902920222,0.0,1.446614179468422,4.0,2.0,1.0,0.33
1,"[9.821128787877962, 0.0, 0.6745, 0.0, 0.6745, 2.6117267441860728]",2.2969759220106725,0.6745,3.4768040266074185,0.0,9.821128787877962,6.0,2.0,3.0,1.0
2,"[0.49611983471071436, 0.005574380165178778, 2.4917479338851174, 1.3211280991741061, 0.8528801652892857, 0.005574380165475842]",0.8621707988983132,0.6745,0.8629173305108788,0.005574380165178778,2.4917479338851174,6.0,1.0,2.0,0.67
