Cluster,Dist,mean,median,std,min,max,bag_count,day_count,Cluster_Rank,Cluster_perc
0,"[0.6745, 0.6745, 3.3287824074067944, 0.0, 0.6745, 0.6745, 0.6745]",0.9573260582009706,0.6745,0.995721654586455,0.0,3.3287824074067944,7.0,3.0,2.0,0.67
1,"[162.5795991521453, 72.7001707489411, 72.55052896844181, 72.04060315591238, 71.83504427696748, 72.66204545454639, 72.42948115873857, 0.034312764955257126, 0.029229392369294362, 0.0025416862929813822, 0.12962600094206744, 0.6745, 0.0, 0.03526589731512303, 0.5579001413094727]",39.884056586591804,0.6745,47.607185425066625,0.0,162.5795991521453,15.0,1.0,3.0,1.0
2,"[0.0, 0.0]",0.0,0.0,0.0,0.0,0.0,2.0,2.0,1.0,0.33
