Cluster,Dist,mean,median,std,min,max,bag_count,day_count,Cluster_Rank,Cluster_perc
0,"[0.6745, 0.6745, 0.6745, 0.6745, 8.299648453093733, 0.6745, 0.0]",1.6674497790133904,0.6745,2.717567040472009,0.0,8.299648453093733,7.0,3.0,2.0,0.67
1,"[0.0, 0.0, 0.0, 0.0, 0.0, 0.0, 0.0, 0.0, 0.0, 0.0, 0.0, 0.0]",0.0,0.0,0.0,0.0,0.0,12.0,12.0,1.0,0.33
2,"[219.06491709401874, 0.034589743589724685, 2.2425683760684, 0.5269170940170784, 0.9615948717948808, 0.0, 0.6745]",31.929298168498402,0.6745,76.40097689785152,0.0,219.06491709401874,7.0,1.0,3.0,1.0
