Cluster,Dist,mean,median,std,min,max,bag_count,day_count,Cluster_Rank,Cluster_perc
0,"[0.6745, 0.6745, 12.821748415407155, 0.5445987323256977, 0.5445987323256977, 0.8044012676743023]",2.677391191288809,0.6745,4.537562273930574,0.5445987323256977,12.821748415407155,6.0,2.0,3.0,1.0
1,"[0.0, 0.0, 0.0, 0.0, 0.6744999999999908, 0.6745000000000092, 0.6744999999999822, 0.6745000000000178, 0.0, 0.0, 0.0, 0.0]",0.22483333333333333,0.0,0.3179623492735508,0.0,0.6745000000000178,12.0,10.0,1.0,0.33
2,"[0.0, 9.220843253968296, 0.6745, 0.0, 4.759218750000129, 0.6745]",2.554843667328071,0.6745,3.401486364755055,0.0,9.220843253968296,6.0,2.0,2.0,0.67
