Cluster,Dist,mean,median,std,min,max,bag_count,day_count,Cluster_Rank,Cluster_perc
0,"[0.6745000000000639, 0.674499999999936, 0.0, 0.0, 0.0, 0.0, 0.0]",0.1927142857142857,0.0,0.304708040254796,0.0,0.6745000000000639,7.0,6.0,2.0,0.67
1,"[0.6745, 0.6745, 0.6745, 0.6745, 0.6745, 0.6745]",0.6745,0.6745,0.0,0.6745,0.6745,6.0,3.0,3.0,1.0
2,[0.0],0.0,0.0,0.0,0.0,0.0,1.0,1.0,1.0,0.33
