Cluster,Dist,mean,median,std,min,max,bag_count,day_count,Cluster_Rank,Cluster_perc
0,"[0.0, 0.0, 0.0, 0.0, 0.0, 0.0, 0.0, 0.674499999999919, 0.6745000000000809, 0.0, 0.0]",0.12263636363636364,0.0,0.2601510130419961,0.0,0.6745000000000809,11.0,10.0,1.0,0.33
1,"[649.6144999999956, 650.3392916666622, 0.6745, 0.0, 0.257375000000029]",260.1771333333316,0.6745,318.2703286642127,0.0,650.3392916666622,5.0,1.0,3.0,1.0
2,"[0.6745, 0.6745]",0.6745,0.6745,0.0,0.6745,0.6745,2.0,1.0,2.0,0.67
