Cluster,Dist,mean,median,std,min,max,bag_count,day_count,Cluster_Rank,Cluster_perc
0,"[0.0, 0.0, 0.0, 0.0, 0.0]",0.0,0.0,0.0,0.0,0.0,5.0,5.0,1.0,0.33
1,"[7.673909778812522, 0.1955186263096658, 1.153481373690334, 0.19551862630964487, 0.41866826111424, 0.9303317388857599, 26.88093162633657, 0.4186682611142198]",4.733378536571619,0.6745,8.69523903599943,0.19551862630964487,26.88093162633657,8.0,2.0,3.0,1.0
2,"[0.6745, 0.6745]",0.6745,0.6745,0.0,0.6745,0.6745,2.0,1.0,2.0,0.67
