Cluster,Dist,mean,median,std,min,max,bag_count,day_count,Cluster_Rank,Cluster_perc
0,"[0.0, 0.0, 0.0, 0.0, 0.0, 0.6744999999995008, 0.6745000000004993, 0.0, 0.0]",0.1498888888888889,0.0,0.28041643415322487,0.0,0.6745000000004993,9.0,8.0,1.0,0.33
1,"[8.343394957982698, 0.0, 0.6745]",3.0059649859942326,0.6745,3.7841649534087516,0.0,8.343394957982698,3.0,1.0,3.0,1.0
2,"[0.6745, 0.6745]",0.6745,0.6745,0.0,0.6745,0.6745,2.0,1.0,2.0,0.67
