Cluster,Dist,mean,median,std,min,max,bag_count,day_count,Cluster_Rank,Cluster_perc
0,"[0.0, 0.0, 0.0, 0.0, 0.6745000000000086, 0.6744999999999912, 0.0, 0.0]",0.16862499999999997,0.0,0.2920670674263019,0.0,0.6745000000000086,8.0,7.0,1.0,0.33
1,"[0.0, 0.8170000000000499, 0.6745]",0.49716666666668335,0.6745,0.3563309167364416,0.0,0.8170000000000499,3.0,1.0,2.0,0.67
2,"[0.6745000000003668, 0.6744999999996332]",0.6745,0.6745,3.668176873361517e-13,0.6744999999996332,0.6745000000003668,2.0,1.0,3.0,1.0
