Cluster,Dist,mean,median,std,min,max,bag_count,day_count,Cluster_Rank,Cluster_perc
0,"[0.0, 0.6744999999999981, 0.6745000000000019, 0.0, 0.6744999999999631, 0.674500000000037, 0.0, 0.6745000000000765, 0.6744999999999235]",0.4496666666666667,0.6744999999999631,0.3179623492735509,0.0,0.6745000000000765,9.0,6.0,2.0,0.67
1,"[0.6745, 0.6745]",0.6745,0.6745,0.0,0.6745,0.6745,2.0,1.0,3.0,1.0
2,[0.0],0.0,0.0,0.0,0.0,0.0,1.0,1.0,1.0,0.33
