Cluster,Dist,mean,median,std,min,max,bag_count,day_count,Cluster_Rank,Cluster_perc
0,"[0.6745, 0.6745, 1.2777138932136642, 1.5566810147449408, 0.07128610678633573, 0.07128610678633573]",0.7209945202552128,0.6745,0.5563083532226525,0.07128610678633573,1.5566810147449408,6.0,2.0,3.0,1.0
1,"[0.0, 0.0]",0.0,0.0,0.0,0.0,0.0,2.0,2.0,1.5,0.5
2,[0.0],0.0,0.0,0.0,0.0,0.0,1.0,1.0,1.5,0.5
