Cluster,Dist,mean,median,std,min,max,bag_count,day_count,Cluster_Rank,Cluster_perc
0,"[0.293439445196211, 0.924128890392422, 0.6786072395128552, 0.09355378890392416, 0.7397594722598102, 1.0902439106901214, 0.6703927604871449, 0.09355378890392416, 1.718597815764483, 0.5630441595441595, 0.17743257359923995, 0.7859558404558404, 0.17743257359923995, 1.3560460588793923, 0.8228786733837109, 0.0, 0.6745, 1.7534749791492918, 0.3999745621351128, 0.9490254378648872, 0.3999745621351128, 1.0435239669421488, 0.3065909090909092, 0.6745, 0.46044380165289245, 1.5931578512396694, 1.3791016528925624, 0.25976611570247954, 0.7034867768595041, 0.0]",0.6927529202412349,0.6745,0.49247990575520395,0.0,1.7534749791492918,30.0,5.0,3.0,0.75
1,"[0.7746441048034934, 0.5743558951965065, 0.20028820960698696, 2.961614628820961, 1.9130469432314414, 0.20028820960698696, 0.2948860837438425, 0.8381410098522174, 0.1387210591133005, 1.47110775862069, 0.6886213054187191, 0.24338485221674902, 1.0823565270935969, 0.660378694581281, 0.1387210591133005, 3.556076970443351, 1.7269525862068973, 0.35137130541871936]",0.989719844616058,0.6745000000000001,0.9630364861363812,0.1387210591133005,3.556076970443351,18.0,2.0,4.0,1.0
2,"[0.6745, 0.6745, 0.6745, 0.6745, 0.6745, 0.6745]",0.6745,0.6745,0.0,0.6745,0.6745,6.0,3.0,2.0,0.5
3,"[0.0, 0.0, 0.0, 0.0]",0.0,0.0,0.0,0.0,0.0,4.0,4.0,1.0,0.25
