Cluster,Dist,mean,median,std,min,max,bag_count,day_count,Cluster_Rank,Cluster_perc
0,"[0.6745000000000001, 6.731372105095033, 0.0, 14.597229082530808, 0.1915518535777155, 1.1574481464222843, 0.19155185357771573]",3.3633790058862223,0.6745000000000001,5.086006848365648,0.0,14.597229082530808,7.0,2.0,3.0,1.0
1,"[0.0, 0.0, 0.0, 0.6744999999999999, 0.6745000000000002, 0.0, 0.6744999999999972, 0.6745000000000028, 0.0, 0.0]",0.26980000000000004,0.0,0.33043616630145073,0.0,0.6745000000000028,10.0,8.0,1.0,0.33
2,"[0.6745, 0.6745, 0.6745, 0.6745, 0.6744999999999999, 0.6744999999999999, 0.6745, 0.6745, 0.6745, 0.6745, 0.6745, 0.6744999999999999, 0.6745, 0.6745, 0.1689192054757745, 1.5112203731042806, 0.1689192054757751, 1.1800807945242249, 0.6745, 0.6745]",0.6910569789290026,0.6745,0.27031963775481593,0.1689192054757745,1.5112203731042806,20.0,9.0,2.0,0.67
