Cluster,Dist,mean,median,std,min,max,bag_count,day_count,Cluster_Rank,Cluster_perc
0,"[0.4021057692307694, 0.0, 0.6745, 2.4659215176715183, 1.138306392931393, 0.5713391089108913, 0.7776608910891086, 1.1488292079207922, 0.5713391089108908]",0.8611113329628183,0.6745,0.6580237154273343,0.0,2.4659215176715183,9.0,2.0,6.0,0.86
1,"[0.0, 0.6744999999999997, 0.6745000000000003, 0.6745, 0.6745000000000001, 0.6744999999999999, 0.6745000000000001, 0.0, 1.0744592687316472, 0.0, 0.6745, 0.0]",0.48299660572763736,0.6744999999999999,0.3581998762830516,0.0,1.0744592687316472,12.0,7.0,2.0,0.29
2,"[0.6745, 0.46529214929214885, 0.0, 1.368531853281853, 0.46919851994851985, 2.0690743243243235, 1.125902831402831, 0.2745575654152446, 0.8646491467576791, 0.0, 0.6745, 0.4004028441410692, 1.2381947667804323, 1.1936885096700793]",0.7727494650724415,0.6745,0.5573858879522918,0.0,2.0690743243243235,14.0,2.0,5.0,0.71
3,"[0.6745, 0.6745, 1.1057497523771789, 0.3604325970681457, 0.3604325970681457, 0.9885674029318541, 0.6745000000000001, 0.6745000000000001, 0.6745, 0.6745]",0.6862182349445325,0.6745,0.21920724882546758,0.3604325970681457,1.1057497523771789,10.0,4.0,3.0,0.43
4,"[1.715915945266685, 0.0, 0.3335770734431722, 1.1525455180117286, 0.6372056688075953, 0.6745, 0.7837460206646188, 0.18251619659313037, 1.221671879363306, 0.13775282167042896, 0.8156986455981944, 1.3889875846501132, 0.6216106094808126, 0.13775282167042896, 0.7273893905191874]",0.7020580117159602,0.6745,0.4857881305596806,0.0,1.715915945266685,15.0,2.0,4.0,0.57
5,"[0.8119790991574853, 0.8648724886584577, 0.1845804439403758, 0.6058697342838625, 0.7431302657161375, 0.2362717109526894, 0.8117605314322749, 0.18458044394037595, 0.5254609590150653, 1.7547052486635335, 0.5254609590150657, 0.8235390409849342, 4.99718226744186, 0.8419485465116276, 0.5070514534883723, 0.5070514534883723]",0.9328402904181556,0.6745,1.1093588878255394,0.1845804439403758,4.99718226744186,16.0,3.0,7.0,1.0
6,"[0.6745, 0.0, 0.7523512668126366, 0.1618209258680013, 0.7097335001563962]",0.4596811385674068,0.6745,0.31443809762637487,0.0,0.7523512668126366,5.0,1.0,1.0,0.14
