Cluster,Dist,mean,median,std,min,max,bag_count,day_count,Cluster_Rank,Cluster_perc
0,"[0.6744999999999998, 0.6745000000000002, 0.0, 0.0, 0.6744999999999989, 0.6745000000000011, 0.0, 0.0, 0.0, 0.0]",0.2698,0.0,0.33043616630145073,0.0,0.6745000000000011,10.0,8.0,1.0,0.17
1,"[0.6745, 0.6745, 0.6745, 0.6745, 1.2371819865709661, 1.2068849270664506, 0.1421150729335494, 0.1421150729335494, 0.6745, 0.6745, 0.6745000000000001, 0.6745000000000001]",0.6770247549587096,0.6745,0.3118273637050476,0.1421150729335494,1.2371819865709661,12.0,5.0,2.0,0.33
2,"[1.2985260449752247, 0.6349092237326894, 0.7140907762673105, 0.6349092237326894, 0.5802052495212346, 3.3099660921482488, 0.5802052495212345, 0.7687947504787654, 0.38611195542046695, 9.886516210739618, 0.962888044579533, 0.38611195542046467]",1.67860289804479,0.6745,2.588090366106927,0.38611195542046467,9.886516210739618,12.0,3.0,5.0,0.83
3,"[4.773079411764703, 0.6745, 0.0, 0.0, 8.575956560283693, 0.6745]",2.449672662008066,0.6745,3.1946267802083677,0.0,8.575956560283693,6.0,2.0,6.0,1.0
4,"[0.24584353741496445, 0.2458435374149661, 1.755680272108841, 1.1031564625850339]",0.8376309523809513,0.6745,0.6351659308885804,0.24584353741496445,1.755680272108841,4.0,1.0,3.0,0.5
5,"[0.990091743119266, 0.31416372618207417, 0.6745, 2.5242579393083973, 0.0]",0.9006026817219475,0.6745,0.8775400787632678,0.0,2.5242579393083973,5.0,1.0,4.0,0.67
