Cluster,Dist,mean,median,std,min,max,bag_count,day_count,Cluster_Rank,Cluster_perc
0,"[0.0, 0.6744999999999995, 0.6745000000000004, 0.0, 0.0, 0.0, 0.0, 0.0, 0.6745000000000001, 0.6745, 0.0, 0.0]",0.22483333333333336,0.0,0.3179623492735509,0.0,0.6745000000000004,12.0,10.0,1.0,0.33
1,"[8.629526045777427, 0.6745, 0.0]",3.101342015259142,0.6745,3.9187031501895313,0.0,8.629526045777427,3.0,1.0,3.0,1.0
2,"[0.6745, 0.6745]",0.6745,0.6745,0.0,0.6745,0.6745,2.0,1.0,2.0,0.67
