Cluster,Dist,mean,median,std,min,max,bag_count,day_count,Cluster_Rank,Cluster_perc
0,"[10.173052764019817, 10.197623142674555, 8.076649864195563, 4.408173789742772, 0.1433810912286312, 0.004041180699792933, 0.42717974117271185, 0.6198632369388076, 0.0040411806997914974, 10.18857089790702, 10.150745446556964, 0.3471104809074932, 0.12031942003514948, 0.7291367630611924, 5.58865737585752, 0.2498386488573897, 0.05503620916814362, 0.0, 0.22176895643087474, 1.0702029894143825, 0.3714637681159412, 2.582258484394164, 0.35019699241288477, 0.020041024942074232, 0.6247651628731089, 0.8910595156966956, 0.6745, 5.565337467629816, 0.6147446504020714, 1.4701041751851327, 0.2688990731906775, 0.5296469038208168, 5.5442851983099315, 15.230474149288977, 33.13948950524735, 32.810988301303865, 5.567942187996905]",4.568421344334567,0.6745,7.8352275569720575,0.0,33.13948950524735,37.0,2.0,4.0,0.8
1,"[0.0, 0.0, 0.0, 0.0, 0.0, 0.6745, 0.6745000000000001, 0.0, 0.0]",0.1498888888888889,0.0,0.28041643415322487,0.0,0.6745000000000001,9.0,8.0,1.0,0.2
2,"[0.0, 0.277212936462508, 0.6745, 1.0511487745225585, 4.816934537128584, 0.5282524912377158, 0.5282524912377158, 0.8207475087622842, 8.288177754106254]",1.8872473881619578,0.6745,2.6396519836268486,0.0,8.288177754106254,9.0,2.0,3.0,0.6
3,"[0.6745, 0.6745, 0.6744999999999999, 0.6745, 0.6745, 0.6745, 0.6745, 0.6745, 0.6745000000000001, 0.6745000000000001, 0.0911797699806818, 0.0911797699806818, 1.2578202300193182, 1.3753630441619116]",0.6828959152958995,0.6745,0.328525884978217,0.0911797699806818,1.3753630441619116,14.0,6.0,2.0,0.4
4,"[0.0, 0.6745, 125.39032677543187, 0.6745, 47.8864696742793, 0.0]",29.104299408285197,0.6745,46.42986909115833,0.0,125.39032677543187,6.0,2.0,5.0,1.0
