Cluster,Dist,mean,median,std,min,max,bag_count,day_count,Cluster_Rank,Cluster_perc
0,"[0.0, 0.0, 0.0]",0.0,0.0,0.0,0.0,0.0,3.0,3.0,1.0,0.33
1,"[0.9484815050800757, 0.4005184949199242, 8.85607930084381, 0.4005184949199242]",2.6513994489409334,0.6744999999999999,3.5892517230782883,0.4005184949199242,8.85607930084381,4.0,1.0,3.0,1.0
2,"[0.0, 1.2970545347928069, 1.1309345191555904, 0.3356679046129775, 0.6745]",0.6876313917122749,0.6745,0.48265969185146124,0.0,1.2970545347928069,5.0,1.0,2.0,0.67
