Cluster,Dist,mean,median,std,min,max,bag_count,day_count,Cluster_Rank,Cluster_perc
0,"[0.6745000000000007, 0.6744999999999992, 0.0]",0.4496666666666666,0.6744999999999992,0.3179623492735508,0.0,0.6745000000000007,3.0,2.0,3.0,1.0
1,[0.0],0.0,0.0,0.0,0.0,0.0,1.0,1.0,1.5,0.5
2,[0.0],0.0,0.0,0.0,0.0,0.0,1.0,1.0,1.5,0.5
