Cluster,Dist,mean,median,std,min,max,bag_count,day_count,Cluster_Rank,Cluster_perc
0,"[0.0, 0.0, 0.6745, 0.0, 1.0520503144654099, 0.0, 0.6745000000000002, 0.6744999999999998, 0.0, 0.0, 0.0, 0.0, 0.6745, 0.6745000000000001, 0.0, 0.0, 0.0]",0.2602676655567888,0.0,0.3621824152585106,0.0,1.0520503144654099,17.0,13.0,1.0,0.2
1,"[3.7694140526976225, 0.0, 0.6745, 0.0, 0.6745, 9.831760806916423, 0.6745, 0.0, 11.359271794871882]",2.9982162949428806,0.6745,4.2211925745577705,0.0,11.359271794871882,9.0,3.0,5.0,1.0
2,"[0.6745, 0.6745, 0.6745, 0.6745]",0.6745,0.6745,0.0,0.6745,0.6745,4.0,2.0,3.0,0.6
3,"[0.3903499069846101, 0.95865009301539, 0.3903499069846101, 1.5830730593607307, 0.29289038890265046, 1.0561096110973496, 0.29289038890265046, 1.6890068119891006]",0.8316650209046366,0.6745,0.5403961321716162,0.29289038890265046,1.6890068119891006,8.0,2.0,4.0,0.8
4,"[0.1576074197120709, 0.76645841023748, 0.09569318321643899, 0.09569318321643899, 1.4465190722283745, 1.0444915097822072, 0.5825415897625199, 0.9586747262212374]",0.643459886797096,0.6744999999999999,0.4690522134436048,0.09569318321643899,1.4465190722283745,8.0,1.0,2.0,0.4
