Cluster,Dist,mean,median,std,min,max,bag_count,day_count,Cluster_Rank,Cluster_perc
0,"[0.6745, 2.793273717498247, 0.0, 0.6745000000000001, 0.0, 0.7925584323461606, 0.6745, 0.0, 2.492369061085972, 1.227300056561086, 0.550511029411765, 0.15003188391243216, 0.7005777766619804, 0.8345565876682065, 0.6484222233380198, 1.0133756276360717, 1.0740657260494078, 0.15003188391243216, 0.2909196123719623, 0.7476462654195469, 0.9009791243052728, 0.30227694184627896, 0.6745, 0.0, 0.0, 0.6745, 64.29394402984983, 0.36771675031367623, 0.12511114596403164, 1.460711417816813, 0.7101855918025931, 0.0, 0.877047469677959, 0.6745, 1.1707885480572595, 0.17821145194274043, 1.796459713701432, 0.17821145194274]",2.3651127242393137,0.6745,10.200528362084222,0.0,64.29394402984983,38.0,8.0,4.0,1.0
1,"[0.0, 0.0, 0.6745, 1.5026279826464206, 0.0, 0.0, 0.0, 0.0, 0.0]",0.24190310918293564,0.0,0.49285867662723115,0.0,1.5026279826464206,9.0,7.0,1.0,0.25
2,"[0.29860677083333326, 1.0503932291666667, 3.888244915674602, 0.29860677083333326, 0.669147539343825, 0.13228224193118146, 0.8831560082688719, 0.7141262003200852, 0.08910272739397165, 0.0891027273939718, 0.7013522606028275, 0.6798524606561751, 0.6745, 0.6745]",0.7744981323156318,0.6745,0.9117218682061453,0.08910272739397165,3.888244915674602,14.0,3.0,2.0,0.5
3,"[0.5950416297608502, 0.6237183348095646, 0.5950416297608481, 4.626508414526127, 1.180524357838796, 0.7252816651904354]",1.3910193386477703,0.6745,1.4612674979571216,0.5950416297608481,4.626508414526127,6.0,1.0,3.0,0.75
