Cluster,Dist,mean,median,std,min,max,bag_count,day_count,Cluster_Rank,Cluster_perc
0,"[0.5506416370106764, 1.5635918149466201, 0.7983583629893236, 0.550641637010676, 4.620353898886034, 0.2832090831191085, 0.2832090831191095, 1.0657909168808906, 0.00702604166666736, 0.501483723958334, 2.7445475260416683, 4.252511718750002, 0.858055338541667, 0.6745, 0.0, 0.0632343750000004, 0.901968098958334, 3.621924479166669, 0.5172923177083337, 0.6189353527890655, 1.2687676394532688, 0.6189353527890651, 0.7300646472109346, 0.7521091358024691, 0.5968908641975306, 0.5968908641975309, 1.2330859259259261]",1.121259993930367,0.6745,1.2073513210797566,0.0,4.620353898886034,27.0,5.0,4.0,0.67
1,"[0.0, 0.6744999999999999, 0.6745000000000001, 0.6744999999999998, 0.6745000000000003, 0.0, 0.0, 0.0, 0.0]",0.2997777777777777,0.0,0.33516174462746845,0.0,0.6745000000000003,9.0,7.0,1.0,0.17
2,"[0.7410699230511876, 0.3096065573770493, 0.7983877551020409, 0.6079300769488124, 0.3096065573770493, 1.5092191368350618, 0.7807862161257946, 0.5867179658748746, 0.6745, 59.65109374999999, 0.0, 13.020471731448763, 0.0, 0.6745, 3.825172459893049, 0.0, 0.6745, 0.9493724593495932, 0.0, 0.6745, 0.0, 0.6745, 0.8096780010303967]",3.7944179387136363,0.6745,12.194232039930528,0.0,59.65109374999999,23.0,6.0,5.0,0.83
3,"[0.1564153620352254, 289.9630621330724, 0.948391878669275, 0.9391521526418776, 0.15641536203522433, 0.4098478473581224]",48.76221412263535,0.6745,107.86878958982827,0.15641536203522433,289.9630621330724,6.0,1.0,6.0,1.0
4,"[0.6745, 0.6744999999999999, 0.6745, 0.6745, 0.6745, 0.6745]",0.6745,0.6745,4.5324665183683945e-17,0.6744999999999999,0.6745,6.0,3.0,2.0,0.33
5,"[0.41651816239316225, 0.9324818376068374, 0.4165181623931624, 1.979782407407407, 0.32502146946564886, 1.8085353053435107, 0.9834312977099233, 2.5383854961832055, 2.0646908396946557, 0.4106211832061071, 0.08045085877862618, 0.0, 0.6745, 0.7995123716153127, 0.5494876283846871, 0.5494876283846872, 0.9201162464985997]",0.9087965232391491,0.6745,0.722137809657994,0.0,2.5383854961832055,17.0,3.0,3.0,0.5
