Cluster,Dist,mean,median,std,min,max,bag_count,day_count,Cluster_Rank,Cluster_perc
0,"[0.6745000000000001, 0.6745000000000001, 0.6745, 0.6745]",0.6745000000000001,0.6745000000000001,7.850462293418876e-17,0.6745,0.6745000000000001,4.0,2.0,3.0,1.0
1,"[0.0, 0.6745000000000008, 0.6744999999999992]",0.44966666666666666,0.6744999999999992,0.3179623492735509,0.0,0.6745000000000008,3.0,2.0,2.0,0.67
2,[0.0],0.0,0.0,0.0,0.0,0.0,1.0,1.0,1.0,0.33
