Cluster,Dist,mean,median,std,min,max,bag_count,day_count,Cluster_Rank,Cluster_perc
0,"[0.6744999999999998, 0.6745, 0.6745000000000001, 0.6745, 0.0, 0.0, 0.0, 0.0, 0.0, 0.6745000000000001, 0.6745, 0.6745000000000005, 0.6744999999999994, 0.0]",0.3854285714285714,0.6744999999999997,0.3337909342014879,0.0,0.6745000000000005,14.0,10.0,1.0,0.17
1,"[0.0, 0.6745, 22.64874966420416, 0.0, 2.3327767940354187, 0.6745]",4.3884210763732625,0.6745,8.203334404996907,0.0,22.64874966420416,6.0,2.0,4.0,0.67
2,"[79.26901240875908, 2.004791240875912, 1.0186427007299275, 0.5612627737226279, 0.787737226277372, 0.5248299270072986, 0.08025072992700827, 0.08025072992700662, 1.8812149635036481, 0.2594609489051086]",8.6467453649635,0.6744999999999999,23.54952495792517,0.08025072992700662,79.26901240875908,10.0,1.0,6.0,1.0
3,"[0.6744999999999999, 0.6745, 0.6745, 0.6745, 0.6745, 0.6744999999999999, 0.6745, 0.6745, 0.6744999999999999, 0.6744999999999999]",0.6744999999999999,0.6745,8.599750569898517e-17,0.6744999999999999,0.6745,10.0,5.0,2.0,0.33
4,"[0.0, 0.5502231518245411, 0.6745, 11.43219474380791, 10.86692318963888]",4.704768217054267,0.6745,5.27007726993911,0.0,11.43219474380791,5.0,1.0,5.0,0.83
5,"[8.14755610778443, 6.363119910179641, 0.6745, 0.0, 0.3288894311377245]",3.1028130898203594,0.6745,3.443772311780534,0.0,8.14755610778443,5.0,1.0,3.0,0.5
