Cluster,Dist,mean,median,std,min,max,bag_count,day_count,Cluster_Rank,Cluster_perc
0,"[0.0, 0.6744999999999991, 0.6745000000000009, 0.0, 0.6745, 0.0, 1.064433295324971, 1.0606641221374042, 1.6380714285714286, 0.3324689203925846, 0.8848675027262808, 0.6745, 0.0, 0.41999945474372946, 0.10444820065430732, 1.2805937840785169, 0.6745, 1.5120880597014912, 0.0, 0.6745, 0.0, 1.1819986244841811]",0.6148469724006772,0.6745,0.5116143378095036,0.0,1.6380714285714286,22.0,7.0,1.0,0.33
1,"[1.0249907621247119, 0.1355230946882217, 0.1355230946882217, 0.744598152424942, 2.2446986143187067, 0.604401847575058, 0.3195808656036447, 1.3029066059225514, 0.6745, 0.5807767653758547, 1.7799732346241457, 0.705228929384966, 0.0, 0.2811032311062432, 0.8366607338444687, 1.3094756297918944, 0.8462647864184006, 1.448365005476451, 0.12817716319824754, 0.9489542716319823, 0.5123392661555313, 0.46727409638554196, 0.12817716319824754, 0.19171166484118266, 1.1262598576122669]",0.7390985934556593,0.6745,0.554031364496658,0.0,2.2446986143187067,25.0,3.0,2.0,0.67
2,"[0.6745, 0.6744999999999999, 2.245877815699659, 1.2670470989761093, 1.2633638225255974, 0.03867440273037539, 0.03867440273037539, 0.08563617747440251]",0.7860342150170648,0.6744999999999999,0.7265406766372168,0.03867440273037539,2.245877815699659,8.0,2.0,3.0,1.0
