Cluster,Dist,mean,median,std,min,max,bag_count,day_count,Cluster_Rank,Cluster_perc
0,"[0.8234452875288362, 0.6691645904555434, 0.6691645904555436, 0.6798354095444565, 0.8266408929162193, 0.6745, 0.19344980674730294, 0.0, 0.8221344659528285]",0.5953705604000812,0.6745,0.2783321776068765,0.0,0.8266408929162193,9.0,2.0,2.0,0.5
1,"[0.0, 0.0, 0.0, 0.0, 0.0, 0.0, 0.0, 0.0, 0.0, 0.0, 0.0]",0.0,0.0,0.0,0.0,0.0,11.0,11.0,1.0,0.25
2,"[0.6675159676988225, 0.6629516748498191, 1.0204752957893108, 1.03724266681673, 0.6629516748498191, 0.6814840323011775]",0.788770218717613,0.6745,0.1699506454597451,0.6629516748498191,1.03724266681673,6.0,1.0,3.0,0.75
3,"[0.4940718880060537, 1.7032209610291333, 0.4940718880060537, 0.8549281119939462]",0.8865732122587967,0.6745,0.4939710358469272,0.4940718880060537,1.7032209610291333,4.0,1.0,4.0,1.0
