Cluster,Dist,mean,median,std,min,max,bag_count,day_count,Cluster_Rank,Cluster_perc
0,"[0.021318981241394138, 1.604484017632017, 0.5402115260814361, 0.6448584744550346, 0.24965823661951672, 0.39275775200729607, 0.021318981241394138, 0.35065050249459073, 0.8303909041326156, 1.6037482564689478, 0.7041415255449653, 1.6176312252999772, 1.6347225952683253, 1.612806561935588, 0.416693724122902, 0.0, 1.5209688385269107, 7.230922205273471, 0.6745]",1.1406202267550725,0.6745,1.5522301384971082,0.0,7.230922205273471,19.0,2.0,3.0,0.6
1,"[0.6745000000000021, 0.6744999999999978, 0.0, 0.0, 0.0, 0.0, 0.0, 0.0]",0.16862499999999997,0.0,0.2920670674263019,0.0,0.6745000000000021,8.0,7.0,1.0,0.2
2,"[0.06487832215598598, 0.5127020926477894, 4.074224602583213, 7.884579980129167, 0.47906923745653324, 0.0, 0.6745, 0.7199022603079986, 7.815932097615507]",2.4695320658773547,0.6745,3.0990535112708377,0.0,7.884579980129167,9.0,1.0,5.0,1.0
3,"[0.6745, 0.6745, 0.6745, 0.6745, 0.6745, 0.6745]",0.6745,0.6745,0.0,0.6745,0.6745,6.0,3.0,2.0,0.4
4,"[0.0, 0.6745, 3.657051784976591, 8.649904342544781, 0.6745, 0.0]",2.275992687920229,0.6745,3.1097673305350204,0.0,8.649904342544781,6.0,2.0,4.0,0.8
