Cluster,Dist,mean,median,std,min,max,bag_count,day_count,Cluster_Rank,Cluster_perc
0,"[0.0, 0.0, 0.0, 0.0, 0.0]",0.0,0.0,0.0,0.0,0.0,5.0,5.0,1.0,0.33
1,"[0.6745000000000001, 0.6745000000000001]",0.6745000000000001,0.6745000000000001,0.0,0.6745000000000001,0.6745000000000001,2.0,1.0,2.0,0.67
2,"[1.3240418221393029, 0.6745, 0.0, 0.5153129664179106, 1.1990412002487552]",0.7425791977611937,0.6745,0.4804508143999918,0.0,1.3240418221393029,5.0,1.0,3.0,1.0
