Cluster,Dist,mean,median,std,min,max,bag_count,day_count,Cluster_Rank,Cluster_perc
0,"[0.0, 0.0, 0.0, 0.0, 0.0, 0.6744999999999998, 0.6745000000000002, 0.0, 0.6745000000000001, 0.6744999999999999]",0.26980000000000004,0.0,0.33043616630145073,0.0,0.6745000000000002,10.0,8.0,1.0,0.25
1,"[0.831228144171779, 3.183702070552148, 0.5177718558282208, 0.5177718558282208, 3.543397574123979, 1.0090229110512117, 0.3399770889487883, 0.3399770889487852]",1.2853560736816416,0.6744999999999999,1.2222374486586451,0.3399770889487852,3.543397574123979,8.0,2.0,3.0,0.75
2,"[0.6745, 0.6745, 0.6745, 0.6745, 0.6744999999999999, 0.6745, 0.6745, 0.6745]",0.6744999999999999,0.6745,1.0385185452638061e-16,0.6744999999999999,0.6745,8.0,4.0,2.0,0.5
3,"[0.0, 0.6745, 72.42202857142965, 0.6745, 2.8396039553752517, 0.0]",12.768438754467482,0.6745,26.6949598993419,0.0,72.42202857142965,6.0,2.0,4.0,1.0
