Cluster,Dist,mean,median,std,min,max,bag_count,day_count,Cluster_Rank,Cluster_perc
0,"[0.0, 0.0, 0.0, 0.0]",0.0,0.0,0.0,0.0,0.0,4.0,4.0,1.0,0.33
1,"[0.6745, 5.849054376793766, 0.0]",2.174518125597922,0.6745,2.612840096971659,0.0,5.849054376793766,3.0,1.0,3.0,1.0
2,"[0.6744999999999975, 0.6745000000000024]",0.6745,0.6745,2.4424906541753444e-15,0.6744999999999975,0.6745000000000024,2.0,1.0,2.0,0.67
