Cluster,Dist,mean,median,std,min,max,bag_count,day_count,Cluster_Rank,Cluster_perc
0,"[0.0, 3.822988101781502, 0.6745, 0.6745, 0.0, 7.274760252981166, 0.6745, 0.0, 5.336729943117179, 0.693398449233111, 0.6650347325572702, 0.6839652674427296, 0.6650347325572704]",1.6281085753592484,0.6745,2.231875312841109,0.0,7.274760252981166,13.0,4.0,4.0,1.0
1,"[0.0, 0.0, 0.0, 0.6745, 1.2445193990665102, 0.0, 0.0, 0.0, 0.0, 0.6745000000000001, 0.6745, 0.0, 0.0, 0.0, 0.0, 0.6745000000000001, 0.6745]",0.2715893764156771,0.0,0.388787433617524,0.0,1.2445193990665102,17.0,13.0,1.0,0.25
2,"[0.6745, 0.6745, 0.6745, 0.6745]",0.6745,0.6745,0.0,0.6745,0.6745,4.0,2.0,2.0,0.5
3,"[0.07218192627824013, 4.283596313912009, 4.906548211004216, 0.0, 0.7912670251864664, 0.39368314236298774, 0.6745]",1.5888252312491313,0.6745,1.9270296840141494,0.0,4.906548211004216,7.0,1.0,3.0,0.75
