Cluster,Dist,mean,median,std,min,max,bag_count,day_count,Cluster_Rank,Cluster_perc
0,"[0.0, 0.0, 0.0, 0.0, 0.0, 0.6745, 1.3465910714285678, 0.0, 0.0, 0.6745000000000004, 0.6744999999999994, 0.0]",0.2808409226190473,0.0,0.4312480703184774,0.0,1.3465910714285678,12.0,9.0,1.0,0.25
1,"[0.6745, 0.6745, 0.6745, 0.6745, 0.6745, 0.6745, 0.6745, 0.6745, 0.6744999999999999, 0.6745]",0.6745,0.6745,3.510833468576701e-17,0.6744999999999999,0.6745,10.0,5.0,2.0,0.5
2,"[1.5947425983977714, 0.8016001393242772, 0.6066036224312085, 0.7423963775687915, 0.13955172413793135, 0.13955172413793096, 1.4601988828706833, 0.3322266418415706, 0.3322266418415709, 0.5623877792823293, 1.4734422816519963, 0.7866122207176708, 0.6745, 0.0, 0.9586200135226502]",0.7069773765150923,0.6745,0.4816281191216833,0.0,1.5947425983977714,15.0,3.0,3.0,0.75
3,"[0.642715342465753, 0.618322465753425, 1.0950923287671235, 0.6183224657534243, 0.7062846575342471, 3.0162161643835623]",1.1161589041095892,0.6745000000000001,0.8658800278420508,0.6183224657534243,3.0162161643835623,6.0,1.0,4.0,1.0
