Cluster,Dist,mean,median,std,min,max,bag_count,day_count,Cluster_Rank,Cluster_perc
0,"[0.6745, 0.6745, 0.4835847647498126, 0.4835847647498135, 0.8654152352501866, 2.5881859596713954]",0.9616284540702013,0.6745,0.7390177420710626,0.4835847647498126,2.5881859596713954,6.0,2.0,3.0,1.0
1,"[0.0, 0.6745, 0.6745000000000001, 0.0, 0.0, 0.0, 0.6744999999999997, 0.6745000000000003, 0.6745, 1.6387181208053696, 0.0, 0.0, 0.0, 0.6744999999999995, 0.6745000000000004]",0.42401454138702466,0.6744999999999995,0.459943754520858,0.0,1.6387181208053696,15.0,10.0,1.0,0.33
2,"[1.4992330654420205, 0.34259334098737076, 0.34259334098737104, 1.006406659012629, 0.44937804878048776, 0.44937804878048776, 0.8996219512195122, 1.8754390243902446]",0.8580804349500155,0.6745,0.5402951427713731,0.34259334098737076,1.8754390243902446,8.0,2.0,2.0,0.67
