Cluster,Dist,mean,median,std,min,max,bag_count,day_count,Cluster_Rank,Cluster_perc
0,"[0.0, 0.6745, 1.675873076923077, 0.15392435897435897, 0.5681365384615387, 2.647844871794872, 0.28104166666666675, 0.6840121794871795, 0.7333025641025641, 0.5148751258811682, 0.8341248741188318, 0.897974823766365, 0.5148751258811682, 0.34645819112628007, 0.2451680887372012, 0.9818233788395896, 0.24516808873720217, 0.36717662116041033, 6.725432593856654, 1.200517918088737, 1.5734496587030729, 1.3532600000000004, 0.10366000000000004, 0.28825999999999985, 0.10366000000000004, 0.2579666666666667, 1.619273333333334, 1.0181400000000005, 0.36115333333333344, 2.4353000000000007, 0.9878466666666665]",0.9804580563002241,0.6745,1.2329253878515944,0.0,6.725432593856654,31.0,4.0,3.0,1.0
1,"[0.0, 0.0, 0.6744999999999997, 0.6745000000000003, 0.0, 0.0, 0.6744999999999998, 0.6745000000000003]",0.33725000000000005,0.3372499999999998,0.33725,0.0,0.6745000000000003,8.0,6.0,1.0,0.33
2,"[3.5862500000000064, 0.0, 0.6745, 1.3023590425531917, 0.6745, 0.0, 0.8778067375886525, 0.05979609929078004, 0.6745, 0.8419402810304449, 0.5196967213114754, 2.6822037470726, 1.7439063231850116, 0.012637002341920297, 0.0, 2.5968249999999995, 0.20235, 1.14665, 0.20235]",0.9367511028617939,0.6745,1.009910901502422,0.0,3.5862500000000064,19.0,4.0,2.0,0.67
