Cluster,Dist,mean,median,std,min,max,bag_count,day_count,Cluster_Rank,Cluster_perc
0,"[0.4931890078515344, 0.18054068522483938, 0.6285704496788005, 2.3178535331905774, 2.1466528194147028, 0.4067220556745179, 0.0, 0.13855895788722353, 0.6093127765881515, 0.700401570306924, 2.5655072091363302, 0.8708319771591722, 0.25911199143468977, 0.32824703783012166, 0.6957797287651672, 1.9868141327623121, 1.0847847251962885, 1.9659195574589572, 0.6745, 0.6002616702355459, 2.714561598857958, 1.3617399957315124, 0.3612544552342331, 0.36125445523423333, 0.9877455447657667, 2.198632188541331, 0.9483094431903688, 0.5619383263463399, 0.7870616736536601, 0.07079966139954871, 0.07079966139954871]",0.9379889319403341,0.6745,0.7903705544258893,0.0,2.714561598857958,31.0,3.0,3.0,1.0
1,"[0.0, 0.6745, 1.9972110244988868, 0.6744999999999998, 0.6745000000000002, 0.0, 0.6745, 1.397363938440015, 0.0, 0.0, 0.0, 0.0]",0.5077145802449085,0.3372499999999999,0.6236979579434075,0.0,1.9972110244988868,12.0,7.0,1.0,0.33
2,"[0.9164473059681808, 1.0245854794761353, 0.13291983827019385, 1.7000933462248404, 0.24888380065043453, 0.13291983827019463, 2.6029048079458565, 0.4325526940318191, 0.6745, 0.6745]",0.8540307110837654,0.6745,0.738625628169293,0.13291983827019385,2.6029048079458565,10.0,2.0,2.0,0.67
