Cluster,Dist,mean,median,std,min,max,bag_count,day_count,Cluster_Rank,Cluster_perc
0,"[0.0, 0.0, 0.0]",0.0,0.0,0.0,0.0,0.0,3.0,3.0,1.0,0.33
1,"[0.6745, 0.6744999999999999]",0.6744999999999999,0.6744999999999999,7.850462293418876e-17,0.6744999999999999,0.6745,2.0,1.0,2.0,0.67
2,"[0.6744999999999999, 2.463934944559944, 0.0]",1.0461449815199815,0.6744999999999999,1.0396582281284057,0.0,2.463934944559944,3.0,1.0,3.0,1.0
