Cluster,Dist,mean,median,std,min,max,bag_count,day_count,Cluster_Rank,Cluster_perc
0,"[0.6745, 0.0, 1.41854, 1.051705321285138, 0.9324319151606391, 0.73553344628514, 0.31862675702811055, 1.5425970758032108, 0.14246780873494128, 0.14246780873493903, 0.6134665537148601, 0.0, 0.0, 0.6745000000000001, 0.6744999999999999, 0.6744999999999994, 0.6745000000000005, 0.6745000000000001, 0.6744999999999999, 0.0, 0.0, 0.0, 0.6745, 1.5443028370879424, 0.0]",0.5535255809533969,0.6744999999999999,0.48131285829388826,0.0,1.5443028370879424,25.0,11.0,1.0,0.25
1,"[0.7832416876222407, 0.565758312377759, 0.5657583123777593, 1.111916736518581, 0.0, 0.6745, 3.5371417322834677, 0.0, 0.703264720135693, 0.6745]",0.86160815013155,0.6745,0.947742510566358,0.0,3.5371417322834677,10.0,3.0,3.0,0.75
2,"[0.0, 0.04769191919191957, 267.9127626262624, 1.4961636363636348, 0.3624585858585864, 0.6745, 0.2820636363636368, 35.04538484848482, 240.766522222222, 33.73665780988004, 0.23367818908809498, 0.4405608151683219, 32.98290210241196, 0.7233062040500451, 15.756661034438283, 0.16181736102154004, 29.378898877853732, 9.88669276409132, 0.6256937959499548, 0.16181736102154004, 0.22811027989165492, 1.4262864583333337, 0.6745, 0.12330703124999987, 0.0, 68.89244635416667, 68.89947239583333, 0.035481510416666855, 0.29622761942994785, 52.86516726883446, 0.5897474909674829, 0.759252509032517, 34.93283607654221, 35.305963736116674, 0.022384049243944954, 32.9402946607788, 0.0223840492439448, 0.15307801418439726, 0.7939114814814815, 0.3842151851851851, 0.47964444444444426, 0.0, 0.6745, 11.086781481481482, 97.62063481481482, 9.723208201662693, 0.62098334872867, 0.5227383198016416, 0.5227383198016433, 1.899742743935048, 0.72801665127133]",21.449025260521495,0.6745,51.74360420364606,0.0,267.9127626262624,51.0,6.0,4.0,1.0
3,"[0.6745, 0.6745, 0.6744999999999999, 0.6745, 0.6745000000000001, 0.6745000000000001, 0.6745, 0.6745]",0.6745,0.6745,6.798699777552591e-17,0.6744999999999999,0.6745000000000001,8.0,4.0,2.0,0.5
