Cluster,Dist,mean,median,std,min,max,bag_count,day_count,Cluster_Rank,Cluster_perc
0,"[0.6745, 0.6745, 0.4672083729781159, 0.8304500475737393, 0.8124804947668884, 0.4672083729781159, 1.759732635585157, 0.5365195052331115, 0.6110428118393234, 0.506944503171247, 0.2887658562367859, 3.1564603594080314, 0.7379571881606766, 1.6505998942917532, 0.5411686046511633, 4.461254228329806, 2.3193958773784336, 0.21176162790697642, 3.3618049682875233, 0.211761627906977]",1.2140758488341912,0.6745,1.1728996472554014,0.21176162790697642,4.461254228329806,20.0,3.0,3.0,1.0
1,"[0.0, 0.0, 0.6745000000000002, 0.6744999999999998]",0.33725,0.3372499999999999,0.33725,0.0,0.6745000000000002,4.0,3.0,1.0,0.33
2,"[1.4409772727272743, 2.481027972027974, 0.9457150349650367, 0.5565804195804197, 0.0, 0.2735734265734271, 0.6745, 0.33022395833333335, 0.33022395833333335, 1.0187760416666665, 1.3138697916666662, 0.7393793103448276, 0.0, 0.6745, 0.6745, 2.2226699751861054, 1.0343449131513658, 0.0, 0.3431079404466502]",0.7923142113159515,0.6745,0.6729777895216436,0.0,2.481027972027974,19.0,4.0,2.0,0.67
