Cluster,Dist,mean,median,std,min,max,bag_count,day_count,Cluster_Rank,Cluster_perc
0,"[0.6744999999999999, 0.6745000000000001, 0.6745000000000001, 0.6744999999999999, 0.0]",0.5396000000000001,0.6744999999999999,0.2698,0.0,0.6745000000000001,5.0,3.0,3.0,1.0
1,"[0.0, 0.8865727798955246, 0.6745]",0.5203575932985082,0.6745,0.37799712050994577,0.0,0.8865727798955246,3.0,1.0,2.0,0.67
2,[0.0],0.0,0.0,0.0,0.0,0.0,1.0,1.0,1.0,0.33
