Cluster,Dist,mean,median,std,min,max,bag_count,day_count,Cluster_Rank,Cluster_perc
0,"[0.11562857142857157, 1.338113179303612, 0.4843757240481613, 1.1117726651480635, 0.8646242759518387, 0.11562857142857157, 0.20639611074489167, 0.0, 0.6745, 0.8202489123269616, 1.1403807514831907]",0.6246971601694421,0.6745,0.4485972513560488,0.0,1.338113179303612,11.0,2.0,2.0,0.5
1,"[0.6744999999999989, 0.6745000000000012, 0.0, 0.0, 0.6745000000000011, 0.6744999999999989, 0.0]",0.3854285714285714,0.6744999999999989,0.3337909342014879,0.0,0.6745000000000012,7.0,5.0,1.0,0.25
2,"[0.8157674748516894, 2.0201364886940074, 0.19183612759006097, 0.4772706560055025, 0.24623222422835517, 0.5343923566331359, 0.7457716447424984, 0.16040469435130267, 0.050046728570200226, 1.0504593758060357, 0.2048262402201013, 1.1239926919439431, 0.0, 0.9854508210815923, 1.1802445189579573, 0.13680212363511304, 0.5933697876364886, 0.6225395494798386, 0.5566611211417765, 0.13952772762445179, 1.1224849110136703, 1.31611877740521, 0.6745, 0.44781093629094676, 3.4962540194308316, 1.427520591522655, 0.7593996646891926, 1.0680308228011346, 25.04650292322242]",1.627391551709314,0.6745,4.479656786212199,0.0,25.04650292322242,29.0,1.0,4.0,1.0
3,"[0.2762006188757096, 0.2762006188757089, 0.4120978167440257, 2.1406127729069966, 2.285438370293966, 1.1208040226921097, 0.9369021832559744, 0.2793313563692627]",0.9659484700017191,0.6745000000000001,0.7806576997617763,0.2762006188757089,2.285438370293966,8.0,1.0,3.0,0.75
