Cluster,Dist,mean,median,std,min,max,bag_count,day_count,Cluster_Rank,Cluster_perc
0,"[10.291929624402098, 10.076722183015761, 5.649711009174311, 0.6745, 0.2680440680624169, 0.11318356465145459, 0.0, 1.5898076356132071, 0.5876024469339619, 0.5876024469339614, 0.761397553066038]",2.7818636847139278,0.6745,3.797060284985626,0.0,10.291929624402098,11.0,2.0,3.0,0.6
1,"[0.6745000000000004, 0.6744999999999994, 0.0, 0.0, 0.0, 0.0, 0.0, 0.6745, 0.6745000000000001, 0.6744999999999998, 0.6745000000000002, 0.6745000000000004, 0.6744999999999995, 0.6745, 0.6745000000000001, 0.0, 0.0]",0.39676470588235296,0.6744999999999995,0.3319571693513141,0.0,0.6745000000000004,17.0,12.0,1.0,0.2
2,"[0.6745, 64.60182830188666, 0.0, 0.6779844493644195, 0.6710155506355804, 0.6710155506355804, 0.6853461528806956]",9.711670000771846,0.6745,22.4100274646687,0.0,64.60182830188666,7.0,2.0,5.0,1.0
3,"[0.6745, 0.6745, 0.7475161094153141, 0.7855792658806302, 0.6014838905846859, 0.6014838905846858, 0.6745, 0.6745]",0.6792578945581644,0.6745,0.05932069572039575,0.6014838905846858,0.7855792658806302,8.0,3.0,2.0,0.4
4,"[0.8129679684398571, 0.30367896486701074, 14.27404934994045, 11.002429808455737, 9.982312152639937, 0.22207758535132985, 0.22207758535132974, 0.5360320315601429, 5.395034341617415, 0.5574820124077678, 0.021764454315186577, 0.7215944165045336, 6.195441338423699, 0.6274055834954664, 8.949994254983297, 0.021764454315186744]",3.7403816439167716,0.6745,4.680803122765969,0.021764454315186577,14.27404934994045,16.0,2.0,4.0,0.8
