Cluster,Dist,mean,median,std,min,max,bag_count,day_count,Cluster_Rank,Cluster_perc
0,"[0.13172053872053846, 0.8391506734006741, 0.814169191919192, 0.1339915824915829, 2.454998316498317, 0.5030361952861949, 1.7941245791245797, 0.534830808080808, 1.7396195286195308, 0.1317205387205389, 0.6640101088646966, 2.2500816485225523, 0.49197589424572435, 0.6849898911353034, 2.3780583203732517, 1.4738297045101092, 0.3849790046656305, 0.2821780715396575, 2.1346928460342154, 0.28217807153965846, 0.4521143079315702, 1.8178981337480589]",1.017015816180563,0.6745,0.7946352825145375,0.13172053872053846,2.454998316498317,22.0,2.0,5.0,0.83
1,"[0.0, 0.0, 0.6744999999999995, 0.6745000000000004, 0.0, 0.0, 0.6745000000000008, 0.6744999999999992]",0.33725,0.3372499999999996,0.33725,0.0,0.6745000000000008,8.0,6.0,1.0,0.17
2,"[0.49518507157464176, 1.6234897750511244, 0.032414621676891776, 0.6931211656441726, 0.6745, 0.6751896728016356, 0.0, 0.9872380952380935, 0.2417380952380943, 1.0345714285714256, 1.4199999999999984, 0.0, 0.6745, 1.4115476190476177, 0.006761904761905415, 0.6322380952380936, 0.05578571428571298, 4.736714285714279]",0.8552775302690938,0.6745,1.0675207225882757,0.0,4.736714285714279,18.0,2.0,4.0,0.67
3,"[0.43115098039215743, 0.9271068627450992, 0.6745, 0.0, 0.08596568627451039, 1.145327450980394, 1.375450980392159]",0.66278599439776,0.6745,0.4834994609098829,0.0,1.375450980392159,7.0,1.0,2.0,0.33
4,"[0.4978958990536278, 0.4978958990536278, 2.644805993690853, 0.8511041009463721, 0.49954436860068185, 2.154716723549487, 0.4995443686006828, 0.8494556313993171]",1.061870373111831,0.6745,0.7951490625992332,0.4978958990536278,2.644805993690853,8.0,2.0,6.0,1.0
5,"[0.6745, 0.6745]",0.6745,0.6745,0.0,0.6745,0.6745,2.0,1.0,3.0,0.5
