Cluster,Dist,mean,median,std,min,max,bag_count,day_count,Cluster_Rank,Cluster_perc
0,"[0.6745, 1.0485761494252932, 0.0, 0.0, 0.6745000000000562, 0.6744999999999438, 0.674500000000003, 0.6744999999999971, 0.0]",0.49123068326947705,0.6744999999999971,0.36552776661136,0.0,1.0485761494252932,9.0,5.0,2.0,0.67
1,"[0.6745, 0.6745]",0.6745,0.6745,0.0,0.6745,0.6745,2.0,1.0,3.0,1.0
2,[0.0],0.0,0.0,0.0,0.0,0.0,1.0,1.0,1.0,0.33
