Cluster,Dist,mean,median,std,min,max,bag_count,day_count,Cluster_Rank,Cluster_perc
0,"[0.5855965437632217, 1.065173516996223, 0.5855965437632217, 0.7634034562367783, 0.0, 8213.6755714285, 0.6745, 0.6745, 5.388202312138733, 0.0, 0.0, 205.79608181818205, 0.6745]",648.452548124583,0.6745,2184.5695232976777,0.0,8213.6755714285,13.0,4.0,6.0,1.0
1,"[0.0, 0.6745000000000001, 0.6744999999999999, 0.6745000000000001, 0.6744999999999999, 0.6745000000000001, 0.6744999999999999, 0.6745000000000001, 0.6744999999999999, 0.0, 0.0, 0.0, 0.0, 0.0]",0.3854285714285715,0.6744999999999999,0.3337909342014879,0.0,0.6745000000000001,14.0,10.0,1.0,0.17
2,"[0.019050673312347225, 0.019050673312346833, 1.3299493266876528, 23.22748920076949, 3.4840492541152246, 0.6745, 0.5815133744855966, 0.0, 1.7034247685185178]",3.4487808079112416,0.6745,7.071635888788268,0.0,23.22748920076949,9.0,2.0,4.0,0.67
3,"[0.6745, 0.6745, 0.6744999999999999, 0.6745, 0.6745, 0.6745, 0.6745000000000001, 0.6745000000000001, 0.8885028237157938, 0.6771944944665429, 0.29485303285881986, 0.2948530328588201, 0.9809228307822067, 0.6718055055334571]",0.6574379800154029,0.6745,0.17400631030006597,0.29485303285881986,0.9809228307822067,14.0,5.0,2.0,0.33
4,"[14.515076416475015, 0.028815143912467728, 0.28424987804028157, 0.028815143912467728, 17.25453637884173, 1.0786641229353962, 0.7061825562756986, 0.6273992264269286, 0.6428174437243014, 0.6200661718586661, 0.7368309638302322, 0.21326967036030386, 1.4966482333263642, 15.45596372569517]",3.834952505401073,0.6745,6.251637432551302,0.028815143912467728,17.25453637884173,14.0,1.0,5.0,0.83
5,"[0.6745, 0.9070072992700727, 10.661218978102188, 0.0, 0.6711021897810219]",2.582765693430656,0.6745,4.050584836867206,0.0,10.661218978102188,5.0,1.0,3.0,0.5
