Cluster,Dist,mean,median,std,min,max,bag_count,day_count,Cluster_Rank,Cluster_perc
0,"[0.25516798941798946, 0.7512288359788359, 1.350784391534391, 1.1295198412698408, 0.14810449735449735, 0.14810449735449716, 0.5977711640211641, 1.036731481481481, 1.3403525641025633, 0.18283150183150168, 0.37801648351648337, 0.6745, 0.0, 0.8338598901098899, 1.1105778388278382, 1.2061323828920574, 2.6430509164969456, 0.6745, 0.1414938900203665, 0.0]",0.7301364083105171,0.6745,0.6251354529749485,0.0,2.6430509164969456,20.0,3.0,4.0,0.8
1,"[0.0, 0.6745000000000001, 0.6745, 0.0, 1.2345971731448766, 0.0, 0.6745, 0.0]",0.4072621466431096,0.33725,0.44189666230218505,0.0,1.2345971731448766,8.0,5.0,1.0,0.2
2,"[1.2628303964757706, 1.6491079295154174, 0.3654779735682815, 0.37142070484581513, 1.8343230543318638, 1.0518634361233479, 1.1162430249632884, 0.06437958883994115, 0.9775792951541848, 0.0960741556534509, 0.06140822320117454, 0.06140822320117496, 0.46734847457627143, 1.8474440677966109, 0.7453796610169495, 1.5008196610169497, 0.06402033898305105, 1.1514515254237294, 0.922807457627119, 0.018291525423728708, 0.42985084745762714, 1.4651511864406785, 0.04755796610169503, 0.8468976271186444, 0.6246555932203389, 0.21035254237288148, 0.724344406779661, 0.01829152542372909, 0.6109369491525423, 1.0691396610169495]",0.7225619007607622,0.6745,0.5705185781379318,0.018291525423728708,1.8474440677966109,30.0,2.0,2.0,0.4
3,"[0.7782692307692308, 0.6745, 0.0, 0.6745, 0.0, 42.56844444444122, 0.6745, 0.0, 1.0946334745762714, 0.23293114406779653, 1.56478283898305, 1.6190858050847452, 0.23721822033898307, 1.0660529661016944, 0.10574788135593184]",3.4193777337145947,0.6745,10.475963734319441,0.0,42.56844444444122,15.0,3.0,5.0,1.0
4,"[0.914098507462686, 2.3345753731343275, 0.06845671641791042, 0.5758417910447761, 0.17416194029850707, 0.7731582089552238, 0.9050380597014918, 0.06845671641791042]",0.7267234141791041,0.6744999999999999,0.6936289703303612,0.06845671641791042,2.3345753731343275,8.0,1.0,3.0,0.6
