Cluster,Dist,mean,median,std,min,max,bag_count,day_count,Cluster_Rank,Cluster_perc
0,"[0.0, 0.0, 0.0]",0.0,0.0,0.0,0.0,0.0,3.0,3.0,1.5,0.5
1,"[0.221048260381594, 0.2210482603815934, 1.1536902356902363, 1.1279517396184058]",0.6809346240179575,0.6744999999999999,0.4599763866017284,0.2210482603815934,1.1536902356902363,4.0,1.0,3.0,1.0
2,[0.0],0.0,0.0,0.0,0.0,0.0,1.0,1.0,1.5,0.5
