Cluster,Dist,mean,median,std,min,max,bag_count,day_count,Cluster_Rank,Cluster_perc
0,"[0.0, 0.0, 0.0, 0.0, 0.0, 0.0, 0.0]",0.0,0.0,0.0,0.0,0.0,7.0,7.0,1.0,0.33
1,"[0.6745, 0.6745]",0.6745,0.6745,0.0,0.6745,0.6745,2.0,1.0,2.0,0.67
2,"[0.22126633354153655, 0.2212663335415364, 1.8673665209244223, 1.1277336664584632]",0.8594082136164897,0.6744999999999999,0.689642772768104,0.2212663335415364,1.8673665209244223,4.0,1.0,3.0,1.0
