Cluster,Dist,mean,median,std,min,max,bag_count,day_count,Cluster_Rank,Cluster_perc
0,"[0.0, 0.674500000000007, 0.674499999999993, 0.0, 0.0]",0.2698,0.0,0.33043616630145073,0.0,0.674500000000007,5.0,4.0,2.0,0.67
1,"[0.6745, 0.6745]",0.6745,0.6745,0.0,0.6745,0.6745,2.0,1.0,3.0,1.0
2,[0.0],0.0,0.0,0.0,0.0,0.0,1.0,1.0,1.0,0.33
