Cluster,Dist,mean,median,std,min,max,bag_count,day_count,Cluster_Rank,Cluster_perc
0,"[0.6745000000000017, 0.6744999999999984, 0.0, 0.0, 0.0, 0.6744999999999756, 0.6745000000000244, 0.0, 0.0, 0.0]",0.26980000000000004,0.0,0.33043616630145073,0.0,0.6745000000000244,10.0,8.0,2.0,0.67
1,"[1.3822922013820338, 0.8849067127344519, 0.6745, 0.0, 1.7291969397828235, 0.21040671273445194, 81.37879121421518, 0.8849067127344519, 0.615905725567621, 0.40816238894373114, 1.9575814412635737, 0.2137359328726555, 0.31494422507403746]",6.973486939023463,0.6745,21.486691816003322,0.0,81.37879121421518,13.0,1.0,3.0,1.0
2,[0.0],0.0,0.0,0.0,0.0,0.0,1.0,1.0,1.0,0.33
