Cluster,Dist,mean,median,std,min,max,bag_count,day_count,Cluster_Rank,Cluster_perc
0,"[0.0, 0.0, 0.0, 0.6744999999999982, 0.6745000000000019, 0.0, 0.0]",0.19271428571428575,0.0,0.30470804025479603,0.0,0.6745000000000019,7.0,6.0,2.0,0.67
1,[0.0],0.0,0.0,0.0,0.0,0.0,1.0,1.0,1.0,0.33
2,"[0.6745000000000038, 0.6744999999999961]",0.6744999999999999,0.6744999999999999,3.830671668555689e-15,0.6744999999999961,0.6745000000000038,2.0,1.0,3.0,1.0
