Cluster,Dist,mean,median,std,min,max,bag_count,day_count,Cluster_Rank,Cluster_perc
0,"[0.0, 0.0, 0.0, 0.0, 0.0, 0.0, 0.0]",0.0,0.0,0.0,0.0,0.0,7.0,7.0,1.0,0.33
1,"[0.6744999999999999, 0.6745, 0.6745, 0.6745]",0.6745,0.6745,5.551115123125783e-17,0.6744999999999999,0.6745,4.0,2.0,2.0,0.67
2,"[0.1459250828322479, 1.9812040741195205, 0.6745, 0.0, 2.3012791140017135]",1.0205816541906965,0.6745,0.9475616032000036,0.0,2.3012791140017135,5.0,1.0,3.0,1.0
