Cluster,Dist,mean,median,std,min,max,bag_count,day_count,Cluster_Rank,Cluster_perc
0,"[0.0, 0.6745, 500.9028952569171, 0.0, 0.6745, 8.996044573500036]",85.2079899717362,0.6745,185.93150166351114,0.0,500.9028952569171,6.0,2.0,3.0,1.0
1,"[0.0, 0.0, 0.0, 0.0, 0.0, 0.0, 0.0, 0.0]",0.0,0.0,0.0,0.0,0.0,8.0,8.0,1.0,0.33
2,"[1.2854162343413889, 0.0, 0.23265683917499616, 7.402686574718459, 1.0038553713779572, 0.4670206250790835, 0.6745]",1.5808765206702693,0.6745,2.4110691976053187,0.0,7.402686574718459,7.0,1.0,2.0,0.67
