Cluster,Dist,mean,median,std,min,max,bag_count,day_count,Cluster_Rank,Cluster_perc
0,"[0.3703870301320163, 13.71240894890659, 0.44447803083744813, 0.6745, 0.0, 2.3418873828479305, 13.9910318955961, 55.822000000000024, 46.01087500000002, 0.6745, 0.0, 0.06887499999999978]",11.175911940693345,0.6745,18.540040386798065,0.0,55.822000000000024,12.0,2.0,6.0,0.86
1,"[0.0, 0.0, 0.0, 0.0, 0.6745000000000001, 0.6745, 0.0]",0.19271428571428575,0.0,0.30470804025479603,0.0,0.6745000000000001,7.0,6.0,1.0,0.14
2,"[0.07826802692761446, 1.2707319730723854, 0.07826802692761478, 6.662893469359426, 30.79084557586631, 0.7541510597734663, 0.5948489402265333, 0.5948489402265336]",5.103107001547485,0.6744999999999999,9.918670260969563,0.07826802692761446,30.79084557586631,8.0,2.0,5.0,0.71
3,"[0.0, 0.10617995839112343, 1.5455498613037446, 18.318521914008322, 0.6745, 0.426123092926491, 0.7971448682385575]",3.1240028135526052,0.6745,6.221213245237565,0.0,18.318521914008322,7.0,1.0,4.0,0.57
4,"[0.6745, 0.0, 29.737741815625633, 0.0, 0.6745, 19.66601274623407, 32.84529882752234, 0.0, 0.6745000000000001, 70.88251617795753, 0.0, 0.6745, 0.0, 16.021708176100645, 0.6745]",11.501718516229348,0.6745,19.405939043064514,0.0,70.88251617795753,15.0,5.0,7.0,1.0
5,"[6.752696863968482, 0.17961195030511992, 0.3845294173986809, 0.3332169909421778, 0.17961195030512092, 1.4262085898804167, 0.964470582601319, 6.555753126453774]",2.0970124339818863,0.6745,2.6618794251734874,0.17961195030511992,6.752696863968482,8.0,1.0,3.0,0.43
6,"[0.6745, 0.6745, 0.7352723048327137, 0.6137276951672863, 0.7641737918215612, 0.6137276951672863, 0.6745, 0.6745, 0.6745, 0.6745]",0.6773901486988848,0.6745,0.043632188174191844,0.6137276951672863,0.7641737918215612,10.0,4.0,2.0,0.29
