Cluster,Dist,mean,median,std,min,max,bag_count,day_count,Cluster_Rank,Cluster_perc
0,"[2.306687022900762, 0.0, 0.6745, 0.9812300898055858, 0.0, 0.6745, 2.1463608157573644, 0.35506187903085235, 0.9939381209691476, 0.35506187903085235]",0.8487339807494564,0.6745,0.7639986862283605,0.0,2.306687022900762,10.0,3.0,3.0,0.75
1,"[0.0, 0.6745, 1.2050407178695486, 0.0, 1.5038076770087503, 0.6745, 0.0, 0.0, 0.0, 0.0, 1.8905058353808348, 0.0, 0.6745, 0.0, 0.0, 0.6745, 0.6745000000000001, 0.0]",0.4428807905699519,0.0,0.5788754961588803,0.0,1.8905058353808348,18.0,11.0,1.0,0.25
2,"[0.6744999999999999, 0.6745, 0.6745, 0.6745, 1.3528014470677834, 0.07551523229246022, 0.07551523229245989, 1.2734847677075398]",0.6844145849200304,0.6745,0.4381287934184027,0.07551523229245989,1.3528014470677834,8.0,3.0,2.0,0.5
3,"[0.0, 4.462848760330578, 3.773019214876033, 0.6745, 0.28262107438016576]",1.8385978099173552,0.6745,1.8860174146559332,0.0,4.462848760330578,5.0,1.0,4.0,1.0
