Cluster,Dist,mean,median,std,min,max,bag_count,day_count,Cluster_Rank,Cluster_perc
0,"[0.0, 0.0]",0.0,0.0,0.0,0.0,0.0,2.0,2.0,1.0,0.33
1,"[0.6745, 0.6745]",0.6745,0.6745,0.0,0.6745,0.6745,2.0,1.0,2.0,0.67
2,"[28.839975409836068, 27.662754098360658, 0.8920655737704922, 0.06805737704918062, 0.3888770491803281, 0.6745, 0.0]",8.36088992974239,0.6745,12.587110024767973,0.0,28.839975409836068,7.0,1.0,3.0,1.0
