Cluster,Dist,mean,median,std,min,max,bag_count,day_count,Cluster_Rank,Cluster_perc
0,"[0.6744999999999999, 0.6745000000000001, 0.6744999999999998, 0.6745000000000002, 0.6744999999999998, 0.6745000000000002, 0.0, 0.6745000000000001, 0.6744999999999999]",0.5995555555555556,0.6744999999999999,0.2119748995157006,0.0,0.6745000000000002,9.0,5.0,1.0,0.12
1,"[0.6745, 0.6745, 0.6745, 0.6745]",0.6745,0.6745,0.0,0.6745,0.6745,4.0,2.0,2.0,0.25
2,"[0.0, 0.6745, 2.9862609684019197, 0.0, 212.65360984182777, 0.6745]",36.16481180170495,0.6745,78.93459714421309,0.0,212.65360984182777,6.0,2.0,7.0,0.88
3,"[11.86634974133472, 0.8524242369374028, 0.12753737713399022, 0.4965757630625972, 0.12753737713398836, 0.41199283497154704, 11.975498008277297, 11.829641308846359]",4.710944580962238,0.6745,5.565459501425875,0.12753737713398836,11.975498008277297,8.0,1.0,6.0,0.75
4,"[0.5781428571428544, 0.5781428571428582, 1418.8726938775505, 0.7708571428571418, 0.6723442250060186, 0.6723442250060186, 1.5729766227513096, 0.6766557749939813]",178.04926969780632,0.6745,468.98727072851193,0.5781428571428544,1418.8726938775505,8.0,2.0,8.0,1.0
5,"[5.179630776478648, 0.04653816009250938, 5.107584735962995, 0.562531093408711, 0.7416640113066941, 0.04653816009250938, 0.7503881108398642, 0.6073359886933059]",1.6302763796094046,0.6745,2.045005069732372,0.04653816009250938,5.179630776478648,8.0,1.0,5.0,0.62
6,"[0.6745, 0.0, 0.8100516908212564, 1.5693098323387327, 0.5635975561238985]",0.7234918158567776,0.6745,0.5048380946179759,0.0,1.5693098323387327,5.0,1.0,3.0,0.38
7,"[1.6187767514002582, 1.6309473933649286, 1.6063155019388193, 1.6074081861266694, 0.3498333046100819, 0.30927612236105106, 0.47169084015510543, 0.28635300301594124, 1.6058156570443771, 0.6745, 0.0]",0.9237197054561122,0.6745,0.6477035397165665,0.0,1.6309473933649286,11.0,1.0,4.0,0.5
