Cluster,Dist,mean,median,std,min,max,bag_count,day_count,Cluster_Rank,Cluster_perc
0,"[0.0, 0.6745, 1.7139150390625006, 0.0, 0.0]",0.4776830078125001,0.0,0.6710513737949768,0.0,1.7139150390625006,5.0,3.0,2.0,0.67
1,"[2.2460391156462585, 0.35503018707483003, 0.99396981292517, 0.35503018707483003]",0.9875173256802722,0.6745,0.7720101507450267,0.35503018707483003,2.2460391156462585,4.0,1.0,3.0,1.0
2,[0.0],0.0,0.0,0.0,0.0,0.0,1.0,1.0,1.0,0.33
