Cluster,Dist,mean,median,std,min,max,bag_count,day_count,Cluster_Rank,Cluster_perc
0,"[0.5517767013232516, 4.31061602079395, 0.5517767013232511, 0.7972232986767482, 0.8864619028006591, 0.12251009060955512, 1.3445551894563426, 0.09334102141680385, 0.6745, 0.0, 0.8629877471169688]",0.9268862430470484,0.6745,1.1358878815006952,0.0,4.31061602079395,11.0,2.0,4.0,0.8
1,"[0.0, 0.6744999999999998, 0.6745000000000002, 0.0, 0.0, 0.0, 0.0, 0.6745000000000002, 0.6744999999999998, 1.229111277072441, 0.6745, 0.0, 0.0, 0.0, 1.0266798059429947, 0.6745, 0.0, 0.6745000000000024, 0.6744999999999977]",0.4027258464744966,0.6744999999999977,0.40541167604536943,0.0,1.229111277072441,19.0,12.0,1.0,0.2
2,"[0.8107902873204247, 0.5382097126795751, 0.5382097126795753, 1.1711415261295022, 0.7788374401095136, 0.0, 0.6745, 0.049167864476385985, 1.2705160848733734, 0.6483480145250089, 0.6483480145250087, 0.7006519854749911, 0.8148990277615087]",0.6648938208119131,0.6745,0.3436292703226634,0.0,1.2705160848733734,13.0,3.0,2.0,0.4
3,"[0.0, 23.228697707736284, 0.6745, 0.0, 0.6745, 1.0047153374233133]",4.263735507526599,0.6745,8.48935713838007,0.0,23.228697707736284,6.0,2.0,5.0,1.0
4,"[0.6745, 0.6745, 0.6745, 0.6745]",0.6745,0.6745,0.0,0.6745,0.6745,4.0,2.0,3.0,0.6
