Cluster,Dist,mean,median,std,min,max,bag_count,day_count,Cluster_Rank,Cluster_perc
0,"[0.6745000000000001, 0.6745, 0.0, 0.0, 0.0, 0.0, 0.0, 0.0]",0.16862500000000002,0.0,0.29206706742630195,0.0,0.6745000000000001,8.0,7.0,2.0,0.67
1,"[0.6745, 0.6745, 0.6745, 0.6745]",0.6745,0.6745,0.0,0.6745,0.6745,4.0,2.0,3.0,1.0
2,[0.0],0.0,0.0,0.0,0.0,0.0,1.0,1.0,1.0,0.33
