Cluster,Dist,mean,median,std,min,max,bag_count,day_count,Cluster_Rank,Cluster_perc
0,"[1.4998073137344372, 5.782559155205007, 5.789461997262238, 0.5540300175998958, 6.839793168633076, 0.5867415748647415, 0.6628487060817416, 0.5540300175998957, 0.5648459357277883, 8.28982967212046, 0.6236300110814159, 0.9846442539599765, 0.6861512939182582, 0.6327751776285769, 7.414619646698392, 0.6430634899941333, 0.26560208771008487, 0.018598345588234425, 1.002539390756303, 0.18624914653361355, 0.3464606092436971, 1.6103510372899172, 3.302003413865546, 0.01859834558823678, 3.434405921743696, 4.127150013130254]",2.170030374752293,0.6744999999999999,2.5204308280463823,0.018598345588234425,8.28982967212046,26.0,2.0,3.0,0.75
1,"[0.0, 0.0, 0.0, 0.0, 0.6745000000000005, 0.6744999999999993, 0.0, 0.0]",0.16862499999999997,0.0,0.2920670674263019,0.0,0.6745000000000005,8.0,7.0,1.0,0.25
2,"[0.6745, 0.6745, 0.6745, 0.6745, 0.6745, 0.6745, 0.6745, 0.6745, 0.6745, 0.6745]",0.6745,0.6745,0.0,0.6745,0.6745,10.0,5.0,2.0,0.5
3,"[0.6745, 0.0, 79.14572793190423, 79.32732408575038, 0.19180296343002282, 0.0, 15.17546789942634, 14.01458366898572, 0.6745, 0.23874649090687164]",18.944265304040353,0.6745,30.652448168985178,0.0,79.32732408575038,10.0,2.0,4.0,1.0
