Cluster,Dist,mean,median,std,min,max,bag_count,day_count,Cluster_Rank,Cluster_perc
0,"[0.6745, 0.0, 0.8542187500000002, 1.383154210668833, 0.23433076089899815, 1.147179664229624, 0.8089251286217165, 0.5400748713782834, 0.23433076089899815, 0.5208336693548382, 1.7463566532258061, 0.5208336693548388, 0.8281663306451612]",0.7302234207136228,0.6745,0.4654075547687551,0.0,1.7463566532258061,13.0,3.0,3.0,0.75
1,"[0.6744999999999995, 0.6745000000000004, 0.0, 0.0, 0.6744999999999999, 0.6745000000000001, 0.6745000000000002, 0.6744999999999997, 0.6744999999999997, 0.6745000000000004, 0.6744999999999995, 0.6745000000000004, 0.0, 0.674499999999999, 0.674500000000001, 0.0, 0.6744999999999998, 0.6745000000000002, 0.6744999999999997, 0.6745000000000003]",0.5396000000000001,0.6744999999999997,0.2698,0.0,0.674500000000001,20.0,12.0,1.0,0.25
2,"[0.6745, 0.6745, 0.6744999999999999, 0.6744999999999999]",0.6744999999999999,0.6744999999999999,7.850462293418876e-17,0.6744999999999999,0.6745,4.0,2.0,2.0,0.5
3,"[0.9385420731707317, 3.1578115853658537, 0.4104579268292683, 0.4104579268292683, 1.028054707379136, 0.320945292620864, 0.320945292620864, 17.720642493638675]",3.0384821623068325,0.6745,5.619326855553409,0.320945292620864,17.720642493638675,8.0,2.0,4.0,1.0
