Cluster,Dist,mean,median,std,min,max,bag_count,day_count,Cluster_Rank,Cluster_perc
0,"[0.0, 0.0, 0.6744999999999971, 0.6745000000000028]",0.33724999999999994,0.33724999999999855,0.33724999999999994,0.0,0.6745000000000028,4.0,3.0,2.0,0.67
1,"[0.0, 1.6761071428571441, 0.6745]",0.7835357142857147,0.6745,0.6885977920511275,0.0,1.6761071428571441,3.0,1.0,3.0,1.0
2,[0.0],0.0,0.0,0.0,0.0,0.0,1.0,1.0,1.0,0.33
