Cluster,Dist,mean,median,std,min,max,bag_count,day_count,Cluster_Rank,Cluster_perc
0,"[93.52896103448265, 0.0, 0.6745000000000001, 0.6745, 17.45542280919826, 0.0, 0.0, 0.6745, 78.72125000000014, 0.7619358047778726, 0.6994764008214447, 0.6495235991785551, 0.6495235991785552, 36.977946342249425, 0.0, 0.6745]",14.508877474367932,0.6745,28.779740076624,0.0,93.52896103448265,16.0,5.0,3.0,0.75
1,"[0.0, 0.6745000000000001, 0.6744999999999999, 0.0, 0.0, 0.6744999999999999, 0.6745000000000001, 0.0, 1.2055899532710272, 0.6745, 0.0, 0.0, 0.0]",0.35216076563623283,0.0,0.40344427909350056,0.0,1.2055899532710272,13.0,9.0,1.0,0.25
2,"[0.6745, 0.6745, 0.6745, 0.6745, 0.6745, 0.6745, 0.6745, 0.6745, 0.6745, 0.6745, 0.6745, 0.6745]",0.6745,0.6745,0.0,0.6745,0.6745,12.0,6.0,2.0,0.5
3,"[42.68478585240088, 0.6745, 40.345012085078935, 0.49908217853689957, 0.0]",16.840676023203343,0.6745,20.161215896314097,0.0,42.68478585240088,5.0,1.0,4.0,1.0
