Cluster,Dist,mean,median,std,min,max,bag_count,day_count,Cluster_Rank,Cluster_perc
0,"[0.7064697955390328, 0.6745, 0.0, 0.07658605274921926, 2.5568886902101005, 1.2724139472507807, 0.07658605274921824, 3.5744271159874614, 0.0, 0.6745, 2.6290923379174784, 0.02584037328094344, 0.025840373280942335, 1.5981277013752426, 0.673506139489194, 0.675493860510806, 4.093048870333979, 0.16829371316306582, 2.3538705019481996, 0.7977125830850332, 0.18056749942699993, 2.296979371991748, 1.9401730460692173, 0.5324267705707082, 0.18056749942699943, 0.5512874169149667]",1.089815373587359,0.6745,1.1519654113540871,0.0,4.093048870333979,26.0,5.0,3.0,0.75
1,"[0.0, 0.674500000000002, 0.6744999999999979, 0.4878567475521492, 1.0070121328224793, 0.6745, 1.6565306513409985, 0.0, 0.0, 0.0, 0.0, 0.6744999999999994, 0.6745000000000004, 0.0, 0.0, 0.0, 0.6745, 0.0, 1.8482489975942273]",0.476139396279466,0.4878567475521492,0.5541437932629906,0.0,1.8482489975942273,19.0,11.0,1.0,0.25
2,"[0.6033066649377595, 1.623452930497925, 2.765345046680497, 0.5970094657676348, 0.5970094657676348, 0.7456933350622406, 0.8790296069868995, 0.4699703930131005, 0.4699703930131002, 2.7051868122270726, 0.7838783783783778, 0.5651216216216222, 0.5651216216216212, 3.9910315315315326]",1.2400805190790727,0.6745000000000001,1.0723942168857086,0.4699703930131002,3.9910315315315326,14.0,3.0,4.0,1.0
3,"[0.6745, 0.6745, 0.6745, 0.6745, 0.6744999999999999, 0.6744999999999999]",0.6745,0.6745,6.409875621278546e-17,0.6744999999999999,0.6745,6.0,3.0,2.0,0.5
