Cluster,Dist,mean,median,std,min,max,bag_count,day_count,Cluster_Rank,Cluster_perc
0,"[0.44354822597313104, 15.144689688827638, 0.0, 0.32621357216672503, 0.6636571937076579, 1.7082841313583639, 15.001099954070492, 14.916913308072097, 0.6745, 0.4604821090047395, 0.08327357819905228, 0.08327357819905201, 55.34080699052132, 1.6515659952606634, 0.8885178909952607]",7.159121747757081,0.6745,14.091553751011674,0.0,55.34080699052132,15.0,2.0,6.0,0.75
1,"[1.339394578639782, 1.352842168544088, 0.6745, 0.643124506006761, 0.0, 0.0, 167.65728120516502, 0.6745, 0.6745, 2.580456814230942, 0.0, 2.566530886100063, 0.34477514109494445]",13.731377330752427,0.6745,44.442332439502295,0.0,167.65728120516502,13.0,3.0,8.0,1.0
2,"[0.0, 0.6266310315670796, 0.6745, 0.6753744926719275, 1.153341770011273, 0.0, 0.5015623796864986, 1.1342345998716663, 4.852022458520492, 0.6745]",1.0292166732328938,0.6745,1.3257526230474381,0.0,4.852022458520492,10.0,2.0,4.0,0.5
3,"[0.0, 0.6745000000000004, 0.6744999999999995, 0.0, 0.0, 0.0, 0.6745, 0.0, 1.3896095954844778, 0.0, 0.0]",0.31028269049858886,0.0,0.4509421198102983,0.0,1.3896095954844778,11.0,8.0,1.0,0.12
4,"[0.11694558110103342, 57.983667791605136, 0.11694558110103356, 0.7050879561273989, 0.663260704492723, 0.17214617169373544, 0.6857392955072769, 0.7036652604935667]",7.6434322927652385,0.6744999999999999,19.028559807119766,0.11694558110103342,57.983667791605136,8.0,1.0,7.0,0.88
5,"[0.6745, 0.6745, 0.6745, 0.6745]",0.6745,0.6745,0.0,0.6745,0.6745,4.0,2.0,2.0,0.25
6,"[3.0685957083364492, 0.558542717139223, 0.5585427171392235, 0.7904572828607765, 1.5999873727445353, 0.6669054357009612, 0.6669054357009611, 0.6820945642990389]",1.0740039042401461,0.6745000000000001,0.8179169799195445,0.558542717139223,3.0685957083364492,8.0,2.0,5.0,0.62
7,"[2.5177123536228336, 1.2507622590875822, 0.7673692211515004, 1.0768715845328125, 1.5130792418882648, 0.06071980970968516, 0.0, 0.57494584044889, 0.6745, 0.21546070687972665, 0.1535273237374967, 0.06970848072700615, 2.510492620151255]",0.8757807263028502,0.6745,0.8383560051855045,0.0,2.5177123536228336,13.0,1.0,3.0,0.38
