Cluster,Dist,mean,median,std,min,max,bag_count,day_count,Cluster_Rank,Cluster_perc
0,"[0.0, 1.4467599482368165, 1.38325962471692, 0.6745, 0.8911866709802649, 0.11776291383586743, 0.17551693087458192, 0.5403905399748846, 0.37691816659690236, 0.6745, 0.2066697362913351, 2.7009645249058187, 4.022013290079531, 2.43048691921306, 0.0, 2.204477187107577]",1.1153379033008475,0.6745,1.1337779771414904,0.0,4.022013290079531,16.0,2.0,4.0,0.8
1,"[0.0, 0.0, 0.6745, 0.0, 0.3586859455191474, 1.1550557310172391, 1.5659335438873538, 0.6745, 0.0, 2.015112545254211, 0.0, 0.0, 1.4904654477009964, 0.6745, 0.0]",0.5739168808919298,0.3586859455191474,0.6643927047251976,0.0,2.015112545254211,15.0,7.0,1.0,0.2
2,"[0.6745, 0.6744999999999999, 0.6745, 0.6745, 0.6745, 0.6745]",0.6745,0.6745,4.5324665183683945e-17,0.6744999999999999,0.6745,6.0,3.0,2.0,0.4
3,"[0.021999297566161806, 0.5638632532179061, 0.3899689220488286, 0.933062174887041, 0.8565384250294261, 1.1064442988950904, 0.39626907012947543, 0.9540626684891973, 1.1259081710141625, 0.5957225386338612, 0.2443484261685082, 4.799355488476287, 0.09626933591525226, 0.021999297566161636, 0.7153741314500511, 1.3476938717393776, 0.39893254736682215, 0.08315683259293014, 0.7304330219842804, 0.7554799521585601, 1.1037808216577438, 0.7129155370771156, 0.03567522876561491, 0.6634363253217905, 4.307278068876485, 3.5087471048335037, 0.4979421915935756, 0.03941434104112094, 0.05606107377453785, 0.6855636746782093, 0.26883192846565657, 0.24224837680829242, 1.0574772943007935, 0.7341209135436837]",0.8838345472372795,0.6744999999999999,1.1071111967484226,0.021999297566161636,4.799355488476287,34.0,1.0,3.0,0.6
4,"[0.4989352989690725, 0.8500647010309275, 0.4989352989690718, 1.9706525773195886, 1.1678425088478168, 0.1811574911521818, 0.181157491152183, 6.126730436492327]",1.434434475491646,0.6745,1.8577356635778552,0.1811574911521818,6.126730436492327,8.0,2.0,5.0,1.0
