Cluster,Dist,mean,median,std,min,max,bag_count,day_count,Cluster_Rank,Cluster_perc
0,"[0.0, 0.0, 0.0, 0.6745000000000001, 0.6745, 0.0, 0.0, 0.6745, 1.0414636563876651, 0.0, 0.0, 0.0, 0.6745000000000008, 0.6744999999999993, 0.0]",0.2942642437591777,0.0,0.3706324432866029,0.0,1.0414636563876651,15.0,11.0,2.0,0.67
1,"[0.6745, 0.6745]",0.6745,0.6745,0.0,0.6745,0.6745,2.0,1.0,3.0,1.0
2,[0.0],0.0,0.0,0.0,0.0,0.0,1.0,1.0,1.0,0.33
