Cluster,Dist,mean,median,std,min,max,bag_count,day_count,Cluster_Rank,Cluster_perc
0,"[0.0, 0.0, 0.0, 0.0, 0.0, 0.0, 0.0, 0.0, 0.0, 0.6745, 0.0, 1.6415687544453301, 0.0, 0.6744999999999991, 0.6745000000000009]",0.24433791696302204,0.0,0.45928084803554664,0.0,1.6415687544453301,15.0,12.0,1.0,0.17
1,"[0.6745, 0.6745, 0.6745, 0.6745, 0.6745, 0.6745]",0.6745,0.6745,0.0,0.6745,0.6745,6.0,3.0,2.0,0.33
2,"[0.7804866177422836, 0.35848129361824593, 0.5685133822577164, 0.9831423483703857, 0.35848129361824577, 20.96521091445427]",4.002385975010191,0.6745,7.589262822226668,0.35848129361824577,20.96521091445427,6.0,1.0,5.0,0.83
3,"[0.0, 0.6745, 0.8294248189005576, 8.55614304197814, 0.6745, 0.0, 3.2082729629029645, 0.6745, 0.0]",1.624148980420185,0.6745,2.620700844432734,0.0,8.55614304197814,9.0,3.0,4.0,0.67
4,"[41.699353327987154, 0.25032766639935816, 1.0986723336006412, 0.2503276663993589]",10.824670248596627,0.6745000000000001,17.828870777384154,0.25032766639935816,41.699353327987154,4.0,1.0,6.0,1.0
5,"[0.6745, 2.0126007873366585, 2.4085035656869613, 0.0, 0.6208380601014056]",1.1432884826250052,0.6745,0.9117344711559926,0.0,2.4085035656869613,5.0,1.0,3.0,0.5
