Cluster,Dist,mean,median,std,min,max,bag_count,day_count,Cluster_Rank,Cluster_perc
0,"[0.6745, 0.6744999999999999, 1.4383568376068376, 0.049268211702826976, 0.049268211702826976, 0.6071386916502303, 0.7418613083497697, 1.3380465811965812, 0.5562227488151659, 2.039217022116903, 1.5182465771458657, 0.4055346893101634, 0.0, 0.23548894154818326, 0.1434067272248553, 2.5241359926276976, 2.033090047393364, 1.4227900868878351, 0.6745, 0.6745, 0.6745, 1.1272252310061615, 1.3438062114989748, 0.09435382443531833, 0.0, 0.6745]",0.8351714593161368,0.6745,0.6795139806655653,0.0,2.5241359926276976,26.0,5.0,3.0,0.75
1,"[1.5193359639233375, 0.5673556369785796, 0.23732970687711383, 0.23732970687711383, 1.2268751972942502, 0.7816443630214204, 3.3817519552400443, 0.14697623631331974, 0.14697623631331974, 1.2020237636866802, 0.0, 0.6745, 0.2996785399011297, 0.6957567531779657, 1.2118135593220332]",0.8219565079284206,0.6745,0.822458371730811,0.0,3.3817519552400443,15.0,3.0,2.0,0.5
2,"[0.0, 0.6745, 0.6745000000000001, 0.0, 0.6745, 1.3959004663212435, 1.6004300415800428, 0.3652957380457382, 0.0, 1.2369572765072776, 0.6745, 0.6744999999999999, 0.6745000000000001, 0.0]",0.6175416801753073,0.6745,0.5045586498157193,0.0,1.6004300415800428,14.0,6.0,1.0,0.25
3,"[5.9246871995604975, 0.8836774481527253, 3.0699430710067284, 2.344955157258617, 1.874352218101907, 0.7284155335805523, 0.5616664606510097, 0.08513466556791632, 0.08513466556791632, 0.6205844664194476, 0.314692555967586, 0.5548112209861279, 2.886889644279631, 0.3074667628073066]",1.4458865049934262,0.6745,1.5841250506662976,0.08513466556791632,5.9246871995604975,14.0,1.0,4.0,1.0
