Cluster,Dist,mean,median,std,min,max,bag_count,day_count,Cluster_Rank,Cluster_perc
0,"[0.0, 0.0, 0.0, 0.6744999999999993, 0.6745000000000007, 0.0, 0.0, 0.0, 0.6745000000000001, 0.6744999999999999, 0.0, 0.0, 0.0, 0.0]",0.19271428571428575,0.0,0.304708040254796,0.0,0.6745000000000007,14.0,12.0,2.0,0.67
1,"[238.94239497716893, 0.0, 0.6745, 0.6745, 2.873956521739128, 0.0]",40.52755858315134,0.6745,88.73907408403363,0.0,238.94239497716893,6.0,2.0,3.0,1.0
2,[0.0],0.0,0.0,0.0,0.0,0.0,1.0,1.0,1.0,0.33
