Cluster,Dist,mean,median,std,min,max,bag_count,day_count,Cluster_Rank,Cluster_perc
0,"[0.0, 0.0, 0.6744999999999991, 0.6745000000000008, 0.0, 0.0, 0.0, 0.0, 0.0, 0.6745000000000001, 0.6745, 0.0, 0.0, 0.0, 0.0]",0.17986666666666667,0.0,0.29827512281262897,0.0,0.6745000000000008,15.0,13.0,1.0,0.33
1,"[0.6745, 0.6745, 0.6745, 0.6745]",0.6745,0.6745,0.0,0.6745,0.6745,4.0,2.0,3.0,1.0
2,"[0.6745000000000001, 0.0, 0.7516346886912323, 0.9410432020330367, 0.33939263024142297]",0.5413141041931384,0.6745000000000001,0.333331613804226,0.0,0.9410432020330367,5.0,1.0,2.0,0.67
