Cluster,Dist,mean,median,std,min,max,bag_count,day_count,Cluster_Rank,Cluster_perc
0,"[0.0, 0.0, 0.0, 0.0, 0.6744999999999999, 0.6745000000000001, 0.6745000000000001, 0.6744999999999998, 0.0, 0.0]",0.26979999999999993,0.0,0.33043616630145073,0.0,0.6745000000000001,10.0,8.0,1.0,0.2
1,"[0.2815980338983051, 1.067401966101695, 0.2815980338983051, 37.826051457627116, 1.0398747256766643, 6.040771671543524, 0.30912527432333575, 0.30912527432333536, 9.101644435704376, 0.8759126680900474, 0.47308733190995256, 0.4730873319099512, 0.6695899316493696, 0.6695899316493696, 0.8237400066997792, 0.6794100683506303]",3.8076005089597347,0.6745,9.096695718582907,0.2815980338983051,37.826051457627116,16.0,4.0,3.0,0.6
2,"[0.0, 2.9507861310592443, 0.6745, 555.8085282608745, 0.0, 0.6745, 0.0, 6.637504056109514, 0.6745, 0.0, 0.6745, 7.774212783171519, 0.6969213103448276, 0.0, 0.6745]",38.482696836103955,0.6745,138.28119013678227,0.0,555.8085282608745,15.0,5.0,5.0,1.0
3,"[0.6745, 0.6744999999999999, 0.6745, 0.6745, 0.6745, 0.6745, 0.6745, 0.6745, 0.6745, 0.6745]",0.6744999999999999,0.6745,1.0532500405730103e-16,0.6744999999999999,0.6745,10.0,5.0,2.0,0.4
4,"[42.62616857142857, 0.6745, 0.4533857142857143, 0.0, 3.241859999999999]",9.399182857142858,0.6745,16.651950157776252,0.0,42.62616857142857,5.0,1.0,4.0,0.8
