Cluster,Dist,mean,median,std,min,max,bag_count,day_count,Cluster_Rank,Cluster_perc
0,"[0.09860151225447521, 1.0308020163393008, 0.9651458369546324, 0.09860151225447598, 0.38385416304536746, 1.866863114896576, 1.3996778744059057, 0.3511983517039131, 0.924479017089696, 0.07782429972696987, 1.13953599959551, 1.5440723025583978, 0.04399357872383471, 0.8945361007179699, 0.6202071493578727, 0.4565783193447262, 0.573417079583376, 0.3850290727070485, 1.775635402973, 0.7287928506421273, 0.043993578723834484, 1.7262534634442306]",0.77859511804742,0.6745,0.5828405343718626,0.043993578723834484,1.866863114896576,22.0,2.0,2.0,0.67
1,"[0.0, 0.0, 0.0, 0.6745, 1.2126343882853097, 0.0, 0.0, 0.0, 1.2090396486229784, 0.6745, 1.3451450364899322, 0.0, 0.6745, 0.0]",0.4135942195284444,0.0,0.5148982182920899,0.0,1.3451450364899322,14.0,8.0,1.0,0.33
2,"[0.08436616804582987, 0.3082692552514322, 3.8999495544239293, 1.0407307447485679, 6.082092297899419, 0.0843661680458313]",1.9166290314025014,0.6745,2.285936638832798,0.08436616804582987,6.082092297899419,6.0,1.0,3.0,1.0
