Cluster,Dist,mean,median,std,min,max,bag_count,day_count,Cluster_Rank,Cluster_perc
0,"[0.6745000000000015, 0.6744999999999985, 1.9321334661354552, 0.0, 0.6745, 0.0, 0.6744999999999987, 0.6745000000000012, 0.674499999999999, 0.6745000000000009]",0.6653633466135455,0.6744999999999994,0.4990698999932612,0.0,1.9321334661354552,10.0,5.0,3.0,1.0
1,[0.0],0.0,0.0,0.0,0.0,0.0,1.0,1.0,1.5,0.5
2,[0.0],0.0,0.0,0.0,0.0,0.0,1.0,1.0,1.5,0.5
