Cluster,Dist,mean,median,std,min,max,bag_count,day_count,Cluster_Rank,Cluster_perc
0,"[0.4869367336929866, 0.862063266307013, 0.48693673369298685, 1.9378229524276607, 0.6744999999999999, 0.0, 0.8287245179063361, 0.6745, 16.636391095214602, 0.0, 0.6745, 0.0, 0.8316783181357649]",1.8533887397982576,0.6745,4.295164638548973,0.0,16.636391095214602,13.0,4.0,4.0,1.0
1,"[0.0, 0.6745, 1.9528380952380953, 0.0, 0.6744999999999998, 0.6745000000000001, 0.6745000000000001, 0.6745, 0.0, 0.0, 0.6745, 0.6745000000000001, 0.0, 0.0, 0.0, 0.6745000000000002, 0.6745, 0.0, 0.6745000000000001, 0.6744999999999999, 0.0, 0.0, 0.674499999999996, 0.6745000000000039]",0.4467224206349207,0.6744999999999999,0.45361822098650134,0.0,1.9528380952380953,24.0,16.0,1.0,0.25
2,"[0.6745, 0.6744999999999999, 2.37541304347826, 0.0015039018952060768, 2.298714046822741, 0.5782502787068003, 0.7707497212931996, 0.0015039018952060768, 0.6745, 0.6744999999999999, 0.6745, 0.6745]",0.8394279078409511,0.6745,0.7146757649323606,0.0015039018952060768,2.37541304347826,12.0,4.0,2.0,0.5
3,"[2.3708819742489253, 0.8978169834457385, 0.4511830165542608, 0.45118301655426146]",1.0427662477007966,0.6745,0.788169257053981,0.4511830165542608,2.3708819742489253,4.0,1.0,3.0,0.75
