Cluster,Dist,mean,median,std,min,max,bag_count,day_count,Cluster_Rank,Cluster_perc
0,"[0.6745, 5.803184147317858, 0.3893630904723785, 1.2320830664531628, 0.0, 4.634650663716805, 2.2091367256637118, 0.0, 0.6909148230088497, 0.4429017699115045, 0.3760486725663693, 0.6745, 1.0495579247714306, 0.6772316070442412, 1.3693215008897346, 0.3244404184819294, 0.05020362643431306, 0.6427968030925936, 1.8704472295514514, 1.9539681843284045, 1.390263821562251, 0.25010759649015163, 2.4106432165429226, 0.037042247039332454, 0.037042247039332454, 0.09299880346075991, 1.0666925507762166, 0.6717683929557587, 0.07362922623795808, 1.1743013131251154]",1.0756579889644844,0.6745,1.301086305590824,0.0,5.803184147317858,30.0,3.0,6.0,1.0
1,"[0.0028673337791363146, 0.8296904136415746, 0.7196363440962935, 2.0456976738632022, 0.610419922621322, 0.8309791029805121, 0.8288527655712647, 0.7909652990064963, 0.0028673337791363146, 0.2997169230034389, 0.12632377244936954, 0.6293636559037066, 3.600547003848271, 0.17904735726066145, 1.9569134532317616, 0.17904735726066145, 2.642060944003772, 0.5995437838686878, 0.6842999293175214, 0.5509149454174198, 1.6085656954370549, 0.6995560354983118, 0.40608788188172473, 0.2558576140736671, 0.3818264352469959, 3.546197125579207, 3.489198617764866, 0.6647000706824787]",1.0414908853953042,0.6745000000000001,1.0608497892430289,0.0028673337791363146,3.600547003848271,28.0,2.0,5.0,0.83
2,"[0.6745, 0.6745, 0.6745, 0.6745, 0.6745, 0.6745, 0.6745, 0.6745, 0.6745, 0.6745]",0.6745,0.6745,0.0,0.6745,0.6745,10.0,5.0,2.0,0.33
3,"[0.6744999999999999, 0.6745000000000001, 0.0, 0.0, 0.6745, 1.6295908611228371, 0.0, 0.0, 0.6745000000000001, 0.6745]",0.5002090861122837,0.6744999999999999,0.4927703650141929,0.0,1.6295908611228371,10.0,6.0,1.0,0.17
4,"[2.397976018396848, 0.6745, 0.0, 0.9282825331393466, 0.0, 0.6745]",0.7792097585893658,0.6745,0.8040409254563906,0.0,2.397976018396848,6.0,2.0,4.0,0.67
5,"[0.6593838928094603, 0.6483845126835782, 0.28926440015258464, 1.14599389662407, 0.8250178333015448, 1.1255389090215522, 0.2892644001525842, 0.6896161071905396]",0.7090579939919892,0.6744999999999999,0.3034790185102283,0.2892644001525842,1.14599389662407,8.0,1.0,3.0,0.5
