Cluster,Dist,mean,median,std,min,max,bag_count,day_count,Cluster_Rank,Cluster_perc
0,"[0.0, 0.0, 0.0, 0.0, 0.6744999999999995, 0.6745000000000004, 0.6745000000000001, 0.6744999999999999, 0.0]",0.29977777777777775,0.0,0.33516174462746845,0.0,0.6745000000000004,9.0,7.0,1.0,0.33
1,"[2.3899130841121496, 2.430339953271028, 0.2528628504672896, 0.0, 0.6745]",1.1495231775700936,0.6745,1.0516757133611185,0.0,2.430339953271028,5.0,1.0,2.0,0.67
2,"[6.054873963868223, 0.28212879914983996, 0.8515114505844849, 0.0, 0.6745]",1.5726028427205097,0.6745,2.260783885003269,0.0,6.054873963868223,5.0,1.0,3.0,1.0
