Cluster,Dist,mean,median,std,min,max,bag_count,day_count,Cluster_Rank,Cluster_perc
0,"[0.0, 0.0, 0.0, 0.0, 0.6745000000000002, 0.6744999999999998]",0.22483333333333333,0.0,0.3179623492735509,0.0,0.6745000000000002,6.0,5.0,2.0,0.67
1,[0.0],0.0,0.0,0.0,0.0,0.0,1.0,1.0,1.0,0.33
2,"[0.6745000000000021, 0.6744999999999979]",0.6745,0.6745,2.1094237467877974e-15,0.6744999999999979,0.6745000000000021,2.0,1.0,3.0,1.0
