Cluster,Dist,mean,median,std,min,max,bag_count,day_count,Cluster_Rank,Cluster_perc
0,"[0.0, 0.0, 0.0, 0.0, 0.0]",0.0,0.0,0.0,0.0,0.0,5.0,5.0,1.0,0.33
1,"[0.09057822685788798, 1.0460466101694916, 44.17403389830509, 0.6696632985658411, 0.3979286179921775, 84.91444947848763, 84.59083018252933, 0.6745000000000001, 0.0]",24.06200336810083,0.6745000000000001,35.13270344401919,0.0,84.91444947848763,9.0,1.0,3.0,1.0
2,"[0.978678268765133, 0.37032173123486695, 0.37032173123486695, 31.176026937046007]",8.223837167070219,0.6745,13.253780140968074,0.37032173123486695,31.176026937046007,4.0,1.0,2.0,0.67
