Cluster,Dist,mean,median,std,min,max,bag_count,day_count,Cluster_Rank,Cluster_perc
0,"[0.0, 0.6744999999999999, 0.6745000000000001, 0.0, 0.0]",0.2698,0.0,0.33043616630145073,0.0,0.6745000000000001,5.0,4.0,2.0,0.67
1,"[0.4861442540605319, 0.48614425406053213, 0.8628557459394679, 0.9203668502511541]",0.6888777760779214,0.6745,0.20375063641488106,0.4861442540605319,0.9203668502511541,4.0,1.0,3.0,1.0
2,[0.0],0.0,0.0,0.0,0.0,0.0,1.0,1.0,1.0,0.33
