Cluster,Dist,mean,median,std,min,max,bag_count,day_count,Cluster_Rank,Cluster_perc
0,"[0.5512149573905378, 0.7977850426094623, 0.9749825154275635, 0.5512149573905378, 0.6745, 0.9274721537196878, 0.0, 1.1058695026715992, 0.43372595561035776]",0.6685294538688608,0.6745,0.31597529251612483,0.0,1.1058695026715992,9.0,2.0,3.0,0.5
1,"[0.6745000000000002, 0.6744999999999998, 0.6744999999999999, 0.6745000000000001, 0.0, 0.0, 0.6745000000000005, 0.6744999999999993, 0.6745, 0.6745000000000001, 0.0, 0.0]",0.44966666666666666,0.6744999999999999,0.3179623492735509,0.0,0.6745000000000005,12.0,8.0,1.0,0.17
2,"[37.707711718749984, 1.2256929687499996, 0.12330703125000039, 0.12330703125000039, 0.4420970630372492, 0.4420970630372492, 3.8841729942693393, 0.9069029369627508, 0.8190806150978562, 0.5299193849021437, 6.900267008387696, 0.5299193849021437, 0.654415085078534, 1.3133180082897034, 0.694584914921466, 0.654415085078534]",3.55945051837279,0.6745,8.975311267746266,0.12330703125000039,37.707711718749984,16.0,4.0,6.0,1.0
3,"[0.6745, 0.6744999999999999, 0.6745, 0.6745, 0.6745, 0.6745]",0.6745,0.6745,4.5324665183683945e-17,0.6744999999999999,0.6745,6.0,3.0,4.0,0.67
4,"[0.6745, 4.443802171860254, 0.0, 0.6745, 7.411785130718964, 0.0, 3.507649506781752, 0.6745, 0.0]",1.931859645484552,0.6745,2.466703990040547,0.0,7.411785130718964,9.0,3.0,5.0,0.83
5,"[0.9326003942181339, 0.6190155059132716, 0.0, 0.8710888304862019, 0.6745]",0.6194409461235215,0.6745,0.3310994605198517,0.0,0.9326003942181339,5.0,1.0,2.0,0.33
