Cluster,Dist,mean,median,std,min,max,bag_count,day_count,Cluster_Rank,Cluster_perc
0,"[4.140680555555556, 1.3182727777777774, 0.030727222222222583, 0.030727222222221958, 0.4307731092436978, 0.0, 2.2241495798319337, 0.6745, 3.3044831932773118, 0.2961565126050421, 1.5211675420168065, 1.9420215336134454, 0.6745, 0.0]",1.1848685177404297,0.6745,1.2639281950426156,0.0,4.140680555555556,14.0,3.0,4.0,0.57
1,"[0.0, 0.0, 1.8634908759124078, 0.6745, 0.0, 0.0, 0.6744999999999999, 0.6745000000000001, 0.0, 0.6744999999999991, 0.6745000000000008]",0.4759991705374916,0.6744999999999991,0.5439771202351514,0.0,1.8634908759124078,11.0,7.0,1.0,0.14
2,"[0.4232857683573048, 0.7332187736563207, 76.35482967448903, 0.5478716881150644, 0.7847891748675245, 0.6157812263436792, 2.0965155185465556, 0.4232857683573052]",10.247447199091598,0.6744999999999999,24.991411511162564,0.4232857683573048,76.35482967448903,8.0,1.0,7.0,1.0
3,"[0.6745, 0.6744999999999999, 0.6745, 0.6745, 0.24951253241140842, 1.099487467588591, 1.2242437337942953, 0.24951253241140892, 0.6745, 0.6745, 0.6745, 0.6745, 0.6745, 0.6745]",0.683411161871836,0.6745,0.24537864215847252,0.24951253241140842,1.2242437337942953,14.0,6.0,2.0,0.29
4,"[2.9524520958083835, 0.0, 0.6745, 0.6745, 0.0, 4.926941458333336, 0.0, 0.6745, 3.7720924276169256, 0.6745, 44.05594936708861, 0.0]",4.867119612403938,0.6745,11.922320252969785,0.0,44.05594936708861,12.0,4.0,6.0,0.86
5,"[1.8584249999999982, 0.6745, 0.36209999999999837, 0.0, 6.560399999999998]",1.891084999999999,0.6745,2.4165117800043925,0.0,6.560399999999998,5.0,1.0,5.0,0.71
6,"[0.0, 0.3758864077669904, 0.6745, 0.6941456310679612, 2.2193014563106797]",0.7927666990291262,0.6745,0.7564367464910371,0.0,2.2193014563106797,5.0,1.0,3.0,0.43
