Cluster,Dist,mean,median,std,min,max,bag_count,day_count,Cluster_Rank,Cluster_perc
0,"[0.0, 0.0, 0.0, 0.0, 0.6745000000000074, 0.6744999999999925]",0.22483333333333333,0.0,0.3179623492735509,0.0,0.6745000000000074,6.0,5.0,1.0,0.33
1,"[0.6745, 0.6745]",0.6745,0.6745,0.0,0.6745,0.6745,2.0,1.0,2.0,0.67
2,"[0.031065807124757715, 1.027919635315745, 0.5095529636806279, 0.839447036319372, 14.718992820589257, 0.031065807124757715]",2.8596740116924195,0.6744999999999999,5.316722070170952,0.031065807124757715,14.718992820589257,6.0,1.0,3.0,1.0
