Cluster,Dist,mean,median,std,min,max,bag_count,day_count,Cluster_Rank,Cluster_perc
0,"[0.0, 0.0]",0.0,0.0,0.0,0.0,0.0,2.0,2.0,1.5,0.5
1,"[0.6745, 9.847675972927243, 0.0, 1.0750913705583758, 0.03363790186125202]",2.326181049069374,0.6745,3.782407537958113,0.0,9.847675972927243,5.0,1.0,3.0,1.0
2,[0.0],0.0,0.0,0.0,0.0,0.0,1.0,1.0,1.5,0.5
