Cluster,Dist,mean,median,std,min,max,bag_count,day_count,Cluster_Rank,Cluster_perc
0,"[0.6745, 0.6745, 0.05934017595307922, 0.0, 0.3969198435972628, 0.6745, 19.98840860215054, 130.64662805474094, 0.8129604105571846]",17.103084120777666,0.6745,40.603263887055284,0.0,130.64662805474094,9.0,2.0,2.0,0.67
1,"[0.0, 0.6745, 1.2782976939203354, 0.0, 0.0, 0.6745000000000002, 0.6744999999999999, 0.0, 0.0, 0.0, 0.6745000000000009, 0.6744999999999992, 0.6744999999999999, 0.6745000000000001, 0.0, 0.0, 0.0, 0.0, 0.0, 0.0, 0.0]",0.2857046520914445,0.0,0.3844926546775935,0.0,1.2782976939203354,21.0,16.0,1.0,0.33
2,"[0.6934618473895583, 0.0, 0.6745, 0.6745, 0.0, 322.4343317610063, 0.6745, 0.0, 122.65722276785714]",49.756501819583676,0.6745,103.67103585405462,0.0,322.4343317610063,9.0,3.0,3.0,1.0
