Cluster,Dist,mean,median,std,min,max,bag_count,day_count,Cluster_Rank,Cluster_perc
0,"[0.0, 0.0, 0.6744999999999999, 0.6745000000000001, 0.0, 0.0, 0.0, 0.6745000000000003, 0.6744999999999998]",0.29977777777777775,0.0,0.3351617446274685,0.0,0.6745000000000003,9.0,7.0,1.0,0.33
1,"[0.6745, 0.6745]",0.6745,0.6745,0.0,0.6745,0.6745,2.0,1.0,2.0,0.67
2,"[2.9090084289070073, 0.6745, 0.0]",1.1945028096356691,0.6745,1.2432175195528592,0.0,2.9090084289070073,3.0,1.0,3.0,1.0
