Cluster,Dist,mean,median,std,min,max,bag_count,day_count,Cluster_Rank,Cluster_perc
0,"[0.0, 0.6745, 0.6745000000000001, 0.0, 0.0, 0.0, 0.0, 0.0, 0.0]",0.1498888888888889,0.0,0.28041643415322487,0.0,0.6745000000000001,9.0,8.0,1.0,0.12
1,"[0.5497996437917363, 0.7992003562082636, 0.5497996437917364, 1.4449456016593878, 0.6486600185330822, 0.7003399814669178, 0.6486600185330822, 0.7944971895556329]",0.7669878066924798,0.6745,0.2711566535153844,0.5497996437917363,1.4449456016593878,8.0,2.0,3.0,0.38
2,"[0.6744999999999999, 0.0, 2.6424192483094826, 0.0, 0.8803029604260996, 0.6745, 22.536203794855513, 0.6745, 0.0]",3.120269555954566,0.6745,6.907145302775472,0.0,22.536203794855513,9.0,3.0,8.0,1.0
3,"[0.6745, 0.0, 0.7754914932285222, 0.6857984048434951, 0.5625202542178039, 0.0, 0.29251296812132477, 6.666548406066234, 0.6745, 8.455194645620551]",1.878706617209793,0.6745,2.8813434104833138,0.0,8.455194645620551,10.0,2.0,6.0,0.75
4,"[0.6745, 0.6745, 0.6745, 0.6745]",0.6745,0.6745,0.0,0.6745,0.6745,4.0,2.0,2.0,0.25
5,"[0.9751225621757028, 1.2266269457863668, 15.043679191268572, 0.09594337090713935, 0.0, 0.266589819287887, 0.6745]",2.611780269917952,0.6745,5.0927569512149935,0.0,15.043679191268572,7.0,1.0,7.0,0.88
6,"[0.032659739226248756, 0.6745, 0.10144750857002949, 0.0, 4.904534922869736, 0.054336557296767944, 1.5937209537218413, 6.375544441723799, 0.7696302644466211]",1.6118193764283382,0.6745,2.234127038248075,0.0,6.375544441723799,9.0,1.0,5.0,0.62
7,"[0.6797757448313811, 0.6692242551686187, 0.6692242551686188, 1.5711203456227236]",0.8973361501978356,0.6745,0.38903333574875704,0.6692242551686187,1.5711203456227236,4.0,1.0,4.0,0.5
