Cluster,Dist,mean,median,std,min,max,bag_count,day_count,Cluster_Rank,Cluster_perc
0,"[0.4100425742574257, 0.11702292460015243, 0.3658635948210206, 1.6645201066260469, 1.2886905559786748, 0.9389574257425742, 1.610477913175933, 0.11702292460015243, 2.2820857186358117, 0.14521056638246024, 2.152484774665044, 0.6531394640682098, 0.0, 1.1187580694275283, 0.6745]",0.9025851075320689,0.6745,0.7308198786936239,0.0,2.2820857186358117,15.0,2.0,4.0,0.5
1,"[0.6745000000000001, 0.0, 1.1694819121447027, 0.0, 1.7842135776509465, 0.6745, 1.318095378758041, 0.0, 0.6745, 0.0, 0.0, 0.0, 1.1504071618037135, 0.6744999999999999, 0.0]",0.5413465353571603,0.6744999999999999,0.5794179854987924,0.0,1.7842135776509465,15.0,7.0,1.0,0.12
2,"[2.504574066258704, 0.6813318210592951, 0.6676681789407048, 0.6676681789407048, 0.6359473950429942, 0.7130526049570054, 1.1357665655032878, 0.6359473950429945]",0.9552445257182114,0.6745,0.6058049349895755,0.6359473950429942,2.504574066258704,8.0,2.0,5.0,0.62
3,"[0.6230576952351958, 0.7259423047648041, 8.759566905160604, 1.2512493530217688, 0.5478964834830266, 0.5478964834830262]",2.0759348708580707,0.6745,2.9987268969742362,0.5478964834830262,8.759566905160604,6.0,1.0,7.0,0.88
4,"[0.5325488308115544, 0.5325488308115544, 0.8164511691884456, 1.0717777166437414, 0.21321521362586604, 1.1357847863741342, 1.6786560334872993, 0.21321521362586604]",0.7742747243210577,0.6745,0.47240347222295825,0.21321521362586604,1.6786560334872993,8.0,2.0,3.0,0.38
5,"[0.6745000000000001, 0.6745000000000001, 0.6744999999999999, 0.6745]",0.6745000000000001,0.6745000000000001,1.2412670766236366e-16,0.6744999999999999,0.6745000000000001,4.0,2.0,2.0,0.25
6,"[351.80499999997704, 0.0, 0.6745, 54.568516304347916, 0.6745, 0.0, 0.6745, 8.40296907756815, 0.0, 0.7448407142857162, 0.6745, 0.0, 0.6745, 0.0, 2.1275882262526897]",28.068094288162104,0.6745,87.56147490078921,0.0,351.80499999997704,15.0,5.0,8.0,1.0
7,"[1.3089872881355942, 0.6745, 2.8859168432203397, 0.24793591101694928, 0.0]",1.0234680084745764,0.6745,1.0315960828348132,0.0,2.8859168432203397,5.0,1.0,6.0,0.75
