Cluster,Dist,mean,median,std,min,max,bag_count,day_count,Cluster_Rank,Cluster_perc
0,"[0.0, 0.0, 0.0, 0.6745000000000002, 0.6744999999999998, 0.0, 0.0, 0.0, 0.6744999999999995, 0.6745000000000004, 0.0, 0.0]",0.22483333333333333,0.0,0.3179623492735509,0.0,0.6745000000000004,12.0,10.0,1.0,0.25
1,"[0.6745, 0.6745, 0.8677987111448066, 0.4812012888551934, 0.4812012888551934, 0.8933673237300986, 0.6745, 0.6745, 0.6745, 0.6745, 0.6745, 0.6745]",0.676630717715441,0.6745,0.1154489790238207,0.4812012888551934,0.8933673237300986,12.0,5.0,2.0,0.5
2,"[0.0, 2.816242006615215, 0.6745, 0.0, 4.328154308617235, 0.6745, 0.0, 0.889321393998064, 0.6745]",1.1174686343589462,0.6745,1.3976669732038878,0.0,4.328154308617235,9.0,3.0,3.0,0.75
3,"[1.2863708002443492, 0.06262919975565054, 76.57490959071473, 0.06262919975565087]",19.496634697617594,0.6745000000000001,32.95794409306273,0.06262919975565054,76.57490959071473,4.0,1.0,4.0,1.0
