Cluster,Dist,mean,median,std,min,max,bag_count,day_count,Cluster_Rank,Cluster_perc
0,"[0.6745, 0.6745000000000001, 0.6744999999999997, 0.6745000000000003, 0.0, 0.0, 0.0, 0.0, 0.0, 0.0]",0.26980000000000004,0.0,0.33043616630145073,0.0,0.6745000000000003,10.0,8.0,1.0,0.25
1,"[5.0400138888888595, 0.6745, 0.0, 0.0, 521.4699051724136, 0.6745]",87.97648651021707,0.6745,193.8719511124683,0.0,521.4699051724136,6.0,2.0,4.0,1.0
2,"[0.3030003241140881, 19.75841940363008, 26.287136343993087, 0.07068550129645633, 23.752951815038898, 0.24514023336214344, 18.680793431287814, 20.08051210025929, 26.49671521175454, 26.668400821089023, 0.28128457216940356, 27.397263072601557, 16.52058621434745, 25.165350151253243, 0.07068550129645633, 21.355474503025064, 24.35691205704408, 0.7020454840103716, 23.382909572169407, 0.17576642178046667, 0.08045030250648229, 0.22939995678478822, 0.4713338375108038, 0.16337824114088154, 23.08282411408816, 24.179105229040626, 0.1300030250648228, 21.098966292134836, 0.0744748271391529, 0.18888331892826268, 0.1839280466724287, 22.423918647363877, 22.73770397579948, 0.1582772255834053, 0.6469545159896283, 0.28419943820224713, 0.637772687986171, 0.11193085566119268]",11.016724665082108,0.6744999999999999,11.51265202057679,0.07068550129645633,27.397263072601557,38.0,1.0,2.0,0.5
3,"[0.22446232123212317, 0.22446232123212317, 1.1245376787678767, 98.52560258525851]",25.02476622662266,0.6744999999999999,42.43731853468748,0.22446232123212317,98.52560258525851,4.0,1.0,3.0,0.75
