Cluster,Dist,mean,median,std,min,max,bag_count,day_count,Cluster_Rank,Cluster_perc
0,"[0.6745, 0.6745000000000001, 0.0, 0.0, 0.0]",0.26980000000000004,0.0,0.33043616630145073,0.0,0.6745000000000001,5.0,4.0,1.0,0.33
1,"[8.721118684931506, 0.6745, 0.0]",3.131872894977169,0.6745,3.9617747654211497,0.0,8.721118684931506,3.0,1.0,2.0,0.67
2,"[0.0, 59.86827391769107, 0.6745, 0.17628567610903254, 47.65949946552646]",21.675711811865312,0.6745,26.483737369648644,0.0,59.86827391769107,5.0,1.0,3.0,1.0
