Cluster,Dist,mean,median,std,min,max,bag_count,day_count,Cluster_Rank,Cluster_perc
0,"[0.6745000000000013, 0.6744999999999987, 0.0, 0.6745, 1.2615904344583257, 0.0, 0.0, 0.0, 0.0, 0.6745000000000003, 0.6744999999999997, 0.0, 0.0, 0.0, 0.6744999999999965, 0.6745000000000034]",0.3739431521536454,0.3372499999999983,0.39835022888432275,0.0,1.2615904344583257,16.0,11.0,1.0,0.2
1,"[0.6745, 0.6745, 0.6745, 0.6745]",0.6745,0.6745,0.0,0.6745,0.6745,4.0,2.0,2.0,0.4
2,"[6.083850688468165, 0.6745, 0.0, 12.629604283054006, 0.6745, 0.0, 0.6745, 0.0, 0.9662281893004107, 0.6745, 0.0, 0.8140517241379311]",1.9326445737467093,0.6745,3.59530760260614,0.0,12.629604283054006,12.0,4.0,5.0,1.0
3,"[2.486695719602979, 3.187138027295287, 0.6745, 0.0, 0.4744931761786604]",1.3645653846153851,0.6745,1.2418860645575271,0.0,3.187138027295287,5.0,1.0,4.0,0.8
4,"[0.538365531265887, 0.534593543467209, 0.39811616675139805, 0.3981161667513982, 1.3906633197763094, 0.8096057447890188, 0.7699998729028977, 1.218523512963905, 1.3369982206405693, 0.4320640569395018, 0.45898233350279616, 1.4177530503304525, 0.5790001270971024, 1.0868468479918656]",0.8121163210835937,0.6745000000000001,0.38150775983309715,0.39811616675139805,1.4177530503304525,14.0,1.0,3.0,0.6
