Cluster,Dist,mean,median,std,min,max,bag_count,day_count,Cluster_Rank,Cluster_perc
0,"[0.0, 0.0, 0.0, 0.0, 0.6744999999999995, 0.6745000000000005, 0.6745000000000001, 0.6744999999999999, 0.6744999999999997, 0.6745000000000004, 0.0, 0.0, 0.0]",0.31130769230769234,0.0,0.3362507385443155,0.0,0.6745000000000005,13.0,10.0,1.0,0.2
1,"[0.6745, 0.0, 0.8130186895338607, 2.6030431425976395, 0.6745, 0.0]",0.7941769720219168,0.6745,0.8720121476998423,0.0,2.6030431425976395,6.0,2.0,4.0,0.8
2,"[0.6745000000000001, 0.6745000000000001]",0.6745000000000001,0.6745000000000001,0.0,0.6745000000000001,0.6745000000000001,2.0,1.0,2.0,0.4
3,"[0.0, 0.5686478102189785, 0.9058978102189773, 2.769388686131389, 0.6745]",0.9836868613138691,0.6745,0.9413050423631295,0.0,2.769388686131389,5.0,1.0,5.0,1.0
4,"[0.0, 0.6034999999999996, 1.1039513888888892, 0.6745, 1.1828402777777776]",0.7129583333333332,0.6745,0.423186570301066,0.0,1.1828402777777776,5.0,1.0,3.0,0.6
