Cluster,Dist,mean,median,std,min,max,bag_count,day_count,Cluster_Rank,Cluster_perc
0,"[0.0, 0.0, 0.0, 0.0, 0.0, 0.0]",0.0,0.0,0.0,0.0,0.0,6.0,6.0,1.0,0.33
1,"[0.0, 0.6745, 82.16798985959439, 0.6745, 0.0, 12.526428571428623, 0.0, 0.6745, 4.878495689655172, 0.0, 0.6745, 112.57794354838713]",17.904071472422107,0.6745,36.241359385863895,0.0,112.57794354838713,12.0,4.0,3.0,1.0
2,"[0.6745, 0.6745, 0.6745, 0.6745, 0.6745, 0.6745]",0.6745,0.6745,0.0,0.6745,0.6745,6.0,3.0,2.0,0.67
