Cluster,Dist,mean,median,std,min,max,bag_count,day_count,Cluster_Rank,Cluster_perc
0,"[0.1743089887640443, 0.0, 2.497165730337073, 0.8336516853932578, 0.6745000000000001, 2.099286516853927, 0.056839887640449366, 0.6249564533053514, 1.6285671563483737, 1.25699055613851, 0.6808698845750265, 0.6667145855194123, 0.41970461699895073, 0.4508462749213013, 0.7183814270724032, 0.0, 0.7870346274921304, 0.7672172088142708, 0.6745, 0.23922455403987397, 0.7410299055613851, 0.1125346274921301, 0.7033465408805034, 0.6745, 1.4754157232704406, 0.8967880503144657, 1.2225842767295598, 0.0, 0.73982893081761, 0.2146522012578617, 0.005938993710691877, 0.4929364779874216, 0.027149685534591034]",0.6835595626597277,0.6745,0.587187657646987,0.0,2.497165730337073,33.0,3.0,2.0,0.5
1,"[0.0, 0.0, 0.0, 0.0, 0.0]",0.0,0.0,0.0,0.0,0.0,5.0,5.0,1.0,0.25
2,"[1.4637617340286841, 0.15697294654498042, 0.15697294654498078, 0.33197359843546265, 1.5147669491525433, 1.0170264015645372, 1.0601170143415908, 1.300193285528032, 0.23699837027379436, 0.24051597131681912, 0.39077483870967716, 0.39773741935483836, 0.968669032258065, 3.4438664516129025, 0.3907748387096779, 0.9512625806451617, 0.6745, 0.0, 0.3486235337243401, 0.8559820381231671, 0.7729057917888563, 0.8277954545454544, 0.643840909090909]",0.7889579176649771,0.6745,0.7045273969576167,0.0,3.4438664516129025,23.0,3.0,4.0,1.0
3,"[0.46480695847362524, 1.6010858585858583, 0.0, 0.8978193041526372, 0.2535998877665545, 1.2891958473625138, 0.6745]",0.7401439794773127,0.6745,0.525383975441447,0.0,1.6010858585858583,7.0,1.0,3.0,0.75
