Cluster,Dist,mean,median,std,min,max,bag_count,day_count,Cluster_Rank,Cluster_perc
0,"[0.01315181058495795, 1.6768558495821737, 1.104752089136491, 1.2118454038997215, 0.01315181058495834, 0.3222193593314762, 1.0267806406685238, 0.04133426183844027, 4184.597999999916, 0.0, 0.6745, 1.2274991582491588, 0.448531144781145, 1.7717926487093159, 1.5757258698092034, 0.6657943322109988, 0.5620833333333336, 0.01930387205387214, 0.6832056677890012, 0.9534598765432103, 0.01930387205387214, 1.945673076923077, 0.08539342948717954, 0.8020496794871794, 0.08539342948717954, 0.5469503205128206, 0.09620272435897412, 0.35130208333333335, 0.9847267628205129, 2.4818141025641025, 0.8928477564102566, 1.53896993670886, 0.45749314345991554, 0.8915068565400844, 0.45749314345991554, 3.287967362924283, 2.4567297650130553, 0.6181449086161883, 0.0, 0.6745, 0.4860626631853787, 1.4088772845953008, 0.2712088772845956, 1.6043590078328986]",95.93261266627455,0.6745,623.5160752345514,0.0,4184.597999999916,44.0,6.0,3.0,1.0
1,"[0.0, 0.0, 0.6745000000000012, 0.6744999999999988, 0.0, 0.0, 0.0, 1.5238049738219897, 0.0, 0.6745]",0.354730497382199,0.0,0.4927976349896996,0.0,1.5238049738219897,10.0,7.0,1.0,0.33
2,"[0.7037806201550385, 2.3393124031007746, 0.6452193798449614, 0.6452193798449614, 1.3345843644544422, 0.22989145106861628, 1.1191085489313835, 0.2298914510686166]",0.9058759498085993,0.6744999999999999,0.6494839695881023,0.22989145106861628,2.3393124031007746,8.0,2.0,2.0,0.67
