Cluster,Dist,mean,median,std,min,max,bag_count,day_count,Cluster_Rank,Cluster_perc
0,"[0.0, 0.0, 0.6745000000000002, 0.6744999999999998, 0.0, 0.0, 0.0]",0.1927142857142857,0.0,0.304708040254796,0.0,0.6745000000000002,7.0,6.0,1.0,0.33
1,"[0.6745, 0.6745]",0.6745,0.6745,0.0,0.6745,0.6745,2.0,1.0,2.0,0.67
2,"[0.06281518004625034, 0.06517715559960367, 0.10074048562933602, 7.911570812685829, 0.7463174264948794, 0.14864848034357447, 8.827749933927983, 5.663861397423192, 0.8136114469772051, 7.9795778823918075, 7.081759778658738, 0.11241666666666661, 7.472466187644533, 1.2999555830855634, 0.10938620746613807, 0.8629009745622728, 0.19936410637594998, 0.717305236207466, 0.17324867855963008, 0.30543017839445, 0.5691692599933929, 0.0018940370003303, 0.6316947637925339, 0.9980238024446645, 0.2066728609184013, 8.438425057813017, 0.7901253881731086, 0.11183731417244784, 0.001894037000330597, 0.057734704327717094, 1.145446729435084, 8.163188057482657]",2.242825306615461,0.6744999999999999,3.1979014269190014,0.0018940370003303,8.827749933927983,32.0,1.0,3.0,1.0
