Cluster,Dist,mean,median,std,min,max,bag_count,day_count,Cluster_Rank,Cluster_perc
0,"[1.6226983744732084, 0.8539876580373267, 0.4950123419626729, 0.4950123419626733, 0.6745, 35.540961538461815, 0.0]",5.66888175069967,0.6745,12.20371064516562,0.0,35.540961538461815,7.0,2.0,3.0,1.0
1,"[0.6745, 1.234118887015177, 0.0, 0.6744999999999998, 0.6745000000000002, 0.0, 0.6744999999999999, 0.6745000000000001, 0.0, 0.0, 1.458593796159527, 0.6745, 0.0, 0.0, 0.0]",0.4493141788783136,0.6744999999999998,0.4727224921922121,0.0,1.458593796159527,15.0,9.0,1.0,0.33
2,"[0.6745, 0.6745]",0.6745,0.6745,0.0,0.6745,0.6745,2.0,1.0,2.0,0.67
