Cluster,Dist,mean,median,std,min,max,bag_count,day_count,Cluster_Rank,Cluster_perc
0,"[0.9851508746355684, 0.6745000000000001, 0.0, 0.00852277464177151, 0.01705531191199898, 0.00852277464177151, 0.2730900057895495, 2.238482841221596, 1.8919681068171952, 1.6692630264871908, 1.7443962150817776, 0.81958242147923, 0.52941757852077, 1.7544285749677926, 0.43467183628976286, 1.3618336141115845, 0.0, 0.6745]",0.8380769975887534,0.6745000000000001,0.7380897408952122,0.0,2.238482841221596,18.0,3.0,3.0,1.0
1,"[0.0, 0.0, 0.0, 0.0, 0.6745, 0.6745000000000001, 0.0]",0.19271428571428575,0.0,0.30470804025479603,0.0,0.6745000000000001,7.0,6.0,1.0,0.33
2,"[0.6745, 0.6745, 0.6745, 0.6745, 0.6745, 0.6745]",0.6745,0.6745,0.0,0.6745,0.6745,6.0,3.0,2.0,0.67
