Cluster,Dist,mean,median,std,min,max,bag_count,day_count,Cluster_Rank,Cluster_perc
0,"[0.0, 0.0, 0.0, 0.0, 0.0]",0.0,0.0,0.0,0.0,0.0,5.0,5.0,1.0,0.33
1,"[33.73386585051545, 1.2765086340206184, 0.07249136597938155, 0.07249136597938155]",8.788839304123707,0.6745,14.410403396979785,0.07249136597938155,33.73386585051545,4.0,1.0,3.0,1.0
2,"[0.6745, 1.0376387562895106, 1.3197609340730225, 0.03263288607921546, 0.0]",0.6129065152883497,0.6745,0.5284328310199241,0.0,1.3197609340730225,5.0,1.0,2.0,0.67
