Cluster,Dist,mean,median,std,min,max,bag_count,day_count,Cluster_Rank,Cluster_perc
0,"[5.169153935290379, 0.6745, 0.0, 0.6745, 0.6745, 0.6745, 0.6745]",1.220236276470054,0.6745,1.6288500616707438,0.0,5.169153935290379,7.0,3.0,2.0,0.67
1,"[0.0, 0.6744999999999971, 0.6745000000000029]",0.44966666666666666,0.6744999999999971,0.3179623492735509,0.0,0.6745000000000029,3.0,2.0,1.0,0.33
2,"[1.6162302289782575, 0.2663217240715795, 0.21700288628054645, 24.654487011737558, 2.4151954011929972, 21.000869636328662, 20.41306696170869, 22.69484192803542, 24.9200300173177, 0.10772272464883573, 0.318366076582644, 0.299676832788147, 0.712397633249952, 2.103059072541852, 0.09227814123532833, 0.6745, 0.0, 0.07878035405041371, 0.03634019626707707, 0.12472474504521812, 3.4529675774485296]",6.009469483309971,0.6745,9.434877461277168,0.0,24.9200300173177,21.0,1.0,3.0,1.0
