Cluster,Dist,mean,median,std,min,max,bag_count,day_count,Cluster_Rank,Cluster_perc
0,"[0.6604185803757828, 1.5640936847599172, 91.471493736952, 0.6745, 0.0, 0.6691183510638298, 0.6798816489361702, 1.0156965425531916, 0.6691183510638298]",10.822702321744968,0.6745,28.516239049643858,0.0,91.471493736952,9.0,2.0,4.0,1.0
1,"[0.0, 0.6745, 0.0, 1.5574818181818184, 0.0, 0.0, 0.0, 0.0, 0.0, 0.0, 0.6744999999999999, 0.6745000000000001, 0.6745, 0.6745000000000001, 0.6744999999999975, 0.6745000000000024]",0.3924363636363637,0.3372499999999988,0.4434453582390977,0.0,1.5574818181818184,16.0,11.0,1.0,0.25
2,"[0.6752938407218518, 0.6745, 0.0, 55.405357142857405, 0.0, 0.6745, 0.0, 4.874265834932821, 0.6745, 0.03388636363636366, 1.5087499999999996, 0.8549045454545451, 0.7768045454545455, 0.03388636363636366, 0.5721954545454545]",4.450589606082624,0.6745,13.66786264760659,0.0,55.405357142857405,15.0,4.0,3.0,0.75
3,"[0.6745, 0.6745, 1.9587864583333325, 0.25441666666666657, 1.6788541666666659, 0.2544166666666669, 0.7455000000000002, 0.6034999999999999, 0.6745, 0.6745, 0.6745, 0.6745, 0.6745, 0.6745]",0.777962425595238,0.6745,0.45287008417009894,0.25441666666666657,1.9587864583333325,14.0,5.0,2.0,0.5
