Cluster,Dist,mean,median,std,min,max,bag_count,day_count,Cluster_Rank,Cluster_perc
0,"[0.0, 0.0, 0.0, 0.0]",0.0,0.0,0.0,0.0,0.0,4.0,4.0,1.5,0.5
1,[0.0],0.0,0.0,0.0,0.0,0.0,1.0,1.0,1.5,0.5
2,"[0.6745, 0.0, 1.3808317396668726]",0.6851105798889575,0.6745,0.5637721239543777,0.0,1.3808317396668726,3.0,1.0,3.0,1.0
