Cluster,Dist,mean,median,std,min,max,bag_count,day_count,Cluster_Rank,Cluster_perc
0,"[0.3110871413390011, 1.037912858660999, 2.6779298618490963, 0.3110871413390011, 0.0, 0.6745, 0.792188620689655]",0.8292436605539646,0.6745,0.8203761843497265,0.0,2.6779298618490963,7.0,2.0,4.0,1.0
1,"[0.0, 0.0, 0.0, 0.0, 0.0, 0.0, 0.0]",0.0,0.0,0.0,0.0,0.0,7.0,7.0,1.0,0.25
2,"[0.6745, 0.6744999999999999, 0.6745, 0.6745, 0.6744999999999999, 0.6745]",0.6745,0.6745,6.409875621278546e-17,0.6744999999999999,0.6745,6.0,3.0,2.0,0.5
3,"[0.6495185185185184, 0.6994814814814814, 0.6495185185185187, 1.011514325646401]",0.7525082110412299,0.6745000000000001,0.1509219624363159,0.6495185185185184,1.011514325646401,4.0,1.0,3.0,0.75
