Cluster,Dist,mean,median,std,min,max,bag_count,day_count,Cluster_Rank,Cluster_perc
0,"[0.6744999999999992, 0.6745000000000007, 0.0, 0.6745000000000001, 0.6744999999999999, 0.6744999999999998, 0.6745000000000002, 0.0, 0.6744999999999991, 0.674500000000001]",0.5396,0.6744999999999999,0.2698,0.0,0.674500000000001,10.0,6.0,1.0,0.17
1,"[0.9684775967413434, 0.0, 0.6745, 0.6745, 0.0, 224.68318512110744, 13.153959977731034, 0.0, 0.6745]",26.75879141061998,0.6745,70.09007449073684,0.0,224.68318512110744,9.0,3.0,6.0,1.0
2,"[0.6745, 0.6745, 0.6745, 0.6745, 0.6745, 0.6745, 0.6745, 0.6745]",0.6745,0.6745,0.0,0.6745,0.6745,8.0,4.0,2.0,0.33
3,"[5.958978574137273, 0.6745, 0.05448179749715542, 0.0, 6.269608862885309, 0.0, 0.3190695655966512, 8.737905094207964, 9.604741146196798, 0.6745]",3.2293785040521152,0.6745,3.743598239542248,0.0,9.604741146196798,10.0,2.0,4.0,0.67
4,"[0.7104494824193686, 2.545777312002738, 0.6385505175806314, 0.6385505175806314, 0.40477987762755374, 0.9442201223724463, 0.40477987762755335, 10.177674479423665, 39.88444086021506, 0.06489247311828006, 0.06489247311827921, 1.28410752688172]",4.813592959997327,0.6745,10.904828318180682,0.06489247311827921,39.88444086021506,12.0,3.0,5.0,0.83
5,"[0.6379917884775826, 0.6776142984491251, 0.6713857015508748, 2.281693842215339, 0.6379917884775824, 2.3954119875655717]",1.2170149011226792,0.6745,0.7938682410080906,0.6379917884775824,2.3954119875655717,6.0,1.0,3.0,0.5
