Cluster,Dist,mean,median,std,min,max,bag_count,day_count,Cluster_Rank,Cluster_perc
0,"[6.0150878186968955, 0.0, 0.6744999999999999, 0.0, 0.6745, 3.0839400212314216, 0.22643616331821112, 0.22643616331821112, 1.1225638366817887, 2.2853441348023336]",1.430880813804886,0.6744999999999999,1.8086780543274419,0.0,6.0150878186968955,10.0,3.0,3.0,1.0
1,"[0.6744999999999997, 0.6745000000000003, 0.0, 1.1591831148804927, 0.6745, 0.0, 0.0, 0.6745, 1.4801956521739126, 0.0, 0.0, 0.6745, 1.1456546029515104, 0.0, 0.0, 0.6745000000000003, 0.6744999999999998, 0.0, 0.6745000000000001, 0.6744999999999999]",0.4927766685002958,0.6744999999999999,0.451950466391925,0.0,1.4801956521739126,20.0,11.0,1.0,0.33
2,"[0.6745, 0.6745, 0.6745, 0.6745, 0.6745, 0.6745]",0.6745,0.6745,0.0,0.6745,0.6745,6.0,3.0,2.0,0.67
