Cluster,Dist,mean,median,std,min,max,bag_count,day_count,Cluster_Rank,Cluster_perc
0,"[0.6745, 17.78528220858894, 0.0, 1.8223677926616184, 0.7842977577169478, 1.0411145165987181, 0.5657825422248104, 0.10361058532323787, 2.7286412347117053, 1.0204906086196852, 0.4657074839836923, 0.0, 0.6184226121141522, 0.6745, 0.5316949383164005, 0.08455723875181384, 1.313268142235123, 0.08455723875181424, 3.1425679426705355, 0.8173050616835995, 4.6012877511341586, 0.11715230071289728, 0.5905699935191198, 2.1950756642903473, 0.6069625729099165, 3.2039842838626083, 0.4393211276733652, 3.9160779325988377, 5.876193292287757, 0.0, 0.6745, 1.0501749563006515, 0.9172685523597649, 0.19962756237088825, 0.6745, 0.3937352216748767, 0.7784135150166853, 0.18365735738121716, 0.12031245034164942, 1.046155609407278, 0.0, 0.25986417447958043, 0.9377404258700142, 1.0478705307484508]",1.4565707540884738,0.6745,2.799211805727274,0.0,17.78528220858894,44.0,5.0,3.0,0.75
1,"[0.0, 0.0, 1.0975278719796524, 0.6745, 0.6744999999999993, 0.6745000000000007, 0.0, 0.0, 0.0, 0.0, 0.0]",0.2837298065436048,0.0,0.3912555019001126,0.0,1.0975278719796524,11.0,8.0,1.0,0.25
2,"[0.6745, 0.6745, 0.6745, 0.6745, 0.6745, 0.6745]",0.6745,0.6745,0.0,0.6745,0.6745,6.0,3.0,2.0,0.5
3,"[0.15058025830258295, 8.713432426199258, 1.1984197416974172, 0.15058025830258295, 0.7802304057809892, 0.5687695942190107, 2.3855757563725883, 0.5687695942190107]",1.81454475438668,0.6745,2.692851901431546,0.15058025830258295,8.713432426199258,8.0,2.0,4.0,1.0
