Cluster,Dist,mean,median,std,min,max,bag_count,day_count,Cluster_Rank,Cluster_perc
0,"[0.6836711990111246, 7.180215080346107, 0.6653288009888755, 0.6653288009888755, 3.1507351116625313, 0.43097704714640195, 0.6745, 5.23532506203474, 0.0, 2.1023469713071217, 0.6415276301806588, 0.7074723698193411, 0.19711742826780007, 0.7640988310308192, 4.252718916046761, 0.19711742826780007, 0.416455366631243]",1.6449962378664824,0.6745,2.0166221808256406,0.0,7.180215080346107,17.0,3.0,4.0,1.0
1,"[0.6744999999999999, 0.6745000000000001, 0.0, 0.8306426648721402, 0.6745, 0.0, 1.3176806864064607, 0.39852691790040384, 0.0, 0.0, 0.0, 0.6745000000000001, 0.6744999999999999, 0.6745000000000002, 0.6744999999999999, 0.0, 0.0, 1.999410714285714, 0.0, 0.6745]",0.49711304917323595,0.6744999999999999,0.5138039929564558,0.0,1.999410714285714,20.0,11.0,1.0,0.25
2,"[0.6745, 0.6745, 0.3675277176852353, 0.9814722823147647, 0.3675277176852353, 1.1200931584640352, 0.6745, 0.6745, 0.6745, 0.6745, 0.6744999999999999, 0.6745, 1.7286246761658035, 1.5739789507772022, 0.7544439766839378, 0.22410524611398971, 0.6745, 0.0, 0.5993613989637305, 0.6745, 0.6745]",0.7207921488025684,0.6745,0.3796195297197361,0.0,1.7286246761658035,21.0,7.0,2.0,0.5
3,"[0.0, 0.6745, 2.0677554188635026, 0.6745, 0.0, 2.856824143070044]",1.045596593655591,0.6745,1.0635885589739904,0.0,2.856824143070044,6.0,2.0,3.0,0.75
