Cluster,Dist,mean,median,std,min,max,bag_count,day_count,Cluster_Rank,Cluster_perc
0,"[1.0950466867469872, 0.2539533132530111, 0.2539533132530128, 6.816106927710843, 0.6745, 0.6745]",1.6280100401606423,0.6745,2.3379059655164536,0.2539533132530111,6.816106927710843,6.0,2.0,3.0,1.0
1,"[0.6745000000000001, 0.6744999999999999, 0.0, 0.6745000000000001, 0.6744999999999998, 0.0, 0.0, 0.0, 0.6745, 1.797713983050847]",0.5170213983050848,0.6744999999999999,0.5322983704467908,0.0,1.797713983050847,10.0,6.0,1.0,0.33
2,"[1.2258230478589418, 0.3480102854743914, 1.0009897145256086, 0.3480102854743911, 0.7454121830550401, 0.6035878169449598, 0.6035878169449598, 1.049917439703154, 0.6744999999999999, 0.7179171001300391, 0.0]",0.6652505172828623,0.6744999999999999,0.33516099030866026,0.0,1.2258230478589418,11.0,3.0,2.0,0.67
