Cluster,Dist,mean,median,std,min,max,bag_count,day_count,Cluster_Rank,Cluster_perc
0,"[3.0548820166320136, 0.6745, 1.7661803534303522, 0.504823284823285, 0.0, 0.6745, 0.6456245883644348, 1.5548298572996717, 2.3477930845225043, 1.197218990120747, 0.48940120746432486, 0.0]",1.0758127818881114,0.6745,0.9012617423809715,0.0,3.0548820166320136,12.0,2.0,5.0,0.71
1,"[0.43388213470319614, 1.9141632420091332, 0.4796957762557077, 0.15322545662100473, 0.15322545662100442, 1.2770071347031968, 1.178450057077626, 0.8562146118721464, 0.49278538812785366, 1.350924942922375, 1.2408581706063722, 0.01109146968139767, 0.0, 1.1431145940390544, 0.6745]",0.7572758956826714,0.6745,0.5567333961741852,0.0,1.9141632420091332,15.0,2.0,3.0,0.43
2,"[0.8428008458285275, 0.5972216455209536, 0.7517783544790465, 0.21420107650903503, 1.348740676662822, 0.21420107650903494, 0.0, 0.6745, 3.678885602678569, 4.886141732283459, 0.6745, 0.0, 0.0, 0.6745000000000001, 7.484425133689795, 8.705633980582524, 0.0, 0.6745, 0.0, 75.29277716443926, 0.6745]",5.113776537580144,0.6745,15.878809494989955,0.0,75.29277716443926,21.0,6.0,7.0,1.0
3,"[0.6745000000000005, 0.6744999999999995, 0.0, 0.0, 0.674500000000001, 0.674499999999999, 0.6744999999999998, 0.6745000000000002]",0.5058750000000001,0.6744999999999997,0.29206706742630195,0.0,0.674500000000001,8.0,5.0,1.0,0.14
4,"[0.7920725370652624, 4.112141540806429, 0.7219776222807262, 0.10645081058611622, 0.6270223777192738, 0.10645081058611622]",1.0776859498406541,0.6745,1.3847814036927097,0.10645081058611622,4.112141540806429,6.0,1.0,6.0,0.86
5,"[0.6745, 0.6745, 1.0824661261661483, 1.1358028653931587, 0.2665338738338517, 0.2665338738338514]",0.6833894565378351,0.6745,0.34439204387145556,0.2665338738338514,1.1358028653931587,6.0,2.0,2.0,0.29
6,"[1.0296570796460176, 2.5040066371681453, 0.3193429203539824, 0.3193429203539824, 0.08909258142340143, 0.08909258142340143, 1.2599074185765984, 2.836724065138723]",1.0558957755105314,0.6745,1.0164349913749218,0.08909258142340143,2.836724065138723,8.0,2.0,4.0,0.57
