Cluster,Dist,mean,median,std,min,max,bag_count,day_count,Cluster_Rank,Cluster_perc
0,"[0.0, 0.6745000000000001, 0.6744999999999998, 0.0]",0.33724999999999994,0.3372499999999999,0.33724999999999994,0.0,0.6745000000000001,4.0,3.0,1.0,0.33
1,"[0.6745, 0.6745]",0.6745,0.6745,0.0,0.6745,0.6745,2.0,1.0,2.0,0.67
2,"[0.0, 3.654563636363638, 0.6745]",1.4430212121212127,0.6745,1.5878554684790105,0.0,3.654563636363638,3.0,1.0,3.0,1.0
