Cluster,Dist,mean,median,std,min,max,bag_count,day_count,Cluster_Rank,Cluster_perc
0,"[0.0, 0.0, 0.0, 0.0, 0.0, 0.0, 0.0, 0.0]",0.0,0.0,0.0,0.0,0.0,8.0,8.0,1.0,0.33
1,"[0.6745, 13.499919117647057, 0.0]",4.724806372549019,0.6745,6.21104877506671,0.0,13.499919117647057,3.0,1.0,3.0,1.0
2,"[0.6744999999999999, 0.6745]",0.6744999999999999,0.6744999999999999,7.850462293418876e-17,0.6744999999999999,0.6745,2.0,1.0,2.0,0.67
