Cluster,Dist,mean,median,std,min,max,bag_count,day_count,Cluster_Rank,Cluster_perc
0,"[0.0, 0.0]",0.0,0.0,0.0,0.0,0.0,2.0,2.0,1.0,0.33
1,"[0.6745, 1437.2719025974052, 0.0]",479.3154675324684,0.6745,677.3775472852661,0.0,1437.2719025974052,3.0,1.0,3.0,1.0
2,"[0.6744999999999999, 0.6745]",0.6744999999999999,0.6744999999999999,7.850462293418876e-17,0.6744999999999999,0.6745,2.0,1.0,2.0,0.67
