Cluster,Dist,mean,median,std,min,max,bag_count,day_count,Cluster_Rank,Cluster_perc
0,"[0.6745, 2.8660195242369824, 0.08567482046678696, 4.419367594254935, 0.0, 0.6120197335501626, 2.659735582937202, 0.7369802664498374, 0.6120197335501626, 0.6745, 0.0, 14.200569518716573, 2.4783556149732617, 0.2896002673796788, 0.7235480875101729, 0.7063053760352339, 0.27233151419407353, 0.6454715400449997, 0.2723315141940734, 0.7035284599550001, 2.372911428260159, 0.5086048916003925, 0.6312479355049572, 0.4708640483712824, 2.3973959472709443, 2.3284689399716747, 0.46044416603115806, 2.0630191306242507, 0.3101862294367575, 1.004747074844754, 0.6396837781893454, 0.5975486545375316, 2.3109359080509857, 0.7079788321167884, 0.0, 0.6745, 2.1951120819261356, 0.34646424990600305, 11.88557930191753, 1.0025357500939966, 0.3464642499060034]",1.6314037011465803,0.6745,2.7740907295692625,0.0,14.200569518716573,41.0,6.0,3.0,0.75
1,"[0.0, 0.0, 0.0, 0.0, 0.0, 0.0]",0.0,0.0,0.0,0.0,0.0,6.0,6.0,1.0,0.25
2,"[0.9745629091249489, 0.5936855580146699, 0.7553144419853298, 0.5936855580146702, 56.07870952801067, 0.0, 0.6745, 0.7947508583968783, 0.644026691981926, 0.5553551451415045, 0.5635545397944778, 0.9253840131672224, 0.5553551451415045, 0.8690194117900889, 0.7049733080180742, 0.7959982308085883, 0.7322408689380537, 0.6126926969997719, 0.6116947990704041, 0.5113549283928694, 0.6745, 0.8756539494895216, 0.0, 0.9928795061093846]",2.962078837016273,0.6745,11.078142258017548,0.0,56.07870952801067,24.0,4.0,4.0,1.0
3,"[0.6745, 0.6745, 0.6745, 0.6745, 1.2973684054972665, 0.2673280626570121, 1.081671937342988, 0.26732806265701176]",0.7014620585192848,0.6745,0.33157133271908,0.26732806265701176,1.2973684054972665,8.0,3.0,2.0,0.5
