Cluster,Dist,mean,median,std,min,max,bag_count,day_count,Cluster_Rank,Cluster_perc
0,"[0.6745, 3.627888972646991, 0.34080917510230485, 1.3285165841051028, 0.0, 0.5270061399615329, 1.1973148394732949, 0.5270061399615327, 0.8219938600384671]",1.0050039679210252,0.6745,1.003994618731429,0.0,3.627888972646991,9.0,2.0,3.0,1.0
1,"[0.0, 0.0, 0.6744999999999982, 0.6745000000000018]",0.33725,0.3372499999999991,0.33725,0.0,0.6745000000000018,4.0,3.0,1.0,0.33
2,"[0.6745, 0.6745, 0.6745, 0.6745]",0.6745,0.6745,0.0,0.6745,0.6745,4.0,2.0,2.0,0.67
