Cluster,Dist,mean,median,std,min,max,bag_count,day_count,Cluster_Rank,Cluster_perc
0,"[2.352685173632772, 0.6745, 0.0, 0.7300479552643466, 0.0, 0.6745]",0.7386221881495197,0.6745,0.7857715552517381,0.0,2.352685173632772,6.0,2.0,2.0,0.67
1,[0.0],0.0,0.0,0.0,0.0,0.0,1.0,1.0,1.0,0.33
2,"[0.6745, 0.09053482472324723, 17.061381053966784, 13.381109317343173, 0.0]",6.241505039206641,0.6745,7.42732833613303,0.0,17.061381053966784,5.0,1.0,3.0,1.0
