Cluster,Dist,mean,median,std,min,max,bag_count,day_count,Cluster_Rank,Cluster_perc
0,"[0.0, 0.0, 0.0, 0.0, 0.0, 0.6744999999999997, 0.6745000000000003, 0.0, 0.0, 0.0, 0.0]",0.12263636363636364,0.0,0.2601510130419961,0.0,0.6745000000000003,11.0,10.0,1.0,0.33
1,"[4.964177248677249, 0.6745, 0.0, 0.0, 0.6745, 0.8969651086240947, 0.6745, 0.0, 2.25768444846293]",1.1269252006404749,0.6745,1.5084925628902977,0.0,4.964177248677249,9.0,3.0,3.0,1.0
2,"[0.6745, 0.6745, 0.6745, 0.6745, 0.6745, 0.6745]",0.6745,0.6745,0.0,0.6745,0.6745,6.0,3.0,2.0,0.67
