Cluster,Dist,mean,median,std,min,max,bag_count,day_count,Cluster_Rank,Cluster_perc
0,"[0.5494383859167811, 0.799561614083219, 1.400350823045268, 0.5494383859167808, 0.6745, 3.508194308145242, 0.0, 0.1419495881851749, 0.14194958818517425, 1.0514997159897754, 3.7567791820505514, 0.2975002840102246, 2.778265691564894, 1.0323643031784837, 1.2416681947840258, 0.5435304604726975, 0.0, 0.6745]",1.0634161403071272,0.6745,1.1064345376993916,0.0,3.7567791820505514,18.0,4.0,3.0,0.75
1,"[0.6745000000000002, 0.6744999999999998, 0.0, 0.6744999999999995, 0.6745000000000004, 0.6745, 0.6745000000000001, 0.0, 0.0, 0.0, 0.0, 0.6745000000000005, 0.6744999999999993, 0.0, 0.0, 1.297407809983897, 0.6745]",0.4334063417637587,0.6744999999999995,0.389911098843997,0.0,1.297407809983897,17.0,11.0,1.0,0.25
2,"[0.6745, 0.6745, 0.6745, 0.6745]",0.6745,0.6745,0.0,0.6745,0.6745,4.0,2.0,2.0,0.5
3,"[7.857547372954346, 0.8458845822566747, 0.40318949181739877, 0.5031154177433252, 7.572293712316966, 0.40318949181739877]",2.930870011484352,0.6745,3.387094576506578,0.40318949181739877,7.857547372954346,6.0,1.0,4.0,1.0
