Cluster,Dist,mean,median,std,min,max,bag_count,day_count,Cluster_Rank,Cluster_perc
0,"[15.122712372974458, 0.513701867618786, 1.0546356770118102, 0.0, 0.6745, 0.7067221581475983, 0.6422778418524013, 1.1885729948723973, 0.6422778418524014, 0.6745, 0.6744999999999999, 0.05172118543607122, 0.8945663336155801, 7.084477392040644, 6.523997019475021, 0.10353375105842494, 0.051721185436071064, 8.642555258255715, 0.4544336663844199, 0.6744999999999999, 0.28577734891927753, 0.0, 4.357026025584467, 5.417273378914859]",2.3514993041437666,0.6744999999999999,3.644639595515606,0.0,15.122712372974458,24.0,5.0,3.0,1.0
1,"[0.6744999999999998, 0.6745000000000002, 0.6744999999999995, 0.6745000000000004, 0.6744999999999999, 0.6745000000000001, 0.0, 0.0, 0.0, 0.6744999999999999, 0.6745000000000001, 0.0, 0.0]",0.41507692307692307,0.6744999999999998,0.3281471202743957,0.0,0.6745000000000004,13.0,9.0,1.0,0.33
2,"[0.0, 0.6745, 12.82090554746045, 0.8553320946875859, 0.6745, 0.0, 2.1701197746274143, 0.6745, 0.0, 0.0, 0.6745, 3.8571008873365735, 0.6745, 7.203778620145426, 0.0]",2.01864912828383,0.6745,3.442275141546888,0.0,12.82090554746045,15.0,5.0,2.0,0.67
