Cluster,Dist,mean,median,std,min,max,bag_count,day_count,Cluster_Rank,Cluster_perc
0,"[0.0, 0.0, 0.0, 1.4708601841196802, 0.6745]",0.429072036823936,0.0,0.5827290738082963,0.0,1.4708601841196802,5.0,3.0,2.0,0.67
1,[0.0],0.0,0.0,0.0,0.0,0.0,1.0,1.0,1.0,0.33
2,"[0.6744999999999983, 0.6745000000000017]",0.6745,0.6745,1.6653345369377348e-15,0.6744999999999983,0.6745000000000017,2.0,1.0,3.0,1.0
