Cluster,Dist,mean,median,std,min,max,bag_count,day_count,Cluster_Rank,Cluster_perc
0,"[0.1535990099009749, 6.718287128712962, 1.1954009900990252, 0.1535990099009749, 0.01605952380941683, 1.0759880952384162, 1.6862500000003209, 0.27301190476179776, 0.016059523809630785, 1.0759880952382022, 0.9487186897880542, 0.6368111753371867, 0.7121888246628133, 0.6368111753371867, 0.6745, 0.6745, 0.3071383928571063, 4.414361607142813, 0.30713839285714645, 1.0418616071428535]",1.1359136573298438,0.6745,1.5800081439363312,0.01605952380941683,6.718287128712962,20.0,5.0,2.0,0.4
1,"[0.95816822429903, 0.6934112149532686, 0.6555887850466473, 0.6555887850467313, 0.6555887850466473, 1.462467289719612, 17.24373913043654, 0.6745, 0.0, 0.46921739130454315, 1.3196739130436734, 0.03372499999999438, 1.2478249999997921, 1.2141000000000226, 113.3834499999937, 0.1348999999999775, 0.03372499999999438]",8.284451089346483,0.6745,26.564795816208274,0.0,113.3834499999937,17.0,3.0,5.0,1.0
2,"[0.6744999999999818, 0.6745000000000182, 0.0, 0.0, 0.6745000000000216, 0.6744999999999782, 0.0]",0.3854285714285714,0.6744999999999782,0.33379093420148787,0.0,0.6745000000000216,7.0,5.0,1.0,0.2
3,"[0.40584322033905146, 0.18863135593222016, 0.3258177966102469, 0.3029533898305885, 28.643385593220188, 1.0917754237287283, 1.114639830508539, 0.6116228813559013, 2.3493177966100944, 0.08574152542375721, 0.08574152542368105, 1.023182203389753, 0.7716737288135103, 0.4973008474576091, 1.2403940677966605, 0.7373771186440988, 0.15433474576265638, 1.0689110169492222, 0.7055302663438332, 1.2240623486682831, 8.303862590799074, 41.702228208232654, 0.3013202179176766, 1.1211725181598085, 0.7243117433414046, 0.031030266343827852, 0.6500024213075141, 0.3788958837772381, 0.1347366828087189, 0.30458656174334753, 2.592660411622287, 0.6712336561743399, 0.0, 0.6745, 0.8280181598063011, 0.660618038740927, 0.7594249394673198]",2.769374026568947,0.6745,8.007523909734314,0.0,41.702228208232654,37.0,2.0,3.0,0.6
4,"[0.6745, 18.211500000001497, 0.0, 27.828564516126093, 0.6745, 0.0, 1.6917786885242942, 0.8735327868852761, 0.4754672131147239, 0.4754672131145766, 0.0, 0.6744999999999999, 17.383704545456588, 0.0, 0.09635714285713451, 0.6745, 0.19271428571426902, 1.0161298701298989, 0.7358181818181765, 0.8584545454545879, 0.8061097560976705, 0.0, 0.6745]",3.2181782063171642,0.6745,7.160995436478414,0.0,27.828564516126093,23.0,6.0,4.0,0.8
