Cluster,Dist,mean,median,std,min,max,bag_count,day_count,Cluster_Rank,Cluster_perc
0,"[1.7522031900138693, 0.16371359223300933, 0.2061232085067038, 4.898622515025428, 0.16371359223300985, 1.1428767914932962, 0.027520015396458805, 0.0, 2.005326404926867, 0.6745, 5.264630869899921, 0.4299565069656813, 2.599907577302072, 0.4299565069656811, 0.9190434930343186, 0.6193170259812055, 0.8255074626865676, 0.0, 0.6797200110558322, 0.05331868435599785, 1.7041471807628534, 0.6745]",1.147027483129035,0.6745,1.4235104411260313,0.0,5.264630869899921,22.0,4.0,4.0,0.67
1,"[0.6745000000000004, 0.6744999999999995, 0.0, 0.0, 1.219156890848953, 0.0, 0.6745]",0.46323669869270756,0.6744999999999995,0.43900481634104743,0.0,1.219156890848953,7.0,4.0,1.0,0.17
2,"[0.5016390967397112, 4.213732362373061, 0.15627779262426467, 0.15627779262426586, 0.8473609032602888, 4.497087252805985, 7.211137246248901, 0.20419549867608164, 0.6745, 0.8203539276257729, 0.0]",1.7529601702707573,0.6745,2.303483646766416,0.0,7.211137246248901,11.0,2.0,5.0,0.83
3,"[0.6745, 0.6745, 0.6745, 0.6745, 0.6745, 0.6745]",0.6745,0.6745,0.0,0.6745,0.6745,6.0,3.0,3.0,0.5
4,"[0.6745, 0.6785352047860107, 1.2226670501610684, 0.0, 0.2911555453290383, 0.3307402641381647, 1.2446158144260078, 0.0, 1.1939083982390792, 0.6745]",0.631062227707937,0.6745,0.45293226315749163,0.0,1.2446158144260078,10.0,2.0,2.0,0.33
5,"[3.5606612903225794, 3.0776935483870957, 0.6745, 0.4302580645161284, 0.0, 5.736037190082644, 0.6745, 4.9764012021036805, 0.44595041322314205, 0.0]",1.9576001708635271,0.6745,2.068552826397753,0.0,5.736037190082644,10.0,2.0,6.0,1.0
