Cluster,Dist,mean,median,std,min,max,bag_count,day_count,Cluster_Rank,Cluster_perc
0,"[0.0, 1.4802113281250004, 0.0, 0.6745, 0.0, 0.674500000000001, 0.674499999999999, 0.0, 0.0, 0.0, 0.0]",0.3185192116477273,0.0,0.4709639009360572,0.0,1.4802113281250004,11.0,8.0,1.0,0.25
1,"[0.0, 0.6745, 0.8699517045454542, 0.6745, 0.0, 11.872929487179496, 0.6745, 522.7656041666659, 0.0, 40.67001359663321, 0.0, 0.6745000000000001]",48.239708246252,0.6745,143.51441174932663,0.0,522.7656041666659,12.0,4.0,4.0,1.0
2,"[0.6744999999999999, 0.6745]",0.6744999999999999,0.6744999999999999,7.850462293418876e-17,0.6744999999999999,0.6745,2.0,1.0,3.0,0.75
3,"[0.6744999999999999, 1.031615731115731, 0.0, 0.1294778239778239, 0.6974040194040196]",0.5065995148995148,0.6744999999999999,0.38447439378617654,0.0,1.031615731115731,5.0,1.0,2.0,0.5
