Cluster,Dist,mean,median,std,min,max,bag_count,day_count,Cluster_Rank,Cluster_perc
0,"[0.0, 0.0, 0.0, 0.0, 0.6744999999999974, 0.6745000000000024, 0.0, 0.6744999999999997, 0.6745000000000003, 0.0, 0.0, 0.0]",0.2248333333333333,0.0,0.3179623492735508,0.0,0.6745000000000024,12.0,10.0,1.0,0.33
1,"[0.6745, 0.6745]",0.6745,0.6745,0.0,0.6745,0.6745,2.0,1.0,2.0,0.67
2,"[14.30649999999855, 0.5750999999999263, 0.773899999999979, 0.5751000000000208]",4.05764999999962,0.6744999999999999,5.917732872265586,0.5750999999999263,14.30649999999855,4.0,1.0,3.0,1.0
