Cluster,Dist,mean,median,std,min,max,bag_count,day_count,Cluster_Rank,Cluster_perc
0,"[0.5116064400715565, 1.330900715563507, 0.0, 1.355998389982112, 0.6745, 0.000981090909090801, 0.000981090909090801, 1.5520858181818182, 1.0677539393939393, 0.28124606060606067, 1.084596, 3.0414570552147246, 1.7880457055214731, 0.17503895705521477, 0.6745, 0.6529822085889571, 0.0, 1.4524509202453992, 0.5155937663242207, 0.515593766324221, 1.0192079052759881, 0.8334062336757788, 0.6015205584404528, 0.6015205584404528, 0.7474794415595472, 0.9529243211032603]",0.8243219593610333,0.6745,0.6618357324585645,0.0,3.0414570552147246,26.0,5.0,3.0,0.5
1,"[0.6744999999999999, 0.6745000000000001, 0.0, 0.6744999999999999, 0.6745000000000001, 0.6744999999999999, 0.6745000000000001]",0.5781428571428571,0.6744999999999999,0.23602583307246483,0.0,0.6745000000000001,7.0,4.0,1.0,0.17
2,"[0.6745, 1.2880678312873783, 0.9555947434686815, 0.0919290210890779, 1.4160890777463022, 0.03227069562480327, 0.0, 1.2556897233201574, 0.021328063241107326, 1.1752651515151507, 0.2403850461133071, 0.806911725955204, 0.021328063241107326, 3.982571475625823, 0.542088274044796]",0.8336012594848596,0.6745,0.981196766292174,0.0,3.982571475625823,15.0,2.0,4.0,0.67
3,"[0.6737812999467235, 7.963555940330316, 0.9350287693127325, 0.6745, 0.0]",2.0493732019179545,0.6745,2.9732736470319514,0.0,7.963555940330316,5.0,1.0,6.0,1.0
4,"[0.04550881057268743, 0.04550881057268691, 2.567416299559471, 2.0901211453744497, 0.4305352422907484, 0.9184647577092516, 0.3711662570888469, 0.8995458412098298, 0.4494541587901702, 2.3944112476370503, 1.6559038752362945, 0.37116625708884665]",1.0199335585941944,0.6745,0.8790185298028494,0.04550881057268691,2.567416299559471,12.0,2.0,5.0,0.83
5,"[0.6745, 0.6745, 0.26496198445905533, 0.2649619844590559, 1.1390301255230126, 1.0840380155409441, 0.6744999999999999, 0.6745]",0.6813740137477584,0.6745,0.299702848567968,0.26496198445905533,1.1390301255230126,8.0,3.0,2.0,0.33
