Cluster,Dist,mean,median,std,min,max,bag_count,day_count,Cluster_Rank,Cluster_perc
0,"[17.88698266666666, 0.0, 0.4383066666666665, 1.0236306666666664, 0.6745, 7.993710873549173, 0.0, 0.31438210140500916, 7.214925015271837, 0.6745, 0.5854640538591008, 0.5854640538591008, 14.387819668189469, 0.7635359461408991, 0.6909030012173425, 0.2875420217248807, 1.7724652355089434, 0.6580969987826574, 0.2875420217248807, 1.777859214345913, 0.49143947466991283, 0.3337382292349472, 1.728909172207136, 1.8169308221743614]",2.5995269959943985,0.6745,4.556432050049234,0.0,17.88698266666666,24.0,4.0,5.0,1.0
1,"[0.6744999999999999, 0.6745, 0.6745, 0.6745, 0.6745000000000001, 0.6745000000000001, 0.6745, 0.6745, 0.6745, 0.6745, 0.6744999999999999, 0.6745]",0.6745,0.6745,6.409875621278546e-17,0.6744999999999999,0.6745000000000001,12.0,6.0,2.0,0.4
2,"[0.17653936706925563, 0.17653936706925563, 1.6075188044641497, 0.6783153951995108, 0.6706846048004893, 0.8988864852469044, 0.6745, 3.044389976941275, 3.0686891863564214, 0.6348496690923243, 0.0, 0.0, 8.756642331166246, 0.6745]",1.5044325133861307,0.6745,2.2257393327131787,0.0,8.756642331166246,14.0,3.0,4.0,0.8
3,"[0.0, 0.0, 0.0, 0.0, 0.0, 0.0]",0.0,0.0,0.0,0.0,0.0,6.0,6.0,1.0,0.2
4,"[0.6513137139887724, 0.7525240297931642, 0.6976862860112276, 0.6513137139887724, 0.5611318016928657, 0.7878681983071343, 1.0419271463119708, 0.5611318016928657]",0.7131120864733467,0.6745,0.14548761460890836,0.5611318016928657,1.0419271463119708,8.0,2.0,3.0,0.6
