Cluster,Dist,mean,median,std,min,max,bag_count,day_count,Cluster_Rank,Cluster_perc
0,"[0.0, 0.0]",0.0,0.0,0.0,0.0,0.0,2.0,2.0,1.5,0.5
1,"[1.3867318150329055, 0.942828108763422, 0.4061718912365779, 0.40617189123657765]",0.7854759265673708,0.6745,0.4104910032792393,0.40617189123657765,1.3867318150329055,4.0,1.0,3.0,1.0
2,[0.0],0.0,0.0,0.0,0.0,0.0,1.0,1.0,1.5,0.5
