Cluster,Dist,mean,median,std,min,max,bag_count,day_count,Cluster_Rank,Cluster_perc
0,"[2.8455126016260164, 0.40305487804878043, 0.35315284552845566, 0.3531528455284553, 0.9459451219512196, 1.0183304878048782, 0.6745, 0.6745]",0.9085185975609757,0.6745,0.7703319401858526,0.3531528455284553,2.8455126016260164,8.0,2.0,2.0,0.5
1,"[0.0, 0.0, 0.0, 0.6744999999999997, 0.6745000000000003, 0.0, 0.0, 0.0, 0.0]",0.14988888888888888,0.0,0.2804164341532248,0.0,0.6745000000000003,9.0,8.0,1.0,0.25
2,"[8.512655172413789, 0.0, 0.6745000000000001, 0.7206249145201732, 0.0, 0.6745]",1.7637133478223268,0.6745000000000001,3.0339850090854275,0.0,8.512655172413789,6.0,2.0,4.0,1.0
3,"[0.0, 0.11833333333333346, 2.351677777777778, 1.5833, 0.6745]",0.9455622222222224,0.6745,0.8984142371759778,0.0,2.351677777777778,5.0,1.0,3.0,0.75
