Cluster,Dist,mean,median,std,min,max,bag_count,day_count,Cluster_Rank,Cluster_perc
0,"[0.6410143709539037, 0.6410143709539038, 0.933993896731924, 0.7079856290460961, 0.6669923407538013, 2.5998057637205205, 0.6820076592461985, 0.5601011130703105, 0.8714088053780026, 0.560101113070311]",0.8864425062924972,0.6744999999999999,0.5825261356171559,0.5601011130703105,2.5998057637205205,10.0,2.0,2.0,0.67
1,"[0.0, 1.2194841153307083, 0.6745, 0.0, 0.6745000000000001, 0.0, 1.3955622580645153, 0.0, 0.6744999999999998, 0.6745, 0.0, 1.2883199858881633, 0.6745, 0.0, 0.0, 0.0]",0.4547416474552117,0.3372499999999999,0.5037742366894399,0.0,1.3955622580645153,16.0,9.0,1.0,0.33
2,"[0.6745, 0.0, 10.438743044189826, 0.6745, 0.0, 2.6193215123094866]",2.4011774260832186,0.6745,3.700094229391979,0.0,10.438743044189826,6.0,2.0,3.0,1.0
