Cluster,Dist,mean,median,std,min,max,bag_count,day_count,Cluster_Rank,Cluster_perc
0,"[0.0, 0.6744999999999992, 0.6745000000000008, 0.0, 0.0]",0.2698,0.0,0.33043616630145073,0.0,0.6745000000000008,5.0,4.0,1.0,0.33
1,"[0.0, 0.6745, 22.20055898068227]",7.625019660227423,0.6745,10.310140555915295,0.0,22.20055898068227,3.0,1.0,3.0,1.0
2,"[0.6745, 0.6745]",0.6745,0.6745,0.0,0.6745,0.6745,2.0,1.0,2.0,0.67
