Cluster,Dist,mean,median,std,min,max,bag_count,day_count,Cluster_Rank,Cluster_perc
0,"[0.0, 0.0, 1.5205323275862068, 0.0, 0.6745, 0.0, 0.0, 0.0, 0.0]",0.24389248084291187,0.0,0.4979532473959262,0.0,1.5205323275862068,9.0,7.0,1.0,0.33
1,"[0.6745000000000001, 0.6745000000000001]",0.6745000000000001,0.6745000000000001,0.0,0.6745000000000001,0.6745000000000001,2.0,1.0,2.0,0.67
2,"[0.0, 8.329053030303031, 0.6745]",3.001184343434344,0.6745,3.7774220592786025,0.0,8.329053030303031,3.0,1.0,3.0,1.0
