Cluster,Dist,mean,median,std,min,max,bag_count,day_count,Cluster_Rank,Cluster_perc
0,"[4.943139499620925, 0.0, 0.2929355572403336, 4.582945034116755, 0.6745, 0.9228754147524247, 0.4261245852475754, 13.13041299770291, 0.4261245852475754]",2.822117519325389,0.6745,4.054109821443187,0.0,13.13041299770291,9.0,2.0,3.0,0.6
1,"[0.0, 0.6745000000000001, 0.6744999999999999, 0.0, 0.6745, 0.6745000000000001, 0.0, 0.6744999999999995, 0.6745000000000004]",0.44966666666666666,0.6744999999999999,0.3179623492735509,0.0,0.6745000000000004,9.0,6.0,1.0,0.2
2,"[0.0, 12.8411233130061, 0.6745, 0.7506491074808539, 3.1850046737136357, 0.1078500771672345, 0.6745, 0.0, 0.7773573274747996, 0.0, 0.6745, 0.0, 21.677369324473982, 0.6745]",3.0026681302369007,0.6745,6.104576808033768,0.0,21.677369324473982,14.0,4.0,4.0,0.8
3,"[0.6745, 0.6745, 0.6137543610611653, 0.6137543610611651, 0.7352456389388347, 0.735543515977414, 0.6744999999999999, 0.6744999999999999, 0.04185820895522418, 0.04185820895522347, 1.307141791044776, 1.5449388059701474]",0.6943412409969958,0.6744999999999999,0.40501470476692764,0.04185820895522347,1.5449388059701474,12.0,4.0,2.0,0.4
4,"[5.071187661253605, 0.6745, 0.0, 0.13415271664896045, 0.9192608893610564, 0.0, 27.110962563451782, 0.8462635363790186, 0.013838092216581969, 0.6745]",3.5444665459311,0.6745,7.984848752231826,0.0,27.110962563451782,10.0,2.0,5.0,1.0
