Cluster,Dist,mean,median,std,min,max,bag_count,day_count,Cluster_Rank,Cluster_perc
0,"[0.0, 0.0, 0.6745, 1.495551200615517, 0.6744999999999997, 0.6745000000000003, 1.1636400587106244, 0.0, 0.6745, 0.0, 0.0, 0.0, 0.0, 0.6745, 0.0, 1.2507552149464891]",0.45515290464203945,0.3372499999999998,0.5071516521187875,0.0,1.495551200615517,16.0,9.0,1.0,0.12
1,"[0.19035775995746756, 5.099794958132115, 0.19035775995746748, 0.6358606619113021, 0.9090554251030082, 0.7131393380886979, 2.0992674649378142, 12.375263363323628, 0.09816750463085461, 0.9782838052394812, 0.09816750463085491, 0.3707161947605188]",1.9798693117227673,0.6745,3.408920525044998,0.09816750463085461,12.375263363323628,12.0,2.0,4.0,0.5
2,"[0.6745, 0.6745, 0.6745000000000001, 0.6745000000000001]",0.6745000000000001,0.6745000000000001,7.850462293418876e-17,0.6745,0.6745000000000001,4.0,2.0,2.0,0.25
3,"[0.4632977323463753, 11.264094524732702, 1.487767418634708, 0.0, 0.6745, 8.754533848299538, 0.6745, 0.0, 0.09414488788756593, 1.5339610556807208]",2.494679946758161,0.6745,3.833892342731747,0.0,11.264094524732702,10.0,2.0,6.0,0.75
4,"[2.072828942426356, 0.0, 0.6745, 0.6745, 0.850445104146389, 0.0, 0.0, 94.1382994542974, 0.6745, 0.6745, 0.0, 6.5111032982134684]",8.855889733256967,0.6745,25.771644903516584,0.0,94.1382994542974,12.0,4.0,8.0,1.0
5,"[3.459827373612824, 0.0, 0.13004293464858196, 6.33511025893958, 0.6745]",2.1198961134401975,0.6745,2.453817075663134,0.0,6.33511025893958,5.0,1.0,5.0,0.62
6,"[7.396667050617519, 6.814059960325076, 0.0, 0.6745, 0.505562072054777]",3.0781578165994743,0.6745,3.3008290516121654,0.0,7.396667050617519,5.0,1.0,7.0,0.88
7,"[0.6524210140972562, 0.6965789859027436, 0.6524210140972564, 0.7551031136433217]",0.6891310319351445,0.6745,0.04213976270261269,0.6524210140972562,0.7551031136433217,4.0,1.0,3.0,0.38
