Cluster,Dist,mean,median,std,min,max,bag_count,day_count,Cluster_Rank,Cluster_perc
0,"[0.6750231723870468, 0.6745, 0.0, 0.672799689742098, 0.7705021330230754, 1.7127948387096779, 0.23881651612903207, 0.23881651612903207, 4.411491096774195, 0.669452129032258, 0.6795478709677419]",0.9767039966267416,0.6745,1.1631626088408362,0.0,4.411491096774195,11.0,2.0,6.0,1.0
1,"[0.6745, 0.0, 0.17884994861253856, 3.371806783144914, 1.7219506680370007, 0.5047686221536088, 0.669640614949183, 0.6028240705004501, 0.679359385050817, 0.973872829023543, 0.7333332690081051, 0.5047686221536085, 0.8102156824906729]",0.8789146534711111,0.6745,0.8182689415304405,0.0,3.371806783144914,13.0,2.0,4.0,0.67
2,"[0.0, 0.6745000000000001, 2.9836301020408222, 1.2585234151201894, 0.1460898617511522, 0.14608986175115193, 0.4950589737202641, 1.2432339643791257, 0.8539410262797359]",0.8667852450047158,0.6745000000000001,0.8654891951962053,0.0,2.9836301020408222,9.0,2.0,3.0,0.5
3,"[0.6745, 0.6745, 0.6745, 0.6744999999999999, 1.032789675300985, 0.31621032469901483, 0.316210324699015, 1.082005290040131]",0.6806519518423931,0.6745,0.26241004734974854,0.31621032469901483,1.082005290040131,8.0,3.0,2.0,0.33
4,"[0.0, 0.6745, 1.899514549325763, 0.6745000000000011, 0.6744999999999988, 0.6745000000000001, 0.6745, 0.0, 0.0, 0.0, 0.6745, 0.0, 1.6229075320512822, 0.6745000000000002, 0.6744999999999998, 0.0, 0.0, 0.0, 0.0]",0.46939063586194973,0.6744999999999988,0.5474997029091342,0.0,1.899514549325763,19.0,12.0,1.0,0.17
5,"[0.09895861456483114, 0.6030964476021315, 2.1284488454706927, 0.4248271758436944, 0.34431847246891656, 1.58118134991119, 2.309114209591474, 0.8894294849023092, 0.09776056838365899, 2.557588987566607, 0.7437470692717584, 0.6886369449378331, 0.09776056838365899, 0.660363055062167]",0.9446594138543517,0.6745000000000001,0.8175123216483344,0.09776056838365899,2.557588987566607,14.0,1.0,5.0,0.83
