Cluster,Dist,mean,median,std,min,max,bag_count,day_count,Cluster_Rank,Cluster_perc
0,"[0.0, 0.0, 0.0, 0.0, 0.6744999999999999, 0.6745000000000001, 0.674500000000007, 0.6744999999999929, 0.6744999999999975, 0.6745000000000023, 0.0, 0.0]",0.3372499999999999,0.33724999999999644,0.33725,0.0,0.674500000000007,12.0,9.0,1.0,0.25
1,"[0.6745, 0.0, 5.63272355769232, 0.6745, 0.8057576555811655, 0.0]",1.2979135355455809,0.6745,1.9655043162165409,0.0,5.63272355769232,6.0,2.0,4.0,1.0
2,"[0.800420588235294, 0.5515029411764703, 0.7974970588235294, 0.5515029411764706, 0.19016740088105744, 1.2870258023914403, 1.1588325991189425, 0.19016740088105674, 0.6745, 0.6745]",0.6876116732684261,0.6745,0.3374083168096881,0.19016740088105674,1.2870258023914403,10.0,3.0,2.0,0.5
3,"[1.5918387883008358, 0.6745, 0.0, 0.09065355153203321, 1.7294630919220053]",0.8172910863509749,0.6745,0.7277826641959925,0.0,1.7294630919220053,5.0,1.0,3.0,0.75
