Cluster,Dist,mean,median,std,min,max,bag_count,day_count,Cluster_Rank,Cluster_perc
0,"[0.08519999999998805, 4.969999999999823, 4.2173999999998815, 0.34079999999999944, 0.0, 0.5182999999999746, 0.49699999999997757, 8.846599999999706, 1.0152999999999994, 0.6745, 1.4838999999999336, 0.6744999999999732, 0.6745000000000267, 0.8110059523809628, 0.23286309523812104, 13.008214285714129, 0.23286309523806753, 0.424282258064543, 0.14142741935475103, 0.14142741935489597, 0.6201048387096832, 7.9090564516129955, 3.2963467741935566, 1.8385564516129231, 0.7288951612903167, 4.144911290322643, 1.6644919354837646, 0.4025241935484163, 0.44604032258066967, 6.09968509615393, 2.29265144230771, 0.7036850961538433, 729.5787620192411, 0.6453149038461565, 0.03567067307694125, 0.03567067307694125, 0.26915144230768806, 0.5995555555555556, 5.07124074074124, 0.6745, 0.0, 0.24981481481481482, 0.8993333333334997, 25.33122222222505, 6.865446428570597, 0.3372499999999198, 0.12044642857139991, 3.3002321428566788, 0.7949464285713999, 0.12044642857139991, 1.3730892857141195, 0.5540535714286]",16.269099609073432,0.6745,99.97012551315247,0.0,729.5787620192411,52.0,6.0,4.0,1.0
1,"[0.6745, 0.6745, 0.6745, 0.6745, 0.5494271523178796, 0.7995728476821203, 1.6415811258278121, 0.5494271523178796, 0.6745, 0.6745]",0.7587008278145693,0.6745,0.3018737752054236,0.5494271523178796,1.6415811258278121,10.0,4.0,2.0,0.5
2,"[0.6745000000000441, 0.6744999999999559, 0.6745000000001404, 0.6744999999998595, 0.0, 0.6745000000000365, 0.6744999999999635, 0.0, 0.6745000000000041, 0.6744999999999959]",0.5396,0.6744999999999797,0.2698,0.0,0.6745000000001404,10.0,6.0,1.0,0.25
3,"[0.0, 0.6745, 0.9038299999999695, 6.873476190474652, 0.0, 0.6745, 33.05050000000449, 0.0, 0.6745, 0.0, 38.50046000000431, 0.6745000000000001, 0.0, 0.9369901477832168, 0.6744999999999999, 0.9267043478260968, 0.6745, 0.0, 0.0, 2.086734374999993, 0.6745]",4.190485479099653,0.6745,10.38129007970322,0.0,38.50046000000431,21.0,7.0,3.0,0.75
