Cluster,Dist,mean,median,std,min,max,bag_count,day_count,Cluster_Rank,Cluster_perc
0,"[0.0, 0.6206963012477718, 0.6745, 1.1016232174688056, 0.8680730837789661, 0.0, 0.6745, 2.2777593728698027, 0.6745, 1.2496871165644174, 0.6469130879345603, 1.0101407634628492, 0.49886332651670096, 1.8588980913428768, 0.0, 0.7866042245692052, 1.286011673151751, 0.08923346303501946, 0.6745, 0.9519485825458589, 0.24782907170650365, 0.5122370190511766, 0.6745, 0.8586836010459465, 0.0, 0.899501307433694]",0.7360462809125349,0.6745,0.5367785962118268,0.0,2.2777593728698027,26.0,4.0,5.0,0.83
1,"[0.6745, 1.1685635339669131, 0.16357990144315382, 0.7461997536078846, 0.0, 0.1555077437522, 0.7457249208025345, 0.058641851460753326, 1.2281550510383668, 0.6745, 0.13366143840856953, 1.0104598316755928, 0.9232444529456768, 0.0]",0.5487670342215462,0.6745,0.4331237750286055,0.0,1.2281550510383668,14.0,2.0,2.0,0.33
2,"[0.0, 0.6745, 1.7488456439393938, 0.0, 0.0]",0.4846691287878787,0.0,0.6839430552795731,0.0,1.7488456439393938,5.0,3.0,1.0,0.17
3,"[1.4483195792880257, 0.4616723300970873, 0.15544995376791496, 0.8873276699029125, 0.15544995376791496, 0.9864913314840499, 38.08271857258718, 0.0, 0.6745, 0.6745, 26.852153594771195, 0.0, 0.9729229305423404, 0.6745, 0.0, 8.035936245954693, 0.0, 0.6745, 0.6745, 0.0, 888.5413333331844]",46.18820359501656,0.6745,188.59740399762737,0.0,888.5413333331844,21.0,6.0,6.0,1.0
4,"[0.19539397450753182, 1.0934246813441484, 0.19539397450753182, 1.0086236964078794, 0.3403763035921204, 1.2219939165701046, 1.05332252617359, 0.46697906112799725, 1.0756464032421478, 0.8578747044917256, 0.4669790611279974, 0.49112529550827433]",0.7055944665500874,0.6745,0.365583429973607,0.19539397450753182,1.2219939165701046,12.0,2.0,4.0,0.67
5,"[0.6745, 0.6745, 0.6745, 0.6744999999999999]",0.6744999999999999,0.6745,9.614813431917819e-17,0.6744999999999999,0.6745,4.0,2.0,3.0,0.5
