Cluster,Dist,mean,median,std,min,max,bag_count,day_count,Cluster_Rank,Cluster_perc
0,"[2.5760485165794056, 0.30087643979057604, 1.0481235602094239, 0.30087643979057566, 0.0, 0.774284960745829, 0.1034255397448475, 0.6745, 1.1676329735034348]",0.7717520478182326,0.6745,0.7441447189742638,0.0,2.5760485165794056,9.0,2.0,6.0,0.86
1,"[1.140331154684095, 1.5167677923021055, 0.6745, 0.45211583151779194, 0.34141358024691354, 0.0, 0.9894625998547562, 0.0, 0.0, 0.6745, 1.5500841823056288, 0.6745, 0.6745000000000001, 0.0, 0.6745, 0.0, 1.8087715355805245, 0.6744999999999998, 0.6745000000000002, 0.6745, 0.0, 1.3931339506172835, 0.0, 0.6744999999999997, 0.6745000000000003, 0.6745000000000001, 0.6744999999999998]",0.640225208411448,0.6745,0.5058401132593577,0.0,1.8087715355805245,27.0,11.0,3.0,0.43
2,"[0.6745, 0.6745, 0.6745, 0.6745]",0.6745,0.6745,0.0,0.6745,0.6745,4.0,2.0,4.0,0.57
3,"[0.0, 0.6745000000000001, 2.9871273201856146, 0.6745, 0.0, 0.9530391445722867, 0.6745, 44.159911764706415, 0.0, 0.6745, 0.0, 6.815904312668482, 5.219789792387546, 0.0, 0.6745]",4.2338848223013565,0.6745,10.853631706494074,0.0,44.159911764706415,15.0,5.0,7.0,1.0
4,"[0.7381940225856697, 0.0, 0.04543944704049836, 0.6745, 0.764065615264797]",0.444439816978193,0.6745,0.3458635332556709,0.0,0.764065615264797,5.0,1.0,1.0,0.14
5,"[0.3002204656011116, 0.21327136900625443, 0.8059782835302293, 1.082293606671299, 0.3316252605976372, 1.1165107713690063, 0.41318398193189704, 0.4872430507296734, 0.13593120222376653, 1.3560309242529536, 0.8350394371091033, 1.2519732453092425, 0.0, 0.3318596247394025, 0.3032671994440585, 0.9658146282140375, 1.2297086518415565, 0.4663846421125781, 1.4420425642807502, 0.7042642460041694, 0.6745000000000001]",0.6879591978556538,0.6745000000000001,0.4253446059187086,0.0,1.4420425642807502,21.0,1.0,5.0,0.71
6,"[1.0680067470571344, 1.0805943152454778, 0.25504349698535733, 0.0, 0.23877648578811342, 0.7107134654033874, 0.6744999999999999]",0.5753763586399243,0.6744999999999999,0.39152487291062477,0.0,1.0805943152454778,7.0,1.0,2.0,0.29
