Cluster,Dist,mean,median,std,min,max,bag_count,day_count,Cluster_Rank,Cluster_perc
0,"[0.06017285212879593, 0.7458098733404548, 0.7146015107584314, 0.06017285212879593, 0.6343984892415688, 0.8092558980619565, 1.3730257255936662, 0.1739640501319261, 0.0, 0.6593726912928753, 1.5690133575197882, 1.492709432717677, 3.1391390171503932, 0.6518090369393136, 4.309058377308704, 0.5448055738786275, 0.6745, 0.6198475710357471, 2.7423896425297887, 0.08680091659028404, 0.17137616865261235, 0.6745, 0.0, 2.623934830430797, 2.1007800183318053, 1.0783344637946837]",1.0657604749830265,0.6745,1.0758968358921637,0.0,4.309058377308704,26.0,3.0,2.0,0.67
1,"[0.0, 0.6745000000000004, 0.6744999999999995, 0.0, 0.0, 0.0, 0.0, 0.0, 0.6745000000000004, 0.6744999999999995]",0.2698,0.0,0.33043616630145073,0.0,0.6745000000000004,10.0,8.0,1.0,0.33
2,"[0.6745, 0.0, 3.9449549019607857, 3.614947584405893, 0.6745, 0.0]",1.484817081061113,0.6745,1.6488544069161761,0.0,3.9449549019607857,6.0,2.0,3.0,1.0
