Cluster,Dist,mean,median,std,min,max,bag_count,day_count,Cluster_Rank,Cluster_perc
0,"[0.0, 0.0, 0.0, 0.0, 0.6745, 1.6081864310148228, 0.0, 0.0, 0.6745000000000001, 0.6744999999999999, 0.0]",0.33015331191043845,0.0,0.5001909675205379,0.0,1.6081864310148228,11.0,8.0,1.0,0.2
1,"[0.7809452090032153, 0.5680547909967846, 0.5680547909967845, 0.995223665594855, 0.9735970272502065, 2.1677572254335264, 0.3754029727497935, 0.3754029727497935]",0.8505548318468699,0.6744999999999999,0.5462471079028639,0.3754029727497935,2.1677572254335264,8.0,2.0,5.0,1.0
2,"[0.6745, 0.6745, 0.6745, 0.6745]",0.6745,0.6745,0.0,0.6745,0.6745,4.0,2.0,3.0,0.6
3,"[0.7231316614420065, 0.6745, 0.0, 0.0, 0.6745, 0.7886461538461549]",0.4767963025480269,0.6745,0.3393067370918218,0.0,0.7886461538461549,6.0,2.0,2.0,0.4
4,"[1.9830775558166878, 0.6745, 0.11175616921269124, 2.3960205640423036, 0.0, 0.12961777108433728, 0.895134638554217, 0.7691737951807232, 0.0, 0.6745]",0.763378049389096,0.6745,0.7860111786149576,0.0,2.3960205640423036,10.0,2.0,4.0,0.8
