Cluster,Dist,mean,median,std,min,max,bag_count,day_count,Cluster_Rank,Cluster_perc
0,"[0.0, 0.0, 0.6745, 1.6028330804248863, 0.0, 1.6923949624866017, 0.6745, 0.0, 0.0, 0.0]",0.4644228042911488,0.0,0.647015431137296,0.0,1.6923949624866017,10.0,6.0,1.0,0.2
1,"[0.7476458547227925, 0.6013541452772073, 29.71652059804928, 0.6013541452772073, 0.36471832579185515, 0.9842816742081447, 41.33713043856595, 0.36471832579185515]",9.339715438460535,0.6744999999999999,15.396853375148787,0.36471832579185515,41.33713043856595,8.0,2.0,4.0,0.8
2,"[0.6745, 0.0, 28.160375]",9.611624999999998,0.6745,13.118837155895969,0.0,28.160375,3.0,1.0,5.0,1.0
3,"[0.6745, 0.6744999999999999]",0.6744999999999999,0.6744999999999999,7.850462293418876e-17,0.6744999999999999,0.6745,2.0,1.0,3.0,0.6
4,"[0.7071868332825361, 0.0, 0.6745, 0.570272173117952, 0.7774943614751599]",0.5458906735751297,0.6745,0.2809940082083517,0.0,0.7774943614751599,5.0,1.0,2.0,0.4
