Cluster,Dist,mean,median,std,min,max,bag_count,day_count,Cluster_Rank,Cluster_perc
0,"[0.0, 0.0, 0.0, 0.0, 0.0, 0.0, 0.0]",0.0,0.0,0.0,0.0,0.0,7.0,7.0,1.0,0.33
1,"[0.6745, 0.6745]",0.6745,0.6745,0.0,0.6745,0.6745,2.0,1.0,2.0,0.67
2,"[40.579683804205, 0.0, 0.6745]",13.751394601401666,0.6745,18.972463620107263,0.0,40.579683804205,3.0,1.0,3.0,1.0
