Cluster,Dist,mean,median,std,min,max,bag_count,day_count,Cluster_Rank,Cluster_perc
0,"[0.0, 0.0, 0.0, 0.6745000000000345, 0.6744999999999653, 0.0, 0.0, 0.0]",0.16862499999999997,0.0,0.2920670674263019,0.0,0.6745000000000345,8.0,7.0,2.0,0.67
1,"[0.0, 0.6745, 12.818314325452018]",4.4976047751506725,0.6745,5.890070352033554,0.0,12.818314325452018,3.0,1.0,3.0,1.0
2,[0.0],0.0,0.0,0.0,0.0,0.0,1.0,1.0,1.0,0.33
