Cluster,Dist,mean,median,std,min,max,bag_count,day_count,Cluster_Rank,Cluster_perc
0,"[10.691548839246604, 0.18453469119579513, 10.055574813841435, 0.0, 0.6745, 9.844331931668854, 0.6300060446780551, 0.07628379325448975, 1.0171566360052562, 8.828120718353043, 0.470406876916338, 0.18968007872293877, 0.14611954224068807, 0.658816240250747, 0.0333341351410452, 0.905921495735841, 0.16086915955973433, 0.0333341351410452, 0.690183759749253, 0.042478897878854054, 0.8427931336103215, 1.2521441796049275, 1.4635553611779288, 1.561787812522779, 13.970149209126031]",2.5769452594248805,0.6745,4.1484675131914255,0.0,13.970149209126031,25.0,2.0,5.0,1.0
1,"[0.6745000000000001, 0.6744999999999999, 0.0, 0.6745000000000001, 0.6744999999999999, 0.0, 0.0, 0.0, 0.0, 0.6745000000000001, 0.6745, 0.6745000000000003, 0.6744999999999997, 0.0]",0.3854285714285715,0.6744999999999998,0.3337909342014879,0.0,0.6745000000000003,14.0,10.0,1.0,0.2
2,"[6.671262945914846, 3.062459404168265, 3.0643567318757197, 0.6128368495077356, 0.3961965221838639, 0.0, 0.6745, 0.0, 0.0202825085786527, 11.868800207693697, 0.6745, 4.254697760520137, 1.790403223783242, 0.6288829316067776, 0.6288829316067777, 0.7201170683932225]",2.1917611928645586,0.6745,3.075532868487952,0.0,11.868800207693697,16.0,3.0,3.0,0.6
3,"[0.0, 0.6745, 5.044980233311731, 0.6745, 3.269600088183422, 0.0, 4.8447853490308, 0.0, 0.6745000000000001, 0.6780569122180758, 0.6745, 0.0, 0.6745, 21.31950009354537, 0.0]",2.568628178419293,0.6745,5.2782692317948445,0.0,21.31950009354537,15.0,5.0,4.0,0.8
4,"[0.6745, 0.6745, 0.6745000000000001, 0.6745000000000001]",0.6745000000000001,0.6745000000000001,7.850462293418876e-17,0.6745,0.6745000000000001,4.0,2.0,2.0,0.4
