Cluster,Dist,mean,median,std,min,max,bag_count,day_count,Cluster_Rank,Cluster_perc
0,"[0.0, 0.06962580645161229, 16.1444838709677, 0.6745, 6.79721935483869, 0.0, 0.6899606568593912, 0.6745, 0.7337290129961364, 0.770214085001756, 0.6913210396909024, 0.6745000000000001, 0.4949176325957148, 0.6278275377590444, 0.0, 1.0123422901299612, 0.29519740077274303]",1.7853140404743324,0.6745,3.89470236660091,0.0,16.1444838709677,17.0,3.0,5.0,1.0
1,"[0.06177351485148409, 0.5392660891089143, 2.203811881188126, 1.8999529702970375, 0.6745, 3.0152153465346623, 1.3256262376237649, 0.0, 0.6527957920792102, 0.6745, 0.6521408839779004, 1.0567344119968425, 2.484523677979478, 0.0, 0.0, 0.6745, 1.558362378459237, 1.4932834704562454, 0.5115504861630515]",1.0251861653008396,0.6745,0.8604409141517578,0.0,3.0152153465346623,19.0,3.0,3.0,0.6
2,"[0.8444221153846154, 0.5045778846153846, 2.4139317307692307, 0.5045778846153846, 4.508723974763394, 0.8915315457413234, 0.457468454258673, 0.45746845425867655, 0.7057486888111888, 0.6432513111888112, 0.6432513111888112, 3.3329969405594415]",1.3256625246795781,0.6745,1.2889662753586812,0.457468454258673,4.508723974763394,12.0,3.0,4.0,0.8
3,"[1.5500067567567566, 0.0, 0.6745, 0.0, 0.0, 0.0, 1.0373677390527258, 0.0, 0.6745, 0.0, 0.0, 0.0, 0.0]",0.302798038139191,0.0,0.495877372969964,0.0,1.5500067567567566,13.0,9.0,1.0,0.2
4,"[0.6745, 0.6745]",0.6745,0.6745,0.0,0.6745,0.6745,2.0,1.0,2.0,0.4
