Cluster,Dist,mean,median,std,min,max,bag_count,day_count,Cluster_Rank,Cluster_perc
0,"[0.6745000000000004, 0.6744999999999995, 0.0, 0.0, 0.0, 0.0]",0.22483333333333333,0.0,0.3179623492735508,0.0,0.6745000000000004,6.0,5.0,1.0,0.33
1,"[0.6745, 0.6745]",0.6745,0.6745,0.0,0.6745,0.6745,2.0,1.0,2.0,0.67
2,"[23.069625799573483, 0.0, 0.6745]",7.9147085998578275,0.6745,10.719682024518514,0.0,23.069625799573483,3.0,1.0,3.0,1.0
