Cluster,Dist,mean,median,std,min,max,bag_count,day_count,Cluster_Rank,Cluster_perc
0,"[0.5143628876414834, 0.5143628876414834, 0.8346371123585167, 0.8633128278273673, 0.6745, 0.6745, 0.7563433924635244, 0.7690871732969456, 0.5692930093418704, 0.5692930093418708, 0.742325233546762, 0.6066747664532378]",0.6740576916594218,0.6745,0.11531198304165668,0.5143628876414834,0.8633128278273673,12.0,3.0,3.0,0.6
1,"[0.8474971969166081, 0.501502803083392, 0.03135377248306439, 1.5558718757299688, 2.0143617145526735, 0.031353772483064916, 0.2686481667503767, 0.0, 0.8772565293822201, 0.6745, 0.7307365645404319]",0.6848256723565274,0.6745,0.612145400509707,0.0,2.0143617145526735,11.0,2.0,4.0,0.8
2,"[0.6745, 0.7475934979838708, 0.0, 2.7157658482142866, 0.6745, 0.0, 0.0, 0.789128801431127, 0.6745, 0.6745, 0.0, 0.889599462365592]",0.6533406341662397,0.6745,0.7098089436725897,0.0,2.7157658482142866,12.0,4.0,2.0,0.4
3,"[0.0, 0.6744999999999924, 0.6745000000000075, 0.6744999999999979, 0.6745000000000021, 0.0, 0.0, 0.0, 0.6745000000000002, 0.6744999999999998, 0.6744999999999999, 0.6745000000000001, 0.6745, 0.0, 1.4549781405116458]",0.5016985427007764,0.6744999999999998,0.4029881903270024,0.0,1.4549781405116458,15.0,9.0,1.0,0.2
4,"[0.6165986445783137, 1.838114081325302, 1.7202797439759043, 2.217520331325302, 0.6745, 0.7062441641566268, 0.0, 0.18284638554216892, 0.2646193524096387, 0.0, 3.1301015625000015, 0.21902921195652214, 0.6745000000000001, 0.5801066576086961, 0.46005298913043463, 2.7685658967391316, 0.9123162364130434, 2.0436616847826095]",1.0560587190246498,0.6745000000000001,0.9469420513490748,0.0,3.1301015625000015,18.0,2.0,5.0,1.0
