Cluster,Dist,mean,median,std,min,max,bag_count,day_count,Cluster_Rank,Cluster_perc
0,"[0.0, 0.0, 0.0]",0.0,0.0,0.0,0.0,0.0,3.0,3.0,1.5,0.5
1,"[154.07953983353138, 124.14328894173595, 0.0, 0.22135790725326673, 0.6745]",55.823737336504124,0.6745,68.66020169367725,0.0,154.07953983353138,5.0,1.0,3.0,1.0
2,[0.0],0.0,0.0,0.0,0.0,0.0,1.0,1.0,1.5,0.5
