Cluster,Dist,mean,median,std,min,max,bag_count,day_count,Cluster_Rank,Cluster_perc
0,"[0.16175739185457894, 1.4561269270593649, 1.8864194374137135, 0.5119666072250345, 0.8370333927749655, 0.16175739185457894, 0.20653472379656884, 1.1424652762034304, 3.0176904707927146, 0.20653472379656948]",0.9588286342771519,0.6745,0.8942830595927665,0.16175739185457894,3.0176904707927146,10.0,2.0,3.0,1.0
1,"[1.2066994581781232, 0.6745, 0.0, 0.0, 0.6744999999999997, 0.6745000000000004, 0.0, 0.36288998335183126, 1.2157469478357383, 0.0, 0.6745, 0.7764984739178691, 0.0, 0.0, 0.0, 0.0, 0.6745, 0.0, 1.3889164492409871, 0.0]",0.41616256562622744,0.18144499167591563,0.4695113297862615,0.0,1.3889164492409871,20.0,11.0,1.0,0.33
2,"[0.6745, 0.0, 0.8858292245629764, 2.7341790467840927, 0.9913488881804411, 0.04660807364310218, 0.04660807364310147, 3.2419758906511533, 0.6046147684705513, 0.5490291304694344, 0.7443852315294488]",0.9562798479940274,0.6745,1.0168946667755434,0.0,3.2419758906511533,11.0,2.0,2.0,0.67
