Cluster,Dist,mean,median,std,min,max,bag_count,day_count,Cluster_Rank,Cluster_perc
0,"[0.9216546279050938, 0.6745, 0.0, 1.3341434124220588, 0.3476004534780144, 0.0, 0.0, 0.0, 0.0, 0.0, 0.0, 0.0]",0.27315820781709726,0.0,0.43872707398145905,0.0,1.3341434124220588,12.0,8.0,1.0,0.33
1,"[0.6745, 0.0, 2.81167447552448, 0.0, 14.306290766208235, 0.6745, 0.0, 0.6745, 0.9608858470053385, 0.6745, 0.0, 0.7848370661387118]",1.7968073462397303,0.6745,3.842659029467297,0.0,14.306290766208235,12.0,4.0,3.0,1.0
2,"[1.0373952130096198, 2.775399106733851, 0.3116047869903802, 0.06766628492899703, 0.06766628492899651, 2.5750265689418215]",1.1391263742556108,0.6745,1.1350765375625351,0.06766628492899651,2.775399106733851,6.0,1.0,2.0,0.67
