Cluster,Dist,mean,median,std,min,max,bag_count,day_count,Cluster_Rank,Cluster_perc
0,"[0.6745, 2.8855997876857784, 0.0, 1.5962302689920185, 1.1615835057641146, 2.861889742831806, 0.15511705586757332, 0.18741649423588524, 0.155117055867573, 0.6745, 0.0, 15.016681585677757, 0.9159334605026932, 0.0, 0.6745, 0.061106557377049, 0.42629098360655754, 0.0, 1.5652008196721312, 0.9285286885245906, 0.9291106557377052, 0.05325000000000021, 0.8455983606557379, 1.2718893442622956, 0.6745, 0.15480327868852453]",1.3026672171519151,0.6745,2.8504844963474527,0.0,15.016681585677757,26.0,5.0,2.0,0.67
1,"[0.0, 0.0, 0.6745000000000019, 0.6744999999999981, 0.0, 0.0, 0.0, 0.6745, 1.521886281588448, 0.6745000000000007, 0.6744999999999993, 0.0, 0.0]",0.3764912524298806,0.0,0.45978217945325867,0.0,1.521886281588448,13.0,9.0,1.0,0.33
2,"[0.6768313078381091, 0.028878135801092594, 2.074111941130561, 0.28276507971903214, 0.7384981603300255, 20.35036213624707, 0.721050953283532, 0.10874423012598956, 0.7831690266473408, 0.2790049057865982, 0.6721686921618909, 0.028878135801092594]",2.228705225406028,0.6745,5.489334414517311,0.028878135801092594,20.35036213624707,12.0,1.0,3.0,1.0
