Cluster,Dist,mean,median,std,min,max,bag_count,day_count,Cluster_Rank,Cluster_perc
0,"[0.6745, 380.80316530054506, 0.0, 0.6745, 3.3626883317858205, 0.0, 0.6098213305934815, 0.6882530585007786, 0.7411219587115634, 0.6786437786651697, 0.6098213305934815, 0.6703562213348303, 0.857522074915039, 0.4914779250849609, 1.1527131194682005, 0.491477925084961, 0.6744999999999999, 0.0, 4.4333403840801555, 38.47495113168726, 0.6745, 0.0]",19.852879721411398,0.6745,79.1598980381092,0.0,380.80316530054506,22.0,6.0,6.0,1.0
1,"[0.6744999999999997, 0.6745000000000002, 0.0, 0.0, 0.0, 0.6745, 0.0, 1.262593597299884, 1.8764989554893685, 0.0, 0.6745, 0.0, 0.0, 0.6745000000000001, 0.6744999999999999, 0.0]",0.4491307845493283,0.3372499999999998,0.5372148683148712,0.0,1.8764989554893685,16.0,10.0,1.0,0.17
2,"[0.4123823274528009, 0.0, 3.5482541163726404, 3.224719575982668, 0.6745, 0.6745, 0.0, 4.085223400154202, 0.5582176561295297, 4.525572571318427]",1.770336964741027,0.6745,1.7380856680222578,0.0,4.525572571318427,10.0,2.0,4.0,0.67
3,"[0.1014916845797036, 4.724781310102954, 0.0, 0.23465182712976593, 0.1744817569860844, 0.8057524041181129, 0.7392486423803597, 0.6745, 6.8858292510464985]",1.5934152084826088,0.6745,2.324601192338427,0.0,6.8858292510464985,9.0,1.0,3.0,0.5
4,"[0.6745, 0.6745, 0.6745, 0.6745]",0.6745,0.6745,0.0,0.6745,0.6745,4.0,2.0,2.0,0.33
5,"[1.1552761337279054, 0.19372386627209456, 6.47666735983364, 0.19372386627209456]",2.004847806526434,0.6745,2.6114786040903706,0.19372386627209456,6.47666735983364,4.0,1.0,5.0,0.83
