Cluster,Dist,mean,median,std,min,max,bag_count,day_count,Cluster_Rank,Cluster_perc
0,"[0.6745, 0.6745, 0.6744999999999999, 0.6744999999999999, 0.6745, 0.6745]",0.6745,0.6745,6.409875621278546e-17,0.6744999999999999,0.6745,6.0,3.0,3.0,1.0
1,"[0.6745000000000001, 0.6744999999999999, 0.0, 0.0, 0.0, 0.6745000000000001, 0.6745, 0.0]",0.33725000000000005,0.33724999999999994,0.33725,0.0,0.6745000000000001,8.0,6.0,2.0,0.67
2,[0.0],0.0,0.0,0.0,0.0,0.0,1.0,1.0,1.0,0.33
