Cluster,Dist,mean,median,std,min,max,bag_count,day_count,Cluster_Rank,Cluster_perc
0,"[0.6744999999999997, 0.6745000000000003, 0.0, 0.0, 0.0, 0.0, 0.0, 0.6745000000000001, 0.6744999999999999]",0.2997777777777778,0.0,0.33516174462746845,0.0,0.6745000000000003,9.0,7.0,1.0,0.33
1,"[0.6745, 0.6745, 0.6745, 0.6745, 0.6745, 0.6745]",0.6745,0.6745,0.0,0.6745,0.6745,6.0,3.0,2.0,0.67
2,"[0.6745, 0.0, 17.53097767857144, 0.6745, 2.553464285714263, 0.0]",3.5722403273809498,0.6745,6.300791656418895,0.0,17.53097767857144,6.0,2.0,3.0,1.0
