Cluster,Dist,mean,median,std,min,max,bag_count,day_count,Cluster_Rank,Cluster_perc
0,"[5.812694941321219, 0.22119463373083476, 5.790096701684649, 0.6745, 0.0, 2.1376122423328305, 0.5251197838109598, 0.6745, 20.321643916540964, 0.0, 0.6715275374356844, 0.7659382397729632, 0.6774724625643155, 0.6621510521215477, 0.7074538716227129, 0.6621510521215477, 0.23439799584042315, 0.0, 24.207905747778405, 0.43028228398563073, 0.6745, 16.42851937984496, 2.1867369067876727]",3.6724521195346655,0.6745,6.72489461754664,0.0,24.207905747778405,23.0,4.0,3.0,0.75
1,"[0.0, 0.0, 0.0, 0.0, 0.0, 0.0, 0.6744999999999993, 0.6745000000000007, 0.0, 0.6745, 1.028083811150421]",0.2774167101045837,0.0,0.3784233717618664,0.0,1.028083811150421,11.0,8.0,1.0,0.25
2,"[0.6745, 0.0, 2.434240298507463, 0.0, 145.81673630136598, 0.6745, 0.6745, 0.0, 0.8575301507537696]",16.792445194514134,0.6745,45.62244864053658,0.0,145.81673630136598,9.0,3.0,4.0,1.0
3,"[0.6745, 0.6745, 0.6745, 0.6745, 0.6745, 0.6745, 1.2900823342304868, 0.058917665769513176, 1.5272383166136527, 0.058917665769513176, 0.6745, 0.6745]",0.6942629985319305,0.6745,0.39362636195798817,0.058917665769513176,1.5272383166136527,12.0,5.0,2.0,0.5
