Cluster,Dist,mean,median,std,min,max,bag_count,day_count,Cluster_Rank,Cluster_perc
0,"[1.0337058651026387, 0.0, 0.6745000000000001, 0.6745, 0.6745000000000002, 0.6745, 1.041880485893417, 0.0, 0.6744999999999999, 0.6745000000000002, 0.6745, 1.9061194805194783, 0.0, 0.0, 0.0, 0.0]",0.5439503644697209,0.6745,0.5146536458107693,0.0,1.9061194805194783,16.0,8.0,1.0,0.17
1,"[0.6745, 0.6745, 0.6745, 0.6745]",0.6745,0.6745,0.0,0.6745,0.6745,4.0,2.0,2.0,0.33
2,"[0.2879197495731359, 0.6242100170745587, 0.6744999999999999, 173.2424649971542, 1.1305648833238473, 0.0, 1.6649439385315872]",25.37494336937962,0.6744999999999999,60.36876572100972,0.0,173.2424649971542,7.0,1.0,6.0,1.0
3,"[1.006958469945355, 0.0, 0.6745, 2.1639940419447106, 0.6484587702573882, 0.7005412297426118, 1.5846570543374652, 0.09741348903717831, 0.09741348903717831, 0.0, 6.1596409691629965, 0.6745]",1.1506731261220737,0.6745,1.6355606269067422,0.0,6.1596409691629965,12.0,3.0,4.0,0.67
4,"[0.6745, 0.4696136897767328, 1.0858578143360749, 5.171298766157459, 0.0]",1.4802540540540534,0.6745,1.878358063135184,0.0,5.171298766157459,5.0,1.0,5.0,0.83
5,"[0.0, 1.5420387205387178, 2.13478114478114, 0.6745, 0.1044680134680131]",0.8911575757575741,0.6745,0.8282787747420707,0.0,2.13478114478114,5.0,1.0,3.0,0.5
