Cluster,Dist,mean,median,std,min,max,bag_count,day_count,Cluster_Rank,Cluster_perc
0,"[1.4288445290341842, 0.47836236751754, 0.4680923272130168, 0.87063763248246, 1.2367343633378116, 0.4680923272130168, 0.7618510891089106, 1.349, 1.2709984158415841, 1.6091833663366335, 0.028849900990099393, 0.09456356435643591, 0.5871489108910894, 0.028849900990099393, 2.0605974999999996, 1.2517163461538456, 1.1956809615384616, 0.3717532692307689, 0.41118557692307656, 0.0775675000000001, 0.6804667307692309, 0.6685332692307691, 0.45632519230769214, 1.1074771153846152, 0.08275596153846193, 0.0775675000000001, 1.349259423076923, 2.557133269230769]",0.8224724396677676,0.6745,0.6349507169144032,0.028849900990099393,2.557133269230769,28.0,3.0,4.0,0.57
1,"[0.4514697717458359, 0.9919851943244906, 0.7903841764342995, 0.6744999999999999, 0.0, 0.32785798522307474, 0.48445545609548163, 2.5859666808752486, 1.1892399119067918, 0.048205953395851216, 0.048205953395850897, 0.8645445439045183, 1.4211651747655585]",0.7598446770820769,0.6744999999999999,0.6780789824927216,0.0,2.5859666808752486,13.0,2.0,3.0,0.43
2,"[1.1203280487804876, 1.387542857142857, 0.22867195121951228, 0.22867195121951206, 2.0308107917059375, 0.6347674363807727, 0.7142325636192272, 2.385543119698398, 0.07088289349670188, 0.07088289349670082]",0.8872334506760108,0.6744999999999999,0.7843006406927785,0.07088289349670082,2.385543119698398,10.0,2.0,5.0,0.71
3,"[0.4356428571428569, 0.9133571428571432, 0.4356428571428569, 2.8372428571428556, 0.6383545454545451, 2.1629181818181826, 0.7106454545454537, 0.6383545454545462, 0.45123814278582147, 0.45123814278582036, 4.713754867698446, 0.8977618572141786]",1.273845954336892,0.6744999999999999,1.2656504789023733,0.4356428571428569,4.713754867698446,12.0,3.0,6.0,0.86
4,"[0.6745000000000001, 0.6744999999999999, 0.6745000000000001, 0.6745, 0.0, 0.6745, 0.6745000000000001, 0.0, 1.313688997338066, 0.6745, 0.0, 0.0, 0.6745, 1.9570419117647053, 0.0, 1.7589987121699944, 0.6745, 0.0]",0.6166794234040425,0.6745,0.572476944855884,0.0,1.9570419117647053,18.0,9.0,1.0,0.14
5,"[0.6745, 0.0, 0.6989162895927605, 0.0, 0.6745, 8.449567092651742]",1.7495805637074173,0.6745,3.0118481491067004,0.0,8.449567092651742,6.0,2.0,7.0,1.0
6,"[0.8010502901353961, 0.0, 1.1737430689877497, 0.568389103803997, 0.6745, 0.04305319148936166, 1.1511292714377819]",0.6302664179791837,0.6745,0.43812468154918355,0.0,1.1737430689877497,7.0,1.0,2.0,0.29
