Cluster,Dist,mean,median,std,min,max,bag_count,day_count,Cluster_Rank,Cluster_perc
0,"[0.0, 17.289131320504314, 0.6745, 2.0258212357528507, 0.6745, 0.0, 0.4884610191342109, 0.4884610191342108, 1.8792911860496673, 0.8605389808657891]",2.4380704761441043,0.6745,4.992349031912691,0.0,17.289131320504314,10.0,3.0,2.0,0.67
1,"[0.0, 0.6744999999999999, 0.6745000000000001, 0.0, 0.6744999999999998, 0.6745000000000003, 0.6744999999999998, 0.6745000000000002, 0.0, 0.0, 0.6744999999999989, 0.6745000000000011, 0.6745000000000001, 0.6745, 0.6745000000000001, 0.6744999999999999, 0.0]",0.4761176470588235,0.6744999999999999,0.3073326196490474,0.0,0.6745000000000011,17.0,11.0,1.0,0.33
2,"[0.6745, 0.6744999999999999, 17.175639926983074, 0.804161599734484, 0.544838400265516, 0.544838400265516]",3.403079721208098,0.6744999999999999,6.1599130339002315,0.544838400265516,17.175639926983074,6.0,2.0,3.0,1.0
