Cluster,Dist,mean,median,std,min,max,bag_count,day_count,Cluster_Rank,Cluster_perc
0,"[0.0, 0.0, 0.6744999999999998, 0.6745000000000002, 1.6689631873252562, 0.6745, 0.0, 0.6744999999999995, 0.6745000000000004, 0.0, 0.0]",0.4583148352113869,0.6744999999999995,0.49996472609426335,0.0,1.6689631873252562,11.0,7.0,1.0,0.33
1,"[0.6744999999999999, 0.6744999999999999]",0.6744999999999999,0.6744999999999999,0.0,0.6744999999999999,0.6744999999999999,2.0,1.0,3.0,1.0
2,"[0.7667736059479554, 0.6745, 0.0]",0.4804245353159851,0.6745,0.3417937050218497,0.0,0.7667736059479554,3.0,1.0,2.0,0.67
