Cluster,Dist,mean,median,std,min,max,bag_count,day_count,Cluster_Rank,Cluster_perc
0,"[0.0, 0.6745, 0.6745000000000001, 0.0, 0.0, 0.0]",0.22483333333333336,0.0,0.31796234927355094,0.0,0.6745000000000001,6.0,5.0,1.0,0.25
1,"[5.789908000000007, 0.0, 0.6745, 3.0348214739517156, 0.0, 0.6745]",1.6956215789919538,0.6745,2.097311028132751,0.0,5.789908000000007,6.0,2.0,4.0,1.0
2,"[0.6744999999999999, 0.6745]",0.6744999999999999,0.6744999999999999,7.850462293418876e-17,0.6744999999999999,0.6745,2.0,1.0,2.0,0.5
3,"[0.5364700696055681, 1.045709744779582, 2.2444730858468667, 0.0, 0.6745]",0.9002305800464032,0.6745,0.7512447274686349,0.0,2.2444730858468667,5.0,1.0,3.0,0.75
