Cluster,Dist,mean,median,std,min,max,bag_count,day_count,Cluster_Rank,Cluster_perc
0,"[0.0, 0.0, 0.6745, 0.6745000000000001, 0.0, 0.0, 0.0, 0.0, 0.6744999999999999, 0.6745000000000001, 0.0]",0.2452727272727273,0.0,0.324465319875103,0.0,0.6745000000000001,11.0,9.0,2.0,0.67
1,"[1.2520945945945945, 47.714158783783766, 0.09690540540540547, 0.09690540540540508]",12.290016047297295,0.6745,20.457574959301972,0.09690540540540508,47.714158783783766,4.0,1.0,3.0,1.0
2,[0.0],0.0,0.0,0.0,0.0,0.0,1.0,1.0,1.0,0.33
