Cluster,Dist,mean,median,std,min,max,bag_count,day_count,Cluster_Rank,Cluster_perc
0,"[4.9707957900492055, 0.3861134499726626, 0.38611344997266245, 0.9628865500273374, 0.6744999999999999, 0.6745, 0.6745, 0.530320674140166, 0.0, 4.474394227102874, 4.490957103637611]",1.6568255677184107,0.6745,1.8481769415601121,0.0,4.9707957900492055,11.0,3.0,3.0,1.0
1,"[0.0, 0.0, 0.0, 0.0, 0.6745000000000004, 0.6744999999999994, 0.0, 0.0, 0.6745000000000017, 0.6744999999999983]",0.26979999999999993,0.0,0.33043616630145073,0.0,0.6745000000000017,10.0,8.0,1.0,0.33
2,"[0.7225233181832494, 0.6668394913350618, 0.6668394913350618, 0.6821605086649382]",0.6845907023795779,0.6745,0.02277608488246787,0.6668394913350618,0.7225233181832494,4.0,1.0,2.0,0.67
