Cluster,Dist,mean,median,std,min,max,bag_count,day_count,Cluster_Rank,Cluster_perc
0,"[0.0, 0.0, 0.0, 0.6744999999999998, 0.6745000000000002, 0.0]",0.22483333333333333,0.0,0.3179623492735508,0.0,0.6745000000000002,6.0,5.0,2.0,0.67
1,"[0.740765126870527, 0.30835957492951627, 0.6745, 36.81839655172414, 27.432299718065494, 0.6920536759921926, 0.02954868792019076, 27.69838418998048, 0.013750379527217593, 0.0, 0.1465731945348081]",8.595875554504053,0.6745,13.698527758333503,0.0,36.81839655172414,11.0,1.0,3.0,1.0
2,[0.0],0.0,0.0,0.0,0.0,0.0,1.0,1.0,1.0,0.33
