Cluster,Dist,mean,median,std,min,max,bag_count,day_count,Cluster_Rank,Cluster_perc
0,"[0.0, 0.7330435829075017, 0.6745, 0.5573271789505159, 0.6745, 0.0, 0.17732220810285537, 0.9164588503513232, 0.6939111601136193, 0.8214197936911347]",0.524848277411695,0.6745,0.3210596519792122,0.0,0.9164588503513232,10.0,2.0,2.0,0.67
1,"[0.6745000000000775, 0.6744999999999225, 0.6745000000000002, 0.6744999999999998, 0.0, 0.6745, 0.0, 1.7527434508568047, 0.0, 0.0, 0.0, 0.6744999999999945, 0.6745000000000054, 0.0]",0.46244596077548605,0.6744999999999586,0.4827579711256938,0.0,1.7527434508568047,14.0,9.0,1.0,0.33
2,"[0.6744999999999999, 0.6744999999999999, 0.6745, 0.6745]",0.6745,0.6744999999999999,7.850462293418876e-17,0.6744999999999999,0.6745,4.0,2.0,3.0,1.0
