Cluster,Dist,mean,median,std,min,max,bag_count,day_count,Cluster_Rank,Cluster_perc
0,"[0.6745, 0.6745, 0.8614791969997798, 0.4875208030002202, 0.1918300022060442, 11.330528656518895, 11.294043459077907, 0.1918300022060458, 1.2054893617021276, 0.14351063829787244, 0.14351063829787244, 45.25638643389707]",6.037927432683652,0.6745,12.483508168463748,0.14351063829787244,45.25638643389707,12.0,3.0,3.0,1.0
1,"[0.0, 0.0, 0.0, 0.0, 0.0, 0.0, 0.0, 0.0, 0.0]",0.0,0.0,0.0,0.0,0.0,9.0,9.0,1.0,0.33
2,"[0.0, 0.6745, 16.947699999999934, 3.2131692913385845, 0.5182041619797526, 0.9556048931383585, 0.0, 0.6745, 0.7985436046511628, 0.0, 0.6745]",2.223338359191617,0.6745,4.7324572037120785,0.0,16.947699999999934,11.0,3.0,2.0,0.67
