Cluster,Dist,mean,median,std,min,max,bag_count,day_count,Cluster_Rank,Cluster_perc
0,"[0.6745, 0.0, 4.316343485617598, 0.0, 0.6745, 2.695162986330178]",1.3934177453246293,0.6745,1.5892842744877456,0.0,4.316343485617598,6.0,2.0,3.0,1.0
1,"[0.6745000000000001, 0.6744999999999999, 0.0, 0.0, 0.6744999999999994, 0.6745000000000005, 0.0]",0.3854285714285714,0.6744999999999994,0.3337909342014879,0.0,0.6745000000000005,7.0,5.0,1.0,0.33
2,"[0.9849541477073857, 0.0, 0.6745]",0.5531513825691285,0.6745,0.41115916097928434,0.0,0.9849541477073857,3.0,1.0,2.0,0.67
