Cluster,Dist,mean,median,std,min,max,bag_count,day_count,Cluster_Rank,Cluster_perc
0,"[0.0, 0.6745, 1.5938527397260251, 0.0, 0.0, 0.6745000000000004, 0.6744999999999995, 0.0]",0.4521690924657531,0.33724999999999977,0.5326305239659259,0.0,1.5938527397260251,8.0,5.0,2.0,0.67
1,"[0.0, 0.6745, 5.283280323450124]",1.9859267744833746,0.6745,2.347785180783897,0.0,5.283280323450124,3.0,1.0,3.0,1.0
2,[0.0],0.0,0.0,0.0,0.0,0.0,1.0,1.0,1.0,0.33
