Cluster,Dist,mean,median,std,min,max,bag_count,day_count,Cluster_Rank,Cluster_perc
0,"[0.0, 0.6876270749856892, 0.8818305666857466, 0.5447736119061249, 0.6745, 0.8332058823529412, 0.8428020519835846, 1.5853979480164164, 0.16922476060191505, 0.5157941176470587, 0.16922476060191535, 1.1509867305061563, 0.3131673050615598, 0.8312779325286286, 2.245828226555246, 0.06596781182296504, 0.6626007428040853, 0.8212575054162796, 0.6863992571959147, 1.7393791395852674, 0.06596781182296504, 0.34737480656143604, 0.5807672547199009]",0.713711099972252,0.6745,0.5422207704306149,0.0,2.245828226555246,23.0,3.0,3.0,0.5
1,"[1.4713425735797399, 0.971815537303217, 0.04247364818617379, 0.006463381245722165, 0.377184462696783, 1.2959079397672826, 0.006463381245722165, 1.4316389459274468, 0.12255649625529151, 1.8765639856724203, 1.2646600455877568, 0.21568186258547678, 1.1333181374145231, 0.12255649625529114]",0.7384733495516319,0.6745,0.6452808577196216,0.006463381245722165,1.8765639856724203,14.0,2.0,4.0,0.67
2,"[9.067291666666637, 0.6745, 0.0, 0.0, 0.8292351809083908, 0.6745, 0.6745, 0.0, 0.7550450693374421]",1.4083413241013856,0.6745,2.7281969095162144,0.0,9.067291666666637,9.0,3.0,6.0,1.0
3,"[0.6744999999999999, 0.6744999999999999, 0.6745, 0.6745]",0.6745,0.6744999999999999,7.850462293418876e-17,0.6744999999999999,0.6745,4.0,2.0,2.0,0.33
4,"[1.190193670886075, 0.0, 0.6745, 0.6745000000000005, 0.6744999999999994, 0.0, 0.6745, 0.0, 1.906333333333334, 0.0, 0.0, 0.0, 0.0, 0.0, 0.6745, 1.9670092127303151]",0.5272522635593577,0.3372499999999997,0.6493566553763772,0.0,1.9670092127303151,16.0,9.0,1.0,0.17
5,"[2.2183349381017874, 0.040822558459422405, 0.040822558459422016, 1.3081774415405776]",0.9020393741403024,0.6745,0.9193708376818552,0.040822558459422016,2.2183349381017874,4.0,1.0,5.0,0.83
