Cluster,Dist,mean,median,std,min,max,bag_count,day_count,Cluster_Rank,Cluster_perc
0,"[0.9781730465320453, 1.0052556921275972, 0.3478501316944686, 0.24946827626573026, 0.5838560433128476, 0.7255069651741289, 0.2624963710857477, 1.0065190225343865, 0.6329680128767924, 1.2804248463564527, 1.5632529411764704, 1.3807806555458, 1.6666091600819428, 0.585119373719637, 0.013541322797775911, 0.6398373719637109, 0.013541322797775911, 1.940278109452736, 0.709162628036289, 0.716110945273632, 0.3663263388937663, 0.19356590576529115, 0.3914350307287096, 2.106958764998536, 2.4768029938059173, 0.6745, 4.115007054370264, 0.39643702684101784, 0.0, 0.31350649350649323, 4.539389610389609, 1.0354935064935065, 0.3135064935064935, 0.6745, 0.6745]",0.9877908988030165,0.6745,1.01247505824492,0.0,4.539389610389609,35.0,4.0,3.0,0.75
1,"[0.6745000000000001, 0.6744999999999999, 0.0, 0.6744999999999992, 0.6745000000000007, 1.4416045687049517, 0.6745, 0.0, 0.6745000000000002, 0.6744999999999998, 0.0, 0.0, 0.0]",0.47408496682345785,0.6744999999999998,0.4243583624836081,0.0,1.4416045687049517,13.0,8.0,1.0,0.25
2,"[1.0155724429878463, 0.8756925212799855, 0.47330747872001433, 0.47330747872001455, 0.2015911563998524, 0.9094305145702691, 0.6851362504610843, 0.20159115639985262, 0.8718615363334562, 0.6638637495389157, 0.6745, 3.85784806131651, 0.0]",0.838746334363677,0.6745,0.9205925100880938,0.0,3.85784806131651,13.0,3.0,2.0,0.5
3,"[0.22807245762711828, 1.349, 4.198476694915254, 0.0, 0.3969832627118645, 0.6745, 9.50844936440678]",2.3364973970944307,0.6745,3.21397927083795,0.0,9.50844936440678,7.0,1.0,4.0,1.0
