Cluster,Dist,mean,median,std,min,max,bag_count,day_count,Cluster_Rank,Cluster_perc
0,"[0.0, 0.0, 0.6744999999999999, 0.6745000000000001, 0.6745000000000038, 0.6744999999999962, 0.0, 0.0, 0.0, 0.0]",0.2698,0.0,0.33043616630145073,0.0,0.6745000000000038,10.0,8.0,1.0,0.2
1,"[0.6745, 0.6745, 0.6745, 0.6745, 0.6744999999999999, 0.6745]",0.6745,0.6745,4.5324665183683945e-17,0.6744999999999999,0.6745,6.0,3.0,2.0,0.4
2,"[0.37714286726165197, 3.6310631109222236, 0.3771428672616513, 0.971857132738348, 0.47647473155221437, 2.332919593656953, 0.8725252684477857, 0.4764747315522142, 0.5729725683279742, 0.7760274316720257, 8.799179628885316, 0.5729725683279743]",1.6863960417171944,0.6745,2.338601186798578,0.3771428672616513,8.799179628885316,12.0,3.0,4.0,0.8
3,"[0.9763249618114833, 0.0, 0.6745, 0.0, 0.6745, 4.130214530500346, 0.0, 0.6745, 2.4560813142437596, 1205.161408695654, 0.6745, 0.0, 10.398177465802737, 0.6745, 0.0, 0.0, 0.6745, 0.7204931090706255]",68.21609444872684,0.6745,275.7603222990501,0.0,1205.161408695654,18.0,6.0,5.0,1.0
4,"[0.5690671342685367, 1.7626212424849692, 1.3206142284569131, 0.6744999999999999, 0.0]",0.8653605210420838,0.6744999999999999,0.6140682504861451,0.0,1.7626212424849692,5.0,1.0,3.0,0.6
