Cluster,Dist,mean,median,std,min,max,bag_count,day_count,Cluster_Rank,Cluster_perc
0,"[0.6745, 0.7847568844060199, 0.0, 0.13345003980891681, 1.2155499601910822, 2.8584354100318485, 0.1334500398089177]",0.828591762035255,0.6745,0.921851861830949,0.0,2.8584354100318485,7.0,2.0,3.0,1.0
1,"[0.0, 0.0, 0.0, 0.6745, 1.244842302292935, 0.0]",0.31989038371548917,0.0,0.4814221055055043,0.0,1.244842302292935,6.0,4.0,1.0,0.33
2,"[0.6744999999999999, 0.6744999999999999, 0.6745, 0.6745]",0.6745,0.6744999999999999,7.850462293418876e-17,0.6744999999999999,0.6745,4.0,2.0,2.0,0.67
