Cluster,Dist,mean,median,std,min,max,bag_count,day_count,Cluster_Rank,Cluster_perc
0,"[0.6744999999999999, 0.6745000000000001, 0.0]",0.44966666666666666,0.6744999999999999,0.3179623492735509,0.0,0.6745000000000001,3.0,2.0,2.0,0.67
1,"[0.6343646496815286, 0.5175764331210191, 0.0804968152866242, 0.0, 21.444600318471338, 20.505885350318476, 20.625726114649687, 0.6745, 1.168673566878981]",7.29464702760085,0.6745,9.599614859325442,0.0,21.444600318471338,9.0,1.0,3.0,1.0
2,[0.0],0.0,0.0,0.0,0.0,0.0,1.0,1.0,1.0,0.33
