Cluster,Dist,mean,median,std,min,max,bag_count,day_count,Cluster_Rank,Cluster_perc
0,"[0.5157941176470598, 46.93726470588235, 0.8332058823529401, 0.5157941176470598, 0.6202058823529435, 0.5961911764705906, 0.6745, 1.3740588235294133, 0.0, 0.7361029411764708, 4.289235294117656, 0.3848803547523428, 0.9076855756358767, 0.3848803547523424, 1.9817387884872821, 0.4413144243641232, 1.5889576639892906, 0.0, 0.09449145785876992, 0.6745, 0.8304493166287017, 0.6942817482915719, 0.6745, 0.539362917398946, 0.45579130052724104, 0.0, 0.4154872583479797, 1.446796572934974, 1.3750790861159936, 3.4507372583479805, 2.833137082601055, 0.926766578249337, 4.168660477453584, 0.3596140583554385, 0.42223342175066314, 2.234616710875332, 0.3596140583554371, 0.12277331099944147, 0.7675214963707429, 0.6745, 2.1922191513121163, 0.4779120603015075, 0.6526568955890563, 0.8951906756002233, 0.6857981574539364, 2.0487325516471246, 0.10507286432160808, 0.0, 0.8483046075085315, 3.3483284982935184, 0.5006953924914683, 0.5006953924914664, 0.6744999999999999, 0.6745, 2.430469345794392, 0.7329986915887848, 0.4289063551401871, 1.3537908411214952, 0.20852766355140195, 0.20852766355140195, 0.616001308411215, 1.1687130841121494]",1.7266978292726216,0.6745,5.868522811968523,0.0,46.93726470588235,62.0,10.0,3.0,1.0
1,"[0.6744999999999998, 0.6745000000000002, 0.0, 0.0]",0.33725,0.3372499999999999,0.33725,0.0,0.6745000000000002,4.0,3.0,1.0,0.33
2,"[0.0, 0.6745, 2.8802826784282294, 1.4018343976160068, 0.6745, 0.8933033205619413, 0.5780197956577267, 0.0, 0.8055072142064358, 0.0, 0.6744999999999999, 0.4259426229508194, 0.9230573770491803, 1.4276475409836065, 0.42594262295081964, 0.23988493723849338, 0.23988493723849386, 1.8422536029753604, 1.109115062761506, 0.6745, 0.21945830903790092, 1.2066274052478132, 1.192862099125364, 0.0, 0.8963822805578342, 1.2411021328958158, 0.4526177194421658, 0.45261771944216567, 0.5913382620564154, 0.8785684713375796, 1.3744702001819844, 0.6745, 1.3787663785259334, 0.564333712465878, 0.0, 0.0, 0.6958642533936653, 0.6745, 0.8771355850654348, 0.9075114511162433, 0.4754991339491917, 0.7024094495765975, 0.4754991339491915, 0.6465905504234024]",0.7379393263274817,0.6745,0.54679284466405,0.0,2.8802826784282294,44.0,10.0,2.0,0.67
