Cluster,Dist,mean,median,std,min,max,bag_count,day_count,Cluster_Rank,Cluster_perc
0,"[0.691547002619818, 0.6686790722761597, 0.6686790722761596, 0.6803209277238403, 1.2368622828784124, 0.2253214950372208, 0.6745, 1.76072952853598, 0.0]",0.7340710423719545,0.6745,0.48549074522381785,0.0,1.76072952853598,9.0,2.0,4.0,0.67
1,"[0.6745000000000005, 0.6744999999999994, 0.6745000000000001, 0.6744999999999998, 0.0, 0.0, 0.0, 0.0, 0.6744999999999999, 0.6745000000000001, 0.0, 0.6744999999999999, 0.6745000000000001, 0.0]",0.3854285714285714,0.6744999999999997,0.33379093420148787,0.0,0.6745000000000005,14.0,10.0,1.0,0.17
2,"[0.9505127603402759, 0.0, 0.6745, 0.7586381805651278, 0.6745000000000001, 0.0]",0.5096918234842339,0.6745000000000001,0.37197499177156995,0.0,0.9505127603402759,6.0,2.0,2.0,0.33
3,"[0.6745, 0.6745, 0.6745, 0.6745]",0.6745,0.6745,0.0,0.6745,0.6745,4.0,2.0,3.0,0.5
4,"[0.5792450505939287, 0.8767313022437313, 0.7670842498900133, 0.5792450505939287, 0.5819157501099868, 1.1016635503739556]",0.7476474923009241,0.6745000000000001,0.19431656389505889,0.5792450505939287,1.1016635503739556,6.0,1.0,5.0,0.83
5,"[0.048063281042276064, 2.430065142249401, 2.604384206328104, 0.9365166179207658, 0.048063281042276064, 0.4124833820792342]",1.0799293184436762,0.6745,1.0600609862050314,0.048063281042276064,2.604384206328104,6.0,1.0,6.0,1.0
