Cluster,Dist,mean,median,std,min,max,bag_count,day_count,Cluster_Rank,Cluster_perc
0,"[0.9007382194450816, 0.6745, 0.5274509573492319, 0.6988986184361385, 0.0, 1.910114224137931, 1.6525862068965513, 0.41857866379310316, 0.7210172413793103, 0.8694439655172413, 1.478988146551724, 0.622703663793103, 1.1065441810344825, 0.5255377155172409, 0.29249245689655184, 0.8557489224137929, 0.6341799568965516, 0.5422165948275863, 1.088105603448276, 0.3721379310344827, 0.5901875000000009, 1.0272812499999997, 0.024253232758620562, 0.7027316810344827, 0.6462683189655173, 0.7884978448275859, 0.22057435344827597, 0.024253232758620815, 0.3726734913793105, 0.817035560344827, 1.1798394396551724]",0.7188896507916385,0.6745,0.4377393311521158,0.0,1.910114224137931,31.0,2.0,2.0,0.67
1,"[0.6745000000000004, 0.6744999999999995, 0.0, 0.0, 0.6745, 1.1680667311411987, 0.0, 0.0, 0.0]",0.35461852568235547,0.0,0.42129983379282254,0.0,1.1680667311411987,9.0,6.0,1.0,0.33
2,"[1.0944093137254887, 0.2545906862745078, 0.2545906862745115, 4.109821078431381]",1.4283529411764722,0.6745000000000001,1.5856564397350952,0.2545906862745078,4.109821078431381,4.0,1.0,3.0,1.0
