Cluster,Dist,mean,median,std,min,max,bag_count,day_count,Cluster_Rank,Cluster_perc
0,"[0.0, 0.0, 0.6745000000000001, 0.6744999999999999]",0.33725,0.33724999999999994,0.33725,0.0,0.6745000000000001,4.0,3.0,2.0,0.67
1,"[0.0, 1.2576097201767307, 0.6745, 5.317523564064799, 0.4360905743740794]",1.5371447717231217,0.6745,1.9333232557204016,0.0,5.317523564064799,5.0,1.0,3.0,1.0
2,[0.0],0.0,0.0,0.0,0.0,0.0,1.0,1.0,1.0,0.33
