Cluster,Dist,mean,median,std,min,max,bag_count,day_count,Cluster_Rank,Cluster_perc
0,"[1.724894087466406, 0.47872526264353776, 1.0202368678231128, 0.3871000488639139, 0.4319238944539457, 0.014996213046665034, 0.7282226972880528, 0.9022446860493526, 0.7756832396774983, 0.018621671145858654, 0.9477277058392377, 0.036089787441973976, 0.6207773027119472, 0.014996213046665034, 0.5403580503298315, 0.7572263620816028, 0.8359976789640852, 0.7944697043733201, 1.6060941869021335, 0.542478660779985, 0.31069683590875646, 0.1315250183958793, 0.8204183222958058, 2.462743929359823, 1.8358907284768209, 0.6720183958793229, 0.38613760117733625, 0.07147019867549666, 2.1376537895511403, 1.5371055923473138, 1.889989698307579, 0.3042446651949962, 0.6769816041206771, 0.4620746872700514, 0.7216504782928626, 0.07147019867549666, 2.343919865642994, 0.03301295585412681, 0.15988627639155487, 1.7114952015355085, 0.03301295585412681, 0.7515302303262954, 0.6117106525911706, 0.29711660268714024, 1.8202437619961607, 0.5437428023032628, 2.0856420345489433, 2.510279270633397, 0.1326991362763915, 0.22850143953934754, 2.628090211132437, 0.5877600767754316, 2.365928502879078, 0.7113968330134357, 1.0764812859884836, 0.6376031669865643, 0.24918128855380423, 1.3735020562028786, 0.38509835503769696, 0.19555414667580534, 1.3383670322138448, 0.22005620287868405, 0.963901644962303, 1.019377998629198, 0.36521932830705944, 1.0693067169294037, 0.6107021932830703, 0.3513502398903356, 0.8848478409869777, 0.10355586017820438, 1.4280538039753254, 1.3845973269362575, 0.7433831391363945, 0.435951679232351, 0.25842734749828655, 1.3184880054832073, 0.40636429061000673, 0.9634393420150787, 0.7678851953392735, 0.5219400274160383, 0.8427782727895818, 0.6745, 1.0332470870459218, 1.1936662097326938, 0.5857378341329675, 0.3827868403015766, 0.0, 0.16457984921178886, 0.941711103495545]",0.8103207594033247,0.6745,0.6519376554011803,0.0,2.628090211132437,89.0,4.0,2.0,0.67
1,"[0.0, 0.0, 0.0, 0.0, 0.0, 0.0, 0.0, 0.0]",0.0,0.0,0.0,0.0,0.0,8.0,8.0,1.0,0.33
2,"[0.6056873737373728, 0.6056873737373734, 2.984832828282825, 0.7433126262626265, 0.6745, 0.6745]",1.0480867003366996,0.6745,0.8674138933279409,0.6056873737373728,2.984832828282825,6.0,2.0,3.0,1.0
