Cluster,Dist,mean,median,std,min,max,bag_count,day_count,Cluster_Rank,Cluster_perc
0,"[0.0, 0.0, 0.0, 0.0, 0.0, 0.0, 0.0, 0.0, 0.0, 0.0, 0.6745000000000002, 0.6744999999999998]",0.11241666666666666,0.0,0.25137130847060135,0.0,0.6745000000000002,12.0,11.0,1.0,0.25
1,"[0.6745, 0.0, 28.406966397849537, 0.0, 0.9984616168478267, 0.6745000000000001]",5.12573800244956,0.6745000000000001,10.41812063674264,0.0,28.406966397849537,6.0,2.0,3.0,0.75
2,"[25.18684395424836, 0.6745, 1.0078138422035476, 0.0, 0.6315171568627448]",5.50013499066293,0.6745,9.84874750116006,0.0,25.18684395424836,5.0,1.0,4.0,1.0
3,"[0.6745, 0.6745]",0.6745,0.6745,0.0,0.6745,0.6745,2.0,1.0,2.0,0.5
