Cluster,Dist,mean,median,std,min,max,bag_count,day_count,Cluster_Rank,Cluster_perc
0,"[0.6744999999999973, 0.6745000000000027, 0.0, 0.0, 0.6745000000000005, 0.6744999999999994, 0.0, 0.6744999999999994, 0.6745000000000005]",0.4496666666666667,0.6744999999999994,0.3179623492735509,0.0,0.6745000000000027,9.0,6.0,3.0,1.0
1,[0.0],0.0,0.0,0.0,0.0,0.0,1.0,1.0,1.5,0.5
2,[0.0],0.0,0.0,0.0,0.0,0.0,1.0,1.0,1.5,0.5
