Cluster,Dist,mean,median,std,min,max,bag_count,day_count,Cluster_Rank,Cluster_perc
0,"[0.0, 0.0, 0.0, 1.2458411764705883, 0.6745, 0.0, 0.0, 0.6745, 1.331754261363637, 0.0, 0.0, 0.6745000000000001, 0.6744999999999999]",0.40581503367955574,0.0,0.48075059177254026,0.0,1.331754261363637,13.0,8.0,1.0,0.17
1,"[0.0, 0.7063761814744803, 0.6745, 0.6745, 0.0, 0.7151171171171169, 0.0, 0.8290920873124149, 0.6745]",0.4748983762115569,0.6745,0.3387637706322899,0.0,0.8290920873124149,9.0,3.0,2.0,0.33
2,"[0.6745, 0.6745, 0.6745, 0.6745, 0.6745, 0.6745, 0.6745, 0.6744999999999999, 0.6745, 0.6744999999999999]",0.6744999999999999,0.6745,9.930136612989092e-17,0.6744999999999999,0.6745,10.0,5.0,3.0,0.5
3,"[0.0, 6.273526755852853, 0.6745, 4.395529264214054, 0.19851505016722318, 0.5806977813852817, 0.7347232142857146, 0.0, 0.9551766774891775, 0.6745]",1.4487168743394303,0.6745,2.0106891598226704,0.0,6.273526755852853,10.0,2.0,6.0,1.0
4,"[1.0484603272997768, 0.30053967270022314, 0.30053967270022314, 1.7702907265063226]",0.8549575998016364,0.6745,0.6103352591353077,0.30053967270022314,1.7702907265063226,4.0,1.0,4.0,0.67
5,"[0.6745, 0.4058938053097342, 1.7146028761061953, 1.9707735988200594, 0.0]",0.9531540560471978,0.6745,0.7617083902584372,0.0,1.9707735988200594,5.0,1.0,5.0,0.83
