Cluster,Dist,mean,median,std,min,max,bag_count,day_count,Cluster_Rank,Cluster_perc
0,"[0.0, 0.0, 0.0, 0.6744999999999953, 0.6745000000000047, 0.0, 0.0, 0.6745000000000003, 0.6744999999999997, 0.0, 0.0]",0.24527272727272728,0.0,0.32446531987510296,0.0,0.6745000000000047,11.0,9.0,1.0,0.33
1,"[0.0, 4.828940739662202, 0.6745]",1.8344802465540673,0.6745,2.1352334448624988,0.0,4.828940739662202,3.0,1.0,3.0,1.0
2,"[0.6745000000000001, 0.6744999999999998]",0.6744999999999999,0.6744999999999999,1.7554167342883506e-16,0.6744999999999998,0.6745000000000001,2.0,1.0,2.0,0.67
