Cluster,Dist,mean,median,std,min,max,bag_count,day_count,Cluster_Rank,Cluster_perc
0,"[1.5801529729729729, 0.7215327027027025, 0.6165294594594595, 0.0, 0.6745, 0.0823253367003361, 0.08232533670033704, 4.6119221380471345, 1.266674663299663]",1.0706625122091784,0.6745,1.350865285666757,0.0,4.6119221380471345,9.0,2.0,3.0,1.0
1,"[0.0, 0.0, 0.6744999999999999, 0.6745000000000001, 0.0, 0.6745, 0.0, 1.4044198396793592, 0.0, 0.6745, 0.6745000000000001, 0.0, 0.0, 0.6745, 0.6745000000000001, 0.6744999999999999, 0.6745000000000001]",0.4397011670399623,0.6744999999999999,0.4044034356524664,0.0,1.4044198396793592,17.0,11.0,1.0,0.33
2,"[1.363440514905149, 0.7657128726287263, 0.5832871273712738, 0.5832871273712738]",0.8239319105691058,0.6745000000000001,0.32026505190700705,0.5832871273712738,1.363440514905149,4.0,1.0,2.0,0.67
