Cluster,Dist,mean,median,std,min,max,bag_count,day_count,Cluster_Rank,Cluster_perc
0,"[0.9434017894298797, 0.44732757664031075, 0.44732757664031103, 0.6597169510334305, 0.6892830489665696, 1.1550426550145652, 1.7500119684082625, 1.029288639125152, 0.31971136087484814, 0.31971136087484814]",0.7760822927008177,0.6745000000000001,0.4287239694994278,0.31971136087484814,1.7500119684082625,10.0,2.0,2.0,0.4
1,"[0.0, 0.6744999999999998, 0.6745000000000002, 0.0, 1.8488930968360497, 0.6745, 0.0, 0.0, 0.0, 0.0, 0.0]",0.3520357360760045,0.0,0.5575951349164702,0.0,1.8488930968360497,11.0,8.0,1.0,0.2
2,"[0.4823696969696904, 18.05752323232328, 0.8666303030303004, 0.48236969696969956, 19.87335319148944, 0.4649744680851048, 0.4649744680851048, 0.8840255319148952]",5.197027573608439,0.6745,7.96383905802555,0.4649744680851048,19.87335319148944,8.0,2.0,5.0,1.0
3,"[0.6745, 7.023685628742518, 0.0, 0.0, 0.7698049305095966, 0.6745, 0.0, 0.6745, 3.5441614645858346, 0.8927051978277735, 0.6745, 0.0, 0.0, 2.5690864851235484, 0.6745, 0.7338229703608248, 0.6745, 0.0]",1.0877925931750052,0.6745,1.69725098739441,0.0,7.023685628742518,18.0,6.0,4.0,0.8
4,"[2.0568657699945843, 0.5770816934464702, 0.4153673045676116, 0.7719183065535298, 0.4635893663116087, 0.41536730456761123, 0.9859950352049107, 1.1384546849611845]",0.8530799332009389,0.6745,0.5203190540862296,0.41536730456761123,2.0568657699945843,8.0,1.0,3.0,0.6
