Cluster,Dist,mean,median,std,min,max,bag_count,day_count,Cluster_Rank,Cluster_perc
0,"[0.0, 0.0, 0.0, 0.0, 0.0, 0.6744999999999993, 0.6745000000000005, 0.0, 0.0, 0.0, 0.6745000000000015, 0.6744999999999984]",0.2248333333333333,0.0,0.3179623492735508,0.0,0.6745000000000015,12.0,10.0,1.0,0.33
1,"[0.2857052401746725, 0.28570524017467236, 43.79843659388645, 1.0632947598253275]",11.35828545851528,0.6745,18.732020076295903,0.28570524017467236,43.79843659388645,4.0,1.0,3.0,1.0
2,"[0.0, 0.6745, 3.632548192771084]",1.4356827309236946,0.6745,1.5776355632387469,0.0,3.632548192771084,3.0,1.0,2.0,0.67
