Cluster,Dist,mean,median,std,min,max,bag_count,day_count,Cluster_Rank,Cluster_perc
0,"[1.4205339518032607, 0.5704203216775541, 1.0633825547565463, 0.7768764889937971, 0.5704203216775541, 0.572123511006203, 2.5742178503608044, 0.0, 0.6745000000000001, 0.22523482142857001, 6.417385714285695, 0.0, 0.6745, 14.753483035714243]",2.163791326550302,0.6745000000000001,3.8323598607563967,0.0,14.753483035714243,14.0,3.0,3.0,1.0
1,"[0.6745000000000002, 0.6744999999999998, 0.0, 0.0, 0.0, 0.6744999999999998, 0.6745000000000002, 0.0, 0.6745, 0.6745000000000001]",0.40470000000000006,0.6744999999999998,0.33043616630145073,0.0,0.6745000000000002,10.0,7.0,1.0,0.33
2,"[1.0558740959894806, 1.0927550405435023, 0.6745, 0.0, 0.28470019723865897]",0.6215658667543285,0.6745,0.42737980859003344,0.0,1.0927550405435023,5.0,1.0,2.0,0.67
