Cluster,Dist,mean,median,std,min,max,bag_count,day_count,Cluster_Rank,Cluster_perc
0,"[0.0, 0.6745000000000002, 0.6744999999999998, 0.6745, 0.0, 1.035279069767442, 0.0, 0.0, 1.2609938095238096, 0.6745, 0.0, 0.0, 0.0, 0.0, 0.6745000000000003, 0.6744999999999995, 0.6744999999999532, 0.6745000000000467]",0.42734849329395846,0.6744999999999763,0.40921530023155395,0.0,1.2609938095238096,18.0,11.0,1.0,0.2
1,"[1.2550529671407546, 0.0939470328592453, 3.590496812162822, 0.09394703285924476, 1.0406571428571427, 1.4568224231464737, 0.30834285714285686, 0.30834285714285725]",1.0184511406639247,0.6745,1.0944168017575109,0.09394703285924476,3.590496812162822,8.0,2.0,4.0,0.8
2,"[0.11141435945565448, 0.11141435945565448, 1.427496480525575, 1.2375856405443455, 0.7393793103448271, 0.6096206896551718, 0.752844827586208, 0.6096206896551729]",0.6999220446528261,0.6745,0.43757794439290215,0.11141435945565448,1.427496480525575,8.0,2.0,3.0,0.6
3,"[0.0, 2.130463619402985, 0.6745, 0.6745, 2.7891245033112573, 0.0]",1.0447646871190404,0.6745,1.0550506875552834,0.0,2.7891245033112573,6.0,2.0,5.0,1.0
4,"[0.7815688532799199, 1.1429684526790187, 1.2155861291937906, 0.05944516775162764, 0.5643913370055083, 0.6745, 0.07565748622934385, 1.1112193289934906, 1.0507608913370052, 0.43942138207310966, 0.0]",0.646865366231165,0.6745,0.43764215194977013,0.0,1.2155861291937906,11.0,1.0,2.0,0.4
