Cluster,Dist,mean,median,std,min,max,bag_count,day_count,Cluster_Rank,Cluster_perc
0,"[0.07889793577981687, 7.379277522935782, 0.17481307339449553, 5.177870412844039, 0.6745, 0.0, 2.405613532110092, 0.5802995745467999, 1.021731502034776, 0.7093104883462819, 0.6396895116537181, 0.5802995745467996, 0.8053824454310023]",1.555975813355662,0.6745,2.1366291901219507,0.0,7.379277522935782,13.0,2.0,6.0,0.86
1,"[0.0, 0.6745, 38.65130911458333, 0.2588126696832582, 1.4523622926093516, 0.7097001508295627, 0.2588126696832579, 0.4484458521870284, 0.9583393665158374, 1.5129960784313727, 0.6392998491704371, 0.6745, 0.0, 20.235000000000092]",4.748148431692394,0.6745,10.674483628672055,0.0,38.65130911458333,14.0,3.0,7.0,1.0
2,"[1.905617608409987, 0.0329716162943496, 0.5502360052562418, 0.7987639947437583, 1.5060583442838371, 0.03297161629434945, 0.38627232924693516, 1.7062470602952218, 0.9627276707530644, 0.3862723292469354, 0.4798272357723577, 0.0, 2.3082627758420444, 1.510770325203252, 0.6745]",0.882766594109489,0.6745,0.7111314840450043,0.0,2.3082627758420444,15.0,3.0,5.0,0.71
3,"[0.7309726224783861, 0.6961887608069164, 0.7066239193083573, 0.0772406340057636, 0.0772406340057637, 0.14864985590778088, 0.6528112391930838, 0.7344510086455333]",0.47802233429394814,0.6745000000000001,0.2936588413909714,0.0772406340057636,0.7344510086455333,8.0,1.0,2.0,0.29
4,"[0.0, 0.6745000000000003, 0.6744999999999997, 0.0, 0.0]",0.2698,0.0,0.33043616630145073,0.0,0.6745000000000003,5.0,4.0,1.0,0.14
5,"[0.21591827852998077, 0.6029621212121211, 0.2159182785299804, 0.7460378787878789, 1.3200804319793684, 1.301815441650548, 0.6745, 0.6745, 0.6745, 0.6745, 1.430373376623376, 0.1307045454545452, 1.2182954545454543, 0.13070454545454563, 0.35169067796610165, 0.9973093220338982, 1.1913559322033893, 0.35169067796610143, 0.6745, 0.6745]",0.7125928481468644,0.6745,0.40313458441912087,0.1307045454545452,1.430373376623376,20.0,6.0,3.0,0.43
6,"[0.20929763948497865, 1.6025888412017169, 0.8684549356223176, 0.15516394849785412, 0.8484804721030043, 1.6326952789699571, 0.5005195278969958, 0.15516394849785412]",0.7465455740343347,0.6745000000000001,0.5692047745876498,0.15516394849785412,1.6326952789699571,8.0,1.0,4.0,0.57
