Cluster,Dist,mean,median,std,min,max,bag_count,day_count,Cluster_Rank,Cluster_perc
0,"[2.6998661594328213, 1.6692796126577898, 0.5957713989278919, 0.32237904201971246, 0.7175383019194185, 0.6314616980805814, 0.32237904201971324, 1.2025064845236033, 0.6745, 1.0778582677165356, 0.42040944881889775, 0.3062224409448816, 3.3583838582677155, 0.0, 1.1850570866141725]",1.0122408561295826,0.6745,0.9018156815571686,0.0,3.3583838582677155,15.0,2.0,4.0,0.67
1,"[0.0, 0.6745000000000001, 0.6744999999999998, 0.0, 1.6447177952755887, 0.6745]",0.6113696325459315,0.6744999999999999,0.5518620616452554,0.0,1.6447177952755887,6.0,3.0,1.0,0.17
2,"[0.6745, 0.6745, 0.6745, 0.6745, 0.6745, 0.6745]",0.6745,0.6745,0.0,0.6745,0.6745,6.0,3.0,2.0,0.33
3,"[0.0, 2.3303871321914817, 0.6745, 0.0, 0.9593621841890791, 0.6745, 0.6745, 3.735606760098919, 0.0]",1.0054284529421647,0.6745,1.1819339724254838,0.0,3.735606760098919,9.0,3.0,3.0,0.5
4,"[0.5477947060258606, 2.882956818736281, 0.3133076360087825, 0.9749725542815333, 0.6745, 2.4205647718955867, 0.6201977311539415, 3.7694002195657523, 0.0, 2.2181654061966354, 3.8546383264210826, 5.443061966333258, 0.30952293242254236, 0.24551207611612652, 0.3011307636008795]",1.6383817272505508,0.6745,1.6320767462805086,0.0,5.443061966333258,15.0,1.0,6.0,1.0
5,"[3.15452842727049, 0.24469923701698215, 0.24469923701698215, 1.104300762983018]",1.1870569160718683,0.6745000000000001,1.1888932583289045,0.24469923701698215,3.15452842727049,4.0,1.0,5.0,0.83
