Cluster,Dist,mean,median,std,min,max,bag_count,day_count,Cluster_Rank,Cluster_perc
0,"[3.3699995366079687, 0.6745, 0.0, 0.875607202680067, 0.0, 0.6745, 0.8879885321100913, 0.6744999999999999, 1.366680209698558, 0.17194003931847987, 1.459943315858453, 0.0, 0.3452060943643515]",0.8077588408183054,0.6745,0.8745448334872019,0.0,3.3699995366079687,13.0,3.0,4.0,1.0
1,"[0.6745000000000135, 0.6744999999999864, 0.0, 0.0, 0.6745000000000005, 0.6744999999999994, 0.0, 1.0869938537185002, 0.6745, 0.6745000000000001, 0.6744999999999999, 0.0, 0.0, 0.0, 0.0, 0.0, 0.6744999999999999, 0.6745000000000002]",0.39763854742880556,0.674499999999993,0.36742440105252855,0.0,1.0869938537185002,18.0,12.0,1.0,0.25
2,"[0.6745, 0.6745, 0.6745, 0.6745, 0.6745, 0.6745]",0.6745,0.6745,0.0,0.6745,0.6745,6.0,3.0,3.0,0.75
3,"[0.7362785285285286, 0.7911702702702704, 0.07150105105105094, 0.0, 0.7881319819819822, 0.6745, 0.28053528528528526]",0.4774453024453025,0.6745,0.3234397863936109,0.0,0.7911702702702704,7.0,1.0,2.0,0.5
