Cluster,Dist,mean,median,std,min,max,bag_count,day_count,Cluster_Rank,Cluster_perc
0,"[0.6744999999999982, 0.6745000000000018, 0.0, 1.155733524355301, 0.6745, 0.0, 0.0, 0.0, 0.0, 0.0, 0.0, 0.0, 0.6744999999999999, 0.6745000000000001]",0.3234452517396644,0.0,0.39150219823298543,0.0,1.155733524355301,14.0,10.0,1.0,0.17
1,"[0.9933112874779523, 0.0, 0.6745, 0.8973782608695656, 0.6745, 0.0, 0.6745, 0.7882921764923992, 0.0]",0.5224979694266574,0.6745,0.38314099666610907,0.0,0.9933112874779523,9.0,3.0,2.0,0.33
2,"[0.6745, 0.6744999999999999, 0.6745, 0.6745, 0.6745, 0.6745]",0.6745,0.6745,4.5324665183683945e-17,0.6744999999999999,0.6745,6.0,3.0,3.0,0.5
3,"[0.0, 0.23303262955854145, 0.6745, 4.3421746641074845, 1.8189491362763903, 1.8062114093959711, 8.288654362416095, 0.6745, 0.6292315436241586, 0.0]",1.8467253745378642,0.6745,2.477568132692209,0.0,8.288654362416095,10.0,2.0,6.0,1.0
4,"[1.2177881177707677, 1.6518512092534174, 0.318809411146162, 0.6745, 0.0]",0.7725897476340694,0.6745,0.597283084840787,0.0,1.6518512092534174,5.0,1.0,4.0,0.67
5,"[0.48686456808199124, 3.2273294289897523, 0.8621354319180088, 0.48686456808199124]",1.2657984992679359,0.6745,1.1428061513773087,0.48686456808199124,3.2273294289897523,4.0,1.0,5.0,0.83
