Cluster,Dist,mean,median,std,min,max,bag_count,day_count,Cluster_Rank,Cluster_perc
0,"[0.44622358346094954, 0.44622358346094954, 0.9027764165390504, 174.00447320061267, 0.526508438818565, 0.5265084388185655, 0.8224915611814346, 161.5242510548523, 1.1128766140602584, 0.6745, 0.10451362984218097, 0.5835344332855092, 0.0, 0.2370911047345769, 0.7151441893830704, 1.30835581061693, 1.2628730272596849, 0.6851187027707806, 2.377315176322418, 0.5075739924433248, 0.6638812972292195, 0.5075739924433245, 0.9382685768261961, 0.7989521640091116, 1.4247980258162494, 1.0171275626423684, 0.01024297646165543, 1.4207008352315869, 1.0980470766894457, 0.1126727410782076, 0.010242976461655003, 1.6716537585421416, 0.5500478359908884, 0.029704631738800447, 0.07682232346241423, 0.04675909878682863, 0.04675909878682814, 2.190663778162912, 1.356013864818024, 1.7780147313691497, 0.10754592720970571, 0.6487824956672446, 0.7002175043327554, 0.15324060822898025, 0.165910107334526, 0.6865661896243291, 1.0642379248658318, 0.6745, 0.7806824686940965, 1.0618246869409658, 0.6256319320214667, 0.06455411449016092, 0.7390541144901609, 0.3010514311270125, 1.126378801431127, 0.0, 0.6299324457593688, 0.7190675542406313, 0.001995562130177849, 1.5186227810650896, 1.297780571992111, 2.8623012820512828, 0.2121947731755423, 0.33858037475345154, 1.4135231755424058, 0.0019955621301772954, 0.21352514792899385, 2.6640754437869827]",5.666045195382717,0.6745,28.24530156287461,0.0,174.00447320061267,68.0,8.0,3.0,1.0
1,"[0.0, 0.0, 0.6745, 1.369817901234568, 0.0, 0.0, 0.0, 0.0, 0.0, 0.0, 0.0, 0.0]",0.17035982510288064,0.0,0.40651790575915053,0.0,1.369817901234568,12.0,10.0,1.0,0.33
2,"[1.192224324324324, 0.1482684684684683, 0.35608738738738754, 0.0, 0.6745, 1.581125225225225, 1.6698432432432433, 1.6891515552614165, 0.4794262078093978, 1.3248947716743886, 1.0784857710125744, 0.047317670416942424, 0.8695737921906022, 1.1266962276637988, 0.3705062872270018, 0.047317670416942424, 0.07320847121111822]",0.748742769031343,0.6745,0.5919694085752748,0.0,1.6891515552614165,17.0,2.0,2.0,0.67
