Cluster,Dist,mean,median,std,min,max,bag_count,day_count,Cluster_Rank,Cluster_perc
0,"[0.0, 0.9661383196721313, 0.39011808401639336, 4.077062243852459, 0.6745, 1.343092833163042, 0.8886347978397314, 0.05237687928769537, 0.4603652021602685, 1.4632052255145238, 0.039774923368851155, 0.12011239235148145, 1.223374251934025, 1.4147664574514676, 0.03977492336885083, 0.5568351519337021, 1.0720264502762433, 0.5961499309392265, 1.3503974447513813, 0.498887776243094, 1.0442638812154696, 0.7528500690607736, 0.498887776243094]",0.8488519571584309,0.6745,0.8301048032882711,0.0,4.077062243852459,23.0,3.0,5.0,0.83
1,"[0.5045271350441735, 1.4066034917963832, 1.6377268615902412, 0.5107698779974762, 0.10371466133782103, 0.0, 0.3494517248632733, 0.8399326882625168, 0.310008939840135, 0.9399584560370221, 0.6745, 0.833973706352546, 0.6823034286916286, 0.6745, 0.0, 2.126910911602209, 0.0, 0.6745, 2.6900607312797393, 0.6745, 0.0, 0.7211667296786389, 0.0, 17.592828547297255, 0.6745]",1.3848975156668424,0.6745,3.372057243914304,0.0,17.592828547297255,25.0,5.0,6.0,1.0
2,"[0.7732923607122346, 0.2320651924181527, 0.1851872487076375, 0.0, 0.896104824813329, 0.6745, 1.0355763928776605, 0.4121816552901028, 1.1258164675767923, 0.9368183447098972, 0.4121816552901024]",0.6076112856723553,0.6745,0.36184813019955187,0.0,1.1258164675767923,11.0,2.0,2.0,0.33
3,"[0.6745, 0.6745, 0.6745, 0.6745, 0.6745, 0.6744999999999999, 0.6745, 0.6745]",0.6744999999999999,0.6745,1.0385185452638061e-16,0.6744999999999999,0.6745,8.0,4.0,3.0,0.5
4,"[1.5457008072653882, 0.0, 0.23912647157753117, 1.4651601076353848, 0.4700854355869499, 1.0477097208207193, 0.6745]",0.7774689346979962,0.6745,0.5523310615546062,0.0,1.5457008072653882,7.0,1.0,4.0,0.67
5,"[0.0, 0.0, 0.0, 0.0, 0.0, 0.6744999999999982, 0.6745000000000018, 1.193496616723055, 0.0, 0.6745, 0.0]",0.2924542378839141,0.0,0.409929110313934,0.0,1.193496616723055,11.0,8.0,1.0,0.17
