Cluster,Dist,mean,median,std,min,max,bag_count,day_count,Cluster_Rank,Cluster_perc
0,"[0.6745000000000001, 0.6744999999999999, 0.0, 0.0, 0.0, 0.0, 0.6745, 0.581969314079422, 1.2625568592057754, 0.23132671480144382, 0.7828583032490971, 0.3883853790613715, 0.0, 0.9435694945848372, 1.3599575812274365]",0.5049415764139589,0.581969314079422,0.4494536913373101,0.0,1.3599575812274365,15.0,6.0,1.0,0.25
1,"[1.338186372745491, 0.5582535070140284, 0.6974789579158314, 0.558253507014028, 0.6515210420841686, 3.499560120240481, 0.9310902077151333, 0.6612902077151338, 0.8966646884272993, 0.05363976261127604, 0.29061543026706255, 0.053639762611275704, 0.90306943620178, 0.07205341246290771, 0.7309418397626112, 0.6877097922848662, 1.4851008902077143, 0.3842848664688423, 0.7918520325203245, 0.322443902439024, 0.8828821138211385, 0.6745, 0.0, 0.5132780487804878, 0.6075983739837398, 0.8401089430894304, 2.0355642276422756]",0.7822807942972723,0.6745,0.6905679868929167,0.0,3.499560120240481,27.0,3.0,3.0,0.75
2,"[0.4256494614003592, 0.09869254937163399, 1.6269133752244171, 0.9197176840215443, 0.09869254937163349, 0.7053792639138242, 0.5963936265709161, 0.21857675044883274, 2.028949281867146, 2.6695426391382413, 2.252975314183124, 1.2333541292639139, 0.39174281867145455, 0.6436207360861758, 0.20200761421319804, 0.7261691278264882, 0.8550306875865253, 0.6228308721735117, 0.20200761421319804, 0.7628977849561609, 0.40993454885460495, 0.7807676484338475, 0.940326788218794, 0.21253529686769512, 0.9668148667601681, 1.366658719027583, 0.21253529686769512, 0.5682323515661523, 0.0, 1.8934394618834078, 0.9694047085201792, 0.5671244394618833, 0.32817600896860993, 0.6745, 0.5406586322869954, 0.8627853139013453, 0.5013380044843048, 0.09225224215246627, 1.6030717488789237, 1.5191373318385653, 0.6805493273542601, 0.0, 2.0847151260504204, 0.5486689075630251, 1.0587949579831935, 0.6552285714285714, 0.22105462184873917, 1.2481084033613443, 1.7004201680672266, 0.36842436974789916, 1.334263025210084, 2.497350420168067, 0.659763025210084, 0.0011336134453780262, 0.6745, 1.732161344537815]",0.8527852352044933,0.6745,0.6580484599256471,0.0,2.6695426391382413,56.0,5.0,4.0,1.0
3,"[0.6745, 0.6745, 0.6745, 0.6745, 0.6745, 0.6745, 0.6745, 0.6745]",0.6745,0.6745,0.0,0.6745,0.6745,8.0,4.0,2.0,0.5
