Cluster,Dist,mean,median,std,min,max,bag_count,day_count,Cluster_Rank,Cluster_perc
0,"[1.7008129267392509, 0.8399821461524264, 0.5090178538475736, 0.5090178538475731, 0.0, 0.6745, 3.134259174311932, 57.797749174917506, 0.0, 0.6745, 0.6745, 3.5823165247472066, 0.0]",5.3920504349664204,0.6745,15.167660595056336,0.0,57.797749174917506,13.0,4.0,4.0,0.8
1,"[0.0, 0.0, 0.0, 0.0, 0.0, 0.0, 0.0, 0.0, 0.0, 0.0]",0.0,0.0,0.0,0.0,0.0,10.0,10.0,1.0,0.2
2,"[0.774032090555888, 18.94309866258219, 0.32540694112372975, 0.7485317169754931, 0.32540694112372975, 0.6004682830245069]",3.619490772564257,0.6745000000000001,6.855271367669876,0.32540694112372975,18.94309866258219,6.0,1.0,3.0,0.6
3,"[0.685285084232314, 0.7261972125889272, 0.4821482769728456, 0.7308755260236044, 0.4821482769728455, 0.6637149157676862, 0.6745, 0.6745]",0.6399211615697779,0.6745,0.09388572839711985,0.4821482769728455,0.7308755260236044,8.0,2.0,2.0,0.4
4,"[1.1346444502299746, 23.31593664844224, 0.21435554977002527, 0.21435554977002527]",6.219823049553066,0.6745,9.877593600607357,0.21435554977002527,23.31593664844224,4.0,1.0,5.0,1.0
