Cluster,Dist,mean,median,std,min,max,bag_count,day_count,Cluster_Rank,Cluster_perc
0,"[0.0, 0.0, 0.6745000000000003, 0.6744999999999997, 0.0, 0.6745000000000001, 0.6744999999999999, 0.0]",0.33725,0.3372499999999998,0.33725,0.0,0.6745000000000003,8.0,6.0,3.0,1.0
1,[0.0],0.0,0.0,0.0,0.0,0.0,1.0,1.0,1.5,0.5
2,[0.0],0.0,0.0,0.0,0.0,0.0,1.0,1.0,1.5,0.5
