Cluster,Dist,mean,median,std,min,max,bag_count,day_count,Cluster_Rank,Cluster_perc
0,"[0.0, 0.6745, 0.6745000000000001, 0.0, 1.7233931577021584, 0.6745, 0.6745000000000001, 0.6744999999999999, 0.0, 0.0, 0.6744999999999982, 0.6745000000000018, 0.6745000000000001, 0.6744999999999999, 0.6745000000000002, 0.6744999999999998]",0.5714308223563849,0.6744999999999999,0.4145785337388071,0.0,1.7233931577021584,16.0,9.0,1.0,0.17
1,"[0.0, 0.6745, 5.16825933908046, 2.1918237045860627, 0.6745, 0.0, 2.556696078431374, 0.0, 0.6745, 16.386044680851068, 0.6745, 0.0, 0.6889535714285715, 0.6745, 0.0]",2.024285158291835,0.6745,4.064788662900503,0.0,16.386044680851068,15.0,5.0,5.0,0.83
2,"[0.057297082847141155, 1.2917029171528587, 3.2300443407234525, 0.057297082847141155, 0.7171128158844766, 0.6318871841155234, 0.747709347041281, 0.6318871841155235]",0.9206172443409247,0.6745000000000001,0.9486729403000885,0.057297082847141155,3.2300443407234525,8.0,2.0,4.0,0.67
3,"[0.6745, 0.6745, 0.6745, 0.6745, 0.6745, 0.6744999999999999]",0.6745,0.6745,4.5324665183683945e-17,0.6744999999999999,0.6745,6.0,3.0,2.0,0.33
4,"[3.235158877728895, 0.2197010043994356, 0.030570017431725733, 0.6083769403170916, 1.094921723250602, 0.7406230596829086, 0.030570017431725733, 0.8121770565285963]",0.8465123370963726,0.6745000000000001,0.972166113750888,0.030570017431725733,3.235158877728895,8.0,1.0,3.0,0.5
5,"[0.0, 0.6745, 0.6194074194598113, 68.4451783273674, 1.5421532704197856, 0.44359404490725696, 1.5869297103807356]",10.473108967504999,0.6745,23.672987409527714,0.0,68.4451783273674,7.0,1.0,6.0,1.0
