Cluster,Dist,mean,median,std,min,max,bag_count,day_count,Cluster_Rank,Cluster_perc
0,"[0.8226259651643024, 0.6600870892440296, 0.6600870892440293, 0.6889129107559704, 0.45429698104376315, 0.672763632108589, 1.4096150245729, 0.0, 1.2808080973554883, 0.7407976831266091, 0.6745]",0.7331358611468801,0.6745,0.35682772986401046,0.0,1.4096150245729,11.0,2.0,3.0,0.5
1,"[0.0, 2.2002508661417335, 0.6745, 1.2410800000000008, 0.5466105511811026, 0.6744999999999999, 0.06304518724852987, 1.7074390281646543, 1.1080922315072728, 0.0, 1.1379726826990426, 0.6745, 0.5365448283913148, 0.847888862946533, 0.0, 0.8368658082687856, 0.28537843275324437, 0.5121341917312143, 0.9862722060154917, 0.28537843275324415, 1.445618851222211, 0.000993372606774559, 1.3480066273932243, 0.0009933726067756618, 3.603624693176239]",0.8287076090722956,0.6745,0.8078704744682224,0.0,3.603624693176239,25.0,5.0,4.0,0.67
2,"[0.0, 0.6745, 1.3707472718253972, 0.0, 0.0, 1.9741169642857141, 0.6745, 0.0, 0.0, 0.0, 0.6745, 0.6745000000000001]",0.5035720196759259,0.33725,0.6159592467506488,0.0,1.9741169642857141,12.0,7.0,1.0,0.17
3,"[0.0, 0.26103739082969424, 0.9001924126637563, 0.6745, 1.591812636462883, 1.1133313253012052, 0.01625301204819258, 2.269207299787386, 0.5645531537916373, 0.6745, 2.3968412473423117, 0.0, 0.0, 0.6745, 2.573092592592593, 2.942598901098902, 0.04474704924704913]",0.9821862953626831,0.6745,0.973526439370383,0.0,2.942598901098902,17.0,3.0,6.0,1.0
4,"[0.6745000000000001, 0.6745000000000001, 0.11391555555555562, 0.11391555555555562, 1.2350844444444444, 1.5913466666666667, 0.6745, 0.6745, 0.6745, 0.6745, 0.6745, 0.6745]",0.7041885185185186,0.6745,0.38436047215419455,0.11391555555555562,1.5913466666666667,12.0,5.0,2.0,0.33
5,"[0.7247676151761518, 0.6242323848238481, 1.0109666085946567, 0.5829737708091368, 0.5829737708091363, 1.8233434959349588, 3.0785775790921583, 0.6867467675378275, 0.35014621733149953, 0.9799269601100418, 0.6622532324621725, 0.350146217331499]",0.9547545516677572,0.6745,0.7413913110477235,0.350146217331499,3.0785775790921583,12.0,2.0,5.0,0.83
