Cluster,Dist,mean,median,std,min,max,bag_count,day_count,Cluster_Rank,Cluster_perc
0,"[0.0, 15.317521447566197, 0.3794793617759283, 1.2374801711180485, 0.6745, 5.047903756386224, 1.1634858492299773, 0.3586078031388982, 0.9903921968611018, 0.3338659719925018, 0.3338659719925018]",2.3488275027328522,0.6745,4.308947553244389,0.0,15.317521447566197,11.0,2.0,7.0,0.78
1,"[1.4430673548195445, 1.640919352443189, 0.6745, 0.0, 0.4558109312342197, 1.5819227376976626, 0.8333696777049049, 0.5156303222950952, 0.5156303222950951]",0.8512056331655234,0.6745,0.5421713673030895,0.0,1.640919352443189,9.0,2.0,3.0,0.33
2,"[0.7907036449056506, 0.7462349441131676, 0.6027650558868324, 0.09619795296729389, 0.09619795296729389, 6.071649152017347, 31.318735832954026, 0.494669151115157, 2.083443616294948, 0.4449336026399636, 0.854330848884843, 0.44493360263996345, 0.24552376836646497, 0.6045125324114089, 0.7444874675885913, 0.24552376836646497, 0.8101486603284358, 12.805957649092482]",3.3056082890855745,0.6745000000000001,7.431186611698492,0.09619795296729389,31.318735832954026,18.0,3.0,8.0,0.89
3,"[0.6745, 0.6745000000000001, 0.0, 0.0, 1.1050692653495797, 0.0, 0.6745, 0.0, 0.6745000000000005, 0.6744999999999994, 0.0, 0.0]",0.373130772112465,0.3372499999999997,0.3900011168844401,0.0,1.1050692653495797,12.0,8.0,1.0,0.11
4,"[0.07756961938850793, 0.0, 1.907928823191891, 2.2081816716303724, 0.6745, 0.6590433934666012, 0.0, 2.627623110677717, 2.8982781569965868, 0.6745]",1.1727624775351677,0.6745,1.0685137167842853,0.0,2.8982781569965868,10.0,2.0,4.0,0.44
5,"[0.8164593790525596, 0.20262270196048532, 0.20262270196048515, 0.546741704172706, 0.30640380654512156, 0.802258295827294, 10.075720001525672, 0.8530940575177361]",1.7257403310702575,0.6745,3.1663782838435828,0.20262270196048515,10.075720001525672,8.0,1.0,5.0,0.56
6,"[0.6744999999999999, 0.6745, 0.6745000000000001, 0.6745000000000001]",0.6745,0.6745000000000001,9.614813431917819e-17,0.6744999999999999,0.6745000000000001,4.0,2.0,2.0,0.22
7,"[1.0396045431342522, 0.3093954568657479, 0.3093954568657477, 6.0356100901820655]",1.9235013867619535,0.6745000000000001,2.3927697091848725,0.3093954568657477,6.0356100901820655,4.0,1.0,6.0,0.67
8,"[0.0, 0.6745, 2.3139566737008703, 0.6745, 0.0, 376.9874090909026]",63.44172762743391,0.6745,140.22401962748646,0.0,376.9874090909026,6.0,2.0,9.0,1.0
