Cluster,Dist,mean,median,std,min,max,bag_count,day_count,Cluster_Rank,Cluster_perc
0,"[0.6745, 0.0, 18.232560257134786, 4.861283257918553, 0.6745, 0.0, 107.41616976556152, 0.6745, 0.0]",14.725945920068316,0.6745,33.23982777922144,0.0,107.41616976556152,9.0,3.0,8.0,1.0
1,"[0.6745, 1.279999561326549, 20.94003535708019, 0.0, 0.30902254781540633, 0.6745, 0.0, 11.813858770977706, 1.082342448025382, 0.1630919261918678]",3.69373506114171,0.6745,6.674259593846654,0.0,20.94003535708019,10.0,2.0,6.0,0.75
2,"[0.0, 0.0, 0.6744999999999999, 0.6745000000000001]",0.33725,0.33724999999999994,0.33725,0.0,0.6745000000000001,4.0,3.0,1.0,0.12
3,"[0.6745, 0.6745, 0.6745, 0.6745, 0.6745, 0.6745, 0.6745, 0.6744999999999999, 0.6745, 0.6745, 0.6745, 0.6745, 0.6745, 0.6745, 0.6745, 0.6745]",0.6744999999999999,0.6745,1.0749688212373146e-16,0.6744999999999999,0.6745,16.0,8.0,2.0,0.25
4,"[16.319808064516135, 0.021414516129032196, 0.6745, 0.0, 1.361940322580646, 0.6716370967741938, 1.6788064516129038]",2.96115806451613,0.6745,5.484220395785087,0.0,16.319808064516135,7.0,1.0,5.0,0.62
5,"[0.6745, 0.43306491234398675, 4.753787046389149, 4.500356846547867, 0.0]",2.072341761056201,0.6745,2.0986279624508706,0.0,4.753787046389149,5.0,1.0,4.0,0.5
6,"[0.9684917098972643, 0.6292863391313194, 0.6745, 1.378090428237209, 0.0]",0.7300736954531586,0.6745,0.45233239176359735,0.0,1.378090428237209,5.0,1.0,3.0,0.38
7,"[13.070892231134879, 0.8467987472766885, 0.5022012527233114, 13.572191745890276, 0.39078651713210527, 0.39078651713210527]",4.795609501881561,0.6744999999999999,6.032413723081122,0.39078651713210527,13.572191745890276,6.0,1.0,7.0,0.88
