Cluster,Dist,mean,median,std,min,max,bag_count,day_count,Cluster_Rank,Cluster_perc
0,"[0.6745, 0.6745, 0.06540128504672897, 1.171707359813084, 0.8328814252336447, 0.11110338785046749, 0.17886857476635507, 1.7752903037383172, 0.25136156542056054, 0.07800876168224291, 2.6719970794392514, 1.2520800233644855, 0.5161185747663553, 0.9274374999999999, 0.9053744158878503, 0.06540128504672897, 0.19155961653684855, 0.8583810665068905, 0.19155961653684855, 1.9293367285799885, 0.38392750149790306, 0.6611635710005991, 0.6878364289994008, 1.0127603355302577, 2.118518849206349, 2.182087797619048, 0.3285510912698413, 0.1713015873015871, 0.17130158730158737, 1.0204489087301587]",0.8020255409557795,0.6745,0.6995217327088901,0.06540128504672897,2.6719970794392514,30.0,4.0,3.0,0.75
1,"[0.0, 0.6745000000000001, 0.6744999999999999, 0.0, 0.0, 0.0, 0.0, 0.0, 0.0, 0.0, 0.6745000000000003, 0.6744999999999997, 0.0, 0.0]",0.1927142857142857,0.0,0.304708040254796,0.0,0.6745000000000003,14.0,12.0,1.0,0.25
2,"[0.7210411946446964, 1.058638516992791, 0.0, 0.9384649845520084, 0.41261894953656025, 0.8148182286302781, 0.7071483007209064, 0.6745, 0.710621524201854, 0.18269155509783716, 0.34801699279093734, 0.2861936148300721, 0.3834438722966015, 0.9745444839857658, 0.08401245551601452, 0.6745, 0.7069048042704626, 1.4882206405693956, 0.2208327402135234, 0.0, 0.5966554650373387, 1.2734450101832997, 1.1324090291921254, 1.8119460285132385, 0.48767311608961317, 0.46294602851323846, 1.0051103190767143, 0.2770349626612356, 1.7102902240325868, 0.7523445349626613, 1.96305600814664, 0.27337169042769865, 0.2458971486761711, 0.9474137813985068, 0.2523078750848609, 0.2458971486761711]",0.6895836452644946,0.6745,0.4955064162284729,0.0,1.96305600814664,36.0,3.0,2.0,0.5
3,"[0.22055588585017816, 0.43068549346016655, 0.3167984542211652, 0.7915951248513678, 0.12591736028537473, 1.0017247324613556, 0.4948472057074908, 0.7611183115338888, 0.7915951248513678, 0.8750053507728894, 4.394275267538646, 0.6376070154577884, 0.12591736028537473, 0.7113929845422116]",0.834216833701376,0.6745,1.0244212128116665,0.12591736028537473,4.394275267538646,14.0,1.0,4.0,1.0
