Cluster,Dist,mean,median,std,min,max,bag_count,day_count,Cluster_Rank,Cluster_perc
0,"[0.7580135241241134, 0.5909864758758866, 0.04048753181350508, 5.426771985162722, 0.04048753181350521, 7.370319610656846, 0.642147109207709, 0.0, 0.6745, 7.531414591618235, 0.758312144386663, 0.33396419470883615, 7.82049462264858, 1.0150358052911639, 0.333964194708836]",2.222459954801107,0.6745,2.957326650814565,0.0,7.82049462264858,15.0,3.0,5.0,1.0
1,"[0.0, 0.0, 0.0, 0.6744999999999999, 0.6745000000000001, 0.6745000000000003, 0.6744999999999997, 0.0, 0.0, 0.0]",0.26980000000000004,0.0,0.33043616630145073,0.0,0.6745000000000003,10.0,8.0,1.0,0.2
2,"[0.9426900371682444, 0.0, 0.14932307334920727, 0.06368362709797327, 0.2474191663278937, 1.076099548463906, 0.7192342470526744, 0.6745, 0.7606193013531564, 0.6745, 0.0, 0.6914619683328161, 1.638191089723689, 0.4998545482769322, 0.6745, 0.9023275780789627, 0.0, 0.31360076605774906, 0.7807029463759572]",0.5688793630346927,0.6745,0.42175980574914346,0.0,1.638191089723689,19.0,3.0,2.0,0.4
3,"[0.6744999999999999, 0.6745, 0.6744999999999999, 0.6744999999999999, 0.6745000000000001, 0.6745000000000001]",0.6745,0.6744999999999999,1.013490324081353e-16,0.6744999999999999,0.6745000000000001,6.0,3.0,3.0,0.6
4,"[0.9787179041200134, 0.6745, 0.0, 0.6745, 0.0, 3.612133286647991, 0.0, 0.7725468389478543, 0.6745]",0.8207664477462066,0.6745,1.0490290181883262,0.0,3.612133286647991,9.0,3.0,4.0,0.8
