Cluster,Dist,mean,median,std,min,max,bag_count,day_count,Cluster_Rank,Cluster_perc
0,"[0.0, 0.0, 0.0, 0.0, 0.6745, 1.5722641075141075, 0.6745000000000001, 0.6744999999999999, 0.0, 0.0, 0.0, 1.6050654114365401, 0.6745, 0.0, 0.0, 0.0]",0.36720809493441553,0.0,0.5425968714778772,0.0,1.6050654114365401,16.0,11.0,1.0,0.11
1,"[0.6745, 0.6745, 0.6744999999999999, 0.6745, 0.6745, 0.6745, 0.6745000000000001, 0.6745000000000001]",0.6745,0.6745,6.798699777552591e-17,0.6744999999999999,0.6745000000000001,8.0,4.0,2.0,0.22
2,"[0.882339061589493, 0.7120738435160696, 0.6369261564839303, 0.6369261564839303, 0.23618499673842164, 1.1128150032615785, 3.5519266797129787, 0.23618499673842108]",1.0006721118156028,0.6744999999999999,1.0032616126812812,0.23618499673842108,3.5519266797129787,8.0,2.0,5.0,0.56
3,"[0.0, 0.7974444952032894, 0.6745, 0.0, 0.6745, 28.402910982516605]",5.091559246286649,0.6745,10.43014315300458,0.0,28.402910982516605,6.0,2.0,8.0,0.89
4,"[39.66485360360361, 0.8159491991991986, 0.5330508008008014, 0.5330508008007998, 0.9298652144571078, 2.7511062537492514, 0.4191347855428922, 0.41913478554289085]",5.758268180462069,0.6745,12.83578023617893,0.41913478554289085,39.66485360360361,8.0,2.0,9.0,1.0
5,"[0.6745, 11.622015403274709, 0.3824484536082472, 0.2571198908429351, 15.685295027289262, 0.0, 1.4917534869617948]",4.301876037425278,0.6745,6.029089201662698,0.0,15.685295027289262,7.0,1.0,7.0,0.78
6,"[0.7510592170116883, 0.25950345021827914, 0.0, 0.6745, 0.22559322630615417, 1.936302281368821, 18.954770314040275]",3.257389784135031,0.6745,6.435345936802403,0.0,18.954770314040275,7.0,1.0,6.0,0.67
7,"[0.47395418404907974, 0.09020920245398771, 0.8750458159509201, 2.5225803435582823, 0.09020920245398771, 1.833017889570552]",0.9808361063394683,0.6744999999999999,0.9090051812469588,0.09020920245398771,2.5225803435582823,6.0,1.0,4.0,0.44
8,"[0.0, 1.892076694093911, 0.6745, 0.23760522568139586, 1.7351985442462117]",0.9078760928043039,0.6745,0.7721502053526347,0.0,1.892076694093911,5.0,1.0,3.0,0.33
