Cluster,Dist,mean,median,std,min,max,bag_count,day_count,Cluster_Rank,Cluster_perc
0,"[0.0, 0.0, 0.6745000000000002, 0.6744999999999997, 0.0, 0.6745, 1.3835860226620766, 0.0, 0.0]",0.3785651136291196,0.0,0.47014857282832645,0.0,1.3835860226620766,9.0,6.0,1.0,0.33
1,"[0.6745, 0.6745]",0.6745,0.6745,0.0,0.6745,0.6745,2.0,1.0,3.0,1.0
2,"[0.0, 0.19372431865828108, 0.6899315468052138, 0.6745, 1.32551453832832]",0.576734080758363,0.6745,0.4609474357658191,0.0,1.32551453832832,5.0,1.0,2.0,0.67
