Cluster,Dist,mean,median,std,min,max,bag_count,day_count,Cluster_Rank,Cluster_perc
0,"[0.517778080793863, 0.6745, 4.404875677387572, 4.555758797241185, 0.4976271025406433, 4.454980171018369, 2.988325990569358, 0.13163406995566188, 0.0, 0.7048088882821615, 0.6774666013055672, 0.6715333986944326, 0.6715333986944328]",1.6116017058833267,0.6745,1.7100621484702412,0.0,4.555758797241185,13.0,2.0,4.0,0.67
1,"[1.284805558459662, 2.6993398327234703, 0.064194441540338, 0.064194441540338, 1.6447040426113084, 3.2905135208959297, 0.0, 0.5925135208959305, 0.6745]",1.1460850398518863,0.6745,1.1285367902485486,0.0,3.2905135208959297,9.0,2.0,3.0,0.5
2,"[0.6745, 2.7495252597270317, 0.0, 0.0, 14.281666214673134, 0.6745]",3.0633652457333604,0.6745,5.101152480054727,0.0,14.281666214673134,6.0,2.0,5.0,0.83
3,"[0.6745000000000002, 0.6744999999999998, 0.0, 1.2763723515109415, 0.6745, 0.6745000000000004, 0.6744999999999995, 0.0, 0.0, 0.0, 0.6745, 0.6745000000000001, 0.0, 0.0, 0.6745, 0.6745000000000001, 0.0, 0.0, 0.0, 0.0]",0.36734361757554707,0.33724999999999977,0.3888992133080096,0.0,1.2763723515109415,20.0,14.0,1.0,0.17
4,"[0.6745, 0.6745, 0.6745, 0.6745]",0.6745,0.6745,0.0,0.6745,0.6745,4.0,2.0,2.0,0.33
5,"[9.207564, 0.0, 0.604849, 14.103013999999998, 0.6745]",4.917985399999999,0.6745,5.719477760915365,0.0,14.103013999999998,5.0,1.0,6.0,1.0
