Cluster,Dist,mean,median,std,min,max,bag_count,day_count,Cluster_Rank,Cluster_perc
0,"[0.0, 0.0, 0.0, 0.0, 0.0, 0.0, 0.0]",0.0,0.0,0.0,0.0,0.0,7.0,7.0,1.0,0.14
1,"[0.5237842483020434, 0.8252157516979566, 0.5237842483020435, 7.287708737432156, 1.4043668571717578, 0.578605831478859, 0.7703941685211408, 0.5786058314788589, 15.511367637271212, 1.292885191347753, 0.05611480865224605, 0.05611480865224679, 0.14709920634920617, 1.2019007936507935, 14.365884920634915, 0.14709920634920645]",2.8294332654557746,0.6744999999999999,4.871033566028488,0.05611480865224605,15.511367637271212,16.0,4.0,5.0,0.71
2,"[0.6745, 0.0, 11.683510776070358, 0.6745, 0.0, 3.0953736717827627, 0.6745, 20.411697473404242, 0.0]",4.134897991250818,0.6745,6.751226836129241,0.0,20.411697473404242,9.0,3.0,7.0,1.0
3,"[0.6745, 0.6745, 0.6745, 0.6745]",0.6745,0.6745,0.0,0.6745,0.6745,4.0,2.0,2.0,0.29
4,"[0.0, 0.6745, 8.374267118931526, 0.5591996325348032, 9.774125114832875]",3.876418373259841,0.6745,4.27308855503649,0.0,9.774125114832875,5.0,1.0,6.0,0.86
5,"[0.6896866067843492, 0.6593133932156506, 0.7629648265742653, 0.6593133932156507]",0.6928195549474789,0.6745,0.042354162262366164,0.6593133932156506,0.7629648265742653,4.0,1.0,3.0,0.43
6,"[2.2173721894059972, 0.8822340977792971, 0.22271273993526966, 2.19126223309371, 0.22271273993526966, 0.46676590222070297]",1.0338433170617078,0.6745,0.8564254117118,0.22271273993526966,2.2173721894059972,6.0,1.0,4.0,0.57
