Cluster,Dist,mean,median,std,min,max,bag_count,day_count,Cluster_Rank,Cluster_perc
0,"[2.5759914675767748, 0.0, 0.6745, 1.9498344709897695, 0.515658703071675, 0.5940736472945893, 0.8563041082164302, 0.7549263527054108, 0.5940736472945893, 83.46937499993949, 0.0, 0.6745]",7.721603116424061,0.6745,22.849655568253112,0.0,83.46937499993949,12.0,3.0,5.0,0.83
1,"[0.7514453883495058, 0.5975546116504942, 0.5975546116504723, 1.9891201456310719, 0.068068807339448, 2.9676231979030203, 0.068068807339448, 0.8415779816513785, 0.1326015727391906, 0.6638918741808632, 0.6851081258191368, 0.9069947575360431, 0.7133625942684737, 43.24898069381598, 0.6356374057315236, 0.6356374057315263]",3.4689517488335992,0.6745,10.294911775212428,0.068068807339448,43.24898069381598,16.0,3.0,4.0,0.67
2,"[16.811207224334336, 0.6745, 1.361823193916314, 0.5231863117870743, 0.0, 0.5799587750294408, 0.0, 5.092514723203776, 0.8270371024734974, 0.6745]",2.654472733074443,0.6745,4.920840060570272,0.0,16.811207224334336,10.0,2.0,3.0,0.5
3,"[0.0, 0.0, 0.0, 0.6745, 1.1558392029657054, 0.0, 0.0, 0.6745, 0.0, 1.6922508896797468]",0.41970900926454524,0.0,0.5786208872963394,0.0,1.6922508896797468,10.0,6.0,1.0,0.17
4,"[0.6745, 0.6745, 0.6745, 0.6745, 0.6745, 0.6745, 0.6744999999999999, 0.6744999999999999]",0.6744999999999999,0.6745,9.614813431917819e-17,0.6744999999999999,0.6745,8.0,4.0,2.0,0.33
5,"[0.06481351791530973, 0.32077198697069315, 23.1603965798046, 0.6393469055374631, 15.055411237785043, 0.264746742671003, 1.274299674267109, 0.029660423452772828, 0.08129153094463122, 0.8008314332247639, 538.0126180781768, 0.7096530944625369, 0.029660423452772828, 0.7887475570032595]",41.516589227547776,0.6745,137.86480211548525,0.029660423452772828,538.0126180781768,14.0,1.0,6.0,1.0
