Cluster,Dist,mean,median,std,min,max,bag_count,day_count,Cluster_Rank,Cluster_perc
0,"[0.8694957020057308, 2.2038481375358154, 0.08788538681948435, 0.4795042979942692, 0.087885386819484, 1.2509426934097414, 0.47838914549653555, 0.47838914549653555, 0.8706108545034644, 1.0481928406466512]",0.7855143590727712,0.6745,0.59726500170983,0.087885386819484,2.2038481375358154,10.0,2.0,4.0,0.57
1,"[0.709426324934839, 0.05871841876629031, 0.9513321459600343, 0.06832901824500419, 2.3460410947002597, 0.6395736750651608, 0.05871841876629031, 0.5772219808861856, 1.4688980886185905, 1.3012986099044297, 0.5599966517857143, 0.5599966517857142, 0.7890033482142856, 1.995527901785714]",0.8631487378156081,0.6744999999999999,0.6718078641447209,0.05871841876629031,2.3460410947002597,14.0,2.0,6.0,0.86
2,"[0.6745, 0.6745, 0.6744999999999999, 0.6744999999999999, 0.6745, 0.6745, 0.6745, 0.6744999999999999]",0.6744999999999999,0.6745,8.777083671441753e-17,0.6744999999999999,0.6745,8.0,4.0,3.0,0.43
3,"[1.9340609214218898, 0.6745, 0.0, 0.0, 0.0, 0.5512488680465724, 1.0383635187580864, 0.6745, 0.0, 1.391101714100906, 0.0]",0.5694340929388595,0.5512488680465724,0.632521878180291,0.0,1.9340609214218898,11.0,5.0,1.0,0.14
4,"[1.9089196652719658, 0.022577405857740596, 0.022577405857740596, 2.4274474198047407, 0.5919043235704327, 0.7570956764295672, 0.3666275526483729, 0.8920875877472878, 0.6745000000000001, 0.7954537332482451, 0.0470256062539889, 1.1491680759412892, 0.27903294511806015, 0.0, 1.253549856413529, 3.8191688888888895, 0.6745, 0.0, 1.179218205804749, 0.7116597889182054, 0.21818918205804735, 0.6373402110817945, 1.4231060158311344, 0.21818918205804758, 0.6744999999999999, 0.0, 0.9056520085964622]",0.8018329902740847,0.6745,0.8351438170252634,0.0,3.8191688888888895,27.0,5.0,5.0,0.71
5,"[3.3149207317073146, 0.6508513719512196, 3.5313570884146332, 0.32748208841463394, 0.6981486280487804, 0.32748208841463394]",1.4750403328252026,0.6745,1.386255537669416,0.32748208841463394,3.5313570884146332,6.0,1.0,7.0,1.0
6,"[0.6518685673116511, 0.0, 0.7279546109510088, 1.0707583367641005, 0.10968608480856315, 1.1194922807739813, 0.6745]",0.6220371258013293,0.6745,0.3987671918713103,0.0,1.1194922807739813,7.0,1.0,2.0,0.29
