Cluster,Dist,mean,median,std,min,max,bag_count,day_count,Cluster_Rank,Cluster_perc
0,"[0.2767179487179485, 1.5280980056980051, 0.32937122507122485, 0.6745, 1.0054085470085468, 1.1053344729344723, 0.0, 1.734830363912055, 0.45333150113722515, 0.45333150113722515, 0.8956684988627748, 0.0, 0.2836504922644159, 2.2872285513361468, 1.4732749648382557, 0.6745000000000001]",0.8234528795573934,0.6745000000000001,0.6382959290652539,0.0,2.2872285513361468,16.0,3.0,3.0,0.6
1,"[0.7995378590078329, 0.0, 0.6745, 0.05723710482529095, 0.0, 0.30358111480865246, 0.6745, 0.6245578202995007, 1.6166676372712145, 0.8776356073211314, 2.1991393510815307, 2.3719729617304495, 0.6745, 0.0, 7.802647928994098, 0.819614783653846, 0.0, 0.6745, 1.5737442551505547, 0.6745, 0.0, 0.13468621236133105, 0.8067811014263073]",1.0156653799100754,0.6745,1.5909853201065147,0.0,7.802647928994098,23.0,5.0,4.0,0.8
2,"[0.6745, 0.6745, 0.6745, 0.6745]",0.6745,0.6745,0.0,0.6745,0.6745,4.0,2.0,2.0,0.4
3,"[0.6745, 0.0, 1.0531366632860042, 0.6745000000000008, 0.6744999999999992, 0.0, 0.6745, 0.0, 1.3122442638623328, 0.0, 0.0, 0.6744999999999995, 0.6745000000000003, 0.6745000000000014, 0.6744999999999985, 0.0, 0.6744999999999998, 0.6745000000000002, 0.0, 0.6745000000000002, 0.6744999999999999]",0.49806575843563505,0.6744999999999998,0.3830345841248369,0.0,1.3122442638623328,21.0,12.0,1.0,0.2
4,"[0.536484926234766, 0.6671449647209751, 0.6818550352790249, 3.505323284156511, 2.342362411802438, 0.10210519563822992, 0.1021051956382292, 0.7588665811417575]",1.0870309493264916,0.6745,1.1244674803777648,0.1021051956382292,3.505323284156511,8.0,1.0,5.0,1.0
