Cluster,Dist,mean,median,std,min,max,bag_count,day_count,Cluster_Rank,Cluster_perc
0,"[24.17488685636858, 20.17466598915991, 13.935019647696487, 12.706481707317081, 0.004312330623306018, 0.004312330623305676, 0.6683082655826558, 0.6733543360433604, 0.660301490514905, 0.6756456639566396, 61.737153024910526, 0.32644839857650576, 0.26163879003558815, 0.6745, 0.0, 76.04327402135168, 2.580382562277562]",12.664746200884593,0.6745,21.99396939303095,0.0,76.04327402135168,17.0,2.0,5.0,0.62
1,"[0.6745, 174.49852212389246, 0.0, 498.8793008849519, 0.15519469026546842, 0.10580392156861362, 0.6745000000000001, 0.0, 10.441524509803703, 3.114602941176416]",68.85439490716584,0.6745000000000001,152.32881718850612,0.0,498.8793008849519,10.0,2.0,8.0,1.0
2,"[1015.203100628915, 0.6745, 0.0, 0.453908805031446, 27.88781761006244, 0.5981415094339718, 2.1295534591194554, 1.6495689742124189, 0.6337483441482017, 0.6745, 0.17765635611740604, 0.0, 0.033630887940019255, 0.1815795817503281, 0.7079267894966882, 0.10783201089331915, 0.019570772954980803, 0.6864057425276535, 6.695245335036813, 0.8140579800289144, 1.3342368792657082, 0.8174369431462865]",48.24910993682186,0.6745,211.08568911523514,0.0,1015.203100628915,22.0,2.0,7.0,0.88
3,"[0.6745, 0.6745, 0.6745, 0.6745, 0.6744999999999999, 0.6744999999999999, 0.6745, 0.6745]",0.6744999999999999,0.6745,9.614813431917819e-17,0.6744999999999999,0.6745,8.0,4.0,2.0,0.25
4,"[0.0, 0.6745, 2.049277070063749, 0.0, 0.6745, 2.079090659340678, 0.6745, 267.15017857142806, 0.0]",30.366894033425833,0.6745,83.71895486742116,0.0,267.15017857142806,9.0,3.0,6.0,0.75
5,"[0.6744999999999982, 0.6745000000000017, 0.6745000000000028, 0.6744999999999973, 0.0, 0.0]",0.44966666666666666,0.6744999999999978,0.3179623492735509,0.0,0.6745000000000028,6.0,4.0,1.0,0.12
6,"[1.0392087682672204, 0.606909185803756, 0.742090814196244, 0.606909185803756, 0.8594894514767915, 0.30309810126581715, 0.8039926160337502, 0.9434462025316437, 0.6118881856540059, 0.6745, 0.0, 0.26247744648318194, 1.0865225535168181, 0.2624774464831785, 1.4985451070336362, 0.40863868613138854, 1.2029403892943682, 0.9403613138686114, 0.40863868613136667]",0.6980070599987123,0.6745,0.3653393801324366,0.0,1.4985451070336362,19.0,4.0,3.0,0.38
7,"[0.0, 0.8860477272727489, 0.6745, 2.6765386363636994, 0.006131818181817624]",0.8486436363636531,0.6745,0.9800966675225916,0.0,2.6765386363636994,5.0,1.0,4.0,0.5
