Cluster,Dist,mean,median,std,min,max,bag_count,day_count,Cluster_Rank,Cluster_perc
0,"[0.007362300587741058, 0.6745, 1.3818471872376161, 1.1439882451721246, 0.0, 0.007362300587741058, 1.1128400503778346, 7.923928816466541, 0.30196312178387563, 1.0470368782161226, 0.3019631217838775, 2.7034509129003292, 0.5456969470218497, 0.8033030529781502, 0.5456969470218498, 0.5465192826841495, 3.03329907443116, 0.8024807173158505, 0.5465192826841495]",1.2331451704868928,0.6745,1.7633467718114193,0.0,7.923928816466541,19.0,4.0,4.0,1.0
1,"[0.6745000000000003, 0.6744999999999997, 0.0, 0.0, 0.6744999999999999, 0.6745000000000001, 0.0, 0.0, 0.0, 0.0, 0.6744999999999998, 0.6745000000000002, 0.0, 0.6745, 0.0, 1.2521846087332473, 0.0, 0.0, 0.0]",0.31440445309122356,0.0,0.38895710776925135,0.0,1.2521846087332473,19.0,14.0,1.0,0.25
2,"[0.966613589567605, 0.6745, 0.0, 0.8416645569620255, 0.9405253164556958, 0.34286708860759496, 0.5073354430379745, 0.34286708860759496, 1.4950443037974683]",0.6790463763373288,0.6745,0.41633396729408856,0.0,1.4950443037974683,9.0,2.0,3.0,0.75
3,"[0.6745, 0.6745, 0.6745, 0.6745]",0.6745,0.6745,0.0,0.6745,0.6745,4.0,2.0,2.0,0.5
