Cluster,Dist,mean,median,std,min,max,bag_count,day_count,Cluster_Rank,Cluster_perc
0,"[0.5779613935969864, 4.941252354048962, 1.1305178907721274, 0.0, 0.15369962335216567, 2.0362024482109216, 0.6745, 0.5246111111111108, 0.7354717514124295, 0.03920581257413965, 0.44246559905100824, 0.9417396204033217, 0.35445255041518414, 2.3419472123368927, 2.044303084223013, 0.9065344009489917, 1.7098534994068801, 0.039205812574140325, 0.25363760379596684, 0.02876421508034606, 0.07878893695920888, 0.02876421508034606, 0.7732988257107541, 0.44647064276885035, 0.9892388751545117, 0.613219715698393, 0.9583902966625463, 0.735780284301607, 0.8875219406674906, 0.9925738566131023, 0.46481304079110025]",0.8659737617329839,0.6745,0.9590877784009458,0.0,4.941252354048962,31.0,3.0,4.0,0.57
1,"[4.12462787723785, 0.0, 3.4190767263427086, 0.2673849104859333, 0.3001611253196929, 0.23805882352941124, 0.6624245524296674, 1.1713184143222501, 1.7699156010230173, 0.6745, 3.058538363171354, 0.5765718167701864, 1.4029390527950307, 1.049978649068323, 0.19114324534161475, 0.06441265527950298, 0.8939219720496892, 0.06441265527950298, 1.4312177795031056, 0.7724281832298135, 0.06441265527950298]",1.0570211932599123,0.6745,1.1361374179143562,0.0,4.12462787723785,21.0,2.0,5.0,0.71
2,"[0.6745, 0.6745, 0.6745, 0.6745]",0.6745,0.6745,0.0,0.6745,0.6745,4.0,2.0,2.0,0.29
3,"[0.6745, 0.0, 4.846407407407399, 0.0, 0.6745, 8.423406976744175]",2.436469064025262,0.6745,3.155235367732042,0.0,8.423406976744175,6.0,2.0,7.0,1.0
4,"[0.0, 0.0, 0.0, 0.0, 0.0, 0.0, 0.0, 0.36678777670837326, 1.2594128970163618, 0.8173200192492781, 0.6745]",0.2834564266340012,0.0,0.4220936322642354,0.0,1.2594128970163618,11.0,7.0,1.0,0.14
5,"[1.8766141114982584, 0.14453571428571496, 0.7978841463414635, 0.04112804878048718, 0.04112804878048816, 3.6721472125435533, 1.8531123693379792, 0.4853109756097554, 0.33725, 1.43243118466899, 0.5511158536585364, 3.768504355400696]",1.2500968350754935,0.6745,1.2667160904065224,0.04112804878048718,3.768504355400696,12.0,1.0,6.0,0.86
6,"[0.14053863204559827, 0.3865880303989864, 0.5412232425585818, 1.0837279924002534, 1.0410110829639008, 0.6813347055098159, 0.14053863204559866, 0.6676652944901841, 1.9867634578847366, 0.8325525649145032]",0.750194363521216,0.6745,0.5159938430673442,0.14053863204559827,1.9867634578847366,10.0,1.0,3.0,0.43
