Cluster,Dist,mean,median,std,min,max,bag_count,day_count,Cluster_Rank,Cluster_perc
0,"[0.0, 0.1473367940199359, 107.11160838870427, 0.6745, 0.4801050664451818, 13.063675664451821, 29.421421096345494, 0.05826245847175809, 0.7568517441860486, 29.038684366683103, 28.42017883686546, 28.212849038935442, 28.08184511582061, 0.6236515426318383, 0.09016825036963998, 0.05761672745194656, 0.13410216855593876, 11.379456589452937, 10.819378915722034, 10.507054499753577, 10.273795179891577, 9.882325884672257, 9.51396710694924, 9.460060295712177, 0.6150083686545095, 0.10173680630852608, 0.05761672745194691, 0.5587080630852636, 8.43287890586496, 8.090476244455399, 7.742355791030067, 7.140179211434207, 6.963406357811732, 6.717408329226222, 6.370325056678169, 0.5994772498767866, 0.10737481517989138, 0.09913055692459305, 0.6167901922129129, 0.629874627895515, 0.6510969443075406, 0.6543414588467226, 0.6722926663380976, 0.6767073336619024, 0.667665243962543, 0.670909758501725, 0.6440228388368654, 0.1521065648102516, 0.6869727649088221]",8.133219563476683,0.6745,16.679670177569772,0.0,107.11160838870427,49.0,2.0,4.0,0.8
1,"[0.6745, 0.9258664596273215, 0.4524596273291899, 1.8590644409937795, 0.0, 29.35849999999278, 0.0, 0.6745]",4.243111315992884,0.6745,9.508664092825516,0.0,29.35849999999278,8.0,2.0,3.0,0.6
2,"[1.7346640195479552, 0.787809407452653, 0.5611905925473414, 0.5611905925473469, 2.5644356435643383, 0.788029702970295, 0.5609702970296938, 0.5609702970297049, 1.113199186991859, 0.23580081300814104, 373.08075609756173, 0.23580081300814104, 1.2212480219499744, 0.8303674706482899, 0.3937528075548752, 0.16839848136804464, 0.4502827973455841, 0.51863252935171, 0.1683984813680451, 2.3319322996426735, 2.3315381572230716, 2.338324655436446]",17.88807696205218,0.6745,77.51312525283994,0.16839848136804464,373.08075609756173,22.0,4.0,5.0,1.0
3,"[0.0, 1.3941940581542358, 0.6745, 0.0, 0.0, 1.0837632135306567, 1.3875021141649004, 0.0, 0.41924524312896433, 0.6745, 0.674500000000006, 0.674499999999994, 0.6744999999999904, 0.6745000000000095, 0.0, 0.0]",0.5207315393111723,0.6744999999999922,0.475024248654679,0.0,1.3941940581542358,16.0,8.0,1.0,0.2
4,"[0.6745, 0.6745, 1.1642054794520442, 0.3028245691559886, 1.0461754308440114, 0.3028245691559846, 0.6745, 0.6745, 0.6745, 0.6745]",0.6863030048608029,0.6745,0.2555085566174179,0.3028245691559846,1.1642054794520442,10.0,4.0,2.0,0.4
