Cluster,Dist,mean,median,std,min,max,bag_count,day_count,Cluster_Rank,Cluster_perc
0,"[1.2420882731958756, 0.10691172680412347, 1.6364571980854201, 0.10691172680412432, 0.6745, 0.8606551811288967, 0.0, 0.0, 0.6745, 35.071822437449555, 5.174558650031322, 0.6745, 0.0, 276.8829074074073, 0.0, 0.6745, 2.8543530997304565, 0.0, 0.6745]",17.226798194770378,0.6745,61.68590673375502,0.0,276.8829074074073,19.0,6.0,5.0,1.0
1,"[0.6745000000000001, 0.6745, 0.0, 0.6745000000000002, 0.6744999999999998, 0.674500000000001, 0.674499999999999, 0.0, 0.0, 0.6744999999999965, 0.6745000000000034]",0.49054545454545456,0.6744999999999998,0.30039651481950064,0.0,0.6745000000000034,11.0,7.0,1.0,0.2
2,"[0.48043273779567197, 13.328588449924514, 0.8685672622043282, 0.48043273779567197, 3.824005531779996, 0.13477170708511654, 0.6745, 0.0, 2.6268829608495796]",2.49090904304832,0.6745,4.014173578998732,0.0,13.328588449924514,9.0,2.0,4.0,0.8
3,"[0.6745, 0.6745, 0.6745, 0.6745, 0.6305962704181862, 0.6305962704181861, 0.7184037295818138, 0.7195585638858513, 0.6744999999999999, 0.6744999999999999, 0.6745, 0.6745, 0.6745, 0.6745, 0.6745, 0.6745]",0.6745721771440023,0.6745,0.022097515754594135,0.6305962704181861,0.7195585638858513,16.0,7.0,2.0,0.4
4,"[0.00725053252092918, 1.0435754941298856, 0.0072505325209294025, 6.129172512012681, 6.313944147223459, 0.3054245058701145]",2.3011029540463332,0.6745000000000001,2.7941795643421212,0.00725053252092918,6.313944147223459,6.0,1.0,3.0,0.6
