Cluster,Dist,mean,median,std,min,max,bag_count,day_count,Cluster_Rank,Cluster_perc
0,"[0.5516571243523317, 0.7767234455958544, 0.5516571243523314, 0.827398316062176, 0.5722765544041455, 1.7916187823834202, 0.5441313325991184, 1.8114187775330397, 0.544131332599119, 0.8048686674008809, 0.6319813753581652, 2.359783667621774, 0.6319813753581661, 0.717018624641834]",0.9369033214473111,0.6745000000000001,0.5699380950766213,0.5441313325991184,2.359783667621774,14.0,3.0,3.0,0.6
1,"[0.0, 0.6745, 1.223714902807775, 0.0, 0.0, 0.0, 0.6744999999999998, 0.6745000000000002]",0.40590186285097185,0.3372499999999999,0.43935724860680414,0.0,1.223714902807775,8.0,5.0,1.0,0.2
2,"[0.6745, 0.9461139419674448, 0.0, 1.2158184713375788, 0.5599352441613583, 0.22338071308925533, 2.0285034697295994, 1.1256192869107442, 0.22338071308925586, 0.8303943708609263, 0.0, 0.6745000000000001, 0.16661490066225176, 1.162730794701986]",0.7022494218936,0.6745000000000001,0.5505526992646215,0.0,2.0285034697295994,14.0,3.0,2.0,0.4
3,"[1.0914862005519774, 0.035369365225390186, 0.2575137994480226, 0.035369365225390186, 1.7120013799448013, 4.133251609935603, 3.902419963201471, 0.09866191352345954, 1.9502792088316456, 0.23641628334866682]",1.345276908923643,0.6745,1.492490296110429,0.035369365225390186,4.133251609935603,10.0,1.0,4.0,0.8
4,"[0.9284388361045133, 0.0, 0.6745, 0.6745, 14.762481092436971, 0.0]",2.8399866547569137,0.6745,5.343369754218181,0.0,14.762481092436971,6.0,2.0,5.0,1.0
