Cluster,Dist,mean,median,std,min,max,bag_count,day_count,Cluster_Rank,Cluster_perc
0,"[1.1149897959183686, 0.04129591836731076, 0.04129591836737189, 0.23401020408163142, 9.970670068026925, 30.88475850340055, 53.39551553398059, 5.290131877022656, 0.6744999999999999, 0.0, 0.656818932038834, 0.983213461538473, 1.1699980769230867, 0.0, 0.19067596153845925, 0.6745, 0.09468942307693065, 1.5552413461538594, 0.06355865384614733, 2.1648855769230884, 13.545606985525557, 0.16342511013216127, 28.770884518565296, 0.41301982378854535, 0.6099789175582139, 9.012151982378903, 0.1634251101321556, 0.7390210824417861, 0.5661712121212105, 87.11269696969688, 0.5661712121212105, 0.7828287878787894]",7.8639415926107805,0.6744999999999999,18.242323809458338,0.0,87.11269696969688,32.0,5.0,5.0,0.71
1,"[3.9573453856749317, 0.18163188705234326, 1.1673681129476567, 0.18163188705234326, 0.6745, 7.062699275362418, 0.0]",1.8893109354413846,0.6745,2.4622728097138817,0.0,7.062699275362418,7.0,2.0,3.0,0.43
2,"[0.6745, 0.6745, 0.6745, 0.6744999999999999, 0.6745, 0.6745]",0.6745,0.6745,4.5324665183683945e-17,0.6744999999999999,0.6745,6.0,3.0,2.0,0.29
3,"[0.0, 0.0, 0.6744999999999981, 0.6745000000000019, 0.6744999999999933, 0.6745000000000066, 0.0, 0.0, 0.6745000000000001, 2.0183380102040593, 0.0, 0.0]",0.4492365008503383,0.33724999999999666,0.5720342624557414,0.0,2.0183380102040593,12.0,8.0,1.0,0.14
4,"[5.869025974025658, 0.6745, 0.5869025974025542, 6.394610389609983, 0.0, 1213.1455411558732, 1198.4116733800413, 0.6745, 0.3898161120840614, 0.0]",242.61465696090372,0.6745,481.5984497501042,0.0,1213.1455411558732,10.0,2.0,7.0,1.0
5,"[15.744335708105355, 0.9864760173607227, 0.7588878042313265, 0.5901121957686735, 0.31756735653678814, 0.004697101429049315, 0.004697101429051322, 0.1665447206095775, 15.319732799765513, 15.27101096209665]",4.916406176733271,0.6745,6.899981935739081,0.004697101429049315,15.744335708105355,10.0,1.0,4.0,0.57
6,"[1.009402552204166, 0.2785638051044052, 2.1346125290022857, 2.316148491879314, 0.6447656612528935, 0.4773143851508156, 381.43053248259343, 1.8763932714616829, 0.5774721577726234, 2.072013921113652, 0.6745, 3.838859628770244, 0.0, 0.5289582366589298, 0.12206728538282596]",26.53210696055648,0.6745,94.8561211622667,0.0,381.43053248259343,15.0,1.0,6.0,0.86
