Cluster,Dist,mean,median,std,min,max,bag_count,day_count,Cluster_Rank,Cluster_perc
0,"[0.6045696581888871, 0.0, 0.6744999999999999, 20.808975133646527, 23.026313299854205, 0.21117428571428576, 0.7457535714285713, 0.0, 7.796002857142857, 0.6745]",5.454178880597533,0.6744999999999999,8.534621761792542,0.0,23.026313299854205,10.0,2.0,6.0,1.0
1,"[2.1009258014549275, 0.016623226288274864, 0.6745, 3.316734766132824, 2.869120349625204, 2.9592887588858456, 0.4217560645036373, 0.026791192985367772, 0.0, 0.27766044854328203, 0.27766044854328203, 36.508673234122845, 1.071339551456718]",3.8862364494263235,0.6745,9.490424423384349,0.0,36.508673234122845,13.0,2.0,4.0,0.67
2,"[0.6745, 0.6745, 0.6745, 0.6745]",0.6745,0.6745,0.0,0.6745,0.6745,4.0,2.0,2.0,0.33
3,"[0.0, 0.6744999999999994, 0.6745000000000004, 0.0, 0.0, 0.0, 0.6745000000000005, 0.6744999999999994, 0.0, 0.0, 0.6745, 1.9200562913907282, 0.0, 0.6745, 0.0, 1.1993869802317652, 1.6733301295160186, 0.5220363326516698, 0.0, 0.0, 1.0254358807795183, 0.0, 0.6745]",0.48094546150303047,0.5220363326516698,0.5561425799111314,0.0,1.9200562913907282,23.0,13.0,1.0,0.17
4,"[0.142893262987013, 0.6745, 3.167330458603896, 1.7145822849025971, 0.0]",1.1398612012987013,0.6745,1.1790441543197832,0.0,3.167330458603896,5.0,1.0,3.0,0.5
5,"[20.868123109243705, 0.6745000000000001, 0.0, 0.0, 2.8266842153960083, 0.6745]",4.173967887439952,0.6745000000000001,7.526027711702021,0.0,20.868123109243705,6.0,2.0,5.0,0.83
