Cluster,Dist,mean,median,std,min,max,bag_count,day_count,Cluster_Rank,Cluster_perc
0,"[0.0, 0.6745, 1.584751757188498, 0.0, 0.0, 0.0, 0.0, 0.6745000000000003, 0.6744999999999997, 0.6745000000000012, 0.6744999999999988, 0.0, 0.0]",0.3813270582452691,0.0,0.47197255073069916,0.0,1.584751757188498,13.0,9.0,1.0,0.17
1,"[2.381297682119205, 0.6745, 0.0, 0.0, 0.6745, 2.132961015412511, 0.0, 0.9719434426229502, 0.6745]",0.8344113489060742,0.6745,0.8342292155799558,0.0,2.381297682119205,9.0,3.0,4.0,0.67
2,"[0.648179092639594, 1.2045559961928936, 0.700820907360406, 0.648179092639594, 6.004650091240876, 1.0160579379562042, 0.33294206204379584, 0.33294206204379584]",1.361040905264645,0.6745,1.7773862791637995,0.33294206204379584,6.004650091240876,8.0,2.0,6.0,1.0
3,"[0.6745, 0.6745, 0.2516609589041097, 1.3477842465753418, 1.0973390410958903, 0.25166095890410933, 0.6745, 0.6745]",0.7058056506849314,0.6745,0.350330181862901,0.25166095890410933,1.3477842465753418,8.0,3.0,3.0,0.5
4,"[0.3238593941874745, 1.0251406058125256, 2.2206318051575926, 0.32385939418747406, 1.0702066666666665, 0.27879333333333334, 2.9569459770114936, 0.27879333333333306, 0.5842269293038312, 0.7647730706961687, 1.1105771721532647, 0.5842269293038312]",0.9601695509289159,0.6745,0.7996877970172526,0.27879333333333306,2.9569459770114936,12.0,3.0,5.0,0.83
5,"[0.7068205932686822, 0.0, 1.118908157444381, 0.5617626925270967, 0.6745]",0.612398288648032,0.6745,0.3596998940462378,0.0,1.118908157444381,5.0,1.0,2.0,0.33
