Cluster,Dist,mean,median,std,min,max,bag_count,day_count,Cluster_Rank,Cluster_perc
0,"[0.0, 0.0, 0.6744999999999999, 0.6745000000000001, 1.1834856578147173, 0.0, 0.6745]",0.45814080825924536,0.6744999999999999,0.4303218149422081,0.0,1.1834856578147173,7.0,4.0,1.0,0.33
1,"[0.6745, 0.6745]",0.6745,0.6745,0.0,0.6745,0.6745,2.0,1.0,2.5,0.83
2,"[0.6745000000000004, 0.6744999999999995]",0.6745,0.6745,4.440892098500626e-16,0.6744999999999995,0.6745000000000004,2.0,1.0,2.5,0.83
