Cluster,Dist,mean,median,std,min,max,bag_count,day_count,Cluster_Rank,Cluster_perc
0,"[0.6745, 0.0, 1.809225963668585, 0.0, 0.6745, 0.6745000000000001, 0.0, 0.6745, 0.6745000000000001, 0.0, 0.6745000000000066, 0.6744999999999933, 0.0]",0.5023635356668141,0.6745,0.4943645300968871,0.0,1.809225963668585,13.0,8.0,1.0,0.12
1,"[0.6050842440801456, 0.0, 1.3268852459016394, 1.522539389799636, 0.6745, 0.0, 0.6745, 1.1094692760254947, 0.8768830691289428, 0.5486168491583591]",0.7338478074094218,0.6745,0.47647439447159806,0.0,1.522539389799636,10.0,2.0,3.0,0.38
2,"[6.825940000000002, 0.0, 0.6745, 0.0, 0.6745, 15.126639673105515, 0.6745, 0.0, 0.6784904297894552, 0.6745, 5.6992635658914725, 0.0]",2.5856944723988704,0.6745,4.377410281635848,0.0,15.126639673105515,12.0,4.0,8.0,1.0
3,"[0.802070407971423, 0.848989941718368, 0.5469295920285769, 0.4002109419063733, 0.16269665350629797, 0.1626966535062982, 1.0232262643354013, 1.01396916713668, 1.970048229944788, 0.3535703150373499, 0.99542968496265, 0.35357031503734954, 0.7934781391341806, 0.8857261468877882, 0.5555218608658193, 0.5555218608658196, 0.43525129265770446, 2.2983221302998964, 0.43525129265770385, 0.9137487073422955]",0.7753114798901382,0.6745000000000001,0.5281448681115318,0.16269665350629797,2.2983221302998964,20.0,4.0,5.0,0.62
4,"[1.2515890353337071, 1.4278745092540657, 0.13486217049915866, 1.5194219012899608, 0.6745, 0.149804823331464, 0.0]",0.7368646342440509,0.6745,0.6104725052182918,0.0,1.5194219012899608,7.0,1.0,4.0,0.5
5,"[0.6745, 0.6745, 1.1927440944881895, 0.2976968503937014, 0.29769685039369953, 1.0513031496062986, 0.1440532805260797, 0.1440532805260797, 1.2049467194739203, 1.3618024958900017]",0.704329672129797,0.6745,0.44745129077882995,0.1440532805260797,1.3618024958900017,10.0,3.0,2.0,0.25
6,"[0.13011379763469103, 0.7696922470433641, 1.9049085413929037, 2.892638896189224, 0.13011379763469103, 0.5793077529566358]",1.0677958388085849,0.6745,1.0096857137265576,0.13011379763469103,2.892638896189224,6.0,1.0,6.0,0.75
7,"[0.657786496350365, 0.5950784671532848, 0.6745, 0.18656934306569337, 1.0357189781021896, 0.0, 0.7267135036496354, 6.201746350364964, 1.1484379562043796]",1.2473945660989456,0.6745,1.7843148341505575,0.0,6.201746350364964,9.0,1.0,7.0,0.88
