Cluster,Dist,mean,median,std,min,max,bag_count,day_count,Cluster_Rank,Cluster_perc
0,"[0.0, 0.0, 0.0, 0.6744999999999998, 0.6745000000000001, 0.0, 0.6745000000000002, 0.6744999999999999, 0.0, 0.6745000000000002, 0.6744999999999998, 0.0, 0.0, 0.6744999999999999, 0.6745000000000001]",0.35973333333333335,0.6744999999999998,0.3364997209838698,0.0,0.6745000000000002,15.0,11.0,1.0,0.14
1,"[0.6745, 0.6745, 0.6745, 0.6745, 0.6745, 0.6745, 0.6745, 0.6745]",0.6745,0.6745,0.0,0.6745,0.6745,8.0,4.0,2.0,0.29
2,"[16.594035643564354, 0.0, 0.6745, 0.0, 0.6745, 174.49711764706095, 0.6745, 2.3212703373015873, 0.0]",21.71510262532521,0.6745,54.24988284118972,0.0,174.49711764706095,9.0,3.0,7.0,1.0
3,"[1.1422112176540127, 0.6138100617365032, 0.6138100617365032, 0.7351899382634967, 0.576807654239525, 0.772192345760475, 5.581148135928735, 0.5768076542395245]",1.326497133694847,0.6744999999999999,1.6175919140516324,0.5768076542395245,5.581148135928735,8.0,2.0,5.0,0.71
4,"[0.0, 31.97250446428573, 0.6745, 4.377725818452383, 0.005018601190476058]",7.405949776785718,0.6745,12.390480539634542,0.0,31.97250446428573,5.0,1.0,6.0,0.86
5,"[0.5661577429983526, 0.5661577429983523, 1.167596169686985, 0.7828422570016474]",0.7706884781713343,0.6745000000000001,0.24563645555217367,0.5661577429983523,1.167596169686985,4.0,1.0,3.0,0.43
6,"[0.2635150730816075, 0.0, 0.09899786845310603, 0.6745, 1.1121855968331302, 1.3691281973203415, 2.4398250609013403]",0.8511645423699322,0.6745,0.8041889103480682,0.0,2.4398250609013403,7.0,1.0,4.0,0.57
