Cluster,Dist,mean,median,std,min,max,bag_count,day_count,Cluster_Rank,Cluster_perc
0,"[2.4361352941176473, 0.0, 0.26715490196078406, 0.2711225490196077, 2.056563725490196, 0.235413725490196, 2.4625862745098033, 2.4295225490196075, 0.6745, 0.12431960784313732, 1.2154225490196076, 1.8528911764705882, 0.18780196078431394, 1.9786420798065287, 0.2397859733978235, 1.8611958887545335, 1.5887859733978227, 0.8041801692865777, 0.8710592503022971, 1.2315538089480051, 0.02936154776299827, 0.3588633615477635, 0.02936154776299895, 0.3278706166868203, 0.5448198307134224, 0.6745, 1.060631267092069, 1.1959001823154052, 1.297966727438468, 0.17769416590701922, 1.1036713764813122, 0.14756608933454887, 0.15371467639015515, 0.33817228805834065, 0.0, 0.9302812215132175, 1.03186123853211, 0.4130538990825686, 0.040995986238532095, 0.6745, 1.6529891055045869, 1.6034845183486235, 0.3859810779816513, 0.7533979357798165, 0.0, 0.4540498853211008, 1.1904306192660548, 0.7405206861755803, 0.1129838546922301, 0.7636619576185669, 0.7895257315842582, 0.1129838546922301, 0.3491609485368316, 0.6084793138244198, 0.9045514631685169, 0.46367568947906024, 0.0, 0.22529264555669065, 0.3341496424923393, 1.273902451481103, 0.3148585291113381, 1.0761685393258424, 0.779223186925434, 0.7978253319713993, 0.22046986721144007, 0.8357185903983657, 0.6745, 0.8708559754851889]",0.7589450718001397,0.6745,0.6400249314122439,0.0,2.4625862745098033,68.0,6.0,3.0,0.75
1,"[0.6745, 0.6745, 0.6745, 0.6745, 0.6745, 0.6745, 0.6745, 0.6745]",0.6745,0.6745,0.0,0.6745,0.6745,8.0,4.0,2.0,0.5
2,"[3.605315581854043, 1.1840335305719927, 0.07583136094674552, 0.15831459566074926, 0.17427909270216982, 3.0132988165680477, 614.2433362919132, 0.6745, 0.1436804733727813, 1414.6167435897437, 0.0, 0.5374714003944774, 1.2971153846153847]",156.90184000910332,0.6745,397.9200692463433,0.0,1414.6167435897437,13.0,1.0,4.0,1.0
3,"[0.0, 0.0, 0.0]",0.0,0.0,0.0,0.0,0.0,3.0,3.0,1.0,0.25
