Cluster,Dist,mean,median,std,min,max,bag_count,day_count,Cluster_Rank,Cluster_perc
0,"[0.0, 0.6745000000000013, 0.6744999999999988, 0.0, 0.0, 1.4906450000000002, 1.4439117857142858, 1.2728778571428572, 0.35989392857142866, 0.923101428571429, 0.2625732142857143, 0.6744999999999999, 0.5333367857142856, 0.6744999999999991, 0.6745000000000009, 0.0, 0.6744999999999999, 0.6745000000000001, 0.0, 0.6744999999999984, 0.6745000000000015]",0.5884209523809525,0.6744999999999991,0.4410854142553306,0.0,1.4906450000000002,21.0,9.0,1.0,0.25
1,"[0.0, 0.6745, 24.317130208333484, 0.5046193604905825, 1.0981675427069644, 0.5046193604905825, 0.8443806395094173]",3.9919167302187186,0.6745,8.30368429043261,0.0,24.317130208333484,7.0,2.0,4.0,1.0
2,"[0.7205347263980757, 0.6049409200240529, 0.8612752555622367, 0.8418068250150329, 0.6284652736019242, 0.6049409200240531, 0.6890227272727273, 1.5252897727272725, 0.6599772727272728, 0.6599772727272726, 5.233816853932576, 0.46229775280898777, 0.46229775280898905, 0.886702247191011, 0.444474639175258, 0.9045253608247419, 0.444474639175258, 3.0707134020618563, 0.674499999999997, 25.081738726790448, 0.674500000000003, 0.674499999999997, 0.6645427704752276, 0.6844572295247725, 0.8950594539939333, 0.6645427704752275]",1.9122836371276233,0.6745,4.73754127491958,0.444474639175258,25.081738726790448,26.0,6.0,3.0,0.75
3,"[0.6745, 0.6745, 0.6745, 0.6745, 0.6745, 0.6745, 0.6744999999999999, 0.6744999999999999, 0.6744999999999999, 0.6744999999999999]",0.6744999999999999,0.6745,8.599750569898517e-17,0.6744999999999999,0.6745,10.0,5.0,2.0,0.5
