Cluster,Dist,mean,median,std,min,max,bag_count,day_count,Cluster_Rank,Cluster_perc
0,"[0.688132521819017, 1.3666603123564538, 1.4887333486449243, 0.36466995865870444, 0.660867478180983, 0.3646699586587047, 0.7316451388888892, 0.0, 0.6745, 0.6745, 0.9329239707835324, 0.0, 0.11079916067146273, 0.5297332134292567, 0.11079916067146273, 2.433537769784172, 2.014603717026378, 0.8305893285371702, 0.6769262589928059, 0.9793998800959229, 0.6720737410071941, 0.4585629496402877, 0.3700381944444441, 1.2849849537037035, 0.21234259259259267, 0.7697418981481481, 0.0, 0.17799305555555547, 1.9985185185185186, 2.7214201388888895, 0.6745, 0.42000115740740807, 2.5168842592592604, 0.36223148148148193, 1.3443159722222227, 0.1675564005069709, 0.058701732150401295, 0.695871989860583, 0.9124414871144909, 0.12139290240811146, 0.5397139839459231, 1.0475124630333754, 0.4029332488381918, 0.8206844106463879, 0.06041149133924799, 1.0190164765525982, 1.0338343895226025, 0.25532403886776495, 0.7676818757921419, 1.1347101816645544, 0.7545737220109843, 0.8839455006337135, 0.058701732150401295, 0.07408956485002104, 0.7340566117448247, 0.6531280101394169, 0.06269117025771016]",0.734671464457894,0.6745,0.6296377649482494,0.0,2.7214201388888895,57.0,6.0,2.0,0.67
1,"[0.0, 0.0, 0.0, 0.0, 0.0, 0.6745, 0.0, 1.4881451048951053]",0.2703306381118882,0.0,0.5105018207616182,0.0,1.4881451048951053,8.0,6.0,1.0,0.33
2,"[4.385399454669395, 1.4188868438991142, 0.7503640081799594, 0.47449488752556274, 0.6105903203817318, 0.7301336059986366, 0.29242126789366035, 1.28371097477846, 0.0496564417177917, 1.4694628493524202, 0.049656441717791315, 1.4731411042944789, 0.5370252215405593, 0.6188663940013633, 0.7717683215130022, 0.8291725768321513, 0.0, 0.6745, 0.04624231678486997, 1.7452991877256325, 3.6324381768953082, 0.23802301444043347, 0.5472703068592055, 0.31229106498194964, 0.18080009025270752, 0.46447969314079496, 0.18080009025270752, 0.8114697653429604, 0.8017296931407945, 1.611373194945849, 1.3958740974729245, 1.273804905239688, 1.4678082497212932, 0.6745, 0.08647435897435886, 0.005263656633221897, 0.10076142697881815, 0.06165997770345606, 0.03759754738015601, 0.7948121516164997, 0.1338472686733556, 3.6394425863991082, 0.9910713489409144, 0.33537012263099225, 1.4708160535117056, 0.0, 1.2662853957636566, 0.7978199554069122, 1.2783166109253066, 0.37447157190635466]",0.8635492918987605,0.6745,0.9206165864600948,0.0,4.385399454669395,50.0,4.0,3.0,1.0
