Cluster,Dist,mean,median,std,min,max,bag_count,day_count,Cluster_Rank,Cluster_perc
0,"[0.6745, 0.23752437459910156, 0.0, 0.4291879409878111, 1.4078402822321994, 6.772689544579851, 35.42833964079535, 1.2842974783988717, 0.5356988185505202, 24.496802856639036, 0.8133011814494798, 0.09895679774290268, 0.09895679774290228]",5.559853516439848,0.6745,10.758071461874776,0.0,35.42833964079535,13.0,2.0,5.0,1.0
1,"[0.0, 1.44957397448065, 0.6745, 0.0, 0.6744999999999988, 0.6745000000000012, 0.0, 0.6745, 1.1687612557799947, 0.0, 0.6744999999999999, 0.6745000000000001, 0.0, 0.0, 0.0, 0.0, 0.0]",0.3920785429565085,0.0,0.45913179929506975,0.0,1.44957397448065,17.0,11.0,1.0,0.2
2,"[0.6745, 0.0, 3.289480743719427, 0.6745, 0.0, 5.827935331230279, 10.272822617419036, 0.6745, 0.0, 1.3930377119469888, 0.047784203858896895, 0.6745, 0.0, 0.7150541317481972, 0.0, 0.6745, 3.442305127398553]",1.668289403960081,0.6745,2.6521970012063525,0.0,10.272822617419036,17.0,5.0,3.0,0.6
3,"[0.2903334302838004, 1.0586665697161994, 0.2903334302838004, 4.326062039485281, 0.47792663197194246, 0.8710733680280576, 0.4779266319719422, 2.159483595429347, 1.226932122416158, 0.1220678775838415, 0.12206787758384192, 9.196248048815093]",1.7182601352974423,0.6745,2.5258706032195164,0.1220678775838415,9.196248048815093,12.0,3.0,4.0,0.8
4,"[0.6745, 0.6745]",0.6745,0.6745,0.0,0.6745,0.6745,2.0,1.0,2.0,0.4
