Cluster,Dist,mean,median,std,min,max,bag_count,day_count,Cluster_Rank,Cluster_perc
0,"[0.030268068020784245, 0.12011643835616416, 0.03026806802078398, 0.9982090222012281, 1.0992087860179498, 1.3537791686348606, 1.0332562588568732, 0.145923948984412, 0.7009447331128956, 0.42439017477562585, 0.6480552668871042, 1.1393538025507797, 0.28898039678790716, 0.06212919225318827, 0.9851459612659426, 0.8328497874350497, 0.6695086334484459, 0.6745, 1.2082434632461767, 0.0, 1.5456598421312286, 3.9418498098859285, 0.0, 0.6745, 1.3143486775178024, 0.15919023397761944, 0.28681688708036635, 0.0, 0.9589153102746696, 0.6745, 0.964061546286877, 0.6214941060903746, 3.053139489194507, 0.0, 2.770883104125744, 0.6745]",0.8356941715950358,0.6745,0.8638845488082093,0.0,3.9418498098859285,36.0,5.0,3.0,0.6
1,"[0.0, 0.6745, 1.136630774697939, 0.6745000000000001, 0.6744999999999999, 0.0, 0.0, 0.0, 0.0, 0.0, 0.6744999999999991, 0.674500000000001, 0.6745000000000002, 0.6744999999999998]",0.41843791247842427,0.6744999999999994,0.3803492056744149,0.0,1.136630774697939,14.0,9.0,1.0,0.2
2,"[0.49087335926105974, 0.7138485658726299, 22.749701263976657, 0.49087335926105974, 0.6351514341273701, 2.4412506076810883, 1.1017215378079863, 1.5441293542905696, 0.0690545879354291, 23.632428419711133, 0.2472784621920136, 0.0690545879354291]",4.515447128337702,0.6745,8.378508478369818,0.0690545879354291,23.632428419711133,12.0,2.0,5.0,1.0
3,"[0.6745, 0.6744999999999999, 0.6745, 0.6745, 0.6744999999999999, 0.6745]",0.6745,0.6745,6.409875621278546e-17,0.6744999999999999,0.6745,6.0,3.0,2.0,0.4
4,"[0.017409331568497253, 0.017409331568497253, 1.3315906684315026, 5.506259099933819, 0.10188821752265778, 1.2471117824773421, 4.798935045317231, 0.10188821752265778, 0.5276391694725042, 6.903216049382701, 0.5276391694725017, 0.8213608305274959]",1.8251955760997838,0.6745000000000001,2.3382369047166907,0.017409331568497253,6.903216049382701,12.0,3.0,4.0,0.8
