Cluster,Dist,mean,median,std,min,max,bag_count,day_count,Cluster_Rank,Cluster_perc
0,"[17.230576785526452, 0.9940485431787097, 0.3549514568212902, 0.3549514568212902, 0.6745, 0.09928669332919103, 0.0, 5.133339423002257, 4.475993942688518, 0.17885223654577947, 5.026352838394041, 0.8535640818928345, 0.6745, 0.5276067531590986, 0.19224097266489185, 0.1776477558213656, 4.43922115564888, 5.038706456935018, 0.7240461209644156, 0.0]",2.357519333669702,0.6745,3.913256651176506,0.0,17.230576785526452,20.0,3.0,5.0,1.0
1,"[0.0, 0.0, 0.6745000000000009, 0.6744999999999991, 0.0, 0.0, 0.6745000000000001, 0.6744999999999999, 0.0]",0.29977777777777775,0.0,0.33516174462746845,0.0,0.6745000000000009,9.0,7.0,1.0,0.2
2,"[0.6745, 2.693571351396269, 0.0, 6.2156096706377015, 0.6745, 0.0, 0.6745, 0.741141916876202, 0.0, 0.6745, 0.6810949768622183, 0.0]",1.085784826314366,0.6745,1.69742374994655,0.0,6.2156096706377015,12.0,4.0,4.0,0.8
3,"[0.6745, 0.6745, 0.6744999999999999, 0.6745, 0.6745, 0.6745, 0.6745, 0.6745, 0.6745, 0.6745]",0.6744999999999999,0.6745,1.0532500405730103e-16,0.6744999999999999,0.6745,10.0,5.0,2.0,0.4
4,"[1.4660379522709779, 0.5521657428791381, 0.6745, 2.2197748267898394, 0.0, 0.2708901677482554, 1.378814436145464, 0.6745, 0.0, 1.076540651401984]",0.831322377723566,0.6745,0.6718583642513652,0.0,2.2197748267898394,10.0,2.0,3.0,0.6
