Cluster,Dist,mean,median,std,min,max,bag_count,day_count,Cluster_Rank,Cluster_perc
0,"[0.0, 1.5887002373685997, 0.2220886741268226, 0.7019465920651069, 0.6745, 0.3703002712783994, 1.5479877924720244, 0.45486152187307466, 0.4548615218730743, 1.453520486752927, 0.8941384781269253]",0.7602641432669959,0.6745,0.5241743097291229,0.0,1.5887002373685997,11.0,2.0,5.0,0.71
1,"[0.4328992653606411, 0.4328992653606411, 0.9161007346393588, 3.6789680543187906, 0.6512568421052631, 0.6977431578947368, 0.6512568421052631, 1.0395894736842106]",1.0625892044336132,0.6745,1.0082129144267735,0.4328992653606411,3.6789680543187906,8.0,2.0,6.0,0.86
2,"[0.6745, 0.6745, 0.6745, 0.6745, 0.6745, 0.6745, 0.6745, 0.6744999999999999]",0.6744999999999999,0.6745,1.0385185452638061e-16,0.6744999999999999,0.6745,8.0,4.0,2.0,0.29
3,"[0.0, 0.6745000000000005, 0.6744999999999994, 0.6745000000000001, 0.6745, 0.0, 0.6745000000000001, 0.6745, 0.6745000000000001, 0.6744999999999999, 0.0, 1.3483395887728453, 0.6745, 0.0]",0.5299171134837747,0.6745,0.376184019973742,0.0,1.3483395887728453,14.0,8.0,1.0,0.14
4,"[0.9096710309278351, 1.8912423711340212, 1.1360805154639182, 0.03101309278350499, 0.03101309278350545, 0.4393289690721648]",0.7397248453608251,0.6744999999999999,0.6591351043031235,0.03101309278350499,1.8912423711340212,6.0,1.0,4.0,0.57
5,"[2.0090665448851777, 1.4641156054279751, 0.6462198155880307, 0.25076661447459964, 0.7027801844119694, 0.25076661447459964, 0.6745, 8.633334970530441, 0.0, 0.0, 3.138727510040161, 0.6745, 0.0, 7.287554014598564, 0.6745, 0.6745, 9.51736794871794, 0.0]",2.0332611012860813,0.6745,3.006448239386209,0.0,9.51736794871794,18.0,5.0,7.0,1.0
6,"[0.7151542994910259, 0.06829922314492365, 0.1479816501473345, 1.2199903562818109, 0.45171443878917744, 0.0, 0.6745, 1.268775515671042, 0.36444320921510853, 1.0199712027859629, 1.7056737208679345]",0.6942276014903928,0.6745,0.5288223922051681,0.0,1.7056737208679345,11.0,1.0,3.0,0.43
