Cluster,Dist,mean,median,std,min,max,bag_count,day_count,Cluster_Rank,Cluster_perc
0,"[0.53698243186346, 0.15981434461582703, 0.0, 2.065489145392183, 3.4076698920700776, 3.2905893040522507, 3.0969696106923537, 3.078672954876872, 2.917189295836842, 2.7515981535870524, 0.9268227628417095, 1.002932417999959, 0.5689556907104274, 0.5561864743576577, 0.5524183953254327, 0.6715077019449978, 0.6682418025632073, 0.6719336888208836, 0.6739043110353468, 0.6745, 0.6750091062663024, 0.10477120067170463, 0.0, 0.15687363560033427, 233.11195717884223, 228.09653148614697, 227.47979722922003, 0.6745, 0.38568970189698937, 0.37106639566392857, 0.24676829268291228, 0.7585840108401358, 0.4880528455284389, 2.367147696476988, 2.7473536585366163, 0.5904159891598642, 3.047131436314386, 0.8901937669376582, 0.8097655826558484, 0.4624620596205826, 0.24676829268293662, 8.008088075880805]",17.618840619528864,0.6745,58.804854482126544,0.0,233.11195717884223,42.0,3.0,5.0,0.83
1,"[0.19433268733849363, 0.23616214470285252, 0.19433268733850523, 0.5673120155038781, 0.7816879844961219, 0.8426892764857663, 0.929833979328144, 0.9315768733849914, 1.006521317829426, 0.4592525839793327, 0.6816300211416483, 0.0, 0.6745, 2.371445031712484, 0.7771723044397496, 0.6195988372093081, 0.5361775898520088, 0.0, 78.03091649093216, 81.10698924504433, 0.31207359763812725, 0.6745]",7.814941121288968,0.6745,22.70027703888759,0.0,81.10698924504433,22.0,3.0,4.0,0.67
2,"[0.6745, 0.6745, 0.6745, 0.6745, 0.6745, 0.6745, 0.6745, 0.6745]",0.6745,0.6745,0.0,0.6745,0.6745,8.0,4.0,2.0,0.33
3,"[0.6744999999999959, 0.6745000000000041, 0.0, 0.0, 0.0, 0.6744999999999809, 0.6745000000000191, 0.0, 0.6745000000000125, 0.6744999999999874]",0.40469999999999995,0.6744999999999841,0.33043616630145073,0.0,0.6745000000000191,10.0,7.0,1.0,0.17
4,"[0.6745, 1.2644231974921718, 1.7380532915360658, 0.3721379310344861, 0.0, 1.1773957597173246, 0.48144522968197545, 0.6745, 2.3726669611307525, 0.0]",0.8755122370592776,0.6745,0.7245939846914413,0.0,2.3726669611307525,10.0,2.0,3.0,0.5
5,"[0.0, 2.7179071180555376, 0.6745, 50.802181717246576, 0.0, 0.6745, 0.6745, 7109.061375000782, 0.0, 0.6745, 0.0, 0.8323217270194935, 0.6745, 3.700756666666563, 0.0]",478.0324694819847,0.6745,1772.2609461201303,0.0,7109.061375000782,15.0,5.0,6.0,1.0
