Cluster,Dist,mean,median,std,min,max,bag_count,day_count,Cluster_Rank,Cluster_perc
0,"[0.0, 0.6745000000000005, 0.6744999999999994, 0.0, 0.0, 0.0, 0.7425445641527916, 0.09645151811949108, 0.8588148873653282, 0.6064554358472084, 1.1864857982370223, 0.364666013712047, 1.0028315377081294, 0.09645151811949053]",0.4502643766615363,0.4855607247796277,0.4047308405778658,0.0,1.1864857982370223,14.0,6.0,1.0,0.33
1,"[312.293499999991, 0.6744999999999999, 0.0, 0.6396589991928975, 0.49593987086360003, 0.7093410008071025, 0.8301957223567396, 0.7986210653753029, 0.13119814366424545, 0.24225383373688472, 1.3484556093623892, 1.3234136400322845, 1.3245024213075065, 0.13119814366424545, 0.6287711864406782, 0.13293543689320395, 0.13293543689320395, 1.708515048543689, 0.7209946601941748, 0.621456796116505, 1.2959567961165042, 2.043800485436893, 0.6280053398058252, 0.931857766990291, 0.19580145631067927, 0.0024089285714286404, 1.1747541666666668, 0.9210136904761904, 0.6745, 0.8880916666666667, 0.0, 0.36374821428571436, 0.03211904761904776, 0.9619654761904763, 1.333105438066465, 0.024860725075528677, 1.493681268882175, 0.9826099697885194, 0.5628305135951662, 0.7511199395770394, 0.4479006042296075, 1.199428096676737, 0.012634138972809633, 0.5978800604229607, 0.002852870090634466, 0.5750570996978851, 0.7560105740181271, 0.002852870090634466, 0.9687531722054382, 1.077977341389728, 1.7618510574018127, 0.08680876132930507, 0.010403598971722302, 0.03207776349614403, 0.0, 1.4513020565552697, 0.36672686375321334, 0.7412564267352183, 0.8270861182519278, 1.7304652956298199, 0.9059800771208224, 0.21674164524421585, 0.19159961439588705, 0.01127056555269943, 1.2943811053984575, 0.6745, 1.1574003856041128, 0.2540212082262212, 1.6385668380462721, 0.5163855013550134, 0.2760149051490516, 0.7512723577235771, 0.14623306233062358, 2.1030142276422765, 2.2593008130081302, 0.403968834688347, 0.6754139566395663, 1.572919376693767, 0.815249322493225, 0.4990203252032523, 0.834442411924119, 0.0, 0.6745, 0.6324579945799459]",4.420292823863043,0.6745,33.79804012648463,0.0,312.293499999991,84.0,7.0,3.0,1.0
2,"[0.6745, 0.6745, 2.9196926869350857, 0.5132185702547247, 2.7528689400164335, 0.6745, 0.08147206244864423, 0.6966692686935086, 0.0]",0.9986023920387108,0.6745,1.0136985070268618,0.0,2.9196926869350857,9.0,2.0,2.0,0.67
