Cluster,Dist,mean,median,std,min,max,bag_count,day_count,Cluster_Rank,Cluster_perc
0,"[0.6745, 0.0, 1.4298080684596584, 0.674499999999999, 0.674500000000001, 0.0, 0.6745000000000289, 0.6744999999999712, 0.0, 0.6745, 0.0, 1.3989167437557801, 0.0, 0.6745000000000001, 0.6745]",0.5483149874810292,0.6745,0.45688665889531044,0.0,1.4298080684596584,15.0,8.0,1.0,0.12
1,"[0.0, 8.876525390625025, 0.6745, 7.400759240883155, 0.6745, 0.0, 0.0, 0.6745, 3.3141298076923102, 0.8861861584011848, 0.6745, 0.0, 0.6960742305371151, 0.6529257694628847, 0.9602567893783945, 1.2301382015691007, 0.5002779118889558, 0.5002779118889561]",1.5397528562403935,0.6745,2.4531628638883727,0.0,8.876525390625025,18.0,5.0,5.0,0.62
2,"[11.407323253833047, 0.09336137137989753, 0.09336137137989801, 1.255638628620102, 0.6834870266479665, 0.6655129733520334, 0.6655129733520327, 4.473174263674614, 0.8455957932881679, 0.6634478493776588, 0.6634478493776587, 0.6855521506223412, 0.3369590163934424, 5.17543442622951, 0.3369590163934424, 1.0120409836065576]",1.8160505592205232,0.6744999999999999,2.8550008711144117,0.09336137137989753,11.407323253833047,16.0,4.0,6.0,0.75
3,"[0.0, 0.6745, 3.690597530864193, 22.60157901234566, 0.24148765432098787]",5.441632839506168,0.6745,8.682261349710158,0.0,22.60157901234566,5.0,1.0,7.0,0.88
4,"[0.6745, 0.9337047685834505, 0.5519926367461431, 0.0, 2.313449859747547, 0.39483702830188677, 0.6745, 1.6668422169811323, 0.8663507075471698, 0.0]",0.8076177217907329,0.6745,0.6782927227720466,0.0,2.313449859747547,10.0,2.0,4.0,0.5
5,"[50.50170833333333, 0.02440624999999978, 1.013598958333334, 0.6745, 0.0, 0.9836458333333334, 0.11056770833333318]",7.615489583333334,0.6745,17.512915587135737,0.0,50.50170833333333,7.0,1.0,8.0,1.0
6,"[0.6745000000000001, 0.6745000000000001]",0.6745000000000001,0.6745000000000001,0.0,0.6745000000000001,0.6745000000000001,2.0,1.0,2.0,0.25
7,"[0.5115556294326241, 1.2506354166666669, 0.5115556294326241, 0.8374443705673759]",0.7777977615248228,0.6745,0.30368689134218163,0.5115556294326241,1.2506354166666669,4.0,1.0,3.0,0.38
