Cluster,Dist,mean,median,std,min,max,bag_count,day_count,Cluster_Rank,Cluster_perc
0,"[0.6745, 0.6745, 0.6745, 0.6745]",0.6745,0.6745,0.0,0.6745,0.6745,4.0,2.0,3.0,1.0
1,"[0.0, 0.0, 0.0, 0.0, 0.0, 0.0]",0.0,0.0,0.0,0.0,0.0,6.0,6.0,1.0,0.33
2,"[1.0508998107596652, 0.6745, 0.4636344147066776, 0.0, 0.7941193565828601]",0.5966307164098407,0.6745,0.35357659041177525,0.0,1.0508998107596652,5.0,1.0,2.0,0.67
