Cluster,Dist,mean,median,std,min,max,bag_count,day_count,Cluster_Rank,Cluster_perc
0,"[0.0, 0.0, 0.0]",0.0,0.0,0.0,0.0,0.0,3.0,3.0,1.5,0.5
1,"[0.6948162650602385, 0.6541837349397344, 0.6541837349397615, 11.718421686746849]",3.4304013554216457,0.6745,4.785119521799218,0.6541837349397344,11.718421686746849,4.0,1.0,3.0,1.0
2,[0.0],0.0,0.0,0.0,0.0,0.0,1.0,1.0,1.5,0.5
