Cluster,Dist,mean,median,std,min,max,bag_count,day_count,Cluster_Rank,Cluster_perc
0,"[0.7121972286374135, 0.16917020785219405, 0.6745, 0.7377441108545036, 0.9321496535796765, 0.6601688221709008, 0.0, 1.2383894736842103, 0.11061052631578971, 2.139715789473684, 0.05679999999999996, 3.0103999999999997, 0.05679999999999996]",0.8075881394283364,0.6745,0.8572941135984334,0.0,3.0103999999999997,13.0,2.0,4.0,0.57
1,"[0.6408635170603675, 0.6744999999999999, 1.048484580052494, 0.9759005905511816, 0.0, 1.6429321746502754, 0.6745, 0.0, 1.7141278083933869, 0.24074989402289118]",0.7612058564730597,0.6744999999999999,0.5721350933946259,0.0,1.7141278083933869,10.0,2.0,3.0,0.43
2,"[28.351236263736272, 0.6745, 0.0, 2.1485038610038623, 0.6745, 0.0, 0.0, 0.6744999999999999, 10.623375000000003, 4.1876293436293475, 0.0, 0.6745]",4.000728705697457,0.6745,7.89805272052387,0.0,28.351236263736272,12.0,4.0,6.0,0.86
3,"[1.1332955211385525, 0.6745, 0.0, 0.0, 0.0, 0.6745000000000001, 0.6744999999999999, 0.0]",0.39459944014231907,0.33724999999999994,0.418858529659426,0.0,1.1332955211385525,8.0,5.0,1.0,0.14
4,"[0.6745, 0.6745, 0.6745, 0.6745, 0.6745, 0.6745, 0.6745, 0.6745]",0.6745,0.6745,0.0,0.6745,0.6745,8.0,4.0,2.0,0.29
5,"[0.3537223650385606, 2.9948493573264763, 0.7844313624678663, 0.35372236503856, 301.08708997429295, 0.5645686375321337]",51.02306401028276,0.6745,111.83579541393753,0.35372236503856,301.08708997429295,6.0,1.0,7.0,1.0
6,"[1.4311067027027027, 0.6333737297297296, 0.71562627027027, 0.6333737297297299]",0.853370108108108,0.6745,0.33524235658522505,0.6333737297297296,1.4311067027027027,4.0,1.0,5.0,0.71
