Cluster,Dist,mean,median,std,min,max,bag_count,day_count,Cluster_Rank,Cluster_perc
0,"[0.0, 0.6744999999999975, 0.6745000000000024, 0.0]",0.33725,0.3372499999999988,0.33725,0.0,0.6745000000000024,4.0,3.0,1.0,0.33
1,"[0.6745, 0.6745]",0.6745,0.6745,0.0,0.6745,0.6745,2.0,1.0,3.0,1.0
2,"[0.0, 0.8184164524421677, 0.6745000000000001]",0.49763881748072264,0.6745000000000001,0.3567550801493872,0.0,0.8184164524421677,3.0,1.0,2.0,0.67
