Cluster,Dist,mean,median,std,min,max,bag_count,day_count,Cluster_Rank,Cluster_perc
0,"[1.0786646825396842, 0.6745, 0.0, 0.0, 0.0, 0.0, 0.0, 0.0, 0.0, 0.0, 0.0, 0.0]",0.146097056878307,0.0,0.3369391076312849,0.0,1.0786646825396842,12.0,10.0,1.0,0.25
1,"[0.6744999999999999, 0.6745, 0.6745, 0.6745, 0.6745, 0.6745]",0.6745,0.6745,4.5324665183683945e-17,0.6744999999999999,0.6745,6.0,3.0,2.0,0.5
2,"[6.930831632653062, 0.8617081632653061, 0.5127576530612244, 0.6745, 0.0]",1.7959594897959186,0.6745,2.583388716188687,0.0,6.930831632653062,5.0,1.0,3.0,0.75
3,"[0.0, 15.220320667284525, 0.6745, 0.0, 0.6745, 54.4728551198257, 0.0, 4.457669498222048, 0.6745]",8.463816142814697,0.6745,16.916330443067704,0.0,54.4728551198257,9.0,3.0,4.0,1.0
