Cluster,Dist,mean,median,std,min,max,bag_count,day_count,Cluster_Rank,Cluster_perc
0,"[0.7191916411824669, 0.6298083588175333, 0.865037109045372, 0.629808358817533, 1.296525046176579, 1.2185352050240115, 0.6745, 0.5160286294791284, 0.0]",0.7277149276158471,0.6745,0.3620562953861876,0.0,1.296525046176579,9.0,2.0,3.0,0.5
1,"[0.0, 0.0, 0.6745, 0.0, 0.499711102051909, 0.9161981247452095, 1.3120624405489874, 0.0, 1.110414724919094, 0.6745, 0.0, 0.0, 0.0, 0.6745000000000005, 0.6744999999999995, 0.0, 0.0]",0.3844933171920706,0.0,0.44393050675726314,0.0,1.3120624405489874,17.0,10.0,1.0,0.17
2,"[0.6745, 0.6745, 0.6745, 0.6745, 0.6745, 0.6745]",0.6745,0.6745,0.0,0.6745,0.6745,6.0,3.0,2.0,0.33
3,"[0.606417614203072, 1.8571959904248945, 0.6064176142030718, 0.7425823857969279, 0.4377766610455314, 13.325663136593588, 0.9112233389544686, 0.43777666104553103]",2.3656316752833857,0.6745,4.164632445076666,0.43777666104553103,13.325663136593588,8.0,2.0,6.0,1.0
4,"[0.6745, 10.815747935321216, 0.0, 0.6505175546956392, 0.7567269608572704, 0.43018824973954456, 0.6984824453043607, 0.9917027236195861, 0.43018824973954456, 9.080118378627372, 0.6745, 0.0]",2.1002227081587113,0.6745,3.5384190589986875,0.0,10.815747935321216,12.0,3.0,5.0,0.83
5,"[4.139748563273073, 0.6175878591817316, 0.05817000951474794, 3.586363349191246, 0.0, 0.6745, 4.16626648905804]",1.891805181459834,0.6745,1.818341377229708,0.0,4.16626648905804,7.0,1.0,4.0,0.67
