Cluster,Dist,mean,median,std,min,max,bag_count,day_count,Cluster_Rank,Cluster_perc
0,"[0.6745, 3.2268693181818175, 0.0, 0.03576893939393864, 2.2202291666666665, 1.7072710027100262, 0.38873622402890706, 0.9602637759710929, 0.38873622402890656]",1.0669305167757064,0.6745,1.037752848300473,0.0,3.2268693181818175,9.0,2.0,3.0,0.6
1,"[0.0, 0.0, 0.6745000000000002, 0.6744999999999998, 0.0, 0.0, 0.6745000000000003, 0.6744999999999997, 0.6744999999999998, 0.6745000000000001, 0.0, 0.0]",0.33725,0.3372499999999998,0.33725,0.0,0.6745000000000003,12.0,9.0,1.0,0.2
2,"[0.5206666666666668, 10.960296296296297, 0.2577037037037038, 0.25770370370370355, 1.1018148148148152, 0.828333333333333, 0.278740740740741, 1.2332962962962963]",1.9298194444444445,0.6744999999999999,3.432150100979082,0.25770370370370355,10.960296296296297,8.0,1.0,4.0,0.8
3,"[0.6745, 0.6745, 0.6745, 0.6745]",0.6745,0.6745,0.0,0.6745,0.6745,4.0,2.0,2.0,0.4
4,"[0.047257961783439585, 8.484952229299353, 0.6745, 0.0, 6.070499999999993]",3.055442038216557,0.6745,3.539037663092586,0.0,8.484952229299353,5.0,1.0,5.0,1.0
