Cluster,Dist,mean,median,std,min,max,bag_count,day_count,Cluster_Rank,Cluster_perc
0,"[0.6745, 0.6745, 0.6745, 0.6745]",0.6745,0.6745,0.0,0.6745,0.6745,4.0,2.0,2.0,0.33
1,"[0.674499999999996, 0.6745000000000039, 0.0, 0.0, 0.0, 0.0, 0.0, 0.6744999999999992, 0.6745000000000007, 1.2726025510204082, 0.0, 0.6745, 0.0, 0.6744999999999999, 0.6745000000000001, 0.6744999999999974, 0.6745000000000025, 0.6744999999999993, 0.6745000000000007]",0.45747908163265305,0.6744999999999992,0.37328660573246236,0.0,1.2726025510204082,19.0,12.0,1.0,0.17
2,"[0.0, 0.6745, 570.4920999998727, 0.0, 0.6745, 3.620532381997806, 0.6745, 2.3171400862068983, 0.0, 0.6745, 0.0, 0.8760184916606238]",48.33364924664483,0.6745,157.4400946843482,0.0,570.4920999998727,12.0,4.0,6.0,1.0
3,"[1.1136815230224328, 1.4051419716646996, 0.6745, 0.0, 0.9970177095631645, 0.05016942148760311, 0.3973736717827629, 0.5681886068476981, 0.8819465761511222]",0.6764466089466094,0.6745,0.44802973458544426,0.0,1.4051419716646996,9.0,1.0,3.0,0.5
4,"[1.5226815514993484, 0.6454797913950457, 0.6454797913950457, 0.7035202086049543]",0.8792903357235986,0.6745000000000001,0.37221705206879296,0.6454797913950457,1.5226815514993484,4.0,1.0,4.0,0.67
5,"[0.2360454943132108, 3.0314142607174093, 0.0, 0.9978823272090984, 0.6745]",0.9879684164479438,0.6745,1.0784712629392965,0.0,3.0314142607174093,5.0,1.0,5.0,0.83
