Cluster,Dist,mean,median,std,min,max,bag_count,day_count,Cluster_Rank,Cluster_perc
0,"[0.0, 0.0, 0.0, 0.0]",0.0,0.0,0.0,0.0,0.0,4.0,4.0,1.5,0.5
1,"[0.0419417923328485, 0.04194179233284891, 1.307058207667151, 1.6158159747456387, 0.6745, 0.6744999999999999]",0.7259596278464145,0.6744999999999999,0.587448843557749,0.0419417923328485,1.6158159747456387,6.0,2.0,3.0,1.0
2,[0.0],0.0,0.0,0.0,0.0,0.0,1.0,1.0,1.5,0.5
