Cluster,Dist,mean,median,std,min,max,bag_count,day_count,Cluster_Rank,Cluster_perc
0,"[0.6744999999999995, 0.6745000000000004, 1.1292694436756157, 0.6745, 0.0, 0.0, 0.0, 0.0, 0.0, 0.6745000000000002, 0.6744999999999998, 0.0, 0.0, 0.0]",0.321554960262544,0.0,0.38752275802729935,0.0,1.1292694436756157,14.0,10.0,1.0,0.33
1,"[0.6745, 0.6744999999999999, 0.6745, 0.6745]",0.6745,0.6745,5.551115123125783e-17,0.6744999999999999,0.6745,4.0,2.0,2.0,0.67
2,"[8.323296526054591, 0.6744999999999999, 0.0]",2.999265508684864,0.6744999999999999,3.774715642088041,0.0,8.323296526054591,3.0,1.0,3.0,1.0
