Cluster,Dist,mean,median,std,min,max,bag_count,day_count,Cluster_Rank,Cluster_perc
0,"[0.0, 0.0, 0.0, 0.0, 0.0, 0.0, 0.0, 0.0, 1.4738964132467813, 0.6745]",0.21483964132467812,0.0,0.4653772848062702,0.0,1.4738964132467813,10.0,8.0,1.0,0.33
1,"[0.04542931313708648, 1.3353133752500708, 1.303570686862913, 0.0454293131370869]",0.6824356720967893,0.6745,0.6371052119849224,0.04542931313708648,1.3353133752500708,4.0,1.0,2.0,0.67
2,"[0.6745, 0.0, 13.529773207513093]",4.7347577358376975,0.6745,6.225108321561276,0.0,13.529773207513093,3.0,1.0,3.0,1.0
