Cluster,Dist,mean,median,std,min,max,bag_count,day_count,Cluster_Rank,Cluster_perc
0,"[0.6745, 1.2471773648648647, 0.0, 0.0, 1.140673506237689, 0.0, 0.6745, 0.0]",0.4671063588878192,0.33725,0.5026157979953925,0.0,1.2471773648648647,8.0,4.0,1.0,0.12
1,"[0.6745, 0.9807604005344508, 0.0, 0.0, 2.5231100699618625, 0.6745, 0.6745, 0.0, 0.6949421349067989, 3.955876378223004, 0.6745, 0.0, 0.7741251289619057, 0.5838155877398039, 1.145944432110535, 0.7651844122601962, 0.3712467449362048, 0.3712467449362047, 0.6745, 0.0, 3.124628245670023]",0.88873239429719,0.6745,1.0241287733816726,0.0,3.955876378223004,21.0,6.0,4.0,0.5
2,"[0.3265486961985551, 1.0224513038014449, 22.658721698607184, 0.3265486961985546, 0.5334448669201521, 10.218204816223066, 0.5334448669201521, 0.815555133079848, 8.84619025383142, 0.01049868295019149, 1.3385013170498086, 0.01049868295019149, 0.13865716180371357, 1.2103428381962864, 12.776178151308963, 0.13865716180371357]",3.806527770490203,0.6745000000000001,6.291208397355091,0.01049868295019149,22.658721698607184,16.0,4.0,7.0,0.88
3,"[0.575085254863635, 1.0694398039275572, 0.5750852548636349, 0.773914745136365]",0.748381264697798,0.6745000000000001,0.20235708431170515,0.5750852548636349,1.0694398039275572,4.0,1.0,3.0,0.38
4,"[0.6745, 14.272426088918976, 0.0, 14.806728729406451, 0.03227127059354547, 5.894908996897628, 0.6745, 0.5522874870734233, 7.212373836608074, 0.0]",4.41199964094981,0.6745,5.623772805301169,0.0,14.806728729406451,10.0,2.0,8.0,1.0
5,"[0.6745, 0.6745]",0.6745,0.6745,0.0,0.6745,0.6745,2.0,1.0,2.0,0.25
6,"[2.2202595871346844, 0.6745, 3.9819958056285762, 0.27026412942631817, 0.0]",1.4294039044379159,0.6745,1.4898227122614172,0.0,3.9819958056285762,5.0,1.0,5.0,0.62
7,"[0.6837032437025189, 0.665296756297481, 0.8684086365453819, 0.30643767493002805, 0.3064376749300279, 0.3454418982407037, 6.201772640943622, 5.267255722710916]",1.8305942810375848,0.6744999999999999,2.274002666718882,0.3064376749300279,6.201772640943622,8.0,1.0,6.0,0.75
