Cluster,Dist,mean,median,std,min,max,bag_count,day_count,Cluster_Rank,Cluster_perc
0,"[0.6745000000000061, 0.6744999999999939, 0.0, 0.0, 0.0, 0.6744999999999995, 0.6745000000000004, 0.0, 0.0]",0.29977777777777775,0.0,0.33516174462746845,0.0,0.6745000000000061,9.0,7.0,2.0,0.67
1,"[0.6745, 0.6745]",0.6745,0.6745,0.0,0.6745,0.6745,2.0,1.0,3.0,1.0
2,[0.0],0.0,0.0,0.0,0.0,0.0,1.0,1.0,1.0,0.33
