Cluster,Dist,mean,median,std,min,max,bag_count,day_count,Cluster_Rank,Cluster_perc
0,"[0.28274494949494955, 0.28274494949494955, 1.6362870370370373, 1.0662550505050505, 0.16163133640552962, 2.0328248847926274, 1.1873686635944696, 0.1616313364055303, 1.7370761865112399, 0.4532235636969188, 0.8957764363030807, 0.4532235636969193, 0.6745, 0.0, 2.8614154471544726]",0.9257802270061849,0.6745,0.7994156501682113,0.0,2.8614154471544726,15.0,4.0,3.0,0.75
1,"[0.0, 0.0, 0.0, 0.0, 0.0, 0.0, 0.6745, 0.6745000000000001, 0.0, 1.4207158570119158, 0.6745, 0.0, 0.0, 0.6745, 1.9593946280991732]",0.4052073656740726,0.0,0.5896081589802489,0.0,1.9593946280991732,15.0,10.0,1.0,0.25
2,"[0.6745, 0.6745, 0.6745, 0.6745, 0.6744999999999999, 0.6745, 0.6745, 0.6745, 0.6745, 0.6745]",0.6744999999999999,0.6745,1.0532500405730103e-16,0.6744999999999999,0.6745,10.0,5.0,2.0,0.5
3,"[0.7604718837863168, 0.5885281162136832, 0.5885281162136832, 3.16389175257732]",1.2753549671977509,0.6745,1.0926044601982507,0.5885281162136832,3.16389175257732,4.0,1.0,4.0,1.0
