Cluster,Dist,mean,median,std,min,max,bag_count,day_count,Cluster_Rank,Cluster_perc
0,"[0.6744999999999999, 0.6745000000000001, 0.0, 0.0, 0.0, 0.0, 0.0, 0.0]",0.168625,0.0,0.2920670674263019,0.0,0.6745000000000001,8.0,7.0,1.0,0.33
1,"[1.9171816050303738, 1.0705162527976122, 0.2784837472023872, 0.27848374720238767]",0.8861663380581902,0.6744999999999999,0.6774093360466398,0.2784837472023872,1.9171816050303738,4.0,1.0,2.0,0.67
2,"[2.296298502053636, 0.6745, 0.0]",0.9902661673512121,0.6745,0.9636831799459815,0.0,2.296298502053636,3.0,1.0,3.0,1.0
