Cluster,Dist,mean,median,std,min,max,bag_count,day_count,Cluster_Rank,Cluster_perc
0,"[0.6420721153845763, 11.304360576922795, 349.1121201923015, 0.6420721153846627, 0.6420721153846627, 0.7069278846153372, 0.3987436631234665, 2.029842395748156, 0.14173875715453688, 0.3984679067865899, 5.853755519215036, 17.42862775960749, 10.629855273916581, 10.832260425183955, 5.115555805396557, 0.7117271054783315, 0.46327064595257533, 0.0, 0.6516122240392466, 0.24018376941946107, 0.6745]",19.93427458338169,0.6745,73.7642825035247,0.0,349.1121201923015,21.0,2.0,6.0,1.0
1,"[2.383233333333288, 0.1413238095238344, 0.0, 0.6745, 6.443080952380862, 0.6961706827309228, 0.2541790495314585, 0.2541790495314585, 0.6528293172690772, 5.284486278447128, 3.7115558902275807, 18.48963888888891, 0.7879722222222167, 0.5610277777777831, 0.5610277777777761, 3.4833767123288184, 3.894544520548021, 0.0, 0.6745, 0.10163698630136057, 4.242841929746558, 0.6229152956869737, 0.7260847043130263, 0.6229152956869697]",2.3026675197605844,0.6745,3.8370106750963577,0.0,18.48963888888891,24.0,5.0,3.0,0.5
2,"[0.6745, 0.0, 0.7773385650224309, 0.6745, 0.0, 48.00060949612405, 0.0, 19.260175182481525, 0.6745, 0.0, 2.8359659090909406, 0.6745, 0.0, 7.056307692307747, 0.6745, 0.6745000000000001, 2.5445423280423443, 0.0]",4.6956632873927235,0.6745,11.415800761797387,0.0,48.00060949612405,18.0,6.0,4.0,0.67
3,"[0.674500000000005, 0.674499999999995, 0.6745000000000002, 0.6744999999999998, 0.0, 0.0, 0.0]",0.3854285714285714,0.674499999999995,0.3337909342014879,0.0,0.674500000000005,7.0,5.0,1.0,0.17
4,"[0.6745, 0.6745, 0.6745, 0.6745, 0.6745, 0.6745, 0.6745, 0.6745, 0.5623127551020393, 0.7866872448979516, 0.5623127551020485, 0.8596433673469416]",0.6805796768707485,0.6745,0.07724012912972167,0.5623127551020393,0.8596433673469416,12.0,5.0,2.0,0.33
5,"[1.9005116034608243, 1.7938852995876133, 0.03185154038974706, 0.1063536023287782, 43.423575887442425, 42.483955445944886, 42.30446328939924, 42.55180359019976, 43.69518662569745, 43.596086884450585, 43.27980763321747, 0.4795729360394601, 0.6635919382226899, 0.3036258995714407, 0.4005985687717321, 0.6745, 0.0, 0.05274047869329636, 0.09746353198026995, 0.8287945338400584, 0.8408479421039871, 0.8020152421767613, 0.125824492601278, 0.09299122665157311, 0.4346317215169403, 0.5654739225357807, 1.569451928519448]",11.596281695012724,0.6745,18.61532789339753,0.0,43.69518662569745,27.0,1.0,5.0,0.83
