Cluster,Dist,mean,median,std,min,max,bag_count,day_count,Cluster_Rank,Cluster_perc
0,"[0.0, 0.6745000000000005, 0.6744999999999994, 0.0, 0.0, 0.0, 0.0, 0.0, 0.0]",0.14988888888888888,0.0,0.28041643415322487,0.0,0.6745000000000005,9.0,8.0,1.0,0.33
1,"[1.2127353466230286, 3.941239363284737, 0.13626465337697083, 0.13626465337697136]",1.356626004165427,0.6745,1.5555942908148026,0.13626465337697083,3.941239363284737,4.0,1.0,3.0,1.0
2,"[0.6745, 0.6745]",0.6745,0.6745,0.0,0.6745,0.6745,2.0,1.0,2.0,0.67
