Cluster,Dist,mean,median,std,min,max,bag_count,day_count,Cluster_Rank,Cluster_perc
0,"[0.0, 0.6745000000000001, 4.46139444979146, 6.728986846326588, 0.6409589348732749, 0.6061663755458516, 0.6138244541484718, 0.9466563318777298, 2.470483066472587, 3.0278210092188274, 0.0, 0.6745, 0.4943715186802524, 0.34801712760795744, 0.4350050460941292, 1.0622475012130035, 1.8288408054342558, 1.9566063561377975, 2.9507165938864635, 0.6614092673459487]",1.52912528423273,0.6745000000000001,1.6530455164531197,0.0,6.728986846326588,20.0,2.0,3.0,0.43
1,"[8.237075757575811, 0.0, 0.6745, 0.7532295173961853, 0.17184231200897454, 0.9826049382716006, 0.7199208754208704, 0.6745, 0.6321071829405159, 0.0, 0.0, 3.4318310185184697, 0.6745, 8.213029411765763, 0.0, 0.6745, 0.6745, 0.0, 8.468169126691224]",1.8411742179257586,0.6745,2.8940691431063796,0.0,8.468169126691224,19.0,5.0,5.0,0.71
2,"[0.6745, 0.0, 0.17777519379842818, 1.3036847545219694, 91.94463307493444, 1.3471263888888891, 0.0, 0.6745, 76.41522916666658, 0.4852652777777738]",17.30227138565881,0.6745,33.62158262069884,0.0,91.94463307493444,10.0,2.0,7.0,1.0
3,"[0.0, 0.6745000000000592, 0.6744999999999409, 0.6745000000000034, 0.6744999999999965, 0.0, 0.0, 0.0, 0.0, 0.0, 0.6745000000001248, 0.6744999999998752]",0.33725,0.3372499999999376,0.33725,0.0,0.6745000000001248,12.0,9.0,1.0,0.14
4,"[0.6745, 0.6745, 0.15640579710144856, 1.1925942028985514, 1.4882989130434794, 0.15640579710144856]",0.723784118357488,0.6745,0.49209754015648083,0.15640579710144856,1.4882989130434794,6.0,2.0,2.0,0.29
5,"[0.6547585365853904, 8.35392926829254, 0.6547585365853464, 0.6942414634146096, 0.13054838709676017, 20.84422580645162, 1.2184516129032397, 0.13054838709676017]",4.085182749803283,0.6745,6.833906621429799,0.13054838709676017,20.84422580645162,8.0,2.0,6.0,0.86
6,"[0.8997750491159106, 0.6585982318271093, 0.5870402750491124, 0.6904017681728906, 7.585143418467578, 0.5870402750491124]",1.8346665029469522,0.6744999999999999,2.5738307234237934,0.5870402750491124,7.585143418467578,6.0,1.0,4.0,0.57
