Cluster,Dist,mean,median,std,min,max,bag_count,day_count,Cluster_Rank,Cluster_perc
0,"[0.6745, 0.6745, 292.37085234898626, 0.6745, 0.0, 294.61616778522784, 0.01131711409397329, 0.0, 0.3229424242424526, 3.196721212121281, 1.7659636363637117, 0.6745, 0.592742424242458, 1.5370424242424907, 0.576390909090917, 3.2457757575758492]",37.5583697522617,0.6745,96.74003385790832,0.0,294.61616778522784,16.0,3.0,4.0,0.67
1,"[1.0504532834065732, 7.814489738193971, 7.774563279074085, 5.214443987126323, 0.7282863340966763, 0.6745, 0.49508141362876773, 1.032159918301665, 0.14488578944110925, 0.018276666460357784, 0.012356996967258747, 0.009969090796558671, 0.0, 0.6011008018327638, 0.806618556701021, 0.6011008018327536, 0.6969060710194654, 0.6520939289805346, 7.173033218785777]",1.8684378882445085,0.6745,2.7099018864720263,0.0,7.814489738193971,19.0,2.0,3.0,0.5
2,"[0.0, 0.6745000000000045, 0.6744999999999955, 0.0, 0.0, 0.6745000000000142, 0.6744999999999858, 0.6745000000000074, 0.6744999999999925]",0.4496666666666667,0.6744999999999925,0.3179623492735509,0.0,0.6745000000000142,9.0,6.0,1.0,0.17
3,"[0.2756370192307712, 0.07458413461538993, 1.6752245192307833, 0.06291009615384402, 1.2964668269230866, 0.912520673076929, 0.0019456730769185572, 1.0642831730769307, 0.6206697115384714, 0.10701201923077122, 0.03826490384615424, 0.6401264423076916, 0.036967788461538996, 0.13165721153846102, 0.37551490384616293, 0.0019456730769271979, 1.096711057692312, 0.031779326923077986, 0.7088735576923084, 1.3029524038461628, 0.0395620192307695, 0.06939567307692893, 0.8580418269230797, 169.87736490384745, 628.1287735576973, 630.3299783653895, 627.4387081730817, 160.90651490384735, 164.29328317307818, 27.97813028846176]",80.67919333333394,0.6745,189.1034055596335,0.0019456730769185572,630.3299783653895,30.0,1.0,5.0,0.83
4,"[0.7896585365853704, 0.9333902439024391, 0.5593414634146296, 0.5593414634146296, 0.22864406779660976, 0.9450621468926501, 0.0, 0.6745000000000001, 1.4271200564971664]",0.6796731087226106,0.6745000000000001,0.39439776334763094,0.0,1.4271200564971664,9.0,2.0,2.0,0.33
5,"[0.6745, 3.4736750000001035, 0.0, 0.6745, 0.0, 12327.836499989626, 0.0, 4.581411538461587, 0.6745]",1370.8794540586762,0.6745,3873.8696257106903,0.0,12327.836499989626,9.0,3.0,6.0,1.0
