Cluster,Dist,mean,median,std,min,max,bag_count,day_count,Cluster_Rank,Cluster_perc
0,"[0.6745, 0.5215206185567014, 4.427130584192439, 0.0, 3.4049501718213055, 52.84579430379746, 0.879739776046738, 0.46926022395326183, 0.46926022395326183]",7.076906211369018,0.6745,16.244893280164618,0.0,52.84579430379746,9.0,2.0,6.0,0.86
1,"[0.0, 0.6744999999999999, 1.13659735576923, 0.9209519230769229, 0.08917668269230761, 0.6745, 0.10194087705559904, 0.0, 1.211142129992169, 0.6708026624902114, 0.7473903680501174, 1.2401926389976508]",0.622266219843684,0.6744999999999999,0.45047933283457003,0.0,1.2401926389976508,12.0,2.0,1.0,0.14
2,"[0.15430502599653387, 1.9463474870017334, 0.0, 0.6745, 3.1001282495667253, 0.4140321532965248, 1.6675199740175386, 0.4140321532965248, 0.9349678467034751, 0.0, 2.393089041095891, 0.6745, 0.4606663405088067, 1.1879647749510767]",1.001575217602488,0.6745,0.9116944719355548,0.0,3.1001282495667253,14.0,3.0,4.0,0.57
3,"[0.0, 0.6745, 1.415245535714286, 1.1374471713810317, 0.6745, 0.0, 0.6745000000000015, 0.6744999999999984]",0.6563365883869148,0.6745,0.45693069168076955,0.0,1.415245535714286,8.0,3.0,2.0,0.29
4,"[0.6745, 0.6745, 0.6745, 0.6745, 0.6745, 0.6745, 0.6745, 0.6745, 0.6745, 0.6745]",0.6745,0.6745,0.0,0.6745,0.6745,10.0,5.0,3.0,0.43
5,"[13.91816086956522, 0.8492217391304347, 0.7288304347826087, 0.9973956521739131, 0.6201695652173914, 0.15403913043478262, 0.15403913043478262, 0.5831260869565218]",2.250622826086957,0.6745000000000001,4.418880642069341,0.15403913043478262,13.91816086956522,8.0,1.0,5.0,0.71
6,"[0.6745000000000001, 68.41065151515157, 0.0, 11.063445121951224, 0.0, 0.6745, 0.0, 0.9462067137809184, 0.6745]",9.160422594542633,0.6745,21.211781677993315,0.0,68.41065151515157,9.0,3.0,7.0,1.0
