Cluster,Dist,mean,median,std,min,max,bag_count,day_count,Cluster_Rank,Cluster_perc
0,"[0.6745, 0.6745, 0.6745, 0.6745, 0.6745, 0.6745]",0.6745,0.6745,0.0,0.6745,0.6745,6.0,3.0,2.0,0.67
1,[0.0],0.0,0.0,0.0,0.0,0.0,1.0,1.0,1.0,0.33
2,"[0.6744999999999995, 0.6745000000000005]",0.6745000000000001,0.6745000000000001,5.026748538604307e-16,0.6744999999999995,0.6745000000000005,2.0,1.0,3.0,1.0
