Cluster,Dist,mean,median,std,min,max,bag_count,day_count,Cluster_Rank,Cluster_perc
0,"[0.5406363636363639, 0.5406363636363632, 0.808363636363636, 1.6581818181818186, 0.6745, 0.6745]",0.8161363636363635,0.6745,0.387518425759383,0.5406363636363632,1.6581818181818186,6.0,2.0,2.0,0.67
1,"[0.0, 0.0, 0.0, 0.0, 0.0, 1.027901358112938, 0.6745, 0.0, 0.0, 0.6745, 0.6745000000000001, 0.0]",0.25428344650941154,0.0,0.37030517797104023,0.0,1.027901358112938,12.0,9.0,1.0,0.33
2,"[0.6745, 0.0, 2.290469930069929]",0.9883233100233096,0.6745,0.9610504418167052,0.0,2.290469930069929,3.0,1.0,3.0,1.0
