Cluster,Dist,mean,median,std,min,max,bag_count,day_count,Cluster_Rank,Cluster_perc
0,"[0.3737969821673527, 0.3737969821673527, 0.9752030178326473, 5.529234567901232, 0.7404007541995201, 1.4627655125128554, 0.9184484058964688, 0.0, 0.045089989715461125, 2.724360301679808, 0.017573534453205336, 0.6744999999999999, 0.030522454576619916]",1.0665917310078865,0.6744999999999999,1.478711959981738,0.0,5.529234567901232,13.0,2.0,4.0,1.0
1,"[0.6745000000000003, 0.6744999999999997, 0.0, 0.0, 0.0, 0.0, 0.6744999999999999, 0.6745000000000001, 0.0, 0.0, 0.0, 0.6745000000000001, 0.6744999999999999]",0.3113076923076923,0.0,0.3362507385443155,0.0,0.6745000000000003,13.0,10.0,1.0,0.25
2,"[0.6745, 0.6745, 0.6745, 0.6745, 0.6745, 0.6745, 1.19816368788143, 0.15083631211857018, 1.3716401482127283, 0.15083631211857018, 0.6745, 0.6745, 0.6745, 0.6745]",0.6868911757379499,0.6745,0.3054885762372467,0.15083631211857018,1.3716401482127283,14.0,6.0,2.0,0.5
3,"[0.39834909625893233, 2.2009850777637663, 0.9506509037410676, 0.39834909625893233]",0.9870835435056747,0.6745,0.7362236023899635,0.39834909625893233,2.2009850777637663,4.0,1.0,3.0,0.75
