Cluster,Dist,mean,median,std,min,max,bag_count,day_count,Cluster_Rank,Cluster_perc
0,"[230.26037863372093, 2.873487645348837, 0.6450886627906977, 0.6745, 0.0, 0.6745, 0.0, 2.1344214026602155, 1.9264437726723074, 0.0913470374848852, 0.2683319226118495, 0.747903869407497]",20.024700245558105,0.6745,63.39457662622196,0.0,230.26037863372093,12.0,2.0,3.0,0.75
1,"[0.6745000000000028, 0.6744999999999972, 0.6745, 0.6745000000000001, 0.0, 0.0, 0.0, 0.0, 0.6745000000000013, 0.6744999999999988, 0.0, 0.0, 0.6745000000000001, 0.6744999999999999]",0.3854285714285715,0.674499999999998,0.333790934201488,0.0,0.6745000000000028,14.0,10.0,1.0,0.25
2,"[0.9927443045563553, 0.6749043764988012, 0.0, 0.41044214628297365, 0.5483345323741011, 0.6745, 1.3243330335731418, 1.6547086330935254, 0.284681055155875, 0.2726140808344194, 2.1205271621034316, 0.2726140808344199, 1.07638591916558]",0.7928299480363556,0.6745,0.5929347224214496,0.0,2.1205271621034316,13.0,2.0,2.0,0.5
3,"[127.40950000000285, 0.0, 0.6745, 0.6745, 66.35857775181725, 0.0, 0.6745, 0.0, 16.921152173913224]",23.634747769525923,0.6745,42.02766291910264,0.0,127.40950000000285,9.0,3.0,4.0,1.0
