Cluster,Dist,mean,median,std,min,max,bag_count,day_count,Cluster_Rank,Cluster_perc
0,"[0.0, 1.7672973474801166, 0.6745, 1.1055340699815859, 0.6745, 0.0, 0.0, 0.0, 0.6745000000000032, 0.6744999999999968, 0.0, 0.6745, 1.5832405857740512, 0.0, 0.0, 0.0, 1.1725319767442033, 0.8568502906976829, 0.34901453488371326, 0.02548982558140594, 1.7058575581395656, 0.0, 0.6745, 0.0, 0.6745000000000004, 0.6744999999999995, 0.674499999999964, 0.674500000000036]",0.5468148639029401,0.6744999999999981,0.5402033816253057,0.0,1.7672973474801166,28.0,13.0,1.0,0.25
1,"[0.6747994786352576, 0.6747881347475585, 0.6742118652524414, 0.6970251796746235, 0.684617235309287, 0.6807588009732144, 0.6724081871082757, 0.6630071292423954, 0.6637444819428404, 0.6630071292423954, 0.6869188722669721, 0.7645368239355477, 0.6620811277330279, 0.6620811277330175, 0.7701356743436645, 4.003209600985682, 0.4910278172685037, 1.2997118282627214, 0.5788643256563355, 0.49102781726850536]",0.8578981318791135,0.6744999999999999,0.7380284244110005,0.4910278172685037,4.003209600985682,20.0,3.0,2.0,0.5
2,"[3.9684623287671013, 0.0, 127.34652397260224, 0.16400513698629807, 0.05543835616437724, 0.6745, 0.8592945205479394, 1.1920408805031362, 0.7084371069182347, 0.6405628930817652, 0.30967610062892015, 0.30967610062892015, 9.06544968553444]",11.17646669864334,0.6745,33.62112683934252,0.0,127.34652397260224,13.0,2.0,4.0,1.0
3,"[3.2198759124088068, 0.6745, 0.0, 108.1448333333453, 0.6745, 0.0, 0.821816692667704, 0.527183307332296, 1.0512098283931346, 0.527183307332296, 0.6745, 0.0, 29.41569444444406, 0.6745, 0.0, 5.050906976744221, 4.233325966850833, 0.0, 0.6745]",8.22971209313256,0.6745,24.421910272921668,0.0,108.1448333333453,19.0,6.0,3.0,0.75
