Cluster,Dist,mean,median,std,min,max,bag_count,day_count,Cluster_Rank,Cluster_perc
0,"[7.315684810165246, 0.24764012340022595, 1.1013598765997739, 0.2476401234002262, 0.21956278287106903, 27.97746472090053, 1.129437217128931, 0.21956278287106853, 20.786262296318647, 0.6745, 0.21828643633071818, 16.622639333132163, 0.0, 1.0869859091421485, 4.865889076766994, 0.26201409085785143, 0.26201409085785143, 0.22800284943011453, 5.023548140371927, 0.22800284943011181, 1.1209971505698855]",4.277975936216452,0.6745,7.606759593128405,0.0,27.97746472090053,21.0,5.0,4.0,0.8
1,"[0.0, 0.6745000000000001, 1.4066068466560788, 0.0, 0.6744999999999999, 0.6745000000000001, 0.6744999999999999, 0.6745000000000001, 0.0, 0.0, 0.0, 0.6745, 1.0189841675178768]",0.4978916164749197,0.6744999999999999,0.44062230921240575,0.0,1.4066068466560788,13.0,7.0,1.0,0.2
2,"[0.6745, 0.0, 0.8544735211745735, 0.6745, 0.0, 2.490312925170069, 0.6744999999999999, 131.1965982352942, 0.0, 0.6745, 0.0, 0.889394957312694, 0.17643992779581333, 4.0575897934624425, 1.1725600722041867, 0.17643992779581333]",8.981988085013112,0.6745,31.572509235853676,0.0,131.1965982352942,16.0,5.0,5.0,1.0
3,"[0.6745, 0.6745, 0.6745, 0.6745, 0.6745, 0.6745, 0.6745, 0.6745]",0.6745,0.6745,0.0,0.6745,0.6745,8.0,4.0,2.0,0.4
4,"[7.3480464899066, 0.9751900271166014, 0.6034122928592952, 0.0, 0.6745]",1.9202297619764992,0.6745,2.7323040737841926,0.0,7.3480464899066,5.0,1.0,3.0,0.6
