Cluster,Dist,mean,median,std,min,max,bag_count,day_count,Cluster_Rank,Cluster_perc
0,"[0.6367921946029597, 0.6367921946029595, 0.7122078053970402, 0.8713895444433698, 0.5004512460156479, 1.2806900173862652, 1.2931988554042309, 0.6513391046073601, 0.000879527673138124, 1.0185907707910753, 0.6976608953926399, 0.0008795276731384496]",0.691739306999152,0.6745,0.3923235036076565,0.000879527673138124,1.2931988554042309,12.0,2.0,2.0,0.4
1,"[0.0, 0.0, 0.6744999999999999, 0.6745000000000001, 0.0, 0.0, 0.0, 0.0, 0.0, 0.6745, 1.3467264044943825, 0.0, 0.0]",0.25924818496110635,0.0,0.4210607191997558,0.0,1.3467264044943825,13.0,10.0,1.0,0.2
2,"[0.20173453869550537, 0.6744999999999999, 1.6683560324433926, 0.0, 104.05855018587359]",21.320628151402495,0.6744999999999999,41.372974275145324,0.0,104.05855018587359,5.0,1.0,5.0,1.0
3,"[0.10601525276002331, 1.2429847472399769, 0.10601525276002331, 1.5151754793724581, 0.06902279815832475, 0.0690227981583244, 1.2799772018416753, 1.337279147482549, 0.6745, 0.6745, 0.6745, 0.6745]",0.7019577231477796,0.6745,0.5169056160310974,0.0690227981583244,1.5151754793724581,12.0,4.0,3.0,0.6
4,"[2.962843857634904, 0.12080597014925382, 1.1985088021431307, 2.919219479525451, 0.15049119785686932, 0.12080597014925382]",1.245445879576477,0.6745,1.2570953673008753,0.12080597014925382,2.962843857634904,6.0,1.0,4.0,0.8
