Cluster,Dist,mean,median,std,min,max,bag_count,day_count,Cluster_Rank,Cluster_perc
0,"[0.8151192143134969, 0.11543368339167634, 0.33344593543368334, 3.1319257098405284, 0.0, 2.4235826526643325, 0.6745, 0.6667023121387282, 0.6667023121387279, 0.8333065698576057, 0.6822976878612718]",0.9402741888763683,0.6745,0.917022608238698,0.0,3.1319257098405284,11.0,2.0,6.0,0.75
1,"[0.6744999999999994, 0.6745000000000007, 0.674499999999989, 0.674500000000011, 1.4103181818181814, 0.6745, 0.0, 0.0, 0.6744999999999999, 0.6745000000000001, 0.6744999999999985, 0.6745000000000013]",0.6234015151515151,0.6744999999999999,0.3439956679534017,0.0,1.4103181818181814,12.0,6.0,1.0,0.12
2,"[0.6745, 0.6745, 0.6745, 0.6745]",0.6745,0.6745,0.0,0.6745,0.6745,4.0,2.0,3.0,0.38
3,"[1.288381952117863, 1.0558471454880292, 0.2394909760589319, 0.0, 0.6745, 0.0, 0.6745, 1.2634527981171555, 0.047976987447698766, 1.0216276150627615]",0.626577747429244,0.6745,0.4958163661387462,0.0,1.288381952117863,10.0,2.0,2.0,0.25
4,"[0.9706346450617283, 2.214851208847734, 1.6579723508230435, 0.014399048353909023, 0.0143990483539096, 0.3783653549382718]",0.8751036093964327,0.6745,0.8311946073327875,0.014399048353909023,2.214851208847734,6.0,1.0,5.0,0.62
5,"[0.7877629228144134, 0.38426799156880465, 66.05496366556258, 0.8346116631536685, 0.5612370771855866, 0.38426799156880465]",11.501185218642307,0.6745,24.397821330821138,0.38426799156880465,66.05496366556258,6.0,1.0,8.0,1.0
6,"[0.0, 0.9025609346365298, 0.5496536346976176, 1.7589740378741598, 0.6745]",0.7771377214416615,0.6745,0.5737525746078893,0.0,1.7589740378741598,5.0,1.0,4.0,0.5
7,"[0.6745, 0.0, 8.168367473192193, 0.0, 0.6745, 17.354360589812345, 0.6745, 2.303624514374515, 0.0]",3.31665028637545,0.6745,5.533394309026825,0.0,17.354360589812345,9.0,3.0,7.0,0.88
