Cluster,Dist,mean,median,std,min,max,bag_count,day_count,Cluster_Rank,Cluster_perc
0,"[0.6745000000000002, 0.6744999999999999, 0.0, 1.2941860564585115, 0.0, 0.6745, 0.0, 0.0, 0.6745000000000002, 0.6744999999999998, 0.6745, 0.0, 1.6582356230031972, 0.0, 0.6745000000000001, 0.6744999999999999, 0.0]",0.4910836282036299,0.6744999999999999,0.48291344505204203,0.0,1.6582356230031972,17.0,10.0,1.0,0.2
1,"[0.6745, 0.6745, 0.6745, 0.6745]",0.6745,0.6745,0.0,0.6745,0.6745,4.0,2.0,2.0,0.4
2,"[0.0, 1.129899667405765, 0.6745, 1.9636773835920185, 0.11291518847006657, 2.0433583756345186, 0.5498715736040609, 0.0, 0.6745, 0.8593883248730967]",0.8008110513579527,0.6745,0.6970358352992421,0.0,2.0433583756345186,10.0,2.0,3.0,0.6
3,"[0.6745, 2.14599540229885, 0.0]",0.9401651340996167,0.6745,0.8960124773234935,0.0,2.14599540229885,3.0,1.0,4.0,0.8
4,"[0.36148821483771254, 0.9875117851622874, 0.36148821483771254, 63.69490108191652]",16.35134732418856,0.6745,27.33500829318927,0.36148821483771254,63.69490108191652,4.0,1.0,5.0,1.0
