Cluster,Dist,mean,median,std,min,max,bag_count,day_count,Cluster_Rank,Cluster_perc
0,"[0.7283816267247638, 0.658825344952796, 0.0, 1.9916608569353669, 0.6745, 0.06511618966253739, 0.06511618966253739, 2.2952016232379324, 0.8102067492524562, 0.12389363519863283, 0.7779367791542077, 1.1380926954293036, 0.5710632208457922, 8.476286490683222, 0.7048734472049674, 0.6441265527950292, 0.6441265527950327]",1.1982004679137988,0.6745,1.9147794549980042,0.0,8.476286490683222,17.0,3.0,4.0,1.0
1,"[0.4440163165791448, 0.444016316579145, 0.9206697299324833, 0.9049836834208549, 0.6745, 0.6745, 0.6745, 0.6745]",0.6764607558139535,0.6745,0.16580748037930576,0.4440163165791448,0.9206697299324833,8.0,3.0,2.0,0.5
2,"[0.6745, 0.0, 6.103808641975305, 0.6745, 0.0, 0.7497055749128925, 0.6745, 0.0, 0.8343652597402562, 0.600199343102577, 0.44818974229408787, 0.018063921172309243, 0.018063921172309243, 1.0364600808489135, 0.9219416371905003, 1.7378855482566953, 0.748800656897423, 0.5131224928366767, 0.0, 1.8254018624641841, 1.8060752148997143, 1.1953531518624645, 0.6165200573065901, 0.6745, 0.6745, 2.5806956521739166, 0.0, 5.181462252475252, 0.6745, 0.0]",1.0327705003860688,0.6745,1.3842771888426508,0.0,6.103808641975305,30.0,7.0,3.0,0.75
3,"[1.8453813672922246, 0.6745, 0.0, 0.0, 0.0, 0.0, 0.0, 0.0, 0.6745000000000002, 0.6744999999999998, 0.0]",0.35171648793565674,0.0,0.5567383728634938,0.0,1.8453813672922246,11.0,8.0,1.0,0.25
