Cluster,Dist,mean,median,std,min,max,bag_count,day_count,Cluster_Rank,Cluster_perc
0,"[2.455056990881459, 1.0876056231003037, 0.625296352583587, 0.0, 0.6745, 0.5371530134581627, 0.5371530134581627, 1.259408718548859, 0.8118469865418373]",0.8875578553969302,0.6745,0.6488090498055984,0.0,2.455056990881459,9.0,2.0,3.0,0.75
1,"[0.0, 0.6744999999999995, 0.6745000000000004, 0.0, 0.0, 0.6745000000000001, 0.6744999999999999, 0.0, 0.0, 0.0]",0.2698,0.0,0.33043616630145073,0.0,0.6745000000000004,10.0,8.0,1.0,0.25
2,"[0.6745, 0.6745, 0.6744999999999999, 0.6744999999999999, 0.6745, 0.6745, 0.6745, 0.6745]",0.6744999999999999,0.6745,9.614813431917819e-17,0.6744999999999999,0.6745,8.0,4.0,2.0,0.5
3,"[0.0, 2.3459799270073014, 0.6745, 3.3133333333333357, 0.6745, 0.0, 76.74311111111247, 0.0, 0.6745]",9.380658263494787,0.6745,23.840630603726336,0.0,76.74311111111247,9.0,3.0,4.0,1.0
