Cluster,Dist,mean,median,std,min,max,bag_count,day_count,Cluster_Rank,Cluster_perc
0,"[0.6745, 0.6241733393994525, 6.305562329390332, 0.0, 1.135418562329386, 2.284339399454041, 7.039595086442195, 0.40322702456778803, 0.6321519563239285, 0.6745, 0.6745]",1.8589061543551926,0.6745,2.3380099407521575,0.0,7.039595086442195,11.0,2.0,3.0,1.0
1,"[0.0, 0.6745, 0.0, 1.3165437445319341, 0.0, 1.513456374212312, 0.6745, 0.0, 0.6745000000000022, 0.6744999999999979, 0.0, 0.0, 0.0, 0.0, 0.0, 0.0]",0.34550000742151543,0.0,0.49583985228711763,0.0,1.513456374212312,16.0,11.0,1.0,0.33
2,"[0.9562911111111108, 0.0, 0.6745, 0.7292555515107387, 0.6745, 0.0, 0.5034341700030797, 1.7678879735140123, 0.5034341700030798, 0.8455658299969202, 0.0, 0.6745, 0.6849179238505747, 3.8625073135056125, 0.6745, 0.0, 0.6745, 0.0, 0.6909706577392669, 11.12209238451935, 0.0, 0.6745]",1.1687889584433522,0.6745,2.3163085459215504,0.0,11.12209238451935,22.0,7.0,2.0,0.67
