Cluster,Dist,mean,median,std,min,max,bag_count,day_count,Cluster_Rank,Cluster_perc
0,"[0.6744999999999994, 0.6745000000000005, 0.0, 0.0, 0.0, 0.6744999999999998, 0.6745000000000002, 0.6745000000000012, 0.6744999999999988, 0.0]",0.40470000000000006,0.6744999999999991,0.33043616630145073,0.0,0.6745000000000012,10.0,7.0,1.0,0.12
1,"[0.34537404672557775, 0.5870542307226725, 0.345374046725578, 0.7619457692773275, 1.0748236291005926, 0.7880733567364726, 2.919529390154291, 0.6745, 0.0, 0.0, 6.068217428088006, 0.6745, 20.122264872521182, 0.0, 0.6745, 0.6745000000000001, 7.1694698275862025, 0.0]",2.382229255424328,0.6745,4.739100539979465,0.0,20.122264872521182,18.0,5.0,8.0,1.0
2,"[0.43821798270089274, 0.43821798270089274, 0.9107820172991072, 1.3001627371651783, 0.2524809341155235, 1.0965190658844763, 0.2524809341155235, 2.374599165162455]",0.8829326023930062,0.6745,0.6741685328190716,0.2524809341155235,2.374599165162455,8.0,2.0,5.0,0.62
3,"[0.8130657608695653, 0.6745, 6.913625000000005, 0.5337347826086958, 0.0]",1.786985108695653,0.6745,2.578081874060238,0.0,6.913625000000005,5.0,1.0,7.0,0.88
4,"[0.6744999999999999, 0.6744999999999999]",0.6744999999999999,0.6744999999999999,0.0,0.6744999999999999,0.6744999999999999,2.0,1.0,4.0,0.5
5,"[3.219741419565724, 0.4792209899603082, 0.8697790100396917, 0.4792209899603082, 0.5959846200241257, 1.7875470446320874, 0.5959846200241257, 0.7530153799758744, 0.518795402673622, 0.518795402673622, 4.503777469840232, 0.8302045973263779, 0.6078938784629135, 3.09130764075067, 0.7411061215370863, 0.6078938784629131]",1.262516779119355,0.6744999999999999,1.1965619907042127,0.4792209899603082,4.503777469840232,16.0,4.0,6.0,0.75
6,"[0.4413846153846153, 1.2202384615384612, 0.7282846153846153, 0.04019230769230763, 0.17889230769230766, 0.7581, 0.0, 1.4670923076923073, 0.6745]",0.6120760683760683,0.6745,0.4782038524000914,0.0,1.4670923076923073,9.0,1.0,3.0,0.38
7,"[0.6745000000000001, 0.0, 0.6135044393291678, 0.8976328510358437, 0.7299505097007565]",0.5831175600131535,0.6745000000000001,0.3065224249444921,0.0,0.8976328510358437,5.0,1.0,2.0,0.25
