Cluster,Dist,mean,median,std,min,max,bag_count,day_count,Cluster_Rank,Cluster_perc
0,"[0.369668342324669, 1.3425494114762138, 0.0, 0.6745, 0.8129395537027958, 0.3379115988229524, 1.2426479892103972, 0.2072169698181092, 0.2072169698181092, 1.1417830301818908, 1.5812933240055966, 0.6745, 0.0, 2.1013269230769143, 0.6745, 0.0, 141.52769565217412]",8.993867633212457,0.6745,33.13865104690518,0.0,141.52769565217412,17.0,4.0,4.0,1.0
1,"[0.6745000000000001, 0.6744999999999998, 0.6744999999999999, 0.6745000000000001, 0.0, 0.0, 0.6744999999999995, 0.6745000000000004, 0.6745000000000001, 0.6744999999999999]",0.5396,0.6744999999999999,0.2698,0.0,0.6745000000000004,10.0,6.0,1.0,0.25
2,"[0.6745, 0.6745, 1.2164353360488795, 0.15883719450101827, 1.1901628054989817, 0.15883719450101827, 0.430825735031544, 1.039569813117486, 0.918174264968456, 0.4308257350315437, 0.6745, 0.6745, 0.6745, 0.6745]",0.6850477199070663,0.6745,0.3163709559230962,0.15883719450101827,1.2164353360488795,14.0,5.0,2.0,0.5
3,"[0.3932978298115362, 4.564720159908623, 0.3932978298115362, 0.9557021701884638, 0.6202702561966257, 0.7287297438033742, 0.6202702561966257, 3.8223539887523437]",1.512330279333641,0.6744999999999999,1.5681664288354513,0.3932978298115362,4.564720159908623,8.0,2.0,3.0,0.75
