Cluster,Dist,mean,median,std,min,max,bag_count,day_count,Cluster_Rank,Cluster_perc
0,"[0.0, 0.6745, 487.24760276679797, 0.6745, 0.6745, 0.500111305872042, 0.848888694127958, 0.500111305872042, 2.286560911481157, 0.6745, 0.6745]",44.977797725831934,0.6745,139.85899560816452,0.0,487.24760276679797,11.0,4.0,3.0,1.0
1,"[0.0, 0.0, 0.0, 0.0, 0.0, 0.0, 0.0, 0.0, 0.0, 0.0, 0.0]",0.0,0.0,0.0,0.0,0.0,11.0,11.0,1.0,0.33
2,"[1.3203216454997238, 0.00484180011043631, 8.211692987299832, 1.069665378244064, 0.004841800110436154, 0.27933462175593604]",1.8151163721700714,0.6745,2.90486732446617,0.004841800110436154,8.211692987299832,6.0,1.0,2.0,0.67
