Cluster,Dist,mean,median,std,min,max,bag_count,day_count,Cluster_Rank,Cluster_perc
0,"[0.0, 0.6745, 1.220854933726068, 0.6745000000000001, 0.6744999999999999, 0.6745000000000001, 0.6744999999999999, 0.0, 0.0, 0.0, 0.6745000000000001, 0.6745, 0.0, 1.198136540962289, 0.0, 0.6745, 0.6745, 1.5284541284403674, 0.0, 0.0, 0.0]",0.4770450287204155,0.6744999999999999,0.4668909868060189,0.0,1.5284541284403674,21.0,12.0,1.0,0.25
1,"[0.0, 0.6745, 3.689911764705885, 0.6745, 0.9006172321128649, 0.0]",0.9899214994697916,0.6745,1.2554410433136245,0.0,3.689911764705885,6.0,2.0,3.0,0.75
2,"[0.6745, 0.6745, 0.6744999999999999, 0.6745]",0.6745,0.6745,5.551115123125783e-17,0.6744999999999999,0.6745,4.0,2.0,2.0,0.5
3,"[0.11760512820512667, 16.966269230769214, 0.0, 0.6745, 5.330279487179483]",4.617730769230765,0.6745,6.4825575963977355,0.0,16.966269230769214,5.0,1.0,4.0,1.0
