Cluster,Dist,mean,median,std,min,max,bag_count,day_count,Cluster_Rank,Cluster_perc
0,"[0.8224680712423978, 0.526531928757602, 0.526531928757602, 0.9959276715899212, 1.4717396798652067, 0.23525105307497896, 1.721386127492278, 0.23525105307497896, 0.8106880089862397, 0.5383119910137603]",0.7884087513854966,0.6745,0.46837833589774225,0.23525105307497896,1.721386127492278,10.0,2.0,5.0,0.71
1,"[0.0, 0.6745, 1.5914711206896546, 0.0, 0.6744999999999981, 0.6745000000000019, 0.6745, 0.6745000000000001, 0.0, 1.6015646191646196, 0.6745, 0.0, 0.0, 0.0]",0.517145409989591,0.674499999999999,0.540062152925996,0.0,1.6015646191646196,14.0,8.0,1.0,0.14
2,"[0.0, 2.116235410484669, 1.5938481701285858, 0.29288377843719093, 0.6745, 0.8739812067260139, 0.28020771513353115, 0.0, 0.29515565345080774, 0.6745, 0.8171255506607928, 0.793849853157122, 1.1276985005355231, 0.7850303463048912, 0.6745, 0.5184571581578006, 0.05923848625490885, 0.7005071403070331, 0.0]",0.6461957352494142,0.6745,0.5338040385706068,0.0,2.116235410484669,19.0,3.0,2.0,0.29
3,"[0.9302558050523088, 0.9192407501913753, 0.994280811431487, 0.3299353151314108, 0.42975924980862473, 0.329935315131411]",0.6555678744577697,0.6745,0.29517394889514126,0.3299353151314108,0.994280811431487,6.0,1.0,3.0,0.43
4,"[18.398490099009955, 0.0, 0.6745, 0.0, 0.6745, 2.8534282608695656, 0.9389636416521232, 0.0, 0.6745, 3.8346279481132077, 0.0, 0.6745]",2.3936258291370707,0.6745,4.960670155207077,0.0,18.398490099009955,12.0,4.0,7.0,1.0
5,"[0.6745, 0.6745, 0.6745, 0.6745, 0.6745, 0.6745]",0.6745,0.6745,0.0,0.6745,0.6745,6.0,3.0,4.0,0.57
6,"[0.6786086294416243, 1.734069881556684, 0.2768759729272419, 1.125536209813875, 0.4923507614213196, 0.2768759729272423, 1.9226103214890025, 0.543936886632826, 1.2300780033840952, 0.6703913705583757, 0.0, 3.0457955242182706, 0.4772366646229304, 0.9577817290006132, 0.6744999999999999]",0.9404431951996067,0.6744999999999999,0.761371752590432,0.0,3.0457955242182706,15.0,2.0,6.0,0.86
