Cluster,Dist,mean,median,std,min,max,bag_count,day_count,Cluster_Rank,Cluster_perc
0,"[0.9670841137123746, 0.3819158862876254, 1.1637944816053514, 0.3819158862876254, 1.9757932535364526, 0.0, 1.5530380848748642, 3.2403890097932533, 0.6730321001088138, 0.6745, 0.058715995647442516]",1.0063798919867093,0.6745,0.9129253999375878,0.0,3.2403890097932533,11.0,2.0,8.0,0.89
1,"[0.6744999999999997, 0.6745000000000003, 0.6745000000000009, 0.6744999999999991, 0.6745000000000001, 0.6744999999999999, 0.0]",0.5781428571428571,0.6744999999999999,0.2360258330724648,0.0,0.6745000000000009,7.0,4.0,1.0,0.11
2,"[0.6745, 0.6745, 0.6745, 0.6745, 0.6745, 0.6745, 0.6745, 0.6745, 0.6745, 0.6745, 0.6745, 0.6745, 0.6745, 0.6745]",0.6745,0.6745,0.0,0.6745,0.6745,14.0,7.0,3.0,0.33
3,"[2.2223910256410258, 0.6877254901960784, 1.0201430995475111, 0.5066380090497736, 0.7970901206636501, 0.405920814479638, 0.16837066365007552, 0.30571229260935145, 0.6745, 0.9700388386123682, 0.0]",0.7053209413135882,0.6745,0.5684881830072275,0.0,2.2223910256410258,11.0,1.0,5.0,0.56
4,"[1.0024233960176985, 0.0, 0.6745, 0.052975110619469384, 1.7213180309734506, 0.803448529411765, 0.0, 1.6342927170868358, 0.6745, 0.37503711484593855]",0.6938494898955159,0.6745,0.5935755391480859,0.0,1.7213180309734506,10.0,2.0,4.0,0.44
5,"[0.5303066110596231, 0.8186933889403769, 1.7280285758418286, 0.5173875502008031, 0.8595342910101951, 0.5173875502008031]",0.8285563278756051,0.6745,0.4267536655975931,0.5173875502008031,1.7280285758418286,6.0,1.0,7.0,0.78
6,"[0.6745, 0.7156666666666667, 0.0, 0.0, 0.6745, 0.8581739130434779, 2.3350547619047597, 0.0, 0.6745, 0.7724880112834982, 0.0, 0.6745, 0.689124891587164, 0.13513399826539435, 0.659875108412836, 1.2226409366869038, 1.6912224631396353, 0.13513399826539482]",0.6618063749586517,0.6745,0.6025786006085078,0.0,2.3350547619047597,18.0,5.0,2.0,0.22
7,"[8.237510638297868, 0.6745, 0.016144946808511838, 1.3777021276595742, 0.0]",2.0611715425531907,0.6745,3.1294636901162547,0.0,8.237510638297868,5.0,1.0,9.0,1.0
8,"[0.6745, 0.0, 0.8861238643246514, 1.611691399152028, 0.5829869775893397, 1.6333440339188365, 0.012664748637189542]",0.771615860517435,0.6745,0.6185033330141048,0.0,1.6333440339188365,7.0,1.0,6.0,0.67
