Cluster,Dist,mean,median,std,min,max,bag_count,day_count,Cluster_Rank,Cluster_perc
0,"[0.23135024154588937, 5.161391304347809, 2.867439613526551, 0.948210144927538, 6.751516908212539, 0.09449516908211496, 0.400789855072462, 0.09449516908213668, 0.33346067415730374, 1.4096292134831736, 5.486943820224777, 0.6062921348314675, 0.7427078651685325, 0.33346067415730374, 0.6745, 0.0, 5.078784653465422, 2.1837772277228007, 0.8147425742574341, 0.23039851485150686, 0.19700742574255478, 2.656704081632567, 0.0, 0.8947448979591537, 0.6745, 0.5919081632653173]",1.517663474104475,0.6745,1.9151536061334498,0.0,6.751516908212539,26.0,4.0,3.0,0.6
1,"[0.6895558035714269, 1.789633184523808, 0.0, 0.6745, 0.13148735119047522, 0.0, 0.6745, 3.1537432432431514, 10.24457971014511, 0.6745, 0.0]",1.6393181175158156,0.6745,2.8666883158439442,0.0,10.24457971014511,11.0,3.0,4.0,0.8
2,"[0.3967059259259228, 2.162397037037042, 18.34140370370373, 0.6155437037037034, 0.7334562962962966, 0.39670592592592946, 1.0736485596707825, 0.9726123456790167, 25.432258436214, 0.2975572016460949, 0.37638765432098337, 0.29755720164608745]",4.258019499314132,0.6745,8.030997794361562,0.29755720164608745,25.432258436214,12.0,2.0,5.0,1.0
3,"[0.6744999999999949, 0.6745000000000051, 0.0, 0.0, 1.3671317204301054, 0.6745, 0.6744999999999928, 0.6745000000000072, 0.0, 0.6745, 1.8257142857143056, 0.0, 0.0, 0.0, 0.0, 0.6745000000000607, 0.6744999999999393, 0.0, 0.0]",0.45204452663917954,0.6744999999999393,0.5108992570815503,0.0,1.8257142857143056,19.0,12.0,1.0,0.2
4,"[0.6745, 0.6745, 0.6745, 0.6745]",0.6745,0.6745,0.0,0.6745,0.6745,4.0,2.0,2.0,0.4
