Cluster,Dist,mean,median,std,min,max,bag_count,day_count,Cluster_Rank,Cluster_perc
0,"[0.6745, 19.765373807776964, 0.48496698459280985, 85.2715469552458, 0.0, 0.7308805534278053, 2.745468163538874, 2.25560963232478, 0.6745, 0.24076369207200307, 0.0503528501212818, 0.0, 0.30941289896450336, 0.0, 4.267684834022244, 1.205718690075425, 0.6744999999999999, 0.6601010581685701, 0.6888989418314299, 0.6601010581685701, 1.5574050104384132]",5.853227863369973,0.6745,18.232356385430577,0.0,85.2715469552458,21.0,4.0,6.0,1.0
1,"[0.656446737802309, 0.6925532621976911, 1.6802464555068677, 0.779828458119154, 0.5106281020898289, 0.5106281020898291, 1.9687935682194369, 0.6745, 26.176309884133364, 0.0, 0.15407117521872782]",3.0730914313979274,0.6745,7.327002550166462,0.0,26.176309884133364,11.0,2.0,5.0,0.83
2,"[1.3531802022736779, 1.2293641496521046, 0.11963585034789549, 0.11963585034789549, 0.6744999999999999, 0.6745, 0.6745, 0.6745, 0.6745, 0.6745]",0.6868816052621574,0.6745,0.3718462651657296,0.11963585034789549,1.3531802022736779,10.0,4.0,2.0,0.33
3,"[0.0, 0.0, 0.0, 0.6744999999999989, 0.6745000000000011, 0.6745, 0.6744999999999998, 0.0]",0.33724999999999994,0.33724999999999944,0.33724999999999994,0.0,0.6745000000000011,8.0,6.0,1.0,0.17
4,"[0.6745, 6.918007865937078, 0.0, 0.6745, 0.0, 5.370734960272418]",2.272957137701583,0.6745,2.787338110327014,0.0,6.918007865937078,6.0,2.0,4.0,0.67
5,"[1.6164457016828881, 0.5033282830704322, 8.87809776094357, 0.8107453133240637, 0.503328283070432, 0.5382546866759361, 0.3956731415015865, 0.3956731415015866, 0.8542059675282663, 0.8239917588342215, 6.532399195908684, 0.5250082411657785]",1.8647626229339538,0.6744999999999999,2.674396556607745,0.3956731415015865,8.87809776094357,12.0,2.0,3.0,0.5
