Cluster,Dist,mean,median,std,min,max,bag_count,day_count,Cluster_Rank,Cluster_perc
0,"[0.6745000000000001, 0.6744999999999998, 0.0, 0.0, 0.6745, 0.6744999999999998, 0.0, 0.0, 0.0, 0.0, 0.6745, 0.6745000000000001]",0.33725,0.3372499999999999,0.33725,0.0,0.6745000000000001,12.0,9.0,1.0,0.14
1,"[0.6745, 0.0, 0.9488728813559332, 0.6745, 0.0, 3.0020344410876123, 0.6745, 0.0, 10.796993830207304, 0.6745, 0.0, 2.2678638400551527]",1.6428137493921666,0.6745,2.902076979146571,0.0,10.796993830207304,12.0,4.0,5.0,0.71
2,"[2.8915922551252855, 0.6745, 0.0, 0.2151025056947608, 0.3579920273348516, 2.8793006833712984, 0.8388997722095676, 0.18898291571753953, 291.72355466970384]",33.307769425461906,0.6745,91.36981347823378,0.0,291.72355466970384,9.0,1.0,7.0,1.0
3,"[0.6745, 0.6745, 0.6745, 0.6745]",0.6745,0.6745,0.0,0.6745,0.6745,4.0,2.0,2.0,0.29
4,"[0.6745, 10.417277777777782, 0.6528665521191305, 0.7834398625429556, 0.0]",2.5056168384879736,0.6745,3.96545232214202,0.0,10.417277777777782,5.0,1.0,6.0,0.86
5,"[0.13619971898835825, 0.6745, 0.0, 0.9138649136892815, 3.66899839421919]",1.078712605379366,0.6745,1.3380653560784033,0.0,3.66899839421919,5.0,1.0,3.0,0.43
6,"[0.6745, 1.53999362244898, 0.0, 0.40263520408163284, 3.033529336734694]",1.1301316326530615,0.6745,1.0774932404394983,0.0,3.033529336734694,5.0,1.0,4.0,0.57
