Cluster,Dist,mean,median,std,min,max,bag_count,day_count,Cluster_Rank,Cluster_perc
0,"[2.1945112028301867, 3.5920306603773513, 0.2449834905660381, 7.644598466981116, 0.18294221698113147, 1.083336084905661, 0.265663915094339, 0.1829422169811328, 0.7384929116684841, 0.6105070883315159, 0.8236329062159211, 0.5301481733914941, 0.5301481733914938, 2.0529220283533256, 0.5944509803921569, 1.4450588235294117, 1.5512605042016805, 0.3585798319327733, 0.817792717086834, 0.0680168067226892, 0.0680168067226892, 0.6479495798319328, 0.7183529411764705, 0.19609523809523768, 0.7010504201680672, 2.083263305322128]",1.1510287496635099,0.6745,1.5306671283463091,0.0680168067226892,7.644598466981116,26.0,3.0,5.0,0.83
1,"[1.0738181421083286, 0.4368340128130461, 1.1779197728596387, 0.0, 0.6745, 1.533930949623625, 0.8404887087434858, 0.5085112912565142, 0.5085112912565142, 0.3009283913840507, 0.3009283913840512, 1.0480716086159487, 1.3745024060494961, 1.027741833508957, 0.0, 1.2430985247629085, 1.4969777660695474, 0.6745, 0.8202033719704958, 0.4989452054794522, 0.28074552160168603, 0.3762700737618547]",0.7362466937840728,0.6745,0.449541634404774,0.0,1.533930949623625,22.0,4.0,2.0,0.33
2,"[1.0058448443579768, 0.0, 0.5019382295719832, 3.287859435797666, 0.6745, 0.0, 0.6745, 2.0935579984837003, 0.0, 0.18445909970958416, 0.6745, 1.3731592449177166, 0.7623221200387229]",0.8640493056059501,0.6745,0.9036972009532491,0.0,3.287859435797666,13.0,3.0,3.0,0.5
3,"[97.46256192519925, 0.32050122624156935, 0.0, 0.6744999999999999, 1.9730469037400373, 1.8990214592274677, 0.057896995708153626, 0.49171091354996954, 1.1178255671367259]",11.555229443422574,0.6744999999999999,30.38053573364255,0.0,97.46256192519925,9.0,1.0,6.0,1.0
4,"[0.6744999999999995, 0.6745000000000004, 0.0, 0.0, 0.0, 0.0, 0.0, 0.6745, 1.8303048902195593, 0.0]",0.38538048902195593,0.0,0.5683032225822421,0.0,1.8303048902195593,10.0,7.0,1.0,0.17
5,"[0.4372166123778495, 5.98188490770901, 0.0, 1.389279587404995, 0.6745, 0.916261158834428, 1.0331654034023916, 0.6801804783560719, 0.0, 0.6112194711133567, 0.22824162034697662, 0.6745000000000001]",1.0522041032954232,0.6745000000000001,1.5363321095913016,0.0,5.98188490770901,12.0,2.0,4.0,0.67
