Cluster,Dist,mean,median,std,min,max,bag_count,day_count,Cluster_Rank,Cluster_perc
0,"[0.6744999999999995, 0.6745000000000004, 0.6745, 0.0, 1.9471504127605992, 0.0]",0.6617750687934332,0.6744999999999998,0.6491748647134623,0.0,1.9471504127605992,6.0,3.0,2.0,0.67
1,"[0.6745, 0.6744999999999999]",0.6744999999999999,0.6744999999999999,7.850462293418876e-17,0.6744999999999999,0.6745,2.0,1.0,3.0,1.0
2,[0.0],0.0,0.0,0.0,0.0,0.0,1.0,1.0,1.0,0.33
