Cluster,Dist,mean,median,std,min,max,bag_count,day_count,Cluster_Rank,Cluster_perc
0,"[0.22483333333418914, 0.22483333333418914, 0.3533095238096461, 566.3551666672682, 0.1605952380956049, 1.252642857144691, 0.22483333333418914, 0.5460238095236873, 4.079119047623571, 0.032119047618436314, 0.8029761904763126, 1654.2915476208025, 1.3168809523815637, 0.032119047618436314, 1.05992857143065, 0.9956904761920656, 0.6745, 0.6698321799308008, 0.6718326742461693, 0.6745, 0.683168808699954, 40.33630029658901, 40.24427755808185, 0.669832179930783, 0.8993333333353302, 1.1241666666706605, 1.349, 0.22483333333533023, 439.3243333343597, 0.0, 0.6745, 0.22483333333533023, 0.44966666667066046]",83.66204634591435,0.6745,302.65210124299625,0.0,1654.2915476208025,33.0,3.0,4.0,1.0
1,"[0.5620833333298387, 0.0, 0.4496666666656682, 0.6745, 1.3489999999970046, 0.8993333333313364, 1.5738333333313363, 1.222531250000281, 0.0, 0.6745, 0.6323437500008424, 0.9695937500008424, 1.0264130434759846, 0.557195652172588, 0.7918043478258492, 0.5571956521741509, 1.8419038461534207, 0.3891346153849344, 0.3891346153849344, 0.9598653846150655]",0.7760016286922039,0.6745,0.4605859601921732,0.0,1.8419038461534207,20.0,4.0,2.0,0.5
2,"[0.5901875000016849, 0.5901875000016849, 0.7588124999983151, 1.2646875000016848, 1.4527692307713576, 0.6745000000006912, 0.6744999999993088, 0.6744999999993088, 0.6744999999988018, 1.1241666666686634, 0.3147666666653087, 3.912100000002636, 0.31476666666770503, 0.6745000000011981, 0.6745, 0.6745, 0.0, 0.0, 0.0]",0.7917865384620184,0.6744999999993088,0.8278667680458949,0.0,3.912100000002636,19.0,5.0,3.0,0.75
3,"[0.6745000000059908, 0.6744999999940092, 0.6745000000044931, 0.6744999999955069, 0.6745000000007488, 0.6744999999992511, 0.0, 0.6745000000044931, 0.6744999999955069, 0.6745000000016339, 0.6744999999983662, 0.6744999999994865, 0.6745000000005135, 0.6745000000005446, 0.6744999999994554, 0.0, 0.0, 0.0, 0.0]",0.497,0.6744999999992511,0.29701430941959683,0.0,0.6745000000059908,19.0,12.0,1.0,0.25
