Cluster,Dist,mean,median,std,min,max,bag_count,day_count,Cluster_Rank,Cluster_perc
0,"[1.3115277777777206, 9.1806944444442, 0.41219444444441844, 0.20609722222222482, 0.6745, 0.824388888888868, 0.0, 0.08703225806450678, 0.5221935483871131, 0.8268064516128868, 78.6336451612905, 0.08703225806450678, 11546.787258064547, 0.05814655172414135, 0.05814655172413167, 0.11047844827585986, 0.9012715517241378, 10.030280172413827, 0.4477284482758623, 10.303568965517275, 10.396603448275894]",555.8028378408417,0.6745,2457.715070880982,0.0,11546.787258064547,21.0,3.0,8.0,1.0
1,"[0.21556185567010402, 1.133438144329896, 0.21556185567010402, 24.692262886598105, 0.8804541984732785, 18.108522900763525, 0.4685458015267214, 0.4685458015267214, 0.34079999999999666, 13.056899999999954, 0.34079999999999666, 1.0082000000000033]",5.077466120379866,0.6745,8.178130295597363,0.21556185567010402,24.692262886598105,12.0,3.0,5.0,0.62
2,"[2.113433333333131, 0.4047000000000075, 0.9442999999999925, 0.40469999999993256, 0.662844760312151, 0.6966825529542915, 0.6861552396878489, 0.662844760312151, 0.21921249999996348, 0.0, 0.6745, 1.6019374999998734, 1.096062499999986]",0.7821056266614869,0.6745,0.5434484230837031,0.0,2.113433333333131,13.0,3.0,4.0,0.5
3,"[0.008005934718101697, 1.7763167655786407, 0.1300964391691388, 0.1100816023738854, 1.687250741839768, 1.8033367952522315, 1.9154198813056453, 0.09206824925815868, 0.06805044510385692, 0.02802077151335177, 1.731283382789323, 0.020014836795250075, 1.7032626112759697, 1.7052640949554962, 365.25676112759743, 0.21916246290801167, 0.7095259643916918, 1.819348664688435, 0.6394740356083082, 0.008005934718100028]",19.071537537092038,0.6745,79.42420093828258,0.008005934718100028,365.25676112759743,20.0,1.0,7.0,0.88
4,"[0.6745, 31.566599999999543, 0.0, 2.23230393996247, 0.6745, 0.0, 0.0, 93.4441923077026, 0.6745]",14.362955138629397,0.6745,29.585967057224803,0.0,93.4441923077026,9.0,3.0,6.0,0.75
5,"[0.6745, 0.6745, 0.6745, 0.6745]",0.6745,0.6745,0.0,0.6745,0.6745,4.0,2.0,3.0,0.38
6,"[0.0, 0.674499999999975, 0.6745000000000249, 0.0, 0.0]",0.26979999999999993,0.0,0.3304361663014507,0.0,0.6745000000000249,5.0,4.0,1.0,0.12
7,"[0.6891630434782617, 0.6554380434782617, 0.6781657608695648, 0.6708342391304352, 0.7192222826086956, 0.650305978260871, 0.6503059782608698, 0.678165760869566]",0.6739501358695658,0.6745,0.021757302141476614,0.6503059782608698,0.7192222826086956,8.0,1.0,2.0,0.25
