Cluster,Dist,mean,median,std,min,max,bag_count,day_count,Cluster_Rank,Cluster_perc
0,"[0.0, 0.0, 0.0]",0.0,0.0,0.0,0.0,0.0,3.0,3.0,1.5,0.5
1,"[0.24699999999997682, 0.24699999999997682, 11869.870000000194, 1.1020000000000232]",2967.8665000000487,0.6745,5139.574128904954,0.24699999999997682,11869.870000000194,4.0,1.0,3.0,1.0
2,[0.0],0.0,0.0,0.0,0.0,0.0,1.0,1.0,1.5,0.5
