Cluster,Dist,mean,median,std,min,max,bag_count,day_count,Cluster_Rank,Cluster_perc
0,"[0.0, 0.0, 0.0, 0.0, 0.6744999999991014, 0.6745000000008986, 0.0, 0.0, 0.674499999999985, 0.674500000000015]",0.26980000000000004,0.0,0.33043616630145073,0.0,0.6745000000008986,10.0,8.0,1.0,0.33
1,"[0.0, 99.15150000001123, 0.6745, 0.0, 0.6745, 288.5173750000303, 0.6745, 39.63811666667101, 0.0]",47.703387962968065,0.6745,90.77770269821032,0.0,288.5173750000303,9.0,3.0,3.0,1.0
2,"[0.6745, 0.6745, 0.6745, 0.6745]",0.6745,0.6745,0.0,0.6745,0.6745,4.0,2.0,2.0,0.67
