Cluster,Dist,mean,median,std,min,max,bag_count,day_count,Cluster_Rank,Cluster_perc
0,"[0.0, 0.0, 0.0]",0.0,0.0,0.0,0.0,0.0,3.0,3.0,1.0,0.33
1,"[0.5901874999994383, 99.74168750001179, 0.7588124999994383, 0.5901875000005616]",25.42021875000281,0.6745,42.909575210955246,0.5901874999994383,99.74168750001179,4.0,1.0,2.0,0.67
2,"[0.505875, 0.0, 325.6148750000359, 0.33725, 0.6745, 100.33187500001124, 1.01175]",61.21087500000674,0.6745,113.30488683814401,0.0,325.6148750000359,7.0,1.0,3.0,1.0
