Cluster,Dist,mean,median,std,min,max,bag_count,day_count,Cluster_Rank,Cluster_perc
0,"[0.6745, 0.6745, 0.0, 3.8002317073172027, 0.6745]",1.1647463414634405,0.6745,1.343386882438315,0.0,3.8002317073172027,5.0,2.0,2.0,0.67
1,"[0.0, 0.0, 0.0, 0.6744999999999921, 0.6745000000000078, 0.0, 0.6744999999999931, 0.6745000000000069]",0.33725,0.33724999999999605,0.33725,0.0,0.6745000000000078,8.0,6.0,1.0,0.33
2,"[1.5130675675675793, 0.4101689189189031, 0.7291891891891982, 0.6198108108108018, 0.4101689189189334, 3.3269256756756653]",1.1682218468468468,0.6745,1.0345460851436148,0.4101689189189031,3.3269256756756653,6.0,1.0,3.0,1.0
