Cluster,Dist,mean,median,std,min,max,bag_count,day_count,Cluster_Rank,Cluster_perc
0,"[0.34260317460318307, 1.3704126984127323, 1.3704126984127323, 0.0, 0.0, 0.8350952380952432, 0.29977777777778963, 0.2569523809523962, 38.69274603174724, 38.735571428572634, 0.08565079365078686, 0.5139047619047568, 38.69274603174724, 38.62850793650913, 0.6707693584070806, 0.6662925884955762, 1.116207964601771, 0.6715154867256646, 0.6692771017699126, 0.6700232300884967, 0.6692771017699126, 0.7080757743362825, 0.667784845132744, 1.1072544247787615, 0.6998683628318575, 1.0968086283185843, 0.7200138274336276, 0.6722616150442486, 0.6730077433628326, 0.6871841814159284, 0.6759922566371673, 0.6812151548672566, 0.6715154867256646, 0.6662925884955755, 0.7334441371681407, 1.093077986725663, 0.22884821428569388, 0.9274374999999975, 0.22884821428569388, 0.614276785714271, 13.02025892857167, 0.6383660714285546, 0.42156250000004264, 0.7106339285714454, 0.4456517857143262, 44.28815178571523, 12.779366071428836, 0.228848214285734, 0.734723214285729, 44.264062500000946, 0.7066190476190437, 0.6745, 0.6423809523809562, 7.981583333333267, 0.0, 0.20877380952381144, 0.0, 1.0920476190475963, 0.8350952380952458]",5.223450449352655,0.6745,12.156564779492104,0.0,44.28815178571523,59.0,4.0,3.0,1.0
1,"[0.0, 0.0, 1.8678461538460873, 0.6745, 0.0, 0.0, 0.6744999999999854, 0.6745000000000145, 0.6745000000000023, 0.6744999999999977, 0.0, 0.0, 0.6744999999999979, 0.6745000000000021]",0.4706675824175776,0.6744999999999916,0.5051244104528195,0.0,1.8678461538460873,14.0,9.0,1.0,0.33
2,"[0.6745, 0.6745]",0.6745,0.6745,0.0,0.6745,0.6745,2.0,1.0,2.0,0.67
