Cluster,Dist,mean,median,std,min,max,bag_count,day_count,Cluster_Rank,Cluster_perc
0,"[0.0, 0.0]",0.0,0.0,0.0,0.0,0.0,2.0,2.0,1.5,0.5
1,"[1.1402261904761886, 0.22483333333333333, 1.0117499999999866, 0.20877380952381144, 29.742238095237845, 1.0278095238095084, 0.14453571428572384, 0.8029761904761753, 29.677999999999734, 0.4657261904761886, 0.6102619047618856, 0.7869166666666533, 0.3693690476190304, 0.4817857142857105, 0.0, 0.28907142857142093, 1.1562857142857106, 0.17665476190476762, 0.016059523809521897, 29.902833333333067, 1.3329404761904513, 0.9314523809523771, 29.806476190475934, 1.782607142857118, 0.1124166666666533, 0.17665476190476762, 0.49784523809523235, 29.838595238094975, 29.822535714285454, 0.1927142857142895, 1.2526428571428418, 0.8029761904761753, 0.4817857142857105, 0.9314523809523771, 0.160595238095219, 0.16059523809524573, 0.28907142857142093, 0.8672142857142627, 0.9314523809523771, 0.03211904761904379, 0.0481785714285657, 0.56208333333332, 0.016059523809521897, 0.6745, 1.108107142857118, 1.2526428571428418, 29.8546547619045]",4.939499493414342,0.6745,10.410958580279994,0.0,29.902833333333067,47.0,1.0,3.0,1.0
2,[0.0],0.0,0.0,0.0,0.0,0.0,1.0,1.0,1.5,0.5
