Cluster,Dist,mean,median,std,min,max,bag_count,day_count,Cluster_Rank,Cluster_perc
0,"[0.0, 0.0, 0.6745000000000441, 0.6744999999999559, 0.0, 0.0]",0.22483333333333333,0.0,0.3179623492735508,0.0,0.6745000000000441,6.0,5.0,1.0,0.33
1,"[0.6745, 0.6745, 0.6745, 0.6745]",0.6745,0.6745,0.0,0.6745,0.6745,4.0,2.0,2.0,0.67
2,"[2.3232777777780274, 0.0, 0.6745]",0.9992592592593424,0.6745,0.9758778408985797,0.0,2.3232777777780274,3.0,1.0,3.0,1.0
