Cluster,Dist,mean,median,std,min,max,bag_count,day_count,Cluster_Rank,Cluster_perc
0,"[0.3686885593220666, 2.803747881355705, 0.3686885593219905, 0.9803114406779334, 0.6745, 0.0, 2.05741340782125]",1.0361928354998493,0.6745,0.9461128175536149,0.0,2.803747881355705,7.0,2.0,3.0,0.75
1,"[0.0, 0.0, 0.0, 0.0, 0.0, 0.0, 0.0]",0.0,0.0,0.0,0.0,0.0,7.0,7.0,1.0,0.25
2,"[0.0, 0.6745, 1.1951092233010463, 0.6122888349514821, 0.4289296116504795, 367.98231553399734, 1.0182985436893637]",53.130205963941386,0.6745,128.53833896758775,0.0,367.98231553399734,7.0,1.0,4.0,1.0
3,"[0.6745, 0.6745, 0.6745, 0.6744999999999999]",0.6744999999999999,0.6745,9.614813431917819e-17,0.6744999999999999,0.6745,4.0,2.0,2.0,0.5
