Cluster,Dist,mean,median,std,min,max,bag_count,day_count,Cluster_Rank,Cluster_perc
0,"[0.0, 1.2365833333332554, 0.6744999999999999, 0.0, 0.0, 0.0, 1.1674038461538694, 0.0, 0.6745, 0.0]",0.3752987179487125,0.0,0.4892217598751061,0.0,1.2365833333332554,10.0,6.0,2.0,0.67
1,"[0.6745, 0.6745]",0.6745,0.6745,0.0,0.6745,0.6745,2.0,1.0,3.0,1.0
2,[0.0],0.0,0.0,0.0,0.0,0.0,1.0,1.0,1.0,0.33
