Cluster,Dist,mean,median,std,min,max,bag_count,day_count,Cluster_Rank,Cluster_perc
0,"[0.0, 0.0]",0.0,0.0,0.0,0.0,0.0,2.0,2.0,1.0,0.33
1,"[0.3997976966137456, 0.9492023033862528, 0.3997976966137473, 1.5070250068826294]",0.8139556758740938,0.6745000000000001,0.45871843526504913,0.3997976966137456,1.5070250068826294,4.0,1.0,2.0,0.67
2,"[0.4141071171818836, 0.9348928828181163, 0.41410711718188326, 3.556366381282267]",1.3298683746160376,0.6745,1.3029328814298597,0.41410711718188326,3.556366381282267,4.0,1.0,3.0,1.0
