Cluster,Dist,mean,median,std,min,max,bag_count,day_count,Cluster_Rank,Cluster_perc
0,"[0.6745, 0.6744999999999999, 1.0117499999910138, 0.0, 0.6745, 0.0, 1.3489999999910138, 0.0, 2.698000000053917, 0.6745]",0.7756750000035945,0.6745,0.7697874386116432,0.0,2.698000000053917,10.0,3.0,2.0,0.67
1,"[0.056208333332085254, 0.0, 0.0, 2.0234999999970045, 1.9672916666634217, 1.7986666666641704, 0.5058749999977534, 0.8993333333313364, 0.28104166666641706, 0.6745, 102.74883333311567, 0.5058749999994384, 0.0, 0.0, 0.08431249999803428, 0.2529375000008425, 13.15274999995844, 13597.414124956205, 13592.861249956222, 13591.090687456228, 0.16862500000056163, 0.6745, 1.2646874999974727, 0.2529375000008425, 0.4215624999991575, 1.096062499996911, 0.0, 0.08431249999803428, 0.4215624999991575, 5554.33887498211, 5545.65468748214, 5544.4743124821425, 149.9919374995156, 0.6745]",1697.2304632298315,0.6745,4017.6544167626,0.0,13597.414124956205,34.0,2.0,3.0,1.0
2,"[0.0, 0.0, 0.6745, 0.0, 1.1241666666706605, 0.0, 0.0, 0.0]",0.22483333333383254,0.0,0.4053240558845178,0.0,1.1241666666706605,8.0,6.0,1.0,0.33
