Cluster,Dist,mean,median,std,min,max,bag_count,day_count,Cluster_Rank,Cluster_perc
0,"[0.0, 0.0, 0.0, 0.0, 0.0, 0.0, 0.0, 1.2876818181817253, 0.6745, 0.0, 0.0, 0.0]",0.16351515151514376,0.0,0.3864613238060989,0.0,1.2876818181817253,12.0,10.0,1.0,0.33
1,"[0.6745, 0.6745, 0.6745, 0.6745, 0.3372499999999438, 1.0454749999999382, 0.33725000000005617, 1.011749999999944, 0.6745, 0.6745]",0.6778724999999882,0.6745,0.21879702935881398,0.3372499999999438,1.0454749999999382,10.0,4.0,2.0,0.67
2,"[17.18464925373153, 0.0, 0.6745]",5.953049751243842,0.6745,7.946712448164177,0.0,17.18464925373153,3.0,1.0,3.0,1.0
