Cluster,Dist,mean,median,std,min,max,bag_count,day_count,Cluster_Rank,Cluster_perc
0,"[12.60341494845382, 0.03824484536083271, 13.03453865979403, 0.03824484536083271, 1.1091005154639286, 0.2398994845360714, 26.513590425532012, 0.5955691489361548, 0.7534308510638452, 0.06457978723403568, 0.8969414893617024, 0.06457978723403568, 0.0, 0.12567930711610567, 0.6745, 1.087536516853931, 1.0932205056179762, 1.0515379213483138, 0.10420646067415734, 0.11683754681647804, 1.0843787453183509, 0.600726562500039, 0.600726562500039, 37.002648437502145, 0.7482734374999611]",4.0096962716831515,0.6745,8.963107288517827,0.0,37.002648437502145,25.0,4.0,3.0,0.6
1,"[0.0, 0.0, 0.0, 0.0, 0.6744999999999888, 0.6745000000000113, 0.0]",0.19271428571428575,0.0,0.30470804025479603,0.0,0.6745000000000113,7.0,6.0,1.0,0.2
2,"[314.480515151522, 8.937125000000188, 8.972893939394124, 9.126189393939583, 0.2810416666666759, 0.3730189393939575, 0.0, 9.018882575757766, 0.10219696969697768, 0.1226363636363528, 0.0613181818181764, 9.064871212121407, 9.11085984848504, 0.6745, 0.5314242424242636, 1.0297709923663931, 1.2254274809160604, 0.9061984732824363, 0.3707175572519393, 0.10297709923666505, 18.824213740458195, 18.474091603053612, 18.875702290076507, 18.89629770992385, 0.9370916030534256, 0.5663740458015034, 0.3604198473282248, 0.041190839694635155, 0.2677404580152914, 0.5457786259541945, 18.813916030534532, 0.05148854961834967, 0.041190839694635155, 0.32952671755723556, 18.741832061068887, 0.27803816793892017, 0.4633969465648726, 0.08238167938932175, 0.7826259541984966, 5.313618320610729, 19.21552671755744]",12.59500019112202,0.6745,48.23800946960301,0.0,314.480515151522,41.0,2.0,4.0,0.8
3,"[0.6745, 0.0, 37.33555882352995, 0.6745, 53.960000000005614, 0.0, 0.0, 93.18476923077951, 0.6745, 0.0, 74.61656250000044, 0.6745, 0.6745, 0.0, 15.611125000000017]",18.53870103695437,0.6745,30.163320552759664,0.0,93.18476923077951,15.0,5.0,5.0,1.0
4,"[0.6745, 0.6745, 0.6745, 0.6745]",0.6745,0.6745,0.0,0.6745,0.6745,4.0,2.0,2.0,0.4
