Cluster,Dist,mean,median,std,min,max,bag_count,day_count,Cluster_Rank,Cluster_perc
0,"[35.41125000000062, 1.4052083333333594, 0.4684027777777968, 0.13115277777776566, 0.7681805555555781, 0.0, 0.6745, 0.03747222222221875, 1.1803750000000157, 0.5620833333333437, 1.630041666666672, 5.291336206896525, 0.6745, 0.43028448275861003, 0.6512413793103474, 0.8256810344827605, 0.25584482758619687, 0.37213793103447873, 1.6048448275861968, 0.8024224137931082, 21.29326724137921, 0.7559051724137837, 0.41865517241378375, 6.279827586206872, 0.0, 1.1629310344827606, 22.828336206896445, 0.40702586206895747, 0.5698362068965444, 0.046517241379305]",3.564642049808442,0.6745,8.021038865520383,0.0,35.41125000000062,30.0,2.0,2.0,0.4
1,"[15.300930303030292, 15.268227272727252, 0.2657121212121189, 15.039306060606052, 0.8216636363636405, 0.4292272727272659, 0.2657121212121189, 0.5273363636363595, 0.26979999999997006, 87.05546666666659, 24.59676666666663, 1.0342333333332934, 0.5845666666666767, 0.0, 0.6745, 21.06925000000001, 0.7100000000000108, 0.0, 0.6745, 0.21299999999999145]",9.240009924242413,0.6745,19.516215012832486,0.0,87.05546666666659,20.0,3.0,4.0,0.8
2,"[0.674499999999983, 0.674500000000017, 0.0, 0.0, 0.6744999999998978, 0.6745000000001021, 0.6745000000000111, 0.674499999999989]",0.5058750000000001,0.674499999999986,0.29206706742630195,0.0,0.6745000000001021,8.0,5.0,1.0,0.2
3,"[0.6745, 0.6349317871759889, 1.0370552523874468, 1.144717598908593, 0.0, 33.72499999999926, 0.0, 0.6745, 0.6745, 0.0, 26.588789999999374, 0.0, 0.6745, 10.834536036036091, 14.839000000001683, 0.0, 0.6745, 0.0, 0.6745000000000001, 11.864455000000127, 0.0, 0.6745, 0.7307083333333763]",4.613943217732258,0.6745,8.943203622132533,0.0,33.72499999999926,23.0,7.0,3.0,0.6
4,"[0.7166562499999942, 0.632343749999959, 12100.122489582987, 0.6323437500000058, 7920.380488094855, 0.6584404761904787, 0.6905595238095212, 0.6584404761904252, 5.162173333333329, 0.0, 0.5216133333333354, 16.331893333333316, 0.6745, 11.053292792792847, 0.6745, 0.6198108108108166, 0.0, 11.211283783783841]",1115.0411571828565,0.6745,3221.1646852381273,0.0,12100.122489582987,18.0,4.0,5.0,1.0
