Cluster,Dist,mean,median,std,min,max,bag_count,day_count,Cluster_Rank,Cluster_perc
0,"[0.6745, 0.6745, 0.6745, 0.6745, 2.1078124999994383, 0.42156249999943834, 1.2646875000005617, 0.08431250000056163, 1.2646875000005617, 0.25293750000056164, 0.08431249999943836, 2.9509374999994384, 0.7588125000005617, 0.5901874999994383, 2.0235, 1.349, 1.01175, 0.6745, 0.0, 0.6745, 0.168625, 0.505875, 0.0, 0.6745, 1.517625, 0.843125, 1.2141000000008986, 0.4047000000008986, 0.9442999999991013, 0.4046999999991014, 0.0, 0.6745, 2.248333333333333]",0.8427843434343435,0.6745,0.6900740598887003,0.0,2.9509374999994384,33.0,7.0,2.0,0.67
1,"[0.6745, 0.0, 0.6745, 0.6745, 0.0, 2.0235, 1.349, 2.698, 62.728500000008985, 8.7685, 0.0, 0.5901874999994383, 1.6019374999994385, 0.9274375000005616, 0.42156249999943834, 0.42156249999943834, 8772.125437500968, 0.7588125000005617, 0.4215625000005616, 1.5738333333333334, 0.0, 0.6745, 0.0, 0.2248333333333333, 43551.56566667147, 0.6745, 0.6745, 0.505875, 2732.7367500003, 0.6745, 0.6745, 0.6745, 0.0, 0.168625, 0.6745, 0.168625, 3.203875, 0.843125, 45.02287500000449, 0.6745, 1.8548749999999998, 0.505875, 0.168625, 0.8993333333333332, 133.77583333334832, 2.248333333333333, 0.6745, 0.0, 0.2248333333333333, 0.2248333333333333, 0.7194666666666666, 0.6295333333333334, 0.17986666666666665, 13.669866666668463, 0.7194666666666666, 0.17986666666666665]",988.4811552084423,0.6745,5865.248377043675,0.0,43551.56566667147,56.0,7.0,3.0,1.0
2,"[0.6745000000004993, 0.6744999999995008, 0.0, 0.0, 0.6745000000000277, 0.6744999999999722, 0.0, 0.0, 0.6744999999999813, 0.6745000000000185]",0.40470000000000006,0.6744999999997365,0.33043616630145073,0.0,0.6745000000004993,10.0,7.0,1.0,0.33
