Cluster,Dist,mean,median,std,min,max,bag_count,day_count,Cluster_Rank,Cluster_perc
0,"[0.6744999999999998, 0.6745000000000002, 0.0]",0.44966666666666666,0.6744999999999998,0.3179623492735509,0.0,0.6745000000000002,3.0,2.0,2.0,0.67
1,"[1.2353118912975183, 0.07960639857576704, 1.0511293852759451, 0.07960639857576704, 0.5265182741648341, 0.8224817258351658, 0.6745, 0.9574964409192595, 0.0]",0.6029611682938063,0.6745,0.43422096823101436,0.0,1.2353118912975183,9.0,2.0,3.0,1.0
2,[0.0],0.0,0.0,0.0,0.0,0.0,1.0,1.0,1.0,0.33
