Cluster,Dist,mean,median,std,min,max,bag_count,day_count,Cluster_Rank,Cluster_perc
0,"[0.13626262626262156, 14.035050505050396, 0.0, 14.137247474747364, 0.6745, 14.007797979797873, 0.4019747474747455, 14.041863636363527, 0.43604040404039807, 0.6731928294573641, 0.6731928294573637, 0.6731928294573641, 1.0411613372093012, 0.6784215116279058, 0.6758071705426358, 0.06813709677419366, 2.3389919354838704, 2.3344112903225804, 0.6716370967741939, 0.1299758064516119, 2.337846774193548, 0.002862903225806136, 0.6773629032258061, 2.3275403225806452, 0.002862903225806136, 0.06012096774193457, 2.3344112903225804]",2.7989580434004235,0.6745,4.757403351596424,0.0,14.137247474747364,27.0,3.0,2.0,0.67
1,"[0.0, 0.6744999999999732, 0.6745000000000267, 0.0]",0.33725,0.3372499999999866,0.33725,0.0,0.6745000000000267,4.0,3.0,1.0,0.33
2,"[13.914935000000149, 13.921680000000148, 0.1281549999999984, 13.921680000000148, 0.3844649999999953, 13.948660000000144, 0.4923849999999957, 13.908190000000143, 0.0, 13.921680000000148, 0.6745000000000001, 13.901445000000145, 13.935170000000147, 0.01348999999999865, 13.941915000000145, 13.914935000000149, 1.0589650000000066, 0.020234999999997977, 0.0, 13.914935000000149, 0.37771999999999595, 0.0539599999999946, 13.941915000000145, 0.43842500000000106, 13.914935000000149, 0.6745000000000001, 13.914935000000149, 0.24956499999999754, 13.908190000000143, 0.4047000000000045, 13.921680000000148, 0.6137950000000061, 13.928425000000146, 0.4047000000000045, 13.887955000000144, 0.4586599999999991, 13.935170000000147, 0.06070499999999393, 13.941915000000145, 0.8633600000000036, 13.928425000000146, 0.08093999999999191, 13.955405000000145, 0.11466499999999978, 13.921680000000148, 0.03372500000000786, 0.37771999999999595, 13.941915000000145, 0.006744999999999325, 3.817670000000034, 13.921680000000148, 0.04721499999999528, 0.13489999999999774, 0.41144500000000384, 0.22932999999999956, 0.5396000000000022, 13.921680000000148, 0.08093999999999191, 13.914935000000149, 0.0539599999999946, 13.948660000000144, 0.14839000000000763, 13.948660000000144, 0.357484999999998, 0.14164499999999708]",6.427569923076989,0.6745000000000001,6.746335883785119,0.0,13.955405000000145,65.0,1.0,3.0,1.0
