Cluster,Dist,mean,median,std,min,max,bag_count,day_count,Cluster_Rank,Cluster_perc
0,"[90.21437500001011, 0.6745, 0.0, 0.6582202413603869, 0.7174193636862266, 0.6582202413603968, 0.6907797586396032, 0.0, 59.95949999998536, 0.6745, 0.6745, 16.159895833335018, 0.0]",13.160146956798236,0.6745,27.381461264816924,0.0,90.21437500001011,13.0,4.0,4.0,1.0
1,"[0.0, 0.0, 0.0, 0.6744999999998573, 0.6745000000001427, 0.0, 0.0, 0.0, 0.6745000000000053, 0.6744999999999948, 0.6745000000000052, 0.6744999999999947, 0.0, 0.0, 0.0, 0.674499999999983, 0.6745000000000169, 0.6745000000001057, 0.6744999999998942]",0.355,0.6744999999998573,0.3367825708079324,0.0,0.6745000000001427,19.0,14.0,1.0,0.25
2,"[30.413032051274946, 0.6485576923074132, 0.6485576923076435, 0.7004423076923565, 0.2623055555559161, 0.26230555555491764, 1.0866944444440838, 40.43252777772167, 25.089994791665944, 0.04918229166680025, 0.9063593750001082, 0.04918229166661304, 0.44264062499989176, 5.487338541666514]",7.605651499537487,0.6745,13.129003063984444,0.04918229166661304,40.43252777772167,14.0,3.0,2.0,0.5
3,"[27.23097674418475, 0.6745, 0.5960697674417681, 0.0, 25.113360465115207, 0.23529069767448665, 0.7686162790697528]",7.802687707640851,0.6745,11.634246259377502,0.0,27.23097674418475,7.0,1.0,3.0,0.75
