Cluster,Dist,mean,median,std,min,max,bag_count,day_count,Cluster_Rank,Cluster_perc
0,"[0.0, 0.0]",0.0,0.0,0.0,0.0,0.0,2.0,2.0,1.0,0.33
1,"[0.6745, 0.6745]",0.6745,0.6745,0.0,0.6745,0.6745,2.0,1.0,2.0,0.67
2,"[0.5995555555568868, 0.5995555555568868, 284.639000000663, 0.7494444444431132]",71.64688888905496,0.6745,122.97106791046296,0.5995555555568868,284.639000000663,4.0,1.0,3.0,1.0
