Cluster,Dist,mean,median,std,min,max,bag_count,day_count,Cluster_Rank,Cluster_perc
0,"[0.0, 0.6745, 0.6847196969696959, 1.4164499999999924, 0.9330583333333794, 0.6745, 0.9330583333333794, 0.0, 0.29228333333330087, 0.15738333333331586, 0.13955172413789899, 0.41865517241369693, 1.2559655172414006, 1.9072068965515958, 0.8373103448277037, 0.5116896551722963, 1.3955172413789898, 0.13955172413789899, 0.7194666666669661, 0.0, 0.6745, 0.6745, 2.5631000000008983, 0.0]",0.708456998868017,0.6745,0.6300496673927407,0.0,2.5631000000008983,24.0,5.0,4.0,0.67
1,"[2.0821521739132387, 0.6745, 0.0, 0.8504565217391303, 0.17595652173913043, 0.6423809523808505, 0.6745, 1.0599285714285103, 1.365059523809414, 0.0, 1.071264705882143, 1.5473823529408732, 0.7935294117648147, 0.5554705882351854, 0.15870588235291008, 0.15870588235291008]",0.7381245680336944,0.6745,0.570764307831914,0.0,2.0821521739132387,16.0,3.0,6.0,1.0
2,"[1.3389328358209636, 0.0704701492537914, 1.3389328358209636, 0.030201492537377493, 0.8959776119402765, 1.1979925373133806, 0.7751716417910348, 1.9228283582089654, 0.3926194029851027, 0.6745, 0.31208208955227484, 0.5738283582089653, 0.07047014925365727, 0.5335597014925513, 0.5134253731343444, 1.097320895522346, 0.6745, 0.9966492537313113, 1.2986641791045497, 0.03020149253724337, 0.013489999999908341, 0.8228900000001599, 1.2275899999997466, 1.605309999999876, 0.5261099999998401, 0.4991300000002031, 1.4164499999999012, 0.2023500000000629, 0.9308100000001456, 0.013490000000088063, 0.06745000000008088, 0.9038299999997897]",0.7177258861940281,0.6745,0.5182520934444224,0.013489999999908341,1.9228283582089654,32.0,2.0,5.0,0.83
3,"[1.180375, 0.0, 0.6745, 0.6744999999998202, 0.6745000000001797, 0.6745000000007488, 0.6744999999992511, 1.7284062500002808, 0.0, 0.6745, 0.6744999999999297, 0.6745000000000703, 0.0]",0.6388293269230986,0.6745,0.4569916250270968,0.0,1.7284062500002808,13.0,6.0,1.0,0.17
4,"[0.6745, 0.6745, 0.6745, 0.6745]",0.6745,0.6745,0.0,0.6745,0.6745,4.0,2.0,2.0,0.33
5,"[0.6198108108108108, 0.07291891891891891, 0.9479459459460674, 1.640675675675797, 0.9844054054055269, 0.05468918918918919, 0.6745, 0.9297162162163377, 0.0, 0.6198108108109323, 1.1849324324325539]",0.7026732186732848,0.6745,0.4888067416406378,0.0,1.640675675675797,11.0,1.0,3.0,0.5
