Cluster,Dist,mean,median,std,min,max,bag_count,day_count,Cluster_Rank,Cluster_perc
0,"[0.0, 0.0, 0.0, 0.0, 0.6745000000000012, 0.6744999999999987, 0.0, 0.0, 0.0]",0.14988888888888885,0.0,0.2804164341532248,0.0,0.6745000000000012,9.0,8.0,1.0,0.33
1,"[0.6745, 61.31205000000674, 0.0]",20.66218333333558,0.6745,28.745115325055462,0.0,61.31205000000674,3.0,1.0,3.0,1.0
2,"[0.061318181818172536, 0.9299924242423856, 17.84359090909015, 0.0, 0.6745]",3.901880303030141,0.6745,6.979885143949883,0.0,17.84359090909015,5.0,1.0,2.0,0.67
