Cluster,Dist,mean,median,std,min,max,bag_count,day_count,Cluster_Rank,Cluster_perc
0,"[0.0, 0.0, 0.0, 0.0, 0.0, 0.0, 0.0]",0.0,0.0,0.0,0.0,0.0,7.0,7.0,1.0,0.17
1,"[0.6745, 0.6745, 1.349, 0.0, 1.349, 0.0, 1.2141, 1.2141, 0.6745, 0.4047, 0.6745, 0.4047, 0.6745, 0.6745, 0.6745, 0.6745, 0.6745, 0.6745, 0.6745, 0.6745]",0.7014799999999999,0.6745,0.3558906427542034,0.0,1.349,20.0,7.0,3.0,0.5
2,"[2.698, 0.6745, 0.6745, 2.698, 0.0, 0.8993333333333332, 0.6745, 0.8993333333333332, 0.0, 0.6745]",0.9892666666666667,0.6745,0.9060532275264577,0.0,2.698,10.0,2.0,4.0,0.67
3,"[0.6745, 0.0, 58.2093500000064, 1.01175, 0.6745, 0.0]",10.095016666667734,0.6745,21.520555278554617,0.0,58.2093500000064,6.0,2.0,5.0,0.83
4,"[0.6698801369862993, 0.7222385844748832, 0.6791198630136981, 0.6698801369863018]",0.6852796803652956,0.6744999999999999,0.02166907828767662,0.6698801369862993,0.7222385844748832,4.0,1.0,2.0,0.33
5,"[0.843125, 0.6745, 0.6745, 0.0, 0.843125, 0.0, 0.6745, 0.843125, 298.8035000000331, 0.505875, 0.0, 5.396, 0.0, 0.6745, 399.97850000004496, 0.0, 289.866375000032, 0.6745, 0.168625, 1.01175]",50.0816250000055,0.6745,118.98745654603829,0.0,399.97850000004496,20.0,4.0,6.0,1.0
