Cluster,Dist,mean,median,std,min,max,bag_count,day_count,Cluster_Rank,Cluster_perc
0,"[0.0, 0.0, 0.0, 0.0, 0.6745, 1.8307857142857142, 0.0, 0.0, 0.0, 0.0]",0.25052857142857143,0.0,0.563833391225834,0.0,1.8307857142857142,10.0,8.0,2.0,0.67
1,"[0.19672916666685386, 108.34156250001179, 4.01889583333427, 1.152270833333146, 0.14052083333352053, 0.1405208333331461]",18.99841666666879,0.6744999999999999,39.97877060863797,0.1405208333331461,108.34156250001179,6.0,1.0,3.0,1.0
2,[0.0],0.0,0.0,0.0,0.0,0.0,1.0,1.0,1.0,0.33
