Cluster,Dist,mean,median,std,min,max,bag_count,day_count,Cluster_Rank,Cluster_perc
0,"[0.0, 0.6744999999999993, 0.6745000000000007, 0.6745000000000007, 0.6744999999999993, 0.0, 0.674500000000017, 0.674499999999983, 0.6745000000000007, 0.6744999999999993]",0.5396000000000001,0.6744999999999993,0.2698,0.0,0.674500000000017,10.0,6.0,1.0,0.33
1,"[0.5321055555555563, 0.5321055555555563, 25.278761111111617, 0.8168944444444437]",6.7899666666667935,0.6745,10.675143595670445,0.5321055555555563,25.278761111111617,4.0,1.0,3.0,1.0
2,"[0.6745, 0.6745]",0.6745,0.6745,0.0,0.6745,0.6745,2.0,1.0,2.0,0.67
