Cluster,Dist,mean,median,std,min,max,bag_count,day_count,Cluster_Rank,Cluster_perc
0,"[0.0, 0.6744999999994554, 0.6745000000005446]",0.44966666666666666,0.6744999999994554,0.3179623492735509,0.0,0.6745000000005446,3.0,2.0,1.0,0.33
1,"[1.710339285714767, 1.3249107142861956, 0.024089285713804313, 0.024089285713804313]",0.7708571428571427,0.6745,0.7590992230411234,0.024089285713804313,1.710339285714767,4.0,1.0,2.0,0.67
2,"[3569.4180266648405, 0.0, 0.6745]",1190.0308422216135,0.6745,1682.480835721874,0.0,3569.4180266648405,3.0,1.0,3.0,1.0
