Cluster,Dist,mean,median,std,min,max,bag_count,day_count,Cluster_Rank,Cluster_perc
0,"[0.6745, 0.0, 2.6980000000002646, 1.6664117647061467, 0.0, 0.1124166666665169, 2.8553833333337826, 0.11241666666681643, 1.2365833333331837, 0.9274374999999473, 0.0, 0.6745]",0.9131374387255549,0.6745,0.9801343673351661,0.0,2.8553833333337826,12.0,3.0,3.0,0.75
1,"[0.0, 0.0, 0.0, 0.6744999999999511, 0.6745000000000488, 0.0, 0.0, 0.674499999999855, 0.6745000000001449, 0.0, 0.0]",0.24527272727272728,0.0,0.32446531987510296,0.0,0.6745000000001449,11.0,9.0,1.0,0.25
2,"[1.329728571428531, 1.9335666666666353, 0.6616523809523397, 0.6873476190476602, 25.971461904761476, 0.019271428571383337, 0.019271428571468917, 0.558871428571486]",3.897646428571372,0.6744999999999999,8.364462182453627,0.019271428571383337,25.971461904761476,8.0,1.0,4.0,1.0
3,"[0.9635714285714285, 0.3854285714285714, 1.1562857142857144, 0.3854285714285714, 0.6745, 0.6745]",0.7066190476190476,0.6745,0.2818434990140946,0.3854285714285714,1.1562857142857144,6.0,2.0,2.0,0.5
