Cluster,Dist,mean,median,std,min,max,bag_count,day_count,Cluster_Rank,Cluster_perc
0,"[3.2230598802395076, 3.3785583832335155, 0.6462275449101795, 3.3765389221556714, 0.5311182634730535, 0.567468562874247, 3.6128158682634557, 0.022214071856284875, 0.022214071856284875, 0.7027724550898204, 1.8529803370786457, 1.8207710674157247, 0.002841994382022153, 0.0, 1.8378230337078607, 0.6640793539325822, 0.6659740168539304, 0.6745000000000001, 0.6650266853932563, 1.6625667134831426, 1.9325561797752753]",1.326767019332117,0.6745000000000001,1.1794525240299194,0.0,3.6128158682634557,21.0,2.0,7.0,0.88
1,"[0.6745000000000219, 0.6744999999999781, 0.6744999999999922, 0.6745000000000078, 0.6745000000000214, 0.6744999999999787, 0.6744999999999852, 0.6745000000000146, 0.6745000000000011, 0.6744999999999989, 0.0, 0.6744999999999933, 0.6745000000000068]",0.6226153846153846,0.6744999999999989,0.17973357995464737,0.0,0.6745000000000219,13.0,7.0,1.0,0.12
2,"[1.1217999999999766, 0.2272000000000234, 2.48500000000007, 0.2271999999999761, 0.0, 1.4680294117647603, 0.6745, 0.09919117647057851, 2.7575147058824134]",1.0067150326797554,0.6745,0.9797624628927761,0.0,2.7575147058824134,9.0,2.0,6.0,0.75
3,"[0.890685897435892, 0.458314102564108, 0.9598653846153714, 0.4583141025640888, 0.6745, 0.6745]",0.68602991452991,0.6745,0.1918527195154185,0.4583141025640888,0.9598653846153714,6.0,2.0,3.0,0.38
4,"[32.488416666670034, 0.6745, 0.0, 2.2697460317460414, 0.6745, 0.0, 0.6745, 0.0, 3.0763780487805663, 0.0, 2.0767499999998136, 0.6745, 0.6745, 0.9752905405405741, 0.0, 0.6745, 3.1561509433961685, 0.0, 0.6745, 0.0, 139.14935000001526, 0.0, 3.903489361702005, 0.6745]",8.020482149702103,0.6745,28.07941243162594,0.0,139.14935000001526,24.0,8.0,8.0,1.0
5,"[1.1367977528090125, 0.6366067415730127, 0.7123932584269368, 0.6366067415730632]",0.7806011235955064,0.6745,0.20796460975487085,0.6366067415730127,1.1367977528090125,4.0,1.0,4.0,0.5
6,"[1.5392435897435872, 0.6745, 0.0, 0.7379145299145227, 0.29401282051282546, 0.6698482758620695, 1.1117620689655137, 0.6745, 1.028031034482749, 0.0]",0.6729812319481268,0.6745,0.4607227749561505,0.0,1.5392435897435872,10.0,2.0,2.0,0.25
7,"[2.4404636363637335, 1.066936363636381, 0.07358181818185458, 0.6745, 0.1962181818182108, 0.47828181818187093, 0.7112909090909477, 3.065909090909273, 0.0]",0.9674646464646968,0.6745,1.0167310527455502,0.0,3.065909090909273,9.0,1.0,5.0,0.62
