Cluster,Dist,mean,median,std,min,max,bag_count,day_count,Cluster_Rank,Cluster_perc
0,"[5.9861875000007485, 1098.5356666667876, 0.5620833333333333, 0.0, 0.6745, 0.7119722222222177, 0.0874351851852576, 0.6370277777777824, 0.08743518518509119, 52.04891666666598, 53.24802777777711, 0.6641230769230779, 0.010376923076922012, 0.684876923076922, 21.220807692307798, 0.010376923076922012, 21.324576923077085, 0.539599999999955, 35.799087500001065, 0.0, 0.0, 0.876849999999927, 0.8094000000000449]",56.28344905549892,0.6745,222.7976108499213,0.0,1098.5356666667876,23.0,4.0,4.0,0.8
1,"[0.605673469387755, 0.605673469387755, 2.8631836734697544, 0.7433265306122449, 0.6745, 0.6745, 0.7026441441441452, 0.6681036036036, 0.7020045045045057, 0.6770585585585582, 0.6719414414414417, 0.6681036036036042]",0.8547260832261138,0.6745,0.6066584510247,0.605673469387755,2.8631836734697544,12.0,3.0,2.0,0.4
2,"[0.34316666666662654, 24.920999999999847, 0.0, 0.4141666666666971, 0.4023333333332863, 24.64883333333321, 24.613333333333138, 1.0176666666666265, 24.329333333333167, 23.73766666666649, 0.2603333333333029, 0.6745, 24.38849999999983, 0.28399999999996683, 24.09266666666653, 1422.4376666666574, 0.4733333333333568, 0.49700000000002076, 0.650833333333336]",84.11507017543805,0.6745,315.65015869542503,0.0,1422.4376666666574,19.0,1.0,5.0,1.0
3,"[0.6745000000001797, 0.6744999999998202, 0.6745000000000021, 0.6744999999999979, 0.6744999999999979, 0.6745000000000021, 0.0, 0.6744999999999978, 0.6745000000000022]",0.5995555555555554,0.6744999999999979,0.2119748995157006,0.0,0.6745000000001797,9.0,5.0,1.0,0.2
4,"[0.0, 0.6745, 207.07149999982542, 0.7054784564393948, 0.676735558712121, 0.6384116950757573, 0.6824841382575749, 0.6626834753787849, 0.673541903409091, 0.6754580965909089, 0.6384116950757573, 0.6729031723484851, 0.7125044981060606, 0.6556574337121234, 0.6907876420454527, 0.6786517518939389, 0.6524637784090891, 0.0, 18.6457671232863, 0.6745, 0.6745, 63.92420454544213, 0.0, 0.9339230769230769, 1.6603076923076923, 0.41507692307692307, 0.41507692307692307]",11.277982577014555,0.6745,40.31819933456049,0.0,207.07149999982542,27.0,5.0,3.0,0.6
