Cluster,Dist,mean,median,std,min,max,bag_count,day_count,Cluster_Rank,Cluster_perc
0,"[0.6744999999999506, 0.6745000000000494, 0.6744999999999981, 0.6745000000000019, 0.0, 0.0, 0.0]",0.3854285714285714,0.6744999999999506,0.3337909342014879,0.0,0.6745000000000494,7.0,5.0,1.0,0.33
1,"[0.6470664316702824, 0.6968126355748373, 0.6521873644251627, 0.7743581887201748, 0.7297329175705002, 0.6470664316702824]",0.6912039949385401,0.6745,0.048043558554671094,0.6470664316702824,0.7743581887201748,6.0,1.0,2.0,0.67
2,"[23.872009803921095, 0.6745000000000001, 0.0]",8.182169934640365,0.6745000000000001,11.097808910028242,0.0,23.872009803921095,3.0,1.0,3.0,1.0
