Cluster,Dist,mean,median,std,min,max,bag_count,day_count,Cluster_Rank,Cluster_perc
0,"[0.0, 0.0, 0.0, 0.0, 0.6745000000000102, 0.6744999999999898, 0.0]",0.1927142857142857,0.0,0.304708040254796,0.0,0.6745000000000102,7.0,6.0,1.0,0.17
1,"[0.0, 0.6745, 4.336071428576196, 0.0, 0.963571428567394, 0.6745]",1.108107142857265,0.6745,1.4873061325406682,0.0,4.336071428576196,6.0,2.0,3.0,0.5
2,"[176.47810714304916, 169.636750000181, 0.3372500000038512, 8796.973535723628, 0.43360714285402524, 0.8190357142906659, 0.8190357142829635, 1.1081071428565925, 0.14453571429066583, 0.5299642857196041, 0.722678571425087, 0.5299642857119017, 0.24089285714083986, 1.1081071428565925, 0.3372500000038512, 0.048178571430221945, 0.5299642857119017, 0.24089285714083986, 0.3372499999961488, 177.05625000019128, 1.6862499999987162, 1.7826071428617276, 0.626321428574913, 0.048178571430221945, 0.8190357142829635, 176.18903571447552]",365.7531840663226,0.6745,1687.4070773704827,0.048178571430221945,8796.973535723628,26.0,1.0,5.0,0.83
3,"[0.25695238095229944, 0.25695238095058776, 0.5781428571431017, 1.2847619047632088, 0.7708571428568983, 119.54709523806973]",20.44912698412264,0.6745,44.31933051819398,0.25695238095058776,119.54709523806973,6.0,1.0,4.0,0.67
4,"[0.6745, 0.6745, 0.6745, 0.6745]",0.6745,0.6745,0.0,0.6745,0.6745,4.0,2.0,2.0,0.33
5,"[0.03747222222349803, 0.03747222222349803, 24827.18336113223, 1.311527777776502]",6207.142458338613,0.6745,10750.285640132483,0.03747222222349803,24827.18336113223,4.0,1.0,6.0,1.0
