Cluster,Dist,mean,median,std,min,max,bag_count,day_count,Cluster_Rank,Cluster_perc
0,"[0.6744999999999993, 0.6745000000000007, 0.0, 0.0, 0.0, 0.0, 0.0, 0.0]",0.168625,0.0,0.2920670674263019,0.0,0.6745000000000007,8.0,7.0,1.0,0.25
1,"[0.6745, 0.6745, 0.6745, 0.6745, 0.6745, 0.6745]",0.6745,0.6745,0.0,0.6745,0.6745,6.0,3.0,2.0,0.5
2,"[1.3230576923076958, 0.025942307692304368, 0.025942307692304368, 4.695557692307609]",1.5176249999999785,0.6745000000000001,1.9096692870180947,0.025942307692304368,4.695557692307609,4.0,1.0,3.0,0.75
3,"[37.04561538461471, 0.5396, 0.5396, 0.8093999999999999]",9.733553846153677,0.6744999999999999,15.76901076479522,0.5396,37.04561538461471,4.0,1.0,4.0,1.0
