Cluster,Dist,mean,median,std,min,max,bag_count,day_count,Cluster_Rank,Cluster_perc
0,"[0.0, 0.0]",0.0,0.0,0.0,0.0,0.0,2.0,2.0,1.0,0.33
1,"[1.9343542993630187, 1.9365023885349928, 1.829097929936266, 0.1815135350318455, 0.6745, 0.09773805732484979, 1.9343542993630187, 1.955835191082761, 1.8742078025477396, 1.922539808917153, 0.09988614649682402, 0.08592356687898425, 0.10633041401274677, 1.9987969745222602, 0.0, 0.04296178343949929, 0.42961783439490697]",1.0061270606968744,0.6745,0.8782323166050989,0.0,1.9987969745222602,17.0,1.0,3.0,1.0
2,"[0.6119939790575863, 0.6119939790575959, 0.7370060209424042, 0.7504253926701655]",0.677854842931938,0.6745000000000001,0.0660315328647702,0.6119939790575863,0.7504253926701655,4.0,1.0,2.0,0.67
