Cluster,Dist,mean,median,std,min,max,bag_count,day_count,Cluster_Rank,Cluster_perc
0,"[0.0, 0.6744999999999988, 0.6745000000000013, 0.6745, 0.6744999999999998, 0.0, 0.0, 0.0, 0.0, 0.0, 0.0]",0.24527272727272728,0.0,0.32446531987510296,0.0,0.6745000000000013,11.0,9.0,1.0,0.33
1,"[0.7907931034482626, 0.6745, 0.0, 0.0, 292.7330000000326, 0.6745]",49.14546551724681,0.6745,108.93613102625024,0.0,292.7330000000326,6.0,2.0,3.0,1.0
2,"[0.6149852941175868, 0.734014705882281, 67.19210294117742, 0.614985294117719]",17.28902205882375,0.6745,28.811598159717818,0.6149852941175868,67.19210294117742,4.0,1.0,2.0,0.67
