Cluster,Dist,mean,median,std,min,max,bag_count,day_count,Cluster_Rank,Cluster_perc
0,"[0.0, 0.6745000000004084, 0.6744999999995915, 0.0]",0.33725,0.33724999999979577,0.33725,0.0,0.6745000000004084,4.0,3.0,1.0,0.33
1,"[3798.4765073518706, 0.0, 0.6745]",1266.3836691172903,0.6745,1790.4600376843007,0.0,3798.4765073518706,3.0,1.0,3.0,1.0
2,"[0.6745, 0.6745]",0.6745,0.6745,0.0,0.6745,0.6745,2.0,1.0,2.0,0.67
