Cluster,Dist,mean,median,std,min,max,bag_count,day_count,Cluster_Rank,Cluster_perc
0,"[5.620833333334082, 0.0, 0.6745, 0.5620833333333333, 8.543666666667415, 0.9377195121952315, 0.06580487804889007, 0.9706219512196217, 0.8883658536585366, 0.03290243902449983, 0.09870731707328032, 1.7438292682927925, 0.0, 0.6745]",1.4866810394891203,0.6745,2.398473825923163,0.0,8.543666666667415,14.0,2.0,4.0,1.0
1,"[0.6745000000000494, 0.6744999999999506, 0.0, 0.0, 0.0, 0.6744999999996543, 0.6745000000003456, 0.0, 0.0, 0.0, 0.6745000000000607, 0.6744999999999393]",0.3372499999999999,0.33724999999982713,0.33725,0.0,0.6745000000003456,12.0,9.0,1.0,0.25
2,"[0.6745, 0.6745, 0.6745, 0.6745, 0.6745, 0.6745]",0.6745,0.6745,0.0,0.6745,0.6745,6.0,3.0,2.0,0.5
3,"[2.0984444444428916, 0.6745, 0.0, 3.3725, 0.0, 0.6745]",1.1366574074071487,0.6745,1.22032683228251,0.0,3.3725,6.0,2.0,3.0,0.75
