Cluster,Dist,mean,median,std,min,max,bag_count,day_count,Cluster_Rank,Cluster_perc
0,"[0.3984462709727477, 5.239460527591892, 0.4786457666569683, 0.8703542333430317, 0.3984462709727477, 3.4635584812336337, 0.6745, 0.6745]",1.5247389438463776,0.6745,1.6979248666094504,0.3984462709727477,5.239460527591892,8.0,2.0,2.0,0.67
1,"[0.0, 0.0, 0.0, 0.0, 0.0, 0.0, 0.0, 0.0, 1.4790307629204267, 0.6745, 0.0, 0.0, 0.0]",0.16565621253234053,0.0,0.4193159720955528,0.0,1.4790307629204267,13.0,11.0,1.0,0.33
2,"[0.6745, 0.25140681733975556, 7.260558910707669, 0.0, 9.102126343090033, 0.6745, 0.0, 0.8677670299727518]",2.3538573876387763,0.6745,3.408910903001308,0.0,9.102126343090033,8.0,2.0,3.0,1.0
