Cluster,Dist,mean,median,std,min,max,bag_count,day_count,Cluster_Rank,Cluster_perc
0,"[369.45737500004043, 0.6745, 0.0, 287.6067999996483, 0.6745, 0.0, 0.28615151515151516, 1.0628484848484847, 0.28615151515151516, 2.0848181818184544]",66.21331446966587,0.6745,132.43147020138446,0.0,369.45737500004043,10.0,3.0,3.0,1.0
1,"[0.0, 0.0, 0.0, 0.0, 1.289044444444644, 0.6745, 0.0, 0.0, 0.6745000000000021, 0.6744999999999979, 1.2106410256411408, 0.6745, 0.0, 0.0, 0.0, 0.0]",0.3248553418803616,0.0,0.45128929069581636,0.0,1.289044444444644,16.0,11.0,1.0,0.33
2,"[0.6745, 0.6745, 0.6745, 0.6745]",0.6745,0.6745,0.0,0.6745,0.6745,4.0,2.0,2.0,0.67
