Cluster,Dist,mean,median,std,min,max,bag_count,day_count,Cluster_Rank,Cluster_perc
0,"[0.0, 0.6744999999999102, 0.6745000000000899, 0.0, 0.0, 0.0]",0.22483333333333336,0.0,0.31796234927355094,0.0,0.6745000000000899,6.0,5.0,1.0,0.33
1,"[0.4898603351955262, 0.8591396648044738, 0.9495754189944078, 0.4898603351955262, 0.6745, 0.6745]",0.6895726256983222,0.6745,0.17155115821994324,0.4898603351955262,0.9495754189944078,6.0,2.0,2.0,0.67
2,"[1.05045081967209, 0.0, 0.18797540983604505, 0.8514180327868659, 0.9619918032787308, 0.6745, 5.982040983606566, 0.2432622950819406, 0.5418114754098505]",1.1659389799635658,0.6745,1.7367562366229863,0.0,5.982040983606566,9.0,1.0,3.0,1.0
