Cluster,Dist,mean,median,std,min,max,bag_count,day_count,Cluster_Rank,Cluster_perc
0,"[0.0, 0.0, 0.0, 1.2263636363638406, 0.6744999999999999, 0.0, 0.0, 0.6744999999999989, 0.6745000000000011]",0.36109595959598223,0.0,0.4340130425928917,0.0,1.2263636363638406,9.0,6.0,1.0,0.33
1,"[0.6744999999999999, 0.6744999999999999, 0.6745, 0.6745, 0.6745, 0.6745]",0.6745,0.6745,6.409875621278546e-17,0.6744999999999999,0.6745,6.0,3.0,2.0,0.67
2,"[0.0, 579.5304000000647, 1.349, 0.0]",145.21985000001618,0.6745,250.74991774132556,0.0,579.5304000000647,4.0,1.0,3.0,1.0
