Cluster,Dist,mean,median,std,min,max,bag_count,day_count,Cluster_Rank,Cluster_perc
0,"[0.0, 0.6745000000000043, 0.6744999999999957, 0.0, 0.0, 0.0, 0.6745, 1.9214508449090661, 0.0, 0.6744999999999999, 0.6745000000000001, 0.6744999999999998, 0.6745000000000002, 0.6744999999999995, 0.6745000000000004, 1.5905025031709317, 0.6745, 0.0, 0.6744999999955069, 0.6745000000044931, 0.0, 0.0, 0.0]",0.504606667307826,0.6744999999999995,0.5032344566419708,0.0,1.9214508449090661,23.0,14.0,1.0,0.2
1,"[12.428898616874156, 0.6745, 0.0, 0.0, 0.6745, 54.59332880305192, 0.0, 2.653134795051832, 0.6745]",7.966540246108656,0.6745,16.905361326387847,0.0,54.59332880305192,9.0,3.0,3.0,0.6
2,"[0.011108594956251959, 0.030548636129702142, 72.25307874420977, 1.3399742665980405, 1.3184513638702977, 0.011108594956251959]",12.494045033453384,0.6744999999999999,26.731490310381684,0.011108594956251959,72.25307874420977,6.0,1.0,5.0,1.0
3,"[0.6745, 0.6745, 0.6745, 0.6745]",0.6745,0.6745,0.0,0.6745,0.6745,4.0,2.0,2.0,0.4
4,"[1.3013112292051705, 0.0476887707948295, 0.047688770794821186, 34.19471880776338]",8.897851894639551,0.6745,14.614117150372268,0.047688770794821186,34.19471880776338,4.0,1.0,4.0,0.8
