Cluster,Dist,mean,median,std,min,max,bag_count,day_count,Cluster_Rank,Cluster_perc
0,"[4.461166666666665, 0.02366666666669543, 1.296933333333308, 4.38779999999996, 0.02366666666669543, 0.05206666666669211, 0.6745, 0.0, 2.147749999999993, 3.6700735294070537, 0.33725000000026434, 0.05951470588215083, 74.29419117639131, 0.05951470588215083, 1.0117499999997357]",6.166656274504178,0.6745,18.27518252017205,0.0,74.29419117639131,15.0,3.0,2.0,0.67
1,"[0.2529375000001872, 0.2810416666662922, 0.0, 50.278354166672095, 1.7424583333337078, 0.05620833333370775, 1.3208958333331462, 0.19672916666647944, 51.14958333333932, 0.8712291666664794, 1.0679583333337077, 0.16862500000037442, 0.6745, 0.6463958333331461, 0.19672916666647944, 1.1803749999996256, 0.3653541666668539, 1.377104166666854, 0.7869166666666667, 0.33725, 66.29772916667396, 1.658145833333146, 0.2529375000001872, 0.30914583333314616, 3.231979166667228, 49.435229166672464, 1.01175, 0.33725, 0.33725, 0.2529375000001872, 0.33725, 1.292791666667041, 0.3653541666668539, 66.8317083333412, 0.2810416666662922, 0.7588125000005617, 1.0679583333337077, 67.00033333334082, 0.7588124999998128, 0.618291666667041, 0.3934583333337077, 0.8431249999996255, 0.028104166666853874]",8.759349806202534,0.6745,20.272497138221972,0.0,67.00033333334082,43.0,1.0,3.0,1.0
2,"[0.0, 0.0]",0.0,0.0,0.0,0.0,0.0,2.0,2.0,1.0,0.33
