Cluster,Dist,mean,median,std,min,max,bag_count,day_count,Cluster_Rank,Cluster_perc
0,"[0.0, 0.0, 0.0, 0.0, 0.0, 0.0, 0.0, 0.0, 0.0]",0.0,0.0,0.0,0.0,0.0,9.0,9.0,1.0,0.2
1,"[21.752625000005615, 0.1686249999966302, 0.16862500000112327, 1.1803749999988766, 0.45364601769914037, 23.55377876105747, 0.8953539823008596, 0.45364601769898133]",6.078334347344837,0.6745,9.585479923464039,0.1686249999966302,23.55377876105747,8.0,2.0,3.0,0.6
2,"[0.01980910425845013, 1.321267254038182, 0.027732745961817865, 41.36471120900647, 6.134879588839963, 0.019809104258441335]",8.148034834393888,0.6745,15.011554172603784,0.019809104258441335,41.36471120900647,6.0,1.0,5.0,1.0
3,"[2.107812499999684, 0.8852812499993507, 0.8009687500005089, 3.035249999999298, 0.5058749999992277, 0.37940625000012285, 82.07821874997454, 0.295093750000158, 3.541124999999649, 0.33724999999929794, 0.2950937499995963, 0.5480312499994909]",7.900783854164245,0.6744999999999999,22.391169982669453,0.2950937499995963,82.07821874997454,12.0,1.0,4.0,0.8
4,"[0.6745, 0.6745, 0.6745, 0.6745]",0.6745,0.6745,0.0,0.6745,0.6745,4.0,2.0,2.0,0.4
