Cluster,Dist,mean,median,std,min,max,bag_count,day_count,Cluster_Rank,Cluster_perc
0,"[0.0, 0.0, 1.4925106382978042, 0.0, 0.6745, 0.0, 0.0, 0.0, 0.0, 0.0, 0.0]",0.1970009671179822,0.0,0.45283300794528253,0.0,1.4925106382978042,11.0,9.0,3.0,1.0
1,[0.0],0.0,0.0,0.0,0.0,0.0,1.0,1.0,1.5,0.5
2,[0.0],0.0,0.0,0.0,0.0,0.0,1.0,1.0,1.5,0.5
