Cluster,Dist,mean,median,std,min,max,bag_count,day_count,Cluster_Rank,Cluster_perc
0,"[0.44111787072243164, 0.4206007604562744, 0.11797338403042114, 9.325026615969485, 0.7078403041825098, 9.330155893536025, 9.6225247148288, 9.4173536121672, 0.6411596958174902, 0.3487908745247156, 0.11797338403041259, 9.283992395437162, 0.6745, 0.43467777777777944, 0.04496666666666167, 0.0, 27.309755555555544, 27.36971111111109, 0.7944111111110979]",5.600133248838164,0.6745,8.408158836648322,0.0,27.36971111111109,19.0,2.0,4.0,1.0
1,"[0.0, 0.0, 0.0, 0.0, 0.0, 0.6745000000000005, 0.6744999999999993]",0.19271428571428567,0.0,0.304708040254796,0.0,0.6745000000000005,7.0,6.0,1.0,0.25
2,"[19.508615384615528, 0.6745, 0.0, 0.0, 5.33559701492543, 0.6745, 0.7761369863013913, 0.6745, 0.0, 0.0, 0.6745, 0.843125]",2.430122865486862,0.6745,5.333242864503452,0.0,19.508615384615528,12.0,4.0,3.0,0.75
3,"[0.6745, 0.6745, 0.6745, 0.6745, 0.6745, 0.6745]",0.6745,0.6745,0.0,0.6745,0.6745,6.0,3.0,2.0,0.5
