Cluster,Dist,mean,median,std,min,max,bag_count,day_count,Cluster_Rank,Cluster_perc
0,"[0.0, 0.0, 1.349, 0.6745]",0.505875,0.33725,0.5592658552736792,0.0,1.349,4.0,2.0,2.0,0.67
1,"[0.0, 0.6745, 7163.5272500007895]",2388.0672500002634,0.6745,3376.7601605129666,0.0,7163.5272500007895,3.0,1.0,3.0,1.0
2,[0.0],0.0,0.0,0.0,0.0,0.0,1.0,1.0,1.0,0.33
