Cluster,Dist,mean,median,std,min,max,bag_count,day_count,Cluster_Rank,Cluster_perc
0,"[166.60150000001855, 0.7588125, 0.2529375, 0.5901875, 1.01175, 0.0, 0.0, 50.503187500005616, 0.33725, 50.671812500005615, 0.6745, 0.5396, 1.14665, 38.17670000000405, 0.0, 39.52570000000449, 162.68940000001797, 0.20235, 40.53745000000449, 0.33725, 0.2698, 0.7869166666674154, 0.1124166666674155, 1.686249999999251, 0.5620833333325844, 431.3427500000487, 0.11241666666591782]",36.64554336420156,0.6745,88.98849889680895,0.0,431.3427500000487,27.0,3.0,4.0,0.5
1,"[0.0, 0.0, 0.0, 0.6744999999999977, 0.6745000000000024]",0.26980000000000004,0.0,0.33043616630145073,0.0,0.6745000000000024,5.0,4.0,1.0,0.12
2,"[142.76916666668214, 0.0, 44.966666666671664, 45.19150000000499, 0.6745, 0.22483333333333333, 0.0, 434.6028333333812, 0.6745, 0.0, 0.0, 0.8993333333333332]",55.83361111111722,0.6745,121.07848493502956,0.0,434.6028333333812,12.0,2.0,5.0,0.62
3,"[3.3725, 0.6745, 0.0, 0.0, 0.6745, 96.45350000001072, 634.0300000000697, 0.0, 0.6745]",81.76438888889783,0.6745,197.52392810210395,0.0,634.0300000000697,9.0,3.0,7.0,0.88
4,"[0.09717372881351576, 0.04001271186444259, 536.6562076271474, 6.739283898305428, 6.739283898305428, 0.01714830508478287, 23.21308898305209, 0.017148305084706716, 1.2518262711864843, 0.07430932203393219]",57.48454830508782,0.6745,159.8707039654793,0.017148305084706716,536.6562076271474,10.0,1.0,6.0,0.75
5,"[0.6745, 0.6745, 0.6745, 0.6745, 0.6745, 0.6745, 0.0, 0.0]",0.505875,0.6745,0.29206706742630195,0.0,0.6745,8.0,4.0,2.0,0.25
6,"[0.035500000000211585, 10984.942499993507, 0.03549999999973863, 1.3134999999997883, 0.8431249999997191, 2.192124999995226, 0.5058749999980343, 0.5058750000002809, 204.5421249996807, 0.8431249999997191, 0.5058750000002809, 0.5058749999980343]",933.0642499994318,0.6745,3031.2745043973296,0.03549999999973863,10984.942499993507,12.0,3.0,8.0,1.0
7,"[0.46371874999999996, 0.6745, 79.2115937500087, 76.93515625000843, 0.0, 43.84250000000499, 44.74183333333833, 0.0, 0.6745, 0.29977777777777775, 0.0, 127.07580000001393, 0.1349, 125.05230000001393, 0.6745]",33.318738657411075,0.6745,45.646059160740684,0.0,127.07580000001393,15.0,3.0,3.0,0.38
