Cluster,Dist,mean,median,std,min,max,bag_count,day_count,Cluster_Rank,Cluster_perc
0,"[0.6745, 0.6712347856154944, 0.0, 51.86559820193587, 51.84740629322218, 0.0, 5.243693548386404, 0.1414274193545909, 0.6745, 1.2619677419355027, 0.271975806451337, 1.2946048387096167]",9.49557571963425,0.6745,18.992151082097404,0.0,51.86559820193587,12.0,2.0,3.0,0.75
1,"[0.674499999999895, 0.674500000000105, 0.6745000000005797, 0.6744999999994202, 0.0, 0.0, 0.674499999999281, 0.6745000000007189, 0.0, 0.6744999999985023, 0.6745000000014977, 0.0, 0.0, 0.0]",0.3854285714285714,0.6744999999988917,0.3337909342014879,0.0,0.6745000000014977,14.0,10.0,1.0,0.25
2,"[0.19271428571444874, 0.19271428571444874, 0.7708571428572243, 0.5781428571427757, 9.935492063494825, 0.3854285714283269, 4186.610793651697, 0.1927142857138782, 1.841492063493114, 0.9635714285711026]",420.16639206358275,0.6745,1255.4846151717886,0.1927142857138782,4186.610793651697,10.0,1.0,4.0,1.0
3,"[0.6745, 0.6745, 0.6745, 0.6745]",0.6745,0.6745,0.0,0.6745,0.6745,4.0,2.0,2.0,0.5
