Cluster,Dist,mean,median,std,min,max,bag_count,day_count,Cluster_Rank,Cluster_perc
0,"[1.224476923076939, 36.672046153845464, 0.1245230769230264, 0.12452307692306097, 0.6745, 0.6745, 0.6745, 0.0, 19.84449999999985, 0.6153333333333403, 20.258666666666524]",7.353415384615292,0.6745,11.899314991952794,0.0,36.672046153845464,11.0,3.0,3.0,1.0
1,"[0.0, 0.0, 0.6744999999997754, 0.6745000000002246, 0.0, 0.0, 0.0, 0.0, 0.0, 0.0, 0.0, 0.0]",0.11241666666666666,0.0,0.25137130847060135,0.0,0.6745000000002246,12.0,11.0,1.0,0.33
2,"[0.6745, 24.25554901960892, 23.81910784313832, 0.0, 0.2248333333333627, 1.6796372549020273, 0.2512843137254738]",7.2721302521011575,0.6745,10.61591953660154,0.0,24.25554901960892,7.0,1.0,2.0,0.67
