Cluster,Dist,mean,median,std,min,max,bag_count,day_count,Cluster_Rank,Cluster_perc
0,"[0.6745, 0.6745, 0.6745, 0.6745, 0.6745, 0.6745, 12.472227678572832, 0.6745, 0.0]",1.9104141865080924,0.6745,3.740082793796235,0.0,12.472227678572832,9.0,4.0,2.0,0.67
1,"[0.6745000000010573, 0.6744999999989428, 0.0, 0.6745000000000001, 0.6744999999999999, 0.0, 0.6744999999940092, 0.6745000000059908, 0.0]",0.4496666666666667,0.6744999999989428,0.3179623492735509,0.0,0.6745000000059908,9.0,6.0,1.0,0.33
2,"[1.1691333333344516, 182.47473333343413, 0.0, 0.35973333333349305, 1.0792000000004793, 0.7194666666669861, 0.7194666666669861, 0.35973333333349305, 0.6295333333330138, 0.7194666666669861, 0.26979999999952076, 0.5396000000014378, 0.0, 0.08993333333397234, 0.5396000000014378, 0.7194666666669861, 0.08993333333397234, 0.7194666666669861, 1.0792000000004793, 0.6295333333330138, 0.35973333333349305, 0.35973333333349305, 1.349, 1.0792000000004793, 0.7194666666669861, 1.0792000000004793]",7.609743589747799,0.6744999999999999,34.974907427804126,0.0,182.47473333343413,26.0,1.0,3.0,1.0
