Cluster,Dist,mean,median,std,min,max,bag_count,day_count,Cluster_Rank,Cluster_perc
0,"[0.6745, 0.6745, 0.0, 0.6745, 0.18395454545409987, 1543.7669848483433, 1543.501272727131]",441.35367316013264,0.6745,697.1434190860028,0.0,1543.7669848483433,7.0,2.0,3.0,1.0
1,"[0.0, 0.0, 0.0, 0.0, 0.0]",0.0,0.0,0.0,0.0,0.0,5.0,5.0,1.0,0.33
2,"[0.6745, 0.0, 478.4945156250529]",159.72300520835097,0.6745,225.40566486163212,0.0,478.4945156250529,3.0,1.0,2.0,0.67
