Cluster,Dist,mean,median,std,min,max,bag_count,day_count,Cluster_Rank,Cluster_perc
0,"[0.6745000000000001, 0.6744999999999999, 0.6745, 0.0, 1.308747089082757, 0.0, 0.6745000000000001, 0.6745, 0.0, 0.0]",0.46812470890827573,0.6744999999999999,0.4238116046403179,0.0,1.308747089082757,10.0,6.0,1.0,0.33
1,"[0.6745, 0.6745, 0.6744999999999999, 0.6745]",0.6745,0.6745,5.551115123125783e-17,0.6744999999999999,0.6745,4.0,2.0,2.0,0.67
2,"[3.9095276274944566, 0.6744999999999999, 0.0]",1.5280092091648187,0.6744999999999999,1.7063528445454406,0.0,3.9095276274944566,3.0,1.0,3.0,1.0
