Cluster,Dist,mean,median,std,min,max,bag_count,day_count,Cluster_Rank,Cluster_perc
0,"[2.478329003021148, 0.0, 0.6745, 0.0, 0.6745, 0.7472242794544218, 12.775430693069344, 0.6745, 0.0, 0.7792401709401706, 0.6745, 0.0, 7.95760111111112, 0.0, 0.6745, 0.6745, 0.0, 0.6863327941310488]",1.6372865584292917,0.6745,3.2385760083790047,0.0,12.775430693069344,18.0,6.0,5.0,1.0
1,"[0.6745, 0.6745000000000001, 0.0, 1.134079480457579, 0.6745, 0.0, 0.0]",0.4510827829225113,0.6745,0.41861289288914133,0.0,1.134079480457579,7.0,4.0,1.0,0.2
2,"[0.6322857634112791, 0.6322857634112792, 2.543832989454379, 0.7167142365887207, 0.5786460967564596, 0.7703539032435405, 1.4035087960417814, 0.5786460967564594, 0.4598047596680758, 2.8262046344136524, 0.4598047596680758, 0.8891952403319241, 4.201043237250553, 1.109211012564671, 0.23978898743532898, 0.23978898743532853]",1.1425697040269693,0.6744999999999999,1.0701893784655927,0.23978898743532853,4.201043237250553,16.0,4.0,4.0,0.8
3,"[0.6745, 0.6745, 1.0844901960784312, 0.3831569760852318, 0.3831569760852317, 0.9658430239147681, 0.6745, 0.6745, 0.6745000000000001, 0.6745000000000001]",0.6863647172163663,0.6745,0.20526239755142456,0.3831569760852317,1.0844901960784312,10.0,4.0,2.0,0.4
4,"[2.0957974958384598, 0.6816760512412245, 0.6719127162191503, 0.6770872837808497, 0.24925794311355579, 0.24925794311355579]",0.7708315722177995,0.6745,0.6226468285362,0.24925794311355579,2.0957974958384598,6.0,1.0,3.0,0.6
