Cluster,Dist,mean,median,std,min,max,bag_count,day_count,Cluster_Rank,Cluster_perc
0,"[0.6251463414633932, 0.0, 0.6745, 0.2961219512195035, 29.710902439024057, 39.07164634146295, 29.8425121951216, 0.7140518324607328, 0.6971010471204205, 0.6582554973822001, 0.7133455497382221, 0.6462486910994766, 0.6737937172774864, 0.6752062827225136, 0.6462486910994777, 0.4319831460674177, 14.263022471910077, 0.6745000000000001, 13.709780898876367, 0.0, 27.683826086956564, 0.6745, 0.0, 0.16129347826087645, 8.372597826086976, 3.222611111110889, 1.0492222222221528, 0.2997777777778471, 0.2997777777777223, 0.6745, 0.6745]",5.73667656045932,0.6745,10.664857856775273,0.0,39.07164634146295,31.0,6.0,2.0,0.67
1,"[0.0, 0.6745, 1.07126470588238, 0.0, 0.0, 0.6744999999999993, 0.6745000000000007, 0.0, 0.0, 0.0, 0.0, 0.0, 0.0]",0.23805882352941382,0.0,0.3695863358161965,0.0,1.07126470588238,13.0,10.0,1.0,0.33
2,"[21.47462162162143, 0.44966666666665317, 0.41320720720717785, 0.9965585585585401, 22.361801801801583, 0.3038288288288126, 0.8993333333333469, 0.30382882882883283, 0.892080645161285, 0.5221935483870951, 0.05439516129033485, 19.353798387096834, 0.10879032258063347, 0.42428225806450676, 0.4134032258064434, 0.6853790322580634, 19.810717741935544, 0.6745, 18.8424838709678, 0.3807661290322534, 0.5004354838709683, 18.90775806451618, 25.261112903225882, 19.897750000000055, 0.0]",6.95730774484161,0.6745,9.528569531490254,0.0,25.261112903225882,25.0,2.0,3.0,1.0
