Cluster,Dist,mean,median,std,min,max,bag_count,day_count,Cluster_Rank,Cluster_perc
0,"[0.0, 0.0, 0.0, 0.0]",0.0,0.0,0.0,0.0,0.0,4.0,4.0,1.5,0.5
1,[0.0],0.0,0.0,0.0,0.0,0.0,1.0,1.0,1.5,0.5
2,"[0.6745000000001032, 0.6744999999998967]",0.6745,0.6745,1.0325074129013956e-13,0.6744999999998967,0.6745000000001032,2.0,1.0,3.0,1.0
