Cluster,Dist,mean,median,std,min,max,bag_count,day_count,Cluster_Rank,Cluster_perc
0,"[0.0, 1.349, 0.0, 1.180375, 0.0, 0.6745, 0.6745, 0.6745, 0.6745]",0.5808194444444444,0.6745,0.47101852962162066,0.0,1.349,9.0,2.0,2.0,0.5
1,"[0.6745000000044931, 0.6744999999955069, 0.0, 0.0, 0.0, 0.0, 0.6745000000006418, 0.6744999999993581]",0.33724999999999994,0.33724999999775346,0.33725,0.0,0.6745000000044931,8.0,6.0,1.0,0.25
2,"[137.37316666668164, 0.4496666666666666, 0.2248333333333333, 0.0, 24873.986166669394, 24536.736166669372, 0.6745, 0.6745, 106477.01966667839, 0.6745, 0.6745]",14184.40796969853,0.6745,30666.786113926948,0.0,106477.01966667839,11.0,1.0,4.0,1.0
3,"[0.6745, 0.0, 317.6895000000348, 313.23780000003416, 0.0, 0.6745]",105.37938333334483,0.6745,148.55782323691187,0.0,317.6895000000348,6.0,2.0,3.0,0.75
