Cluster,Dist,mean,median,std,min,max,bag_count,day_count,Cluster_Rank,Cluster_perc
0,"[0.6745, 1.1066015624996095, 0.0, 0.6745000000011981, 0.6744999999988018, 0.0, 0.0, 0.0, 0.0, 0.0, 0.0, 0.0, 0.0, 0.674499999999778, 0.6745000000002219, 0.0, 0.6745000000000001, 0.6744999999999999, 0.0, 0.0, 0.0]",0.27752864583331477,0.0,0.3646102703218116,0.0,1.1066015624996095,21.0,16.0,1.0,0.33
1,"[0.6745, 0.6745, 0.6745, 0.6745]",0.6745,0.6745,0.0,0.6745,0.6745,4.0,2.0,2.0,0.67
2,"[0.15288666666668585, 517.5123733332522, 0.15288666666668585, 1.196113333333314]",129.7535649999797,0.6745,223.87305748346063,0.15288666666668585,517.5123733332522,4.0,1.0,3.0,1.0
