Cluster,Dist,mean,median,std,min,max,bag_count,day_count,Cluster_Rank,Cluster_perc
0,"[0.6745, 0.5995555555555694, 0.44966666666670824, 0.6838680555554913, 0.12178472222213726, 0.0, 16.984284722220888, 326.19569444441987, 327.16997222219766, 0.7126574285714267, 0.015031714285710002, 0.018500571428569316, 15.488832571428508, 0.7219077142857114, 0.7149699999999979, 0.6795105714285734, 0.7014799999999969, 0.015417142857141096, 0.040469999999997945, 0.027750857142853972, 0.027365428571428017, 0.0258237142857139, 0.6864482857142868, 0.015417142857141096, 0.018115142857138222, 0.009250285714284658, 0.7138137142857148, 0.02813628571428507, 0.7118865714285697, 0.6999382857142827, 0.0, 0.8067019999999977, 0.7292308571428561, 0.6745, 0.011177428571424727, 0.7134282857142838]",19.385752455245502,0.6745,74.61963708257667,0.0,327.16997222219766,36.0,2.0,3.0,0.75
1,"[0.1927142857142857, 0.1927142857142857, 1.1562857142857144, 8398.006785715212, 0.6666941083640245, 0.6666941083640245, 0.7128198316675489, 0.6716614939505526, 0.7305604944765997, 0.6773385060494473, 1.0572000524383953, 0.6454968536969046, 0.6454968536969139, 0.703503146303086]",600.4804261035666,0.6745,2162.6447149093387,0.1927142857142857,8398.006785715212,14.0,3.0,4.0,1.0
2,"[0.0, 0.0, 0.0]",0.0,0.0,0.0,0.0,0.0,3.0,3.0,1.0,0.25
3,"[0.6745000000000001, 51.795979166643335, 0.0, 51.936500000005616, 0.0, 0.6745]",17.51357986110816,0.6745000000000001,24.29259322397623,0.0,51.936500000005616,6.0,2.0,2.0,0.5
