Cluster,Dist,mean,median,std,min,max,bag_count,day_count,Cluster_Rank,Cluster_perc
0,"[43.30755172413263, 0.0, 0.27910344827579797, 43.05170689654664, 0.13955172413789899, 42.21439655171925, 0.6745, 41.653139344262385, 0.4533524590164176, 0.8956475409835823, 45.036696721311635, 0.011057377049252776, 0.011057377049252776, 0.21009016393432964, 12.638581967213135]",15.371762219708813,0.6745,19.818020276455066,0.0,45.036696721311635,15.0,2.0,4.0,1.0
1,"[0.6744999999999999, 0.6745, 0.6745, 0.6745]",0.6745,0.6745,5.551115123125783e-17,0.6744999999999999,0.6745,4.0,2.0,1.0,0.25
2,"[0.1124166666665986, 37.209916666670814, 1.2365833333334015, 0.1124166666665986]",9.667833333334352,0.6745000000000001,15.908050683932256,0.1124166666665986,37.209916666670814,4.0,1.0,3.0,0.75
3,"[0.0, 0.6745, 2.0656562500002806]",0.9133854166667602,0.6745,0.8600517881745433,0.0,2.0656562500002806,3.0,1.0,2.0,0.5
