Cluster,Dist,mean,median,std,min,max,bag_count,day_count,Cluster_Rank,Cluster_perc
0,"[0.0923422619047576, 0.0923422619047643, 0.7186636904761853, 7.098309523809455, 6.817267857142789, 7.0220267857142185, 0.25293750000001003, 0.6303363095238148, 0.3592445652173889, 12.434260869565234, 0.8577880434782653, 0.4252282608695679, 0.4545543478260864, 0.007331521739129638, 13.724608695652185, 13.042777173913068, 0.11730434782608642, 13.24805978260871, 1.1217228260869567, 0.6378423913043517, 0.4692173913043457, 0.2785978260869629, 0.029326086956518553, 13.314043478260876, 0.0, 0.2419402173913025, 0.4692173913043457, 0.6745, 0.08797826086956786, 13.475336956521753, 13.284717391304357, 13.284717391304357, 13.262722826086968, 13.174744565217413, 14.311130434782628]",5.014661120970126,0.6745,5.917760370075066,0.0,14.311130434782628,35.0,2.0,4.0,0.8
1,"[0.0, 0.0, 0.6744999999999739, 0.6745000000000261, 0.0, 0.0, 0.674500000000023, 0.6744999999999771, 0.6745000000000005, 0.6744999999999994]",0.40470000000000006,0.6744999999999755,0.33043616630145073,0.0,0.6745000000000261,10.0,7.0,1.0,0.2
2,"[0.6745, 0.6745, 0.6745, 0.6745, 0.6596602933473016, 0.6914596647459385, 0.6596602933473004, 0.6893397066526984]",0.6747649947616549,0.6745,0.010884157817209904,0.6596602933473004,0.6914596647459385,8.0,3.0,2.0,0.4
3,"[16.9684928571427, 0.0, 0.6745, 0.6745, 0.0, 680.6611044776023, 35.61734722222118, 0.0, 0.6745, 0.0, 2.810416666667041, 0.6745]",61.562946768636095,0.6745,186.94603178155586,0.0,680.6611044776023,12.0,4.0,5.0,1.0
4,"[0.6695495412844041, 0.8304394495412838, 0.6695495412844041, 0.6794504587155958]",0.712247247706422,0.6745,0.06835790775412004,0.6695495412844041,0.8304394495412838,4.0,1.0,3.0,0.6
