Cluster,Dist,mean,median,std,min,max,bag_count,day_count,Cluster_Rank,Cluster_perc
0,"[15.13456741573029, 0.36377528089887345, 0.37135393258427846, 0.7048146067415696, 0.9321741573033671, 0.0, 0.6745000000000001, 0.48866836734695773, 0.034413265306096015, 26.284852040816602, 0.17206632653061762, 28.267056122449215, 2.016617346938799, 0.9566887755102211, 0.5161989795918299, 1.3421173469387762, 0.4336071428571674, 0.4336071428571674, 0.03441326530611894, 0.7089132653061418, 0.6400867346938581, 0.7502091836734847, 1.025515306122436, 0.41507692307695854, 0.5534358974359382, 24.720136752137034, 0.13835897435896058, 24.051401709401983, 0.5073162393162272, 0.1960085470085275, 0.7379145299145715, 1.2913504273503755, 0.13835897435896058, 0.3689572649572282, 1.0607521367521078, 1.0722820512820213, 24.039871794872067, 0.6687350427350721, 0.33436752136756487, 0.7955641025641002, 0.6802649572649279, 1.332548780487807, 0.2961219512195035, 0.0, 0.03290243902433144, 1.3325487804877796, 0.8554634146341517, 0.34547560975611025, 35.847207317072744, 0.6745]",4.095462762886818,0.6745000000000001,8.896266749826777,0.0,35.847207317072744,50.0,4.0,4.0,1.0
1,"[0.6050661764705586, 1.081183823529491, 0.6050661764705586, 0.7439338235294414, 3.9795499999988992, 0.0, 0.6745, 0.6745, 4.230954545453673, 0.0, 0.0, 0.6745, 3.642300000000449, 0.6745, 0.0, 0.8880916666666616, 0.6745000000000001, 0.806754901960723, 0.0, 0.2248333333333921, 0.9522352941176108, 1.2263636363635588, 0.0, 0.1430757575757287, 0.6745, 0.878893939393898, 0.4105652173912937, 0.0, 1.0997282608695524, 0.6745, 2.0674891304346783, 0.5874677419354932, 0.021758064516054224, 0.9791129032258461, 1.3054838709677103, 0.0, 0.6745, 0.9138387096773937, 0.9626954545454488, 1.3060772727273173, 0.38630454545455123, 0.3863045454545104]",0.8531221140967735,0.6745,0.9716331651604035,0.0,4.230954545453673,42.0,10.0,2.0,0.5
2,"[0.6745000000000803, 0.6744999999999198, 0.0, 0.0, 0.0, 0.6744999999999834, 0.6745000000000165]",0.3854285714285714,0.6744999999999198,0.3337909342014879,0.0,0.6745000000000803,7.0,5.0,1.0,0.25
3,"[8.484499999998834, 2.4139999999995427, 0.42599999999982885, 0.0, 3.6209999999993436, 0.5324999999999191, 0.6745, 0.0, 0.6745, 5.159924999999702, 0.30352500000000565, 2.2932999999997867, 4.257781249998649, 0.6745, 0.6323437499997367, 0.0, 1.3489999999994382, 1.2082347826086965, 0.14076521739128398, 0.14076521739132303, 1.208234782608677]",1.6283511904759413,0.6745,2.0971342356026836,0.0,8.484499999998834,21.0,4.0,3.0,0.75
