Cluster,Dist,mean,median,std,min,max,bag_count,day_count,Cluster_Rank,Cluster_perc
0,"[0.0, 0.0, 0.0, 0.6745000000000001, 0.6744999999999999]",0.2698,0.0,0.33043616630145073,0.0,0.6745000000000001,5.0,4.0,2.0,0.67
1,"[0.3696951603417857, 0.42364209361054433, 0.44039550973812586, 2.6937999792437823, 3.1477288891963884, 0.6299097796381499, 0.7190902203618501, 0.3696951603417856, 2.908934375756738, 0.7810638599647145]",1.2483955028193865,0.6745,1.105099500334753,0.3696951603417856,3.1477288891963884,10.0,1.0,3.0,1.0
2,[0.0],0.0,0.0,0.0,0.0,0.0,1.0,1.0,1.0,0.33
