Cluster,Dist,mean,median,std,min,max,bag_count,day_count,Cluster_Rank,Cluster_perc
0,"[0.6745, 0.6745, 0.6745000000089861, 0.6745, 0.0]",0.5396000000017972,0.6745,0.2698000000008986,0.0,0.6745000000089861,5.0,2.0,2.0,0.67
1,[0.0],0.0,0.0,0.0,0.0,0.0,1.0,1.0,1.0,0.33
2,"[0.6744999999820277, 0.6744999999820277, 0.6744999999820277, 2.0235, 0.6745, 3.3724999999640555, 8.768499999946084, 0.6745]",2.1921249999820276,0.6745,2.65014989845786,0.6744999999820277,8.768499999946084,8.0,1.0,3.0,1.0
