Cluster,Dist,mean,median,std,min,max,bag_count,day_count,Cluster_Rank,Cluster_perc
0,"[0.0, 0.0, 0.0, 0.6744999999998595, 0.6745000000001404, 0.674500000000009, 0.674499999999991, 0.0, 0.0, 0.0]",0.26980000000000004,0.0,0.33043616630145073,0.0,0.6745000000001404,10.0,8.0,1.0,0.33
1,"[0.6745, 0.0, 19.17640972221706, 6.3619101941741985, 0.0, 0.6745, 0.6745, 0.0, 3.0352500000022467]",3.399674435154834,0.6745,5.91388298911209,0.0,19.17640972221706,9.0,3.0,3.0,1.0
2,"[0.0, 0.0, 0.6745, 0.6745, 0.6745, 0.6745]",0.44966666666666666,0.6745,0.3179623492735508,0.0,0.6745,6.0,3.0,2.0,0.67
