Cluster,Dist,mean,median,std,min,max,bag_count,day_count,Cluster_Rank,Cluster_perc
0,"[0.0, 0.6745000000044931, 0.6744999999955069, 0.0, 0.6745, 1.2425000000001991, 0.0, 0.0, 0.0, 0.0]",0.3266000000000199,0.0,0.429183107775733,0.0,1.2425000000001991,10.0,7.0,2.0,0.67
1,"[282.93500000012995, 0.6745, 0.0]",94.53650000004332,0.6745,133.2181415055134,0.0,282.93500000012995,3.0,1.0,3.0,1.0
2,[0.0],0.0,0.0,0.0,0.0,0.0,1.0,1.0,1.0,0.33
