Cluster,Dist,mean,median,std,min,max,bag_count,day_count,Cluster_Rank,Cluster_perc
0,"[0.0, 5086.404500005402, 0.9635714285710618, 0.38542857142893816, 0.6745, 12.14099999992811, 10.79199999992811, 0.6745, 0.6745, 0.0]",511.2710000005259,0.6745,1525.050710510331,0.0,5086.404500005402,10.0,2.0,4.0,0.67
1,"[0.0, 0.0, 0.6744999999999998, 0.6745, 0.0, 0.0, 0.0, 0.0, 0.6745000000006657, 0.6744999999993344]",0.2698,0.0,0.3304361663014507,0.0,0.6745000000006657,10.0,8.0,1.0,0.17
2,"[0.0, 0.6745, 2.698000000071889, 0.0, 2.3607500000022466, 0.6745, 0.33724999999943833, 2.950937499994524, 0.3372499999971918, 1.0117500000005617, 0.0, 0.6745, 3282.926400000362, 0.0, 12.815499999928111, 0.6745]",206.75848984377225,0.6745,794.2689030718291,0.0,3282.926400000362,16.0,5.0,3.0,0.5
3,"[0.1897031250005441, 10725.076953117252, 0.779890624999491, 0.1897031250005441, 0.5691093750005091, 12457.740984365999, 14232.898515614717, 0.021078124999561222, 0.8642031249999825, 0.021078124999561222]",3741.8351218722964,0.6745000000000001,5768.749320248551,0.021078124999561222,14232.898515614717,10.0,1.0,6.0,1.0
4,"[0.0, 0.0, 0.0, 1.5738333333348309, 1.349, 0.0]",0.4871388888891384,0.0,0.6919689996316017,0.0,1.5738333333348309,6.0,2.0,2.0,0.33
5,"[16980.481291668537, 1.1803750000003743, 0.16862499999962557, 0.16862499999962557, 4.721499999964055, 0.6745, 0.6745, 0.6744999999910138, 3.822166666682642, 0.6745, 0.6745, 0.6745, 2.182205882352879, 0.515794117647121, 0.833205882352879, 0.515794117647121]",1062.4147864584484,0.6745,4110.027289376052,0.16862499999962557,16980.481291668537,16.0,4.0,5.0,0.83
