Cluster,Dist,mean,median,std,min,max,bag_count,day_count,Cluster_Rank,Cluster_perc
0,"[0.0, 0.0, 0.0, 0.6744999999998271, 0.6745000000001729, 0.0, 0.0, 0.0, 0.0]",0.14988888888888888,0.0,0.2804164341532248,0.0,0.6745000000001729,9.0,8.0,1.0,0.33
1,"[0.0, 13.98137487922706, 0.6745, 0.0, 136.54877777769167, 0.6745]",25.313192109486454,0.6745,49.9956852937736,0.0,136.54877777769167,6.0,2.0,3.0,1.0
2,"[0.6745, 0.6745, 0.6609118634583118, 0.6609118634582917, 0.6888430330162113, 0.6880881365416882, 0.6745, 0.6745]",0.6745943620593129,0.6745,0.009743996398715598,0.6609118634582917,0.6888430330162113,8.0,3.0,2.0,0.67
