Cluster,Dist,mean,median,std,min,max,bag_count,day_count,Cluster_Rank,Cluster_perc
0,"[0.8487086092715189, 0.2412119205298045, 0.857642384105955, 0.08040397350993979, 0.4020198675496766, 3.135754966887413, 0.830841059602654, 15.607304635761592, 0.23227814569536093, 15.651973509933777, 0.46455629139073673, 21.021172185430466, 0.5181589403973459, 0.11613907284767676, 15.660907284768214, 0.20547682119204516, 0.03573509933775184, 2.1977086092715186, 0.0357350993377444, 322.54500662251644, 23.738270408163057, 0.2271275510204155, 0.17206632653061468, 0.6676173469387763, 1.0392806122448774, 0.3097193877550881, 0.43360714285713714, 0.17206632653060325, 1.1769336734693738, 23.76580102040796, 1.7137806122448773, 0.6813826530612237, 0.13765306122449178, 1.3145867346938755, 0.5919081632653038, 1.6724846938775497, 0.1651836734693867, 0.3372499999999971, 11.920755102040811, 0.0, 0.12388775510203859, 1.4522397959183675, 0.6745, 1.3696479591836712, 11.900107142857138]",10.809924272048763,0.6745,47.468918935020405,0.0,322.54500662251644,45.0,3.0,4.0,1.0
1,"[1.1390141509433893, 0.20998584905660023, 0.2099858490566108, 5.6950707547169355, 0.0, 5.632666666666629, 0.0473333333333278, 0.6745, 0.17749999999999896, 0.8046666666666613, 16.60216666666656, 0.8431249999999937, 0.4905454545454499, 0.9351022727272686, 0.8584545454545374, 0.26060227272726866, 0.8584545454545374, 0.045988636363631145, 3.5104659090908936, 0.24527272727272495, 0.6744999999999999, 0.5365340909090938, 0.0, 1.4563068181818188, 0.0, 0.6745, 0.18656382978723046, 12.56435638297866, 1.0189255319148898, 0.2791034482758494, 0.5582068965517182, 0.6745, 39.77224137931015, 0.0, 39.795499999999805, 8.047482758620657]",4.04110062325758,0.6745,9.37423194882383,0.0,39.795499999999805,36.0,5.0,3.0,0.75
2,"[0.6745, 0.6745, 0.6745, 0.0, 4.871388888888486, 1.0026351351351286, 0.21875675675676248, 2.6615405405405297, 0.6745, 0.0, 0.6745, 0.6745, 0.6745, 0.6745]",1.0107372372372077,0.6745,1.2306997083607851,0.0,4.871388888888486,14.0,5.0,2.0,0.5
3,"[0.6745, 0.0, 1.0960625000000264, 0.0, 0.0, 0.0, 0.0]",0.25293750000000376,0.0,0.41549653626930755,0.0,1.0960625000000264,7.0,5.0,1.0,0.25
