Cluster,Dist,mean,median,std,min,max,bag_count,day_count,Cluster_Rank,Cluster_perc
0,"[0.0, 0.0, 0.0, 0.0, 0.0, 0.0, 0.0]",0.0,0.0,0.0,0.0,0.0,7.0,7.0,1.0,0.33
1,"[0.6745, 0.6744999999999999, 0.6745, 0.6745, 0.6745, 0.6745]",0.6745,0.6745,4.5324665183683945e-17,0.6744999999999999,0.6745,6.0,3.0,3.0,1.0
2,"[0.6745, 0.7869166666657931, 0.0]",0.4871388888885977,0.6745,0.34750309306707394,0.0,0.7869166666657931,3.0,1.0,2.0,0.67
