Cluster,Dist,mean,median,std,min,max,bag_count,day_count,Cluster_Rank,Cluster_perc
0,"[0.6745, 0.6745, 157.57512169187098, 0.6780063799621904, 0.6709936200378097, 0.6709936200378097]",26.82401921865147,0.6745,58.47367070169271,0.6709936200378097,157.57512169187098,6.0,2.0,3.0,1.0
1,"[0.0, 0.0, 0.6745000000179723, 0.6744999999820277, 0.0, 0.0, 0.0, 0.0]",0.168625,0.0,0.2920670674263019,0.0,0.6745000000179723,8.0,7.0,1.0,0.33
2,"[0.0, 0.6745, 71.76680000000809]",24.147100000002695,0.6745,33.67333869824796,0.0,71.76680000000809,3.0,1.0,2.0,0.67
