Cluster,Dist,mean,median,std,min,max,bag_count,day_count,Cluster_Rank,Cluster_perc
0,"[0.6745, 0.6745, 0.22677155172422808, 1.122228448275772, 0.22677155172407315, 472.0511508620669]",79.16265373563182,0.6745,175.70534363874654,0.22677155172407315,472.0511508620669,6.0,2.0,3.0,1.0
1,[0.0],0.0,0.0,0.0,0.0,0.0,1.0,1.0,1.0,0.33
2,"[0.05825641025642665, 3.2477948717947736, 0.058256410256402394, 1.2907435897435733]",1.163762820512794,0.6745,1.3041858142880665,0.058256410256402394,3.2477948717947736,4.0,1.0,2.0,0.67
