Cluster,Dist,mean,median,std,min,max,bag_count,day_count,Cluster_Rank,Cluster_perc
0,"[718.3425000000786, 0.0, 0.6745, 0.6703403700189757, 0.6856990037950652, 0.6703403700189757, 0.6786596299810242]",103.10314848198466,0.6745,251.17052179823008,0.0,718.3425000000786,7.0,2.0,4.0,1.0
1,"[0.0, 0.6745000000000096, 0.6744999999999903, 0.0, 0.0, 0.6744999999995915, 0.6745000000004084, 0.0, 0.0]",0.29977777777777775,0.0,0.33516174462746845,0.0,0.6745000000004084,9.0,7.0,1.0,0.25
2,"[0.6745, 0.6745, 0.6745, 0.6745, 0.6745, 0.6745, 0.6745, 0.6745]",0.6745,0.6745,0.0,0.6745,0.6745,8.0,4.0,2.0,0.5
3,"[0.4121944444446178, 4.571611111110764, 0.9368055555553823, 0.41219444444436815]",1.583201388888783,0.6745,1.7386010733557555,0.41219444444436815,4.571611111110764,4.0,1.0,3.0,0.75
