Cluster,Dist,mean,median,std,min,max,bag_count,day_count,Cluster_Rank,Cluster_perc
0,"[0.6745000000029954, 0.6744999999970046, 0.0, 0.6744999999999903, 0.6745000000000096, 0.0, 0.0]",0.3854285714285715,0.6744999999970046,0.3337909342014879,0.0,0.6745000000029954,7.0,5.0,3.0,1.0
1,[0.0],0.0,0.0,0.0,0.0,0.0,1.0,1.0,1.5,0.5
2,[0.0],0.0,0.0,0.0,0.0,0.0,1.0,1.0,1.5,0.5
