Cluster,Dist,mean,median,std,min,max,bag_count,day_count,Cluster_Rank,Cluster_perc
0,"[17.44199999999987, 17.631999999999877, 0.0, 17.023999999999887, 0.4274999999999973, 0.5604999999999976, 17.28999999999987, 0.6745, 0.522500000000002, 20.138642857145104, 0.48178571428571426, 0.48178571428571426, 370.30050000004076, 0.8672142857142857, 0.48178571428571426]",30.954980952383785,0.6745,91.05361325432102,0.0,370.30050000004076,15.0,2.0,5.0,0.83
1,"[41.12201666666663, 0.0, 0.6745, 53.144979166665145, 0.0, 0.6744999999999999, 0.653829838709679, 0.7227303763440849, 0.6306212365591393, 0.6828405913978504, 0.6842911290322564, 0.6879174731182811, 0.6473024193548399, 0.6661594086021496, 0.6306212365591404, 0.6864669354838702, 0.6745, 0.0, 33.884749999999265, 2.8478888888887366, 0.0, 0.6745]",6.38138251669914,0.6745,14.743438661679868,0.0,53.144979166665145,22.0,5.0,3.0,0.5
2,"[0.0, 0.0, 0.6745000000000005, 0.6744999999999994, 0.0]",0.2698,0.0,0.33043616630145073,0.0,0.6745000000000005,5.0,4.0,1.0,0.17
3,"[0.6745, 0.6745, 0.6745, 0.6745, 0.6745, 0.6745, 0.6745, 0.6745]",0.6745,0.6745,0.0,0.6745,0.6745,8.0,4.0,2.0,0.33
4,"[8.422135135135289, 0.6745, 0.0, 34.63648648648719, 0.20052702702703934]",8.786729729729903,0.6745,13.30474066628179,0.0,34.63648648648719,5.0,1.0,4.0,0.67
5,"[0.0, 22.18214150943361, 0.7890377358490633, 0.6745, 0.39451886792452107, 0.2726702127659571, 0.0, 1513.778914893605, 0.6745, 8.54845035460986]",154.7314733574188,0.6745,453.0645870715923,0.0,1513.778914893605,10.0,2.0,6.0,1.0
