Cluster,Dist,mean,median,std,min,max,bag_count,day_count,Cluster_Rank,Cluster_perc
0,"[0.6745, 0.6745, 0.6745, 0.6745, 349.5596250000382, 0.6745]",58.8220208333397,0.6745,130.0218093064328,0.6745,349.5596250000382,6.0,2.0,3.0,1.0
1,"[0.0, 0.0, 0.6745000000006418, 0.6744999999993581, 0.0, 0.6745000000000562, 0.6744999999999438, 0.0, 0.0, 0.0, 0.0, 0.0]",0.2248333333333333,0.0,0.3179623492735508,0.0,0.6745000000006418,12.0,10.0,1.0,0.33
2,"[0.6779638188608793, 0.6710361811391206, 0.6710361811391206, 0.6867808123249265, 128.27763636365066, 0.0, 0.6744999999999999]",18.808421908159243,0.6744999999999999,44.69122905400754,0.0,128.27763636365066,7.0,2.0,2.0,0.67
