Cluster,Dist,mean,median,std,min,max,bag_count,day_count,Cluster_Rank,Cluster_perc
0,"[0.0, 0.6744999999999532, 0.6745000000000467, 0.0, 0.0, 0.6744999999998876, 0.6745000000001123, 0.0]",0.33725,0.3372499999999438,0.33725,0.0,0.6745000000001123,8.0,6.0,2.0,0.67
1,"[1.2792241379310425, 0.0, 0.6745]",0.6512413793103474,0.6745,0.5224999657694684,0.0,1.2792241379310425,3.0,1.0,3.0,1.0
2,[0.0],0.0,0.0,0.0,0.0,0.0,1.0,1.0,1.0,0.33
