Cluster,Dist,mean,median,std,min,max,bag_count,day_count,Cluster_Rank,Cluster_perc
0,"[0.0, 0.0, 1.4839000000002247, 0.6745, 0.6745000000000725, 0.6744999999999276, 0.0, 0.0, 1.4283529411767348, 0.6745, 0.0, 0.0, 0.0]",0.4315579185520738,0.0,0.5292086437985216,0.0,1.4839000000002247,13.0,8.0,1.0,0.33
1,"[0.6745, 0.6745]",0.6745,0.6745,0.0,0.6745,0.6745,2.0,1.0,2.0,0.67
2,"[20.684666666669663, 0.6745, 0.0]",7.119722222223221,0.6745,9.595815959683986,0.0,20.684666666669663,3.0,1.0,3.0,1.0
