Cluster,Dist,mean,median,std,min,max,bag_count,day_count,Cluster_Rank,Cluster_perc
0,"[0.6745, 0.6745, 0.6745, 0.6745, 0.6745000000000001, 0.6745000000000001, 0.646668962070306, 0.04509901704892544, 0.7458568334536567, 0.9305979896706835, 0.9213084911423335, 0.9846868440051091, 2.549517854167823, 0.24467340478702726, 2.5277174987504853, 0.702331037929694, 0.04509901704892544, 0.4282908313433664, 0.5731770422613427, 0.3032571777642028, 0.36476264785916584, 0.8421230077192201]",0.7682803480464667,0.6745,0.6140685191712815,0.04509901704892544,2.549517854167823,22.0,4.0,3.0,0.43
1,"[2.3607682979762354, 0.3124928381531115, 0.3124928381531115, 1.0365071618468886, 0.6745, 0.781779815563154, 0.44875810796808613, 1.5741128898559738, 0.0, 0.3018956244302639, 2.0370268915223346, 1.0471043755697351, 0.3018956244302649]",0.86071803580532,0.6745,0.7008538113625619,0.0,2.3607682979762354,13.0,3.0,5.0,0.71
2,"[0.6745, 0.9019607679465778, 0.0, 0.6745, 0.6989903371538526, 0.0]",0.49165851751673845,0.6745,0.35628935601761835,0.0,0.9019607679465778,6.0,2.0,2.0,0.29
3,"[0.0, 1.7913732584736966, 0.6745, 0.0, 0.0, 0.0]",0.41097887641228276,0.0,0.664648601396765,0.0,1.7913732584736966,6.0,4.0,1.0,0.14
4,"[0.9207877312560856, 2.856280915287244, 0.6745, 0.0, 0.5800349724115548, 0.8063826840468079, 0.3724686713079545, 3.8518735742852908, 0.6745, 0.0]",1.0736828548594937,0.6745,1.1979356840251398,0.0,3.8518735742852908,10.0,2.0,6.0,0.86
5,"[0.2237365853658537, 0.5561110421286031, 0.33907458980044347, 1.0715427050997783, 0.2237365853658537, 0.2659713525498891, 1.1481156541019957, 1.6069551219512197, 0.38202722838137476, 0.7928889578713968, 0.8811871396895787, 12.930897827050996]",1.7018537324464154,0.6744999999999999,3.4113452821443384,0.2237365853658537,12.930897827050996,12.0,1.0,7.0,1.0
6,"[0.6745, 1.233542282336895, 2.4212388042736985, 0.08210837690384194, 0.0, 0.3380166515117073, 0.8910790520572857]",0.8057835952976327,0.6745,0.7754245529985008,0.0,2.4212388042736985,7.0,1.0,4.0,0.57
