Cluster,Dist,mean,median,std,min,max,bag_count,day_count,Cluster_Rank,Cluster_perc
0,"[0.0, 0.0, 0.0, 0.0, 0.0, 0.0]",0.0,0.0,0.0,0.0,0.0,6.0,6.0,1.0,0.33
1,"[1.487248634869337, 1.0537676631191841, 0.2952323368808158, 0.29523233688081557]",0.782870242937538,0.6745,0.5111545231454643,0.29523233688081557,1.487248634869337,4.0,1.0,3.0,1.0
2,"[1.0325222307810813, 0.7556561392697582, 0.3778280696348791, 1.3155399784316746, 1.0733393005700198, 0.03258715144045602, 0.8169648744415344, 1.340229733477122, 1.0146907410260357, 0.8783567401016791, 0.888748051147743, 0.9384600831921122, 1.0716766908026498, 1.718681281774765, 2.029714004005546, 0.6450094592512711, 0.3751678940070868, 0.09560006162378677, 0.50863389308273, 0.451273856108458, 0.4416307194577107, 1.1605847481127716, 2.009014512401787, 0.6508701586812509, 0.39628303805268816, 0.2786118317670621, 0.03258715144045602, 0.07294700354336774, 1.165281620705592, 1.1138238484054845, 0.08641414265906629, 0.15370827299337553, 0.652200246495147, 0.34611378832229217, 0.18051785549222005, 0.8689214296718534, 0.14464704976120768, 0.6967997535048529]",0.7318851948852256,0.6744999999999999,0.5182471051947483,0.03258715144045602,2.029714004005546,38.0,1.0,2.0,0.67
