Cluster,Dist,mean,median,std,min,max,bag_count,day_count,Cluster_Rank,Cluster_perc
0,"[0.6745, 1.6109958677685847, 0.0, 0.0, 0.0, 0.0, 0.0]",0.32649940968122637,0.0,0.5737153206839148,0.0,1.6109958677685847,7.0,5.0,1.0,0.33
1,"[0.6745, 0.6745, 0.6745, 0.6745, 0.6745, 0.6745]",0.6745,0.6745,0.0,0.6745,0.6745,6.0,3.0,3.0,1.0
2,"[0.0, 0.9921043689320356, 0.6745]",0.5555347896440118,0.6745,0.41366839430457786,0.0,0.9921043689320356,3.0,1.0,2.0,0.67
