Cluster,Dist,mean,median,std,min,max,bag_count,day_count,Cluster_Rank,Cluster_perc
0,"[0.6104888093526304, 0.6104888093526305, 0.7385111906473696, 2.2073951267543994, 0.6745, 0.6745]",0.9193139893511716,0.6745,0.5777047156520153,0.6104888093526304,2.2073951267543994,6.0,2.0,4.0,1.0
1,"[0.0, 0.0, 0.0]",0.0,0.0,0.0,0.0,0.0,3.0,3.0,1.0,0.25
2,"[0.6744999999999999, 0.0, 2.289457433189311, 0.5146332421196653, 1.0642994527179919, 0.018031152975845826, 0.0, 0.8010375203915171, 1.0061951270851972, 0.29549084355101835, 1.970968294479819, 0.8628332631689734, 0.4026129295374415, 0.6745]",0.7553256613726272,0.6744999999999999,0.6598097509345074,0.0,2.289457433189311,14.0,2.0,3.0,0.75
3,"[0.9949980204278537, 0.8355344345743086, 0.5134655654256913, 0.5134655654256911, 0.4495666113763248, 0.4495666113763248, 1.114570454729347, 0.8994333886236752]",0.721325081494902,0.6745,0.2520966172613744,0.4495666113763248,1.114570454729347,8.0,2.0,2.0,0.5
