Cluster,Dist,mean,median,std,min,max,bag_count,day_count,Cluster_Rank,Cluster_perc
0,"[0.6745, 4.298990168539326, 0.0, 4.9050928370786515, 0.5816615168539325, 0.6745, 0.6745, 2.1748138888888886, 0.6297972222222222, 0.6832083333333333, 0.6297972222222222, 0.6657916666666667, 1.427586111111111, 0.8427100674013054, 2.2132144003423564, 0.15673627902000645, 0.14071627260083464, 0.16582871509575267, 3.259421846581791, 0.9552830854819726, 0.6296872793409649, 5.774562854391783, 5.102299882315181, 0.288648764309404, 0.5555045469134482, 0.8503592596555043, 4.700356478014336, 1.0674231304161763, 0.15947844228094574, 1.2113145394244142, 0.6084715951642239, 0.7193127206590351, 3.687776612816946, 0.4882493848293571, 0.27897903070503904, 1.4705211297742589, 0.030741093398951515, 0.9544171391890446, 0.030741093398951515, 0.4411996362469241, 0.2128784636781856, 0.074894910773298, 0.7147708746419916, 4.084150253359771, 2.4293293677021373, 0.6342291253580083, 0.07489491077329825, 0.6745, 0.1898660754888586, 0.0, 2.0219663483401544, 0.7522561391541611, 0.7406545023696682, 0.7407554502369668, 0.07073080568720373, 0.0, 0.6745, 0.8459767772511848, 0.3528464454976302]",1.1880236389321657,0.6745,1.4346998475817532,0.0,5.774562854391783,59.0,7.0,3.0,1.0
1,"[0.43101314546599473, 0.6745, 1.4833265900503776, 0.0, 3.138357603904281, 1.2212794655093646, 0.6745, 0.1358860210141616, 0.6276640018273184, 0.0, 1.5247890589310185, 2.2301022156235724]",1.0117848418605073,0.6745,0.9157421611645196,0.0,3.138357603904281,12.0,2.0,2.0,0.67
2,"[1.37563455785569, 0.0, 0.6745, 0.6745, 0.6745000000000001, 0.6745000000000001, 0.6745, 0.0, 0.0, 0.0, 0.6744999999999999, 0.6745000000000001, 1.2022809667673715, 0.6745, 0.4348589123867068, 0.8382004028197381, 0.0, 0.6744999999999999, 0.6745000000000001, 0.0, 0.0]",0.5045702304680717,0.6745,0.4042995813938779,0.0,1.37563455785569,21.0,11.0,1.0,0.33
