Cluster,Dist,mean,median,std,min,max,bag_count,day_count,Cluster_Rank,Cluster_perc
0,"[0.6745, 0.6745, 0.6745, 0.6745, 2.9353240740718185, 0.5121203703704074, 0.8368796296295926, 0.012490740741147522, 2.610564814812633, 0.012490740740481879, 0.6745, 0.6745]",0.9139058641971735,0.6745,0.8708777781756225,0.012490740740481879,2.9353240740718185,12.0,4.0,3.0,1.0
1,"[0.0, 0.0, 0.0, 0.0, 0.0, 0.6744999999993088, 0.6745000000006912, 0.0]",0.168625,0.0,0.2920670674263019,0.0,0.6745000000006912,8.0,7.0,1.0,0.33
2,"[0.6822041690462584, 0.6983829240433855, 0.6667958309537211, 0.6667958309537416]",0.6785446887492765,0.6745,0.013067313176666385,0.6667958309537211,0.6983829240433855,4.0,1.0,2.0,0.67
