Cluster,Dist,mean,median,std,min,max,bag_count,day_count,Cluster_Rank,Cluster_perc
0,"[0.0, 0.0, 0.0, 0.0]",0.0,0.0,0.0,0.0,0.0,4.0,4.0,1.0,0.33
1,"[151.59387500001685, 0.0, 0.6745, 39.52569999998694, 0.0, 0.6745]",32.07809583333396,0.6745,55.33213111859804,0.0,151.59387500001685,6.0,2.0,3.0,1.0
2,"[0.6846845286243757, 0.6743335458396743, 0.6746664541603257, 0.674333545839674]",0.6770045186160123,0.6745,0.004436138249406402,0.674333545839674,0.6846845286243757,4.0,1.0,2.0,0.67
