Cluster,Dist,mean,median,std,min,max,bag_count,day_count,Cluster_Rank,Cluster_perc
0,"[0.07391780821917134, 0.07391780821917134, 0.34186986301366745, 1.0071301369863326, 927.7886095890585, 2239.8389452055217, 0.24023287671230684, 2.905893835616512, 397.7960107143297, 0.38061071428568216, 0.8527607142857463, 0.3998821428571107, 4.504696428572038, 0.38061071428581056, 3.3676821428576247, 0.49623928571425363]",223.77806312378348,0.6745,571.9882334247836,0.07391780821917134,2239.8389452055217,16.0,2.0,3.0,1.0
1,"[0.6745000000000477, 0.6744999999999521, 0.0, 0.0]",0.33724999999999994,0.33724999999997607,0.33724999999999994,0.0,0.6745000000000477,4.0,3.0,1.0,0.33
2,"[0.7716737288134993, 0.5773262711863484, 0.5773262711865006, 5.378851694914535]",1.8262944915252208,0.6744999999999999,2.052603886976764,0.5773262711863484,5.378851694914535,4.0,1.0,2.0,0.67
