Cluster,Dist,mean,median,std,min,max,bag_count,day_count,Cluster_Rank,Cluster_perc
0,"[1.866116666665688, 0.6745, 0.0, 0.24731666666700616, 1.5738333333323349, 0.6745, 0.6745]",0.8158238095235756,0.6745,0.6240855757515255,0.0,1.866116666665688,7.0,2.0,2.0,0.67
1,"[0.0, 0.0, 0.6745000000001996, 0.6744999999998004, 0.0, 0.0, 0.0, 0.0, 0.6745000000000331, 0.6744999999999669, 0.0, 0.674499999999281, 0.6745000000007189, 0.0, 0.0, 0.0, 0.0]",0.23805882352941174,0.0,0.32233317081923263,0.0,0.6745000000007189,17.0,14.0,1.0,0.33
2,"[0.03695890410933947, 0.03695890410983186, 0.3141506849320937, 9.72019178082177, 876.5543287671395, 1.0348493150679063, 1.515315068493751, 0.2956712328771777]",111.18855308219393,0.6745,289.29707366595613,0.03695890410933947,876.5543287671395,8.0,1.0,3.0,1.0
