Cluster,Dist,mean,median,std,min,max,bag_count,day_count,Cluster_Rank,Cluster_perc
0,"[0.0, 0.0, 0.0, 0.0, 0.0]",0.0,0.0,0.0,0.0,0.0,5.0,5.0,1.5,0.5
1,"[0.008740820734340278, 335.82597462202983, 1.3402591792656597, 0.008740820734340278]",84.29592886069103,0.6745,145.22195700750711,0.008740820734340278,335.82597462202983,4.0,1.0,3.0,1.0
2,[0.0],0.0,0.0,0.0,0.0,0.0,1.0,1.0,1.5,0.5
