Cluster,Dist,mean,median,std,min,max,bag_count,day_count,Cluster_Rank,Cluster_perc
0,"[0.6745, 0.6745, 0.0, 0.6745, 36.241926174496854, 0.6745, 0.6745]",5.659203739213837,0.6745,12.487512936382014,0.0,36.241926174496854,7.0,3.0,2.0,0.67
1,"[0.0, 0.0, 0.0, 0.0, 0.0, 0.0]",0.0,0.0,0.0,0.0,0.0,6.0,6.0,1.0,0.33
2,"[0.39713551401874336, 0.11977102803731882, 23.35535046728792, 0.3845280373831477, 0.11977102803731882, 23.115808411213283, 0.33409813084110107, 0.3088831775699098, 23.052771028035636, 0.3845280373831477, 7.86076168224232, 23.456210280372012, 0.5988551401869301, 6.978238317756336, 23.78400467289548, 0.22063084112141212, 0.75014485981307, 22.876266355138643]",8.783208722740763,0.6745000000000001,10.472133542517225,0.11977102803731882,23.78400467289548,18.0,1.0,3.0,1.0
