Cluster,Dist,mean,median,std,min,max,bag_count,day_count,Cluster_Rank,Cluster_perc
0,"[0.0, 0.0, 0.0, 0.0]",0.0,0.0,0.0,0.0,0.0,4.0,4.0,1.0,0.33
1,"[0.6745, 0.6745]",0.6745,0.6745,0.0,0.6745,0.6745,2.0,1.0,2.0,0.67
2,"[887.1976235293704, 0.12696470588243877, 0.12696470588233302, 1.2220352941175612]",222.16839705881316,0.6745,383.9550631909175,0.12696470588233302,887.1976235293704,4.0,1.0,3.0,1.0
