Cluster,Dist,mean,median,std,min,max,bag_count,day_count,Cluster_Rank,Cluster_perc
0,"[0.0, 0.6744999999999942, 0.6745000000000058, 0.0, 0.0, 0.0, 0.0]",0.1927142857142857,0.0,0.304708040254796,0.0,0.6745000000000058,7.0,6.0,1.0,0.33
1,"[0.6745, 0.6745, 0.6745, 0.6745]",0.6745,0.6745,0.0,0.6745,0.6745,4.0,2.0,2.0,0.67
2,"[3.778690607734799, 0.6745, 0.0]",1.484396869244933,0.6745,1.6455141813134184,0.0,3.778690607734799,3.0,1.0,3.0,1.0
