Cluster,Dist,mean,median,std,min,max,bag_count,day_count,Cluster_Rank,Cluster_perc
0,"[0.0, 0.0]",0.0,0.0,0.0,0.0,0.0,2.0,2.0,1.5,0.5
1,"[12.169088494341482, 0.6070721256355586, 0.7419278743644415, 0.6070721256355586]",3.5312901549942604,0.6745000000000001,4.987339076358328,0.6070721256355586,12.169088494341482,4.0,1.0,3.0,1.0
2,[0.0],0.0,0.0,0.0,0.0,0.0,1.0,1.0,1.5,0.5
