Cluster,Dist,mean,median,std,min,max,bag_count,day_count,Cluster_Rank,Cluster_perc
0,"[0.0, 0.6744999999897301, 0.6745000000102699, 0.6744999999996762, 0.6745000000003238]",0.5396,0.6744999999996762,0.2698,0.0,0.6745000000102699,5.0,3.0,3.0,1.0
1,"[0.6745, 0.00019921730783436164, 0.0, 0.7180231224292123, 0.7172760575248336]",0.42199967945237604,0.6745,0.3448401918104556,0.0,0.7180231224292123,5.0,1.0,2.0,0.67
2,[0.0],0.0,0.0,0.0,0.0,0.0,1.0,1.0,1.0,0.33
