Cluster,Dist,mean,median,std,min,max,bag_count,day_count,Cluster_Rank,Cluster_perc
0,"[0.0, 1.1081071428571427, 0.6745, 47.28726785714815, 0.40951785714301764, 0.3168791946308903, 8.745865771811872, 1.9058020134227742, 0.6745, 0.022634228187886272, 0.9280033557047243, 0.0, 1.0117499999977535, 0.33724999999775346, 0.6745, 0.0, 637.4025000000719]",41.26465161299846,0.6745,149.44129279501715,0.0,637.4025000000719,17.0,3.0,3.0,1.0
1,"[0.0, 0.6745000000002568, 0.6744999999997432, 0.0, 0.6745000000000047, 0.6744999999999954, 0.0, 0.0, 0.6745000000000516, 0.6744999999999484, 0.0, 0.0, 0.0, 0.0, 0.0]",0.26980000000000004,0.0,0.3304361663014507,0.0,0.6745000000002568,15.0,12.0,1.0,0.33
2,"[0.6745, 0.6745]",0.6745,0.6745,0.0,0.6745,0.6745,2.0,1.0,2.0,0.67
