Cluster,Dist,mean,median,std,min,max,bag_count,day_count,Cluster_Rank,Cluster_perc
0,"[0.7757860791826312, 0.0, 0.9636685823754789, 0.32190293742017884, 0.17477969348658998, 0.6745, 0.08854597701149432, 1.0167598978288634, 1.2382381864623244, 2.2014971553610487, 0.0, 0.6745]",0.6775148757607176,0.6745,0.6115362382636305,0.0,2.2014971553610487,12.0,2.0,3.0,1.0
1,"[0.0, 0.0, 0.0, 0.0, 0.0, 0.0, 0.0]",0.0,0.0,0.0,0.0,0.0,7.0,7.0,1.0,0.33
2,"[0.6745, 0.6745, 0.6745, 0.6745]",0.6745,0.6745,0.0,0.6745,0.6745,4.0,2.0,2.0,0.67
