Cluster,Dist,mean,median,std,min,max,bag_count,day_count,Cluster_Rank,Cluster_perc
0,"[0.0, 0.0, 0.0, 0.0, 0.0, 0.0, 0.0]",0.0,0.0,0.0,0.0,0.0,7.0,7.0,1.0,0.33
1,"[0.6745, 0.6745]",0.6745,0.6745,0.0,0.6745,0.6745,2.0,1.0,2.0,0.67
2,"[336.86457142860866, 0.0, 1.7344285714298553, 0.1927142857142857, 115.2431428571557, 0.0, 115.05042857144012, 0.5781428571428572, 0.0, 0.7708571428571428, 0.5781428571428572, 0.5781428571428572, 0.0, 1.3490000000012836, 0.1927142857142857, 0.1927142857142857, 5.781428571429855, 114.47228571429727, 1.1562857142857144, 0.7708571428571428, 0.9635714285714285, 0.7708571428571428, 0.0, 1.7344285714298553, 0.0, 0.0]",26.883642857145865,0.6745,71.88523537298502,0.0,336.86457142860866,26.0,1.0,3.0,1.0
