Cluster,Dist,mean,median,std,min,max,bag_count,day_count,Cluster_Rank,Cluster_perc
0,"[0.0, 0.0, 0.6745000000017972, 0.6744999999982028, 0.6745000000001873, 0.6744999999998128, 0.0, 0.674499999999983, 0.674500000000017, 0.0, 0.0, 0.0, 0.674499999999995, 0.674500000000005, 0.6745000000044931, 0.6744999999955069, 0.0]",0.39676470588235296,0.6744999999982028,0.3319571693513141,0.0,0.6745000000044931,17.0,12.0,2.0,0.29
1,"[0.6745, 0.6745, 0.6745, 0.6745]",0.6745,0.6745,0.0,0.6745,0.6745,4.0,2.0,3.0,0.43
2,"[0.0, 1.1544326923077788, 0.5318173076923941, 0.6745, 22.920028846156523, 2.113433333332694, 0.4046999999995207, 0.6745, 0.0, 79.99569999997317]",10.846911217946209,0.6745,23.99008282317623,0.0,79.99569999997317,10.0,2.0,7.0,1.0
3,"[60.17856097560677, 1.941243902438928, 0.06580487804876979, 0.26321951219507916, 0.06580487804876979, 0.7238536585364677, 0.6251463414635322, 0.329024390243849, 18.754390243901582, 0.8883658536586113]",8.383541463414236,0.6744999999999999,18.09974385398414,0.06580487804876979,60.17856097560677,10.0,1.0,6.0,0.86
4,"[0.0, 0.6745, 8.73784090908908, 12.590666666660802, 0.6745000000000001, 0.0]",3.779584595958314,0.6745000000000001,5.0012180692221015,0.0,12.590666666660802,6.0,2.0,5.0,0.71
5,"[0.0, 0.0, 0.0]",0.0,0.0,0.0,0.0,0.0,3.0,1.0,1.0,0.14
6,"[1.8228850482314718, 0.04337620578779022, 0.6745, 0.0, 1.8814429260449694]",0.8844408360128462,0.6745,0.8256380764261717,0.0,1.8814429260449694,5.0,1.0,4.0,0.57
