Cluster,Dist,mean,median,std,min,max,bag_count,day_count,Cluster_Rank,Cluster_perc
0,"[0.0, 0.0]",0.0,0.0,0.0,0.0,0.0,2.0,2.0,1.5,0.5
1,"[9.208391304348185, 0.39590217391306365, 0.3225869565217646, 0.5718586956522302, 8.665858695652524, 0.6891630434782599, 0.5865217391304411, 0.8944456521739459, 0.6744999999999999, 27.25859782608796, 0.014663043478259807, 26.261510869566195, 8.445913043478576, 0.39590217391306365, 0.967760869565245, 0.0, 27.18528260869666, 27.786467391305365, 0.0, 0.6305108695652206, 8.680521739130782, 0.24927173913041673, 0.014663043478259807]",6.517404064272454,0.6744999999999999,9.951308280528593,0.0,27.786467391305365,23.0,1.0,3.0,1.0
2,[0.0],0.0,0.0,0.0,0.0,0.0,1.0,1.0,1.5,0.5
