Cluster,Dist,mean,median,std,min,max,bag_count,day_count,Cluster_Rank,Cluster_perc
0,"[0.0, 0.6744999999999886, 0.6745000000000114, 0.0, 0.0, 0.0, 0.6745000000000259, 0.6744999999999742, 0.0, 0.0, 0.0]",0.2452727272727273,0.0,0.324465319875103,0.0,0.6745000000000259,11.0,9.0,1.0,0.2
1,"[2.2804523809527018, 0.0, 0.6745, 1.1275223880597234, 1.2281940298507583, 0.02013432835820695, 0.02013432835820695, 0.7248358208955173, 0.6241641791044825]",0.7444374950643997,0.6745,0.6962817627223186,0.0,2.2804523809527018,9.0,2.0,3.0,0.6
2,"[0.822560975609732, 0.6745, 0.5099878048780206, 0.6580487804877527, 1.0035243902438489, 0.7074024390243301, 0.3619268292682887, 0.7896585365852923, 1.036426829268234, 0.37837804878048115, 0.8554634146341169, 0.7732073170730999, 2.368975609755987, 0.21386585365855665, 0.411280487804866, 0.411280487804866, 0.5099878048780206, 0.5264390243902132, 0.14806097560973203, 0.3948292682926735, 0.11515853658534715, 0.3619268292682887, 0.24676829268288672, 0.5099878048780206, 0.13160975609753958, 0.3948292682926735, 2.3360731707316016, 0.23031707317074906, 0.5264390243902132, 2.484134146341334, 0.13160975609753958, 3.109280487804702, 0.26321951219507916, 0.6415975609755603, 1.1844878048780207, 0.04935365853657735, 0.5428902439024056, 0.9870731707316566, 2.319621951219409, 0.11515853658534715, 0.7074024390243848, 0.9870731707316566, 0.13160975609753958, 2.2373658536583925, 0.0, 1083.3128048779922, 0.8390121951219246, 1.3983536585365226, 0.5264390243902132, 1.2338414634145431, 0.6580487804877527, 1.5793170731706396, 1.3160975609755055, 0.789658536585347, 1.3654512195121375, 0.8554634146341169, 0.7403048780487698, 0.04935365853657735, 0.2796707317073264, 0.6909512195121924, 2.7802560975607977, 0.7074024390243848, 1.1351341463413887]",18.008862756483772,0.6745,135.29557086615915,0.0,1083.3128048779922,63.0,1.0,5.0,1.0
3,"[0.6745, 0.6745, 0.6745, 0.6745]",0.6745,0.6745,0.0,0.6745,0.6745,4.0,2.0,2.0,0.4
4,"[0.5465775862069112, 0.8024224137930888, 2.802663793103436, 0.5465775862069112]",1.174560344827587,0.6745,0.9457711361968094,0.5465775862069112,2.802663793103436,4.0,1.0,4.0,0.8
