Cluster,Dist,mean,median,std,min,max,bag_count,day_count,Cluster_Rank,Cluster_perc
0,"[0.6745, 0.6745, 0.6745, 0.6745]",0.6745,0.6745,0.0,0.6745,0.6745,4.0,2.0,3.0,1.0
1,"[0.0, 0.0, 0.0, 0.6745000000000803, 0.6744999999999198]",0.26980000000000004,0.0,0.33043616630145073,0.0,0.6745000000000803,5.0,4.0,1.0,0.33
2,"[0.0, 0.6745, 0.7280317460317404]",0.4675105820105801,0.6745,0.3313014942890189,0.0,0.7280317460317404,3.0,1.0,2.0,0.67
