Cluster,Dist,mean,median,std,min,max,bag_count,day_count,Cluster_Rank,Cluster_perc
0,"[0.6981666666666638, 0.650833333333336, 0.650833333333336, 0.8164999999999835, 0.6744999999999999, 0.0, 3.188545454545863, 0.558570312500012, 1.7600234375000274, 0.453179687500023, 2.2237421874999788, 0.7904296874999879, 0.453179687500023, 1.4663043478262823, 1.612934782608891, 0.6745, 0.2346086956521739, 0.0]",0.9392695341092546,0.6744999999999999,0.7956406444114135,0.0,3.188545454545863,18.0,4.0,3.0,1.0
1,"[0.674499999999893, 0.6745000000001069, 0.6745000000001045, 0.6744999999998955, 0.6745000000014977, 0.6744999999985023, 0.6745, 0.0, 1.5738333333326344, 0.0, 0.0, 0.0, 0.0, 0.0, 0.0, 0.0, 0.6745000000044931, 0.6744999999955069]",0.4246851851851463,0.6744999999970046,0.42979765871250736,0.0,1.5738333333326344,18.0,12.0,1.0,0.33
2,"[0.6745, 0.6745, 0.6745, 0.6745, 0.6745000000000001, 0.6745000000000001, 0.6745000000000001, 0.6745000000000001]",0.6745000000000001,0.6745000000000001,7.850462293418876e-17,0.6745,0.6745000000000001,8.0,4.0,2.0,0.67
