Cluster,Dist,mean,median,std,min,max,bag_count,day_count,Cluster_Rank,Cluster_perc
0,"[0.692288213132391, 0.6610680839612478, 0.6429168460710407, 0.6429168460710407, 0.7510982238966514, 0.6879319160387521, 0.674499999999281, 0.6745000000007189]",0.6784025161463905,0.6744999999999999,0.03243781615169061,0.6429168460710407,0.7510982238966514,8.0,2.0,1.0,0.33
1,"[0.16713274336298103, 21.166168141593978, 1.181867256637337, 0.023876106194847903, 0.02387610619452981, 22.0376460177002, 0.5610884955751086, 21.41686725663829, 0.7879115044248913, 0.10744247787617939, 0.6745, 0.39970370370340785, 43.86748148145367, 0.0, 2.498148148146965, 43.94242592589789, 0.19985185185170393]",9.356234542191293,0.6745,14.889283109167184,0.0,43.94242592589789,17.0,2.0,2.0,0.67
2,"[38.63620312500407, 0.4215625, 39.584718750004214, 0.021078125000140408, 0.04215624999971918, 1.2436093749998596, 0.2529375, 0.0, 0.48479687499985963, 0.14754687499985958, 0.23185937499985962, 0.4215625, 1.053906250000281, 38.86806250000449, 0.48479687499985963, 0.6745, 50.355640625005755, 37.60337500000449, 0.23185937499985962, 37.455828125004075, 37.79307812500407, 0.33725, 38.38326562500407, 37.26612500000393, 38.952375000004494, 0.14754687499985958, 37.37151562500407]",16.239524305557293,0.6745,19.255706344569322,0.0,50.355640625005755,27.0,1.0,3.0,1.0
