Cluster,Dist,mean,median,std,min,max,bag_count,day_count,Cluster_Rank,Cluster_perc
0,"[2.1583999999971244, 0.5395999999992811, 0.044966666665708144, 0.22483333333213518, 0.22483333333333333, 0.6745, 21.71889999997316, 1.4838999999983224, 0.0, 2.3832333333304576, 2.1583999999971244, 0.6745000000000001, 0.0, 0.4746481481487645, 1.0991851851854562, 13.390074074078708]",2.9531233796274736,0.6745000000000001,5.763064120418689,0.0,21.71889999997316,16.0,2.0,3.0,0.75
1,"[0.5845666666667785, 0.27879333333329814, 0.0, 1.3040333333337486, 4.55062666666767, 4.622573333334343, 0.6745, 0.6745, 0.6745]",1.4848992592595376,0.6745,1.690392872974587,0.0,4.622573333334343,9.0,2.0,2.0,0.5
2,"[1.0454750000002246, 0.2698, 0.30352499999977534, 1.332137500000337, 0.2698, 2.950937500000337, 0.6745, 0.0, 3.5800384615443104, 0.6695766423356037, 0.4332554744524494, 0.7581970802921144, 0.4332554744527118, 0.6794233576643964, 0.9354379562040864, 0.6745, 0.0, 129.5039999991493, 0.0, 6.370277777777334, 0.6744999999999999, 0.6745, 0.0, 0.8543666666669661]",6.3786459954391646,0.6745,25.710965971410353,0.0,129.5039999991493,24.0,6.0,4.0,1.0
3,"[0.0, 0.0, 0.0, 0.6744999999999625, 0.6745000000000375, 0.0, 0.0, 0.6745000000002018, 0.6744999999997981, 0.6745000000005135, 0.6744999999994865, 0.0]",0.33725,0.33724999999974326,0.33725,0.0,0.6745000000005135,12.0,9.0,1.0,0.25
