Cluster,Dist,mean,median,std,min,max,bag_count,day_count,Cluster_Rank,Cluster_perc
0,"[0.0, 0.0, 0.0, 0.0, 0.6745000000000001, 0.6745, 0.0, 0.6745000000000002, 0.6744999999999998, 0.0]",0.2698,0.0,0.33043616630145073,0.0,0.6745000000000002,10.0,8.0,1.0,0.2
1,"[0.6744999999999999, 0.6745, 0.6745, 0.6745, 0.6745, 0.6745, 0.6745, 0.6745, 0.6745, 0.6745, 0.6745, 0.6745]",0.6745,0.6745,3.204937810639273e-17,0.6744999999999999,0.6745,12.0,6.0,2.0,0.4
2,"[840.8053780487368, 0.6745, 0.0, 0.6745, 0.0, 2.7654500000001496, 0.6745, 0.0, 4.148175000000674, 291.689248175172, 0.0, 0.6745]",95.17552093532579,0.6745,238.63542952648532,0.0,840.8053780487368,12.0,4.0,5.0,1.0
3,"[0.7009580418958121, 0.6480419581041875, 0.6480419581041879, 0.9134146777724386, 5.104948630137167, 0.7345582191779844, 0.6144417808220156, 0.6144417808218925]",1.2473558808544607,0.6745,1.4608886618561352,0.6144417808218925,5.104948630137167,8.0,2.0,3.0,0.6
4,"[0.0, 0.6730205470614794, 0.6745, 4.398805206115733, 4.324440939294238]",2.01415333849429,0.6745,1.9325690275239003,0.0,4.398805206115733,5.0,1.0,4.0,0.8
