Cluster,Dist,mean,median,std,min,max,bag_count,day_count,Cluster_Rank,Cluster_perc
0,"[0.0, 0.0]",0.0,0.0,0.0,0.0,0.0,2.0,2.0,1.5,0.5
1,"[50.250250000005614, 0.0843125, 1.2646875, 0.6745, 0.6745, 0.6745, 0.7588125, 0.168625, 0.2529375, 0.9274374999999999, 0.33725, 0.0, 0.2529375, 158.50750000001742, 157.9173125000174, 51.00906250000561, 0.0, 51.43062500000561, 0.4215625, 0.2529375, 1.6862500000005616, 0.0843125, 0.505875, 167.86618750001853, 50.58750000000562, 0.0843125, 0.0843125]",25.8058703703732,0.6745,51.13538992282443,0.0,167.86618750001853,27.0,1.0,3.0,1.0
2,[0.0],0.0,0.0,0.0,0.0,0.0,1.0,1.0,1.5,0.5
