Cluster,Dist,mean,median,std,min,max,bag_count,day_count,Cluster_Rank,Cluster_perc
0,"[0.0, 479.1198333333857, 0.6745, 0.0, 0.6745, 21.205871212121387, 176.88762500001965, 0.0, 0.6745]",75.47075883839187,0.6745,152.76473612839,0.0,479.1198333333857,9.0,3.0,3.0,1.0
1,"[0.0, 0.0, 0.6745000000000022, 0.6744999999999978, 0.0, 0.0, 0.0, 0.0, 0.0, 1.8736111111097244, 0.6745, 0.0]",0.32475925925914373,0.0,0.5484558952169903,0.0,1.8736111111097244,12.0,9.0,1.0,0.33
2,"[0.6745, 0.6745, 0.6745, 0.6745]",0.6745,0.6745,0.0,0.6745,0.6745,4.0,2.0,2.0,0.67
