Cluster,Dist,mean,median,std,min,max,bag_count,day_count,Cluster_Rank,Cluster_perc
0,"[1.6862500000022465, 0.6745, 0.0, 0.0]",0.5901875000005616,0.33725,0.6901275555793879,0.0,1.6862500000022465,4.0,2.0,1.0,0.33
1,"[0.6745, 0.6745]",0.6745,0.6745,0.0,0.6745,0.6745,2.0,1.0,2.0,0.67
2,"[0.0, 0.6745, 79.86080000011538]",26.845100000038457,0.6745,37.48877229639222,0.0,79.86080000011538,3.0,1.0,3.0,1.0
