Cluster,Dist,mean,median,std,min,max,bag_count,day_count,Cluster_Rank,Cluster_perc
0,"[0.674500000000155, 0.6744999999998451, 0.0, 0.0, 0.0, 0.0, 0.0, 0.6744999999999622, 0.6745000000000377, 0.0]",0.26980000000000004,0.0,0.33043616630145073,0.0,0.674500000000155,10.0,8.0,1.0,0.33
1,"[0.6745, 0.6745, 0.6745, 0.6745]",0.6745,0.6745,0.0,0.6745,0.6745,4.0,2.0,2.0,0.67
2,"[0.2771917808218925, 0.0, 19.92084931506889, 0.6745, 0.8223356164383426, 19.84693150684972, 0.027719178082189252]",5.938503913894432,0.6745,8.824389224320612,0.0,19.92084931506889,7.0,1.0,3.0,1.0
