Cluster,Dist,mean,median,std,min,max,bag_count,day_count,Cluster_Rank,Cluster_perc
0,"[0.3372499999966302, 1.0117499999988768, 5.058749999980904, 0.33725000000112326, 3.035249999987644, 0.33725000000112326, 0.6745, 0.0, 70.14800000000899, 402.0020000000449, 0.0]",43.90381818182002,0.6745,114.95452683672029,0.0,402.0020000000449,11.0,2.0,6.0,0.86
1,"[0.6745000000044931, 0.6744999999955069, 0.6745, 0.0, 1.517625, 0.0, 0.6744999999999925, 0.6745000000000074, 0.0, 0.0]",0.48901249999999996,0.6744999999977497,0.46761144543974753,0.0,1.517625,10.0,6.0,2.0,0.29
2,"[0.0, 80.40040000000899, 0.6745, 5.396, 0.0, 0.6745]",14.524233333334829,0.6745,29.51985465505805,0.0,80.40040000000899,6.0,2.0,5.0,0.71
3,"[0.6131818181818182, 0.24527272727272725, 36.852227272731355, 0.24527272727272725, 0.7358181818181818, 0.24527272727272725, 22107.35068182062, 22044.070318184247]",5523.7947556824265,0.6745,9556.273342177905,0.24527272727272725,22107.35068182062,8.0,1.0,7.0,1.0
4,"[0.0, 0.0, 0.0]",0.0,0.0,0.0,0.0,0.0,3.0,1.0,1.0,0.14
5,"[0.5058750000003744, 28.610041666670035, 0.8431249999996255, 0.5058749999996256, 0.6745, 1.68625, 0.6745, 0.6745]",4.271833333333707,0.6745,9.205819983546565,0.5058749999996256,28.610041666670035,8.0,2.0,4.0,0.57
6,"[0.6745, 0.6745]",0.6745,0.6745,0.0,0.6745,0.6745,2.0,1.0,3.0,0.43
