Cluster,Dist,mean,median,std,min,max,bag_count,day_count,Cluster_Rank,Cluster_perc
0,"[0.0, 0.0, 0.0]",0.0,0.0,0.0,0.0,0.0,3.0,3.0,1.0,0.33
1,"[1994.541466678403, 0.0, 0.6745, 0.6745, 0.0, 30151.499000133295]",5357.898244468616,0.6745,11111.920378125167,0.0,30151.499000133295,6.0,2.0,3.0,1.0
2,"[0.02810416666460734, 0.028104166667602726, 1.3208958333323972, 3.3443958333308994]",1.1803749999988766,0.6745,1.356299046891445,0.02810416666460734,3.3443958333308994,4.0,1.0,2.0,0.67
