Cluster,Dist,mean,median,std,min,max,bag_count,day_count,Cluster_Rank,Cluster_perc
0,"[0.0, 0.0, 0.0, 0.6744999999995915, 0.6745000000004084, 0.0]",0.22483333333333333,0.0,0.3179623492735508,0.0,0.6745000000004084,6.0,5.0,2.0,0.67
1,"[43.518740000004854, 0.18885999999982028, 0.18886000000017972, 1.1601399999998203]",11.26415000000117,0.6745,18.626417337458626,0.18885999999982028,43.518740000004854,4.0,1.0,3.0,1.0
2,[0.0],0.0,0.0,0.0,0.0,0.0,1.0,1.0,1.0,0.33
