Cluster,Dist,mean,median,std,min,max,bag_count,day_count,Cluster_Rank,Cluster_perc
0,"[51.936500000005616, 0.0, 0.6745, 9.443000000001225, 4.78281818181859, 0.24527272727272725, 0.6131818181818182, 0.4905454545454545, 0.24527272727272725, 0.7358181818181818, 24.772545454548315, 2.312571428571039, 0.0, 1.6862499999997593, 0.62632142857144, 0.6745, 1.14371739130428, 0.6744999999999023, 0.0, 3.225869565217315, 0.6745]",4.997984969482303,0.6745,11.795769847467545,0.0,51.936500000005616,21.0,4.0,3.0,1.0
1,"[0.6745000000000725, 0.6744999999999276, 0.0, 0.6745000000000936, 0.6744999999999064, 0.0, 0.0, 0.6744999999999781, 0.6745000000000219, 0.0, 0.0, 0.0, 0.0]",0.31130769230769234,0.0,0.3362507385443155,0.0,0.6745000000000936,13.0,10.0,1.0,0.33
2,"[0.6745, 0.6745, 0.6745, 0.6745, 0.6745, 0.6745, 0.6745, 0.6745, 0.6745, 0.6745]",0.6745,0.6745,0.0,0.6745,0.6745,10.0,5.0,2.0,0.67
