Cluster,Dist,mean,median,std,min,max,bag_count,day_count,Cluster_Rank,Cluster_perc
0,"[0.22845967741925782, 1.1205403225805972, 2.0126209677419364, 0.22845967741940276, 0.0, 0.6744999999999999, 62.52321739129307, 0.6924214975845412, 0.6800393719806779, 0.6865562801932376, 0.7080620772946888, 0.6578818840579707, 0.6578818840579707, 0.6598369565217386, 0.6689606280193221, 25.088991071428314, 0.0, 25.004678571428325, 0.33725000000004013, 0.6745, 8.063514124293762, 0.6745000000000001, 0.0, 0.6745, 0.6745, 5.058750000002247, 0.6745, 0.0, 0.0, 0.6745, 6.225694690265428]",4.710494099147824,0.6745,12.204884508041808,0.0,62.52321739129307,31.0,8.0,2.0,0.67
1,"[1.7188870967739691, 0.6309838709677513, 0.2828548387097616, 0.2828548387097616, 93.4508870967644, 0.4134032258065077, 0.7180161290322487, 2.4151451612899484, 0.18182173913045277, 24.240943478260757, 0.46335217391302885, 1.026413043478259, 0.885647826086971, 0.18182173913045277, 0.24047391304348947, 24.745352173912952, 44.1490909090869, 43.49503030302629, 0.6745, 43.18843939393544, 0.4292272727271861, 0.36790909090901663, 0.0, 0.7708571428571275, 0.16059523809521262, 33.773178571426854, 0.16059523809531961, 0.5781428571428725, 33.96589285714121, 0.17650467289718527, 12.638995327103444, 12.77767757009409, 0.0, 0.6051588785046772, 0.6745, 12.891144859813709, 0.7959099999999838, 27.600539999999377, 0.47215000000002694, 0.6745, 0.0, 0.2529375000000117, 0.5691093750000147, 0.6534218750000029, 14.536880208332907, 0.6744999999999999, 14.073161458332926, 14.56498437499957, 14.326098958332889, 0.0]",9.651009845557299,0.6745,17.53372019105007,0.0,93.4508870967644,50.0,7.0,3.0,1.0
2,"[1.9044705882355581, 0.6745, 0.0, 0.6744999999999979, 0.6745000000000021, 0.6744999999999979, 0.6745000000000021, 0.0]",0.6596213235294448,0.674499999999999,0.5501087560447027,0.0,1.9044705882355581,8.0,4.0,1.0,0.33
