Cluster,Dist,mean,median,std,min,max,bag_count,day_count,Cluster_Rank,Cluster_perc
0,"[0.6745, 0.6745, 0.33725, 0.6745, 32802.284000003616, 12270.166750001352, 0.0]",6439.258785714995,0.6745,11565.332761579606,0.0,32802.284000003616,7.0,2.0,3.0,1.0
1,"[0.1349, 0.1349, 0.2698, 0.1349, 0.5396, 0.6745000000008986, 0.0, 0.1349, 0.0, 0.1349, 5.8007, 0.1349, 0.1349, 0.6745, 0.5396, 1.0792, 1.349, 79.86080000000898, 0.5396, 0.5396, 1.2141, 0.4047, 0.6745, 0.1349, 1.0792, 0.6745000000008986, 0.2698, 0.4047, 1.0792, 0.5396, 248.75560000002787, 80.53530000000899, 0.1349, 0.0, 0.5396, 0.8094, 1.4838999999999998, 1.0792, 80.40040000000899, 1.2141, 0.9443, 79.86080000000898, 1998.27370000022, 0.4047, 0.0, 1.0792, 80.940000000009, 0.6745, 1.0792, 0.6745, 80.80510000000898, 0.4047, 0.9443, 0.0, 79.72590000000899, 80.940000000009, 1.2141, 0.0, 1.0792, 1.349, 0.5396, 0.2698, 0.5396, 0.0, 79.99570000000898, 0.5396, 0.8094, 1.6188, 0.6745000000008986, 0.1349, 1.2141, 2.0235000000008987, 0.0, 0.0, 0.8094, 0.8094, 0.5396, 0.4047, 0.1349, 80.40040000000899, 0.1349, 0.5396, 1.2141, 0.1349, 81.34470000000898, 0.2698, 0.2698, 1.4838999999999998, 0.0, 0.0, 81.07490000000898, 0.2698, 0.9443]",35.094307526885586,0.6745,207.86322024070702,0.0,1998.27370000022,93.0,1.0,2.0,0.67
2,"[2.0235, 0.6745, 0.0, 0.0, 0.0, 0.0]",0.44966666666666666,0.0,0.7456878070315722,0.0,2.0235,6.0,4.0,1.0,0.33
