Cluster,Dist,mean,median,std,min,max,bag_count,day_count,Cluster_Rank,Cluster_perc
0,"[0.6744999999999999, 0.0, 0.7971363636365679, 0.43360714285718105, 1.589892857142712, 0.9153928571428189, 0.43360714285718105, 0.0, 0.8788939393940755, 0.6745, 2.1584, 0.0, 0.6745]",0.7100331002331182,0.6745,0.5960927195020742,0.0,2.1584,13.0,4.0,4.0,1.0
1,"[0.0, 0.0, 0.6744999999993581, 0.6745000000006418, 0.0, 0.0, 0.6744999999998128, 0.6745000000001873, 0.6744999999998451, 0.674500000000155]",0.40469999999999995,0.6744999999995854,0.33043616630145073,0.0,0.6745000000006418,10.0,7.0,2.0,0.5
2,"[0.6745, 0.6745, 0.6745, 0.6745, 0.6745, 0.6745, 0.6745, 0.6745]",0.6745,0.6745,0.0,0.6745,0.6745,8.0,4.0,3.0,0.75
3,"[0.0, 0.0, 0.0]",0.0,0.0,0.0,0.0,0.0,3.0,1.0,1.0,0.25
