Cluster,Dist,mean,median,std,min,max,bag_count,day_count,Cluster_Rank,Cluster_perc
0,"[0.0, 0.0, 0.0, 0.0, 0.0, 0.0, 0.0]",0.0,0.0,0.0,0.0,0.0,7.0,7.0,1.0,0.33
1,"[203.81141666668913, 27721.61275000305, 0.7869166666666667, 1.01175, 0.2248333333333333, 0.6745, 0.4496666666666666, 0.33725, 0.0]",3103.2121203707115,0.6745,8704.149877710746,0.0,27721.61275000305,9.0,1.0,3.0,1.0
2,"[0.6745, 16.862500000002246, 0.0, 221.68346511627996, 0.6745, 0.0]",39.982494186047035,0.6745,81.48334539921566,0.0,221.68346511627996,6.0,2.0,2.0,0.67
