Cluster,Dist,mean,median,std,min,max,bag_count,day_count,Cluster_Rank,Cluster_perc
0,"[0.0, 0.0, 0.6744999999998539, 0.6745000000001461, 0.0, 0.0, 0.0, 0.6745000000000894, 0.6744999999999106, 0.6744999999999896, 0.6745000000000105, 0.0, 0.0]",0.3113076923076923,0.0,0.3362507385443155,0.0,0.6745000000001461,13.0,10.0,2.0,0.67
1,"[0.6745, 0.6745, 0.6745, 0.6745]",0.6745,0.6745,0.0,0.6745,0.6745,4.0,2.0,3.0,1.0
2,[0.0],0.0,0.0,0.0,0.0,0.0,1.0,1.0,1.0,0.33
