Cluster,Dist,mean,median,std,min,max,bag_count,day_count,Cluster_Rank,Cluster_perc
0,"[0.0, 0.0, 0.0, 1.349, 0.6745, 0.6745, 0.0, 0.4496666666666666]",0.39345833333333335,0.2248333333333333,0.4600850370523306,0.0,1.349,8.0,4.0,1.0,0.33
1,"[1.292791666666682, 0.7307083333335049, 0.9555416666667759, 0.9555416666664015, 0.1686249999999532, 0.843124999999766, 0.39345833333322416, 0.6182916666668694, 0.05620833333331773, 0.1686249999999532, 1.2927916666663077, 0.05620833333331773, 0.05620833333331773, 0.1686249999999532, 0.9555416666664015, 2.7542083333329432, 0.6182916666668694, 1.1803750000000468, 1.292791666666682, 0.05620833333331773, 0.7307083333331305, 0.28104166666696306, 0.8431250000001405, 0.8431250000001405, 0.5058749999998595, 0.7307083333335049, 0.7307083333331305, 0.05620833333331773, 0.16862500000032762, 0.28104166666658864, 0.39345833333359853, 0.8431250000001405, 0.28104166666696306, 1.1803750000000468, 0.39345833333322416, 0.5058749999998595, 0.7307083333335049, 24.900291666662376]",1.289833333333222,0.6744999999999999,3.91539076846568,0.05620833333331773,24.900291666662376,38.0,1.0,3.0,1.0
2,"[0.6745, 0.6745, 0.6745, 0.6745, 0.6745, 1.8548750000005616, 1.8449558823528927, 1.011750000000033, 0.019838235294115703, 0.29757352941173554, 1.5672205882352725, 1.884632352941124, 0.6546617647058182, 0.019838235294115703, 0.6943382352941818, 0.2578970588235041]",0.8425050551470846,0.6745,0.6052030443060537,0.019838235294115703,1.884632352941124,16.0,3.0,2.0,0.67
