Cluster,Dist,mean,median,std,min,max,bag_count,day_count,Cluster_Rank,Cluster_perc
0,"[0.0, 0.0]",0.0,0.0,0.0,0.0,0.0,2.0,2.0,1.0,0.33
1,"[0.7203398058251902, 0.5369805825242548, 0.0, 0.6286601941748098, 24.779689320386332, 0.838213592232847, 0.9691844660192295, 0.0, 0.03929126213582746, 24.5963300970854]",5.310868932038389,0.6745,9.69435446281501,0.0,24.779689320386332,10.0,1.0,2.0,0.67
2,"[17.325014285714563, 17.970607142857425, 17.556271428571684, 17.662264285714592, 18.03805714285748, 0.5974142857142288, 0.3661571428572364, 0.05781428571428021, 0.05781428571428021, 0.7612214285714203, 0.3950642857141839, 0.24089285714277003, 0.4336071428570374, 17.565907142857462, 0.857578571428554, 0.6841357142857134, 0.520328571428522, 0.45287857142846416, 0.14453571428576473, 0.6648642857142867, 17.75862142857173, 18.924542857143237, 17.40210000000027, 0.2601642857141968, 17.633357142857516, 0.13489999999998717]",7.0948505494506495,0.6745000000000001,8.456751695984567,0.05781428571428021,18.924542857143237,26.0,1.0,3.0,1.0
