Cluster,Dist,mean,median,std,min,max,bag_count,day_count,Cluster_Rank,Cluster_perc
0,"[2.511931034482801, 2.8142931034471643, 0.06977586206879456, 0.16281034482677414, 1.3024827586203906, 0.37213793103439724, 0.6745, 0.0, 0.5582068965515959, 0.8605689655171986, 0.44191379310319184, 1.1164137931031919, 1.0698965517248218, 0.33153389830519836, 0.8345508474587113, 2.2750084745767563, 0.3772627118648301, 0.6059067796605523, 0.14861864406788955, 0.7430932203394477, 1.3375677966097874, 0.9488728813571816, 0.4458559322024501, 1.4976186440678896, 0.14861864406788955]",0.8659775803623562,0.6745,0.7392123029201191,0.0,2.8142931034471643,25.0,2.0,2.0,0.67
1,"[0.0, 0.6745000000004384, 0.6744999999995617, 0.6745000000009985, 0.6744999999990016, 0.0, 0.0, 0.0]",0.33725000000000005,0.3372499999995008,0.33725,0.0,0.6745000000009985,8.0,6.0,1.0,0.33
2,"[156.8990769230516, 156.83193212667155, 0.6745, 0.0, 0.36624434389130334]",62.9543506787229,0.6745,76.67843635881202,0.0,156.8990769230516,5.0,1.0,3.0,1.0
