Cluster,Dist,mean,median,std,min,max,bag_count,day_count,Cluster_Rank,Cluster_perc
0,"[0.0, 0.0, 0.0, 0.0, 0.0, 0.0, 0.0, 0.0, 0.0, 0.0]",0.0,0.0,0.0,0.0,0.0,10.0,10.0,1.0,0.33
1,"[0.6745, 0.6745]",0.6745,0.6745,0.0,0.6745,0.6745,2.0,1.0,3.0,1.0
2,"[0.12688613861388912, 0.12688613861388912, 0.7679950495049827, 0.5810049504950174, 1.088549504950485, 0.8214207920791441]",0.5854570957095678,0.6745000000000001,0.35653317045223765,0.12688613861388912,1.088549504950485,6.0,1.0,2.0,0.67
