Cluster,Dist,mean,median,std,min,max,bag_count,day_count,Cluster_Rank,Cluster_perc
0,"[4.3008708487084775, 0.12195756457564659, 0.12195756457564451, 1.2270424354243534, 0.6745000000000116, 0.6745, 0.0]",1.0172612018977334,0.6745,1.3989296173713885,0.0,4.3008708487084775,7.0,2.0,2.0,0.67
1,"[0.674500000000002, 0.6744999999999981, 0.0, 0.0, 0.0, 0.0, 1.4909999999999517, 0.0, 0.6745, 0.0]",0.3514499999999952,0.0,0.48505264920417557,0.0,1.4909999999999517,10.0,7.0,1.0,0.33
2,"[0.6745, 0.0, 9.404457142857067, 33.49374285714255, 0.5010571428571313, 0.24282000000002069, 1.02524000000001, 0.6745000000000001, 3.6423000000000405, 0.0]",4.9658617142856825,0.6745000000000001,9.895525179284563,0.0,33.49374285714255,10.0,2.0,3.0,1.0
