Cluster,Dist,mean,median,std,min,max,bag_count,day_count,Cluster_Rank,Cluster_perc
0,"[0.14563068181813077, 27.72348295454857, 27.01832386363927, 28.07606250000301, 0.3295852272726762, 28.88852840909402, 32.27635795454908, 0.06898295454570984, 0.08431249999994894, 27.033653409093922, 27.524198863639374, 0.06898295454530137, 0.09964204545459651, 0.22227840909096017, 0.42156250000015316, 0.6974943181817672, 0.09964204545459651, 0.6055170454546986, 0.6515056818182329, 27.447551136366545, 0.34491477272732374, 27.846119318184932, 27.171619318184934, 761.5948125000841, 0.009775362319165221, 0.08797826086936138, 0.5767463768114734, 0.9286594202904817, 0.1857318840584089, 0.263934782609126, 0.42034057971056016, 0.3616884057966107, 0.2052826086962184, 0.6158478260865715, 0.5571956521741848, 0.6940507246378095, 0.4594420289856583, 1.0850652173919157, 0.5767463768119943, 0.7722536231885266, 1.612934782609126, 1.3587753623191652, 0.8504565217397646, 0.32258695652151265, 45.93442753623207, 0.36168840579765255, 0.2834855072469355, 0.5571956521741848, 0.1661811594205994, 36.33502173913064, 34.712311594202866, 35.80715217391291, 0.6549492753621905, 35.025123188405736, 46.87286231884068, 1.945297101449804, 35.670297101449286, 0.08797826086936138, 0.49854347826127726, 0.009775362318644284, 36.178615942029204, 0.3616884057966107, 46.423195652174186, 36.178615942029204, 0.7136014492750982, 36.510978260869884, 36.11996376811629, 1.3587753623191652, 35.55299275362347, 0.32258695652203356]",22.328993692360132,0.6745,90.42379130583474,0.009775362318644284,761.5948125000841,70.0,2.0,3.0,1.0
1,"[0.0, 0.0, 0.0]",0.0,0.0,0.0,0.0,0.0,3.0,3.0,1.0,0.33
2,"[0.06745, 0.6576374999998876, 31.094450000003594, 0.0, 1.2815500000004492, 30.858375000003367, 0.6745, 8.937125000000673, 30.99327500000337, 0.30352499999977534, 0.20235, 0.05829012345678533, 1.8548750000000556, 0.0, 1.8736111111111788, 1.8465478395062291, 0.07078086419752505, 0.6745, 1.850711419753142, 0.07702623456788103, 0.010408950617269227, 1.8559158950617904]",5.238313860831044,0.6745,10.392847246322933,0.0,31.094450000003594,22.0,2.0,2.0,0.67
