Cluster,Dist,mean,median,std,min,max,bag_count,day_count,Cluster_Rank,Cluster_perc
0,"[0.0, 0.0, 0.0, 0.0, 0.0, 0.0, 0.0, 0.0]",0.0,0.0,0.0,0.0,0.0,8.0,8.0,1.0,0.33
1,"[0.2810416666666355, 4.676533333333339, 4.136933333333361, 1.4389333333333607, 0.35973333333333085, 0.6745, 0.0]",1.652525000000004,0.6745,1.7969092977403147,0.0,4.676533333333339,7.0,1.0,3.0,1.0
2,"[0.6745000000000169, 0.6744999999999831, 0.6745000000000055, 0.6744999999999944]",0.6745,0.6745,1.2561720938927537e-14,0.6744999999999831,0.6745000000000169,4.0,2.0,2.0,0.67
