Cluster,Dist,mean,median,std,min,max,bag_count,day_count,Cluster_Rank,Cluster_perc
0,"[0.6745000000000011, 0.6744999999999989, 0.0, 0.0, 0.0]",0.2698,0.0,0.33043616630145073,0.0,0.6745000000000011,5.0,4.0,1.0,0.33
1,"[1456.9200000001617, 0.6745, 0.0]",485.86483333338725,0.6745,686.639748470885,0.0,1456.9200000001617,3.0,1.0,3.0,1.0
2,"[0.6745, 0.6745]",0.6745,0.6745,0.0,0.6745,0.6745,2.0,1.0,2.0,0.67
