Cluster,Dist,mean,median,std,min,max,bag_count,day_count,Cluster_Rank,Cluster_perc
0,"[0.0, 0.0, 0.0, 0.0, 0.0]",0.0,0.0,0.0,0.0,0.0,5.0,5.0,1.5,0.5
1,"[0.6745000000000001, 0.6745000000000001, 0.6745, 0.6745, 0.6744999999999999, 0.6744999999999999]",0.6745000000000001,0.6745,1.4332917616497527e-16,0.6744999999999999,0.6745000000000001,6.0,3.0,3.0,1.0
2,[0.0],0.0,0.0,0.0,0.0,0.0,1.0,1.0,1.5,0.5
