Cluster,Dist,mean,median,std,min,max,bag_count,day_count,Cluster_Rank,Cluster_perc
0,"[43.4427962962904, 0.6745, 0.0, 0.8464313725490853, 0.0, 0.6745000000000001, 0.6836525073746329, 0.7226501474926172, 0.6733061946902629, 0.6303292035398147, 0.6303292035398255, 0.675693805309737, 0.6644439536167948, 0.6920049696300491, 0.6644439536167849, 0.6845560463832051, 0.7644333333332934, 0.0, 0.6745, 0.6745, 0.0, 0.9573548387094716]",2.519564810276181,0.6745,8.934554295053958,0.0,43.4427962962904,22.0,6.0,3.0,0.5
1,"[0.674500000000005, 0.6744999999999949, 0.0, 0.6745, 0.0, 1.5658035714287317, 0.0, 0.0, 0.0]",0.39881150793652576,0.0,0.5147961845381703,0.0,1.5658035714287317,9.0,6.0,1.0,0.17
2,"[0.5228682170541826, 0.5228682170541826, 17.474255813952663, 0.6378992248061723, 0.7111007751938275, 17.683403100774335, 0.0, 0.6771555118110258, 0.6745, 0.025417041619797194, 156.84932255343045]",17.798071859608786,0.6745,44.45390959774537,0.0,156.84932255343045,11.0,2.0,6.0,1.0
3,"[0.6745, 0.6745, 0.6745, 0.6745, 0.6745, 0.6745, 0.6745, 0.6745, 0.6744999999999999, 0.6744999999999999, 0.6745, 0.6745]",0.6745,0.6745,4.5324665183683945e-17,0.6744999999999999,0.6745,12.0,6.0,2.0,0.33
4,"[15.212709459458361, 15.294743243242188, 0.1367229729730091, 0.2552162162162917, 0.6289256756756232, 0.5468918918919148, 15.340317567566446, 0.0, 0.09114864864863223, 16.0603918918907, 2.342520270270152, 0.018229729729726446, 0.6745, 15.240054054052887, 14.829885135134104]",6.444817117116669,0.6745,7.277803766549999,0.0,16.0603918918907,15.0,1.0,4.0,0.67
5,"[1.112636752136754, 0.2363632478632459, 0.2363632478632459, 20.12546581196464, 60.75688461538127, 0.43237179487183625, 0.43237179487183625, 0.9166282051281637]",10.531135683760123,0.6745,20.036712073446918,0.2363632478632459,60.75688461538127,8.0,2.0,5.0,0.83
