Cluster,Dist,mean,median,std,min,max,bag_count,day_count,Cluster_Rank,Cluster_perc
0,"[0.690818548387095, 0.6745, 0.0, 0.6745, 12.984125000001123, 0.0, 0.0, 0.7562575757575593, 0.6745, 1.3489999999997278, 0.12263636363633888]",1.6296670443438037,0.6745,3.613389089098824,0.0,12.984125000001123,11.0,3.0,2.0,0.67
1,"[1.02228906250007, 0.26347656250007023, 1.6967890625002104, 0.9379765625000702, 0.6955781249999999, 0.48479687500014035, 0.26347656250007023, 0.7904296875000701, 3782.8489375004165, 0.44264062499999995, 7.335187500000842, 0.653421875, 0.5374921875000702, 0.26347656250007023]",271.3025691964584,0.6745,973.9293014763821,0.26347656250007023,3782.8489375004165,14.0,1.0,3.0,1.0
2,"[0.0, 0.0]",0.0,0.0,0.0,0.0,0.0,2.0,2.0,1.0,0.33
