Cluster,Dist,mean,median,std,min,max,bag_count,day_count,Cluster_Rank,Cluster_perc
0,"[0.0, 0.0, 0.6745000000008986, 0.6744999999991014, 0.0, 0.0]",0.22483333333333333,0.0,0.3179623492735508,0.0,0.6745000000008986,6.0,5.0,1.0,0.25
1,"[0.0, 0.0, 0.6745, 0.6745, 0.6745, 0.6745]",0.44966666666666666,0.6745,0.3179623492735508,0.0,0.6745,6.0,3.0,2.0,0.5
2,"[0.0963571428562259, 0.8672142857111681, 0.0, 0.6745, 170.45578571381898]",34.41877142847728,0.6745,68.01930909036474,0.0,170.45578571381898,5.0,1.0,4.0,1.0
3,"[9.44299999992811, 0.6745, 0.0]",3.372499999976037,0.6745,4.301314934572418,0.0,9.44299999992811,3.0,1.0,3.0,0.75
