Cluster,Dist,mean,median,std,min,max,bag_count,day_count,Cluster_Rank,Cluster_perc
0,"[0.6745, 0.6745, 0.6745, 4.8388043478280744, 0.0, 1297.023145299214, 0.276717948717933, 1.072282051282067, 0.276717948717933, 0.6745, 0.6745, 0.0739017391304488, 0.07390173913041755, 171.403939999997, 1.2750982608695511]",98.64580062232584,0.6745,323.080182915925,0.0,1297.023145299214,15.0,5.0,3.0,1.0
1,"[0.8809795918372212, 0.3716632653060813, 0.3441326530615464, 0.20647959183667106, 0.0, 1.9271428571431193, 0.1927142857144953, 0.7020306122452685, 0.8396836734692268, 7.584683673471611, 1.0186326530617298, 0.2753061224488336, 0.7020306122450851, 0.30283673469373534, 0.4267244897962515, 0.6744999999999999, 839.4771938777578, 0.7869166666666528, 0.256060185185112, 0.2498148148148672, 0.7681805555554192, 0.08118981481476319, 0.4434212962963664, 1.2553194444444975, 2.3732407407407807, 0.668254629629672, 0.668254629629672, 0.6058009259258927, 0.6807453703703279, 278.8932592592556, 279.26173611110744, 259.6700092592558, 1.3115277777776992, 0.3747222222220928, 0.0874351851852576, 266.40251851851514, 1.2116018518518687, 1.0492222222220928, 0.09368055555550239, 0.35598611111110884, 0.043717592592545595, 3.147666666666694, 0.5933101851851535, 0.5495925925925247, 0.5121203703703072, 0.36223148148143675, 0.11241666666673601, 1.186620370370307, 0.043717592592545595, 3.2913101851851536, 0.7182175925925455, 1.1429027777777616, 1221.4070833333171, 1223.6116990740577, 4.3030601851851955, 3.0539861111111923, 0.5433472222221969, 0.6120462962962208, 0.5870648148147424]",74.9033515924288,0.6744999999999999,248.966160869335,0.0,1223.6116990740577,59.0,2.0,2.0,0.67
2,"[0.0, 0.6745000000000002, 0.6744999999999997, 0.0, 0.6745000000000185, 0.6744999999999813, 0.0, 0.0]",0.33724999999999994,0.33724999999999067,0.33724999999999994,0.0,0.6745000000000185,8.0,6.0,1.0,0.33
