Cluster,Dist,mean,median,std,min,max,bag_count,day_count,Cluster_Rank,Cluster_perc
0,"[0.0, 0.0, 0.0, 0.0, 0.6744999999996543, 0.6745000000003456, 0.0]",0.19271428571428567,0.0,0.304708040254796,0.0,0.6745000000003456,7.0,6.0,1.0,0.33
1,"[0.0, 11.803750000001124, 0.6745]",4.159416666667041,0.6745,5.4123692683729505,0.0,11.803750000001124,3.0,1.0,3.0,1.0
2,"[0.6745, 0.6745]",0.6745,0.6745,0.0,0.6745,0.6745,2.0,1.0,2.0,0.67
