Cluster,Dist,mean,median,std,min,max,bag_count,day_count,Cluster_Rank,Cluster_perc
0,"[0.6745, 0.6745, 0.004481727574750335, 1.3355548172757472, 0.004481727574750335, 4.046999999999998, 4.853710963455148, 4.611697674418602, 0.004481727574751268, 0.013445182724252868]",1.6223853820598002,0.6745,1.9384782557027176,0.004481727574750335,4.853710963455148,10.0,2.0,2.0,0.67
1,"[0.6745000000000002, 0.6744999999999998, 0.6744999999999732, 0.6745000000000267]",0.6745,0.6745,1.89202656065697e-14,0.6744999999999732,0.6745000000000267,4.0,2.0,1.0,0.33
2,"[0.6745, 0.0, 404.6999999998759, 0.0, 0.6745, 29.059708333333507]",72.51811805553491,0.6745,148.9262691574363,0.0,404.6999999998759,6.0,2.0,3.0,1.0
