Cluster,Dist,mean,median,std,min,max,bag_count,day_count,Cluster_Rank,Cluster_perc
0,"[0.6744999999998817, 0.6745000000001182, 0.0, 0.0, 0.0]",0.2698,0.0,0.33043616630145073,0.0,0.6745000000001182,5.0,4.0,1.0,0.33
1,"[4.529569105691059, 0.6745, 0.0, 49.46333333333329, 0.6745, 0.0]",9.223650406504058,0.6745,18.062824992689897,0.0,49.46333333333329,6.0,2.0,3.0,1.0
2,"[0.6745, 0.6745]",0.6745,0.6745,0.0,0.6745,0.6745,2.0,1.0,2.0,0.67
