Cluster,Dist,mean,median,std,min,max,bag_count,day_count,Cluster_Rank,Cluster_perc
0,"[0.6745, 0.0, 35.639121621620724, 0.05468918918918181, 0.21875675675675754, 35.00108108108021, 7.984621621621423, 0.6745, 8.510602941176474, 0.5951470588235299, 8.480845588235292, 0.0]",8.1528221548753,0.6745,12.606297336512354,0.0,35.639121621620724,12.0,2.0,6.0,0.75
1,"[1.1241666666665835, 0.6745, 0.5995555555554446, 0.0, 4.646555555555319, 0.19271428571426277, 120.88003571428466, 1.156285714285737, 0.19271428571426277]",14.385169753086252,0.6745,37.675021161160714,0.0,120.88003571428466,9.0,2.0,8.0,1.0
2,"[22.8705462962967, 0.5995555555555625, 22.208537037037434, 0.34974074074074996, 0.5870648148148229, 24.631740740741186, 0.8618611111111354, 22.795601851852258, 0.2373240740740729, 0.04996296296295834, 0.3622314814814896, 23.382666666667085, 0.6745, 0.8243888888888958, 0.0, 0.7542795698924752, 0.49318279569891127, 0.05802150537633681, 0.07252688172042102, 0.05802150537633681, 27.197580645160876, 27.125053763440455, 0.5947204301075248, 1.6391075268817081, 0.9863655913978465]",7.1765832974910895,0.6745,10.742470361041931,0.0,27.197580645160876,25.0,2.0,5.0,0.62
3,"[0.0, 0.8094000000000449, 0.6745, 0.0, 163.0362857142649, 0.6745, 0.0, 0.6745, 2.0848181818180707, 0.1686249999999883, 1.433312500000041, 0.0, 0.6745, 1.2646875000000526]",12.249652064005932,0.6745,41.8249570486089,0.0,163.0362857142649,14.0,4.0,7.0,0.88
4,"[0.6565929203539941, 0.6924070796460059, 0.787911504424777, 21.34523893805326, 0.2626371681415857, 0.2626371681416056, 0.9247177419355542, 0.20670161290324537, 0.7724112903225909, 0.20670161290320915, 42.24328225806579, 0.5765887096774092]",5.744819000380752,0.6745,12.408389996889566,0.20670161290320915,42.24328225806579,12.0,2.0,4.0,0.5
5,"[0.6744999999999999, 0.6744999999999999, 0.6745, 0.6745]",0.6745,0.6744999999999999,7.850462293418876e-17,0.6744999999999999,0.6745,4.0,2.0,3.0,0.38
6,"[1.4280429687499907, 0.01580859374999815, 0.5638398437500042, 1.0275585937500025, 0.7851601562499958, 0.01580859374999815]",0.639369791666665,0.6745,0.5127235552819497,0.01580859374999815,1.4280429687499907,6.0,1.0,2.0,0.25
7,"[0.0, 0.0, 0.6744999999999889, 0.6745000000000111, 0.0, 0.0, 0.0, 0.0]",0.168625,0.0,0.2920670674263019,0.0,0.6745000000000111,8.0,7.0,1.0,0.12
