Cluster,Dist,mean,median,std,min,max,bag_count,day_count,Cluster_Rank,Cluster_perc
0,"[0.2023500000004493, 0.5396, 0.6745, 0.1349, 0.2023500000004493, 121.74725000001392, 0.3372500000004493, 0.1349, 0.3372499999995507, 0.6745, 123.02880000001346, 0.6745, 120.87040000001348, 121.74725000001392, 0.47214999999955065, 0.1349, 0.6745, 0.4047, 120.66805000001392, 40.132750000004044, 0.6745, 41.27940000000449, 0.7419499999995507, 129.6389000000144, 0.12312301587310982, 0.10171031746055632, 0.10171031746055632, 20.893440476190655, 0.037472222222325234, 0.03747222222203996, 1.2258769841268902, 85.2921309523811, 698.9907738095267, 699.0335992063522]",68.58720322129139,0.6745,164.41357372616392,0.03747222222203996,699.0335992063522,34.0,2.0,3.0,0.6
1,"[0.6745, 0.0, 0.6671923076923085, 16.982711538461565, 16.333423076923108, 4620.043958333842, 0.0, 0.6745, 0.5808194444445692, 0.5433472222223471, 6350.6423333340335, 6370.427666667369, 0.09954288452323787, 0.029733588883553375, 0.02973358888357059, 0.042014853857228675, 1.2494571154767622, 14.436303785337971, 61.40955678006778, 106.62917441303425]",878.0747984467528,0.6745,2083.9075546019626,0.0,6370.427666667369,20.0,3.0,4.0,0.8
2,"[16658.463750001833, 0.6745, 0.0, 0.6745, 0.0, 36.35555000015204, 0.0, 0.6745, 11582.788015626275, 0.0, 24.30654152512067, 0.6745]",2358.717654762782,0.6745,5361.1621826192595,0.0,16658.463750001833,12.0,4.0,5.0,1.0
3,"[1.3489999999910138, 0.0, 0.6745, 0.0, 0.0, 0.0, 0.6745000000000058, 0.6744999999999943]",0.42156249999887674,0.33724999999999716,0.469432132838887,0.0,1.3489999999910138,8.0,5.0,1.0,0.2
4,"[0.0, 0.0, 0.6745, 0.6745, 0.6745, 0.6745]",0.44966666666666666,0.6745,0.3179623492735508,0.0,0.6745,6.0,3.0,2.0,0.4
