Cluster,Dist,mean,median,std,min,max,bag_count,day_count,Cluster_Rank,Cluster_perc
0,"[0.0, 0.0, 0.0, 0.6745, 1.1466499999997455, 0.0, 0.0]",0.2601642857142493,0.0,0.43027537421167483,0.0,1.1466499999997455,7.0,5.0,1.0,0.33
1,"[0.6745000000000001, 0.6745000000000001]",0.6745000000000001,0.6745000000000001,0.0,0.6745000000000001,0.6745000000000001,2.0,1.0,2.0,0.67
2,"[1.8774742268042728, 0.6119175257732464, 0.7370824742267535, 0.6119175257731538]",0.9595979381443567,0.6745,0.5323939686124654,0.6119175257731538,1.8774742268042728,4.0,1.0,3.0,1.0
