Cluster,Dist,mean,median,std,min,max,bag_count,day_count,Cluster_Rank,Cluster_perc
0,"[0.6745, 0.6745, 0.2797631729475105, 0.200511692462988, 1.0692368270524895, 0.2005116924629874, 1.4157464502018842, 2.8022388458950194]",0.9146260851278599,0.6745,0.8197864629602822,0.2005116924629874,2.8022388458950194,8.0,2.0,2.0,0.67
1,"[0.0, 0.0, 0.0, 0.0, 0.0, 0.0, 0.0]",0.0,0.0,0.0,0.0,0.0,7.0,7.0,1.0,0.33
2,"[18.732106446140794, 0.0, 0.6745]",6.468868815380264,0.6745,8.675789510812098,0.0,18.732106446140794,3.0,1.0,3.0,1.0
