Cluster,Dist,mean,median,std,min,max,bag_count,day_count,Cluster_Rank,Cluster_perc
0,"[0.0, 0.0, 0.0, 0.0, 0.0, 0.0, 0.0, 0.6744999999999999, 0.6745000000000001]",0.14988888888888888,0.0,0.2804164341532248,0.0,0.6745000000000001,9.0,8.0,1.0,0.33
1,"[0.2985491803278731, 1.050450819672127, 1.2715983606557275, 0.2985491803278731, 0.0, 0.0]",0.48652459016393346,0.2985491803278731,0.49639290226525973,0.0,1.2715983606557275,6.0,2.0,2.0,0.67
2,"[0.0, 57.13978571428522, 0.6745]",19.271428571428405,0.6745,26.77838795355583,0.0,57.13978571428522,3.0,1.0,3.0,1.0
