Cluster,Dist,mean,median,std,min,max,bag_count,day_count,Cluster_Rank,Cluster_perc
0,"[0.0, 0.0, 0.0]",0.0,0.0,0.0,0.0,0.0,3.0,3.0,1.0,0.33
1,"[1.2646875000001871, 0.08431249999981279, 0.08431249999981279, 4180.017020833792]",1045.362583333448,0.6745,1809.7936474621602,0.08431249999981279,4180.017020833792,4.0,1.0,3.0,1.0
2,"[1.5615925856501913, 0.6745, 0.0]",0.7453641952167304,0.6745,0.6394837248448672,0.0,1.5615925856501913,3.0,1.0,2.0,0.67
