Cluster,Dist,mean,median,std,min,max,bag_count,day_count,Cluster_Rank,Cluster_perc
0,"[0.0, 0.6744999999998817, 0.6745000000001182, 0.0, 0.0, 0.6745000000000039, 0.6744999999999961, 0.0, 1.0224000000000106, 0.0, 0.6745]",0.3995363636363646,0.6744999999998817,0.37708579268029113,0.0,1.0224000000000106,11.0,7.0,2.0,0.67
1,"[0.6745, 0.6745, 0.6745, 0.6745, 0.6745, 0.6745]",0.6745,0.6745,0.0,0.6745,0.6745,6.0,3.0,3.0,1.0
2,[0.0],0.0,0.0,0.0,0.0,0.0,1.0,1.0,1.0,0.33
