Cluster,Dist,mean,median,std,min,max,bag_count,day_count,Cluster_Rank,Cluster_perc
0,"[0.0, 0.0, 0.6745000000003668, 0.6744999999996332]",0.33725,0.3372499999998166,0.33725,0.0,0.6745000000003668,4.0,3.0,1.0,0.33
1,"[0.6745, 0.6745]",0.6745,0.6745,0.0,0.6745,0.6745,2.0,1.0,2.0,0.67
2,"[0.6745, 1557.4205000020022, 0.0]",519.3650000006675,0.6745,734.0161349497381,0.0,1557.4205000020022,3.0,1.0,3.0,1.0
