Cluster,Dist,mean,median,std,min,max,bag_count,day_count,Cluster_Rank,Cluster_perc
0,"[0.19271428571501925, 0.19271428570988433, 1.1562857142849807, 69449.60342838081, 0.6745, 0.6745, 7535.439055573117, 0.6745, 0.0, 3727.500000001717, 0.6745, 5680.0710000026165, 0.46150000000039826]",6645.947284480305,0.6745,18296.691010994684,0.0,69449.60342838081,13.0,3.0,6.0,1.0
1,"[0.0, 0.0, 0.6745000000016339, 0.6744999999983662, 0.0]",0.26980000000000004,0.0,0.33043616630145073,0.0,0.6745000000016339,5.0,4.0,1.0,0.17
2,"[0.6745, 0.6745, 0.6745, 0.6745, 0.6745, 0.6745, 0.6745, 0.6745, 0.6745, 0.6745, 0.6745, 0.6745, 0.6745, 0.6745, 0.6745, 0.6745]",0.6745,0.6745,0.0,0.6745,0.6745,16.0,8.0,2.0,0.33
3,"[31529.435050129498, 0.20235000000035944, 0.3372500000053917, 0.4721499999996405, 0.8768500000003594, 0.2023500000039539, 0.8768500000003594, 2.3607500000125805]",3941.84545001619,0.6745,10427.128785620076,0.20235000000035944,31529.435050129498,8.0,1.0,4.0,0.67
4,"[0.6745, 0.0, 4.7215000001078336, 8.768500000179722, 0.0, 0.6745, 0.6745, 0.8993333333413209, 0.0]",1.823648148180986,0.6745,2.8170428266249816,0.0,8.768500000179722,9.0,3.0,3.0,0.5
5,"[31898.068571462445, 0.6745, 0.0, 0.0, 1.252642857144691]",6379.999142863918,0.6745,12759.034722886076,0.0,31898.068571462445,5.0,1.0,5.0,0.83
