Cluster,Dist,mean,median,std,min,max,bag_count,day_count,Cluster_Rank,Cluster_perc
0,"[0.0, 0.0, 0.6744999999997356, 0.6745000000002643, 0.0, 0.0, 0.0, 0.0, 0.6745000000009985, 0.6744999999990016, 0.6744999999998303, 0.6745000000001695]",0.33725000000000005,0.3372499999995008,0.33725,0.0,0.6745000000009985,12.0,9.0,1.0,0.33
1,"[0.6745, 0.6745, 0.6745, 0.6745, 0.6745, 0.6745, 0.6745, 0.6745]",0.6745,0.6745,0.0,0.6745,0.6745,8.0,4.0,2.0,0.67
2,"[0.6745, 0.0, 1947.930057691524, 0.0, 0.6745, 0.6745000000004493, 3.6615714285714285, 0.6745, 0.0, 0.6745, 20.74087500000337, 0.0, 0.0, 0.6745, 50618.86424966838]",3506.349583585899,0.6745,12600.653381794722,0.0,50618.86424966838,15.0,5.0,3.0,1.0
