Cluster,Dist,mean,median,std,min,max,bag_count,day_count,Cluster_Rank,Cluster_perc
0,"[0.0, 0.0, 0.0, 0.0, 0.6744999999999339, 0.674500000000066, 0.0, 0.6745000000000535, 0.6744999999999465]",0.29977777777777775,0.0,0.33516174462746845,0.0,0.674500000000066,9.0,7.0,1.0,0.33
1,"[0.0, 0.6745, 3.46992777777792, 0.0, 0.6745, 4.856400000000599]",1.6125546296297533,0.6745,1.8678385744740067,0.0,4.856400000000599,6.0,2.0,3.0,1.0
2,"[0.6745, 0.6745]",0.6745,0.6745,0.0,0.6745,0.6745,2.0,1.0,2.0,0.67
