Cluster,Dist,mean,median,std,min,max,bag_count,day_count,Cluster_Rank,Cluster_perc
0,"[0.0, 0.7971363636363389, 0.49054545454535553, 0.6745, 35.891575757572326, 0.0, 0.0, 0.0]",4.731719696969253,0.24527272727267777,11.781462406633066,0.0,35.891575757572326,8.0,2.0,3.0,1.0
1,"[0.674499999999995, 0.674500000000005, 0.0]",0.44966666666666666,0.674499999999995,0.3179623492735509,0.0,0.674500000000005,3.0,2.0,1.0,0.33
2,"[0.6745, 0.6745]",0.6745,0.6745,0.0,0.6745,0.6745,2.0,1.0,2.0,0.67
