Cluster,Dist,mean,median,std,min,max,bag_count,day_count,Cluster_Rank,Cluster_perc
0,"[0.5707307692308223, 0.46696153846095356, 0.5707307692308223, 61.89834615382169, 0.05188461538493441, 62.417192307667584, 0.882038461537664, 0.46696153846095356, 0.3631923076924672, 0.7782692307691776, 0.9858076923068415, 1.1933461538451968, 0.051884615384243174, 0.882038461537664, 142.6567500000685, 145.35475000007003, 0.03747222222198647, 143.33125000006928, 139.4341388889562, 143.33125000006928, 0.11241666666645865, 0.5620833333332917, 0.7869166666667082, 0.4121944444443474, 0.0374722222224857, 0.262305555555403, 0.018322580645159216, 0.008016129032257159, 0.6962580645161266, 0.6745, 0.6767903225806449, 0.6905322580645142, 0.017177419354836767, 0.0, 0.6802258064516122, 0.6767903225806449, 0.0034354838709673534, 2.766709677419347, 0.002290322580644902, 0.6859516129032245, 0.0, 0.018322580645159216, 0.08016129032257921, 0.6893870967741919, 2.20329032258064]",19.07747879791106,0.6745,45.553706287576674,0.0,145.35475000007003,45.0,3.0,5.0,1.0
1,"[1.1803749999988766, 0.16862500000112327, 0.16862499999887673, 4.552875000001123, 1.1650454545450462, 0.18395454545495393, 0.183954545454137, 229.759227272753, 1.349, 0.6745, 0.0, 4.7215, 0.0, 0.6745]",17.484441558443365,0.6745,58.89339573835455,0.0,229.759227272753,14.0,3.0,4.0,0.8
2,"[0.0, 0.0, 0.0, 0.0, 0.0, 0.6744999999999977, 0.6745000000000022]",0.19271428571428567,0.0,0.304708040254796,0.0,0.6745000000000022,7.0,6.0,1.0,0.2
3,"[0.6745, 0.7869166666666667, 0.0, 0.0, 2.698, 0.6745, 2.0365548387096832, 0.0, 2.0017419354838806, 0.6745, 0.01631854838709502]",0.8693665444770297,0.6745,0.9097604678470729,0.0,2.698,11.0,3.0,3.0,0.6
4,"[0.6745, 0.6745, 0.6745, 0.6745, 0.6745, 0.6745]",0.6745,0.6745,0.0,0.6745,0.6745,6.0,3.0,2.0,0.4
