Cluster,Dist,mean,median,std,min,max,bag_count,day_count,Cluster_Rank,Cluster_perc
0,"[0.0, 0.0, 0.0, 0.6745, 0.6745]",0.2698,0.0,0.33043616630145073,0.0,0.6745,5.0,2.0,2.0,0.67
1,"[0.36988709677419007, 0.4351612903225701, 0.6745, 1.501306451612923, 0.13054838709676017, 0.7832903225806335, 0.1740645161290498, 1.1314193548386968, 0.4351612903225701, 0.6745, 1.9799838709677466, 0.47867741935482355, 0.1958225806451765, 0.5874677419354932, 0.9573548387096832, 11.227161290322606, 1.6971290322580634, 0.06527419354838009, 0.1740645161290498, 0.04351612903225339, 0.28285483870968325, 1.0879032258064436, 0.7615322580645068, 1.4577903225806335, 0.7397741935483801, 0.4134032258064434, 1.58833870967743, 40.49175806451623, 0.1958225806451765, 0.5221935483871131, 0.10879032258063347, 0.5004354838709865, 0.0, 11.227161290322606, 0.9573548387096832, 0.8268064516129231, 40.47000000000011, 0.06527419354838009, 0.4134032258064434, 0.9573548387096832, 0.6962580645161267, 0.5874677419354932, 0.1740645161290498, 0.7615322580645068, 1.1749354838709865]",2.8928555555555633,0.6745,8.406605790509671,0.0,40.49175806451623,45.0,1.0,3.0,1.0
2,[0.0],0.0,0.0,0.0,0.0,0.0,1.0,1.0,1.0,0.33
