Cluster,Dist,mean,median,std,min,max,bag_count,day_count,Cluster_Rank,Cluster_perc
0,"[0.7538529411770925, 30123.685794156376, 0.11902941176669589, 0.6745, 0.11902941176458151, 0.6745, 0.6745, 0.8332058823520705, 7.419500000032349, 0.13490000000503224, 0.13489999999784333, 0.40469999999353, 1.2141000000021567, 0.94430000000647, 0.13489999999784333, 1.2141000000165345, 0.40469999999353, 1.4839000000122213]",1674.5013562113052,0.6745,6899.940916407612,0.11902941176458151,30123.685794156376,18.0,2.0,6.0,1.0
1,"[0.6745, 0.0, 2.0235, 0.0, 0.0, 0.6745, 0.0, 1.0492222222173408, 0.6745000000017972, 0.6744999999982028, 0.0, 0.0, 0.6744999999977535, 0.6745000000022465, 0.6744999999988018, 0.6745000000011981]",0.5292951388885838,0.6744999999985023,0.5215702263823954,0.0,2.0235,16.0,9.0,2.0,0.33
2,"[0.5058750000033698, 0.6745, 0.0, 0.8431250000011232, 2.3607499999977533, 0.0, 3.0352500000224656, 1.686250000004493, 1.3490000000089861, 0.3372499999955069, 0.6745, 0.0, 0.0, 0.6745]",0.8672142857166928,0.6745,0.9010165742292683,0.0,3.0352500000224656,14.0,2.0,3.0,0.5
3,"[0.47010606060637417, 0.694939393939526, 1866.1166666664953, 0.306590909090711, 0.08175757575755925, 0.306590909090711, 0.6745, 0.1635151515151185, 38.7530909090869, 38.5691363636328, 38.42606060605666, 540.6015303029807, 502.1345909090455, 499.31395454540944, 5199.863575757099, 40.65395454545084, 0.08175757575755925, 0.08175757575755925, 0.1021969696965406, 0.613181818183056, 874.6629848484049, 36.44343939393571, 0.14307575757559254, 0.6540606060610187, 48.66619696969273, 36.300363636360125, 0.10219696969708522, 0.6949393939389813, 0.24527272727158853, 2260.7809242422168, 0.0, 0.12263636363552197, 0.42922727272677763, 0.24527272727267777, 5.3551212121204035]",343.7958619047303,0.6745,971.966500938135,0.0,5199.863575757099,35.0,1.0,5.0,0.83
4,"[0.6745, 0.6745, 0.6745, 0.6745, 0.0, 0.0, 0.6745, 0.6745]",0.505875,0.6745,0.29206706742630195,0.0,0.6745,8.0,4.0,1.0,0.17
5,"[1.2526428571399228, 0.48178571428498074, 0.09635714286007711, 0.48178571428498074, 2.601642857134788, 0.09635714286521205, 0.8672142857150192, 2.601642857139923, 0.0, 2.0235000000059906, 0.6745, 0.6745, 0.0, 8.431249999946083, 0.6745, 0.0, 3.203875000041561, 14.839000000305528, 0.6745, 0.0]",1.9837526785862036,0.6745,3.5006902336870236,0.0,14.839000000305528,20.0,5.0,4.0,0.67
