Cluster,Dist,mean,median,std,min,max,bag_count,day_count,Cluster_Rank,Cluster_perc
0,"[0.0, 0.0]",0.0,0.0,0.0,0.0,0.0,2.0,2.0,1.5,0.38
1,"[0.42600000000032356, 0.42599999999985066, 0.9229999999996763, 3290.139999999209, 0.6702953246753205, 0.6787046753246748, 0.6702953246753252, 103.27278259740217]",424.65088474016085,0.6745,1083.5740670374173,0.42599999999985066,3290.139999999209,8.0,2.0,4.0,1.0
2,"[2.36075, 0.6745, 0.0]",1.01175,0.6745,0.9928371173896887,0.0,2.36075,3.0,1.0,3.0,0.75
3,"[0.0, 0.0, 0.0]",0.0,0.0,0.0,0.0,0.0,3.0,1.0,1.5,0.38
