Cluster,Dist,mean,median,std,min,max,bag_count,day_count,Cluster_Rank,Cluster_perc
0,"[1.3337090680100752, 0.7705335252488903, 1.449159649754108, 0.5822689816480748, 0.8599328895286074, 2.865553016672664, 0.3860758066450762, 2.7240512174643157, 0.09918879692935105, 0.6653578025668705, 1.2597624445244087, 0.9223101835192513, 0.8029761904761905, 0.0, 0.6084011035144536, 0.5422213026268442, 0.4089717524289311, 0.33243618807724584, 3.076470792851145, 0.7707762384550796, 0.2705443204989804, 0.3791180280676502, 0.1834102794770301, 0.3099447643037064, 0.6986095118148014, 0.6477206429171163, 0.7109069809283916, 0.6745, 1.5011811802806765, 0.7408416096917356, 0.6589663548038862, 0.5143901883171405, 0.4229682139858462, 2.591367998080844, 0.2681980928391508, 0.724579824877054, 0.00453064651553307, 0.7136577305985365, 0.8670524769101594, 2.5677439126784214, 0.34999244332493684, 0.41034712726400374, 0.6468306944944224, 3.2001736236056133, 0.7879279716924551, 0.15671176891432656, 0.0, 0.8058773028080845, 0.110627168663924, 2.661204703988552, 0.6745, 0.43370193167590754, 1.0186868181005182, 1.0624792523698798, 0.5187533536040062, 0.3895475764621711, 3.5891700053657654, 1.3673373278483274, 0.8472569307816128, 0.030763280271865312, 0.45159160958904243, 0.45159160958904243, 0.8974083904109575, 3.2230474315068514, 0.0, 0.6745, 4.251285876132931, 18.113014723926373, 6.919211349693249, 0.6745, 0.08772638036809813, 0.0]",1.2599466161247383,0.6745,2.3190663005100993,0.0,18.113014723926373,72.0,5.0,4.0,1.0
1,"[0.488766004176568, 0.6745, 0.9126416792683804, 0.0, 0.8909306185641246, 1.68885971700199, 0.6745, 0.0, 0.5883047755914217, 2.6598235684280347, 1.7516215208747516, 1.0394630550033135, 0.9730858184227966, 0.6745, 0.49095688369781304, 0.0, 0.11006999668654735]",0.801060213983279,0.6745,0.6835581978846139,0.0,2.6598235684280347,17.0,3.0,3.0,0.75
2,"[0.0, 0.6744999999999998, 0.6745000000000002, 0.0, 0.6745000000000001, 0.6745, 0.0, 0.0]",0.33725000000000005,0.3372499999999999,0.33725,0.0,0.6745000000000002,8.0,6.0,1.0,0.25
3,"[0.6745, 0.6745, 0.6745, 0.6745, 0.6744999999999999, 0.6745, 0.6745, 0.6745]",0.6744999999999999,0.6745,1.0385185452638061e-16,0.6744999999999999,0.6745,8.0,4.0,2.0,0.5
