Cluster,Dist,mean,median,std,min,max,bag_count,day_count,Cluster_Rank,Cluster_perc
0,"[0.0, 17.693405797101697, 0.6745000000002604, 0.205282608695437, 0.6745, 0.4924920634920114, 3.1423134920635523, 9.309170634920614, 9.34128968253973, 0.11241666666669044, 0.6745, 0.0, 6.835689075632996, 0.7028403361344994, 0.6461596638655005, 6.71099159664144, 0.38542857142883036, 0.38542857142852827, 0.8477660550460259, 0.1051972477066217, 6.751188073394701, 0.5012339449539741, 22.530775229358934, 0.10519724770629194]",3.7011569399490973,0.6745,5.834262612945803,0.0,22.530775229358934,24.0,4.0,4.0,0.67
1,"[1.2069999999992036, 0.14200000000079654, 2.0589999999983073, 126.87699999987933, 0.14200000000079654, 0.14199999999890472, 0.6745, 0.07425688073392227, 0.8353899082567492, 10.222697247704287, 0.01856422018360423, 10.451655963300588, 0.0]",11.757389555388961,0.6745,33.42196257251649,0.0,126.87699999987933,13.0,2.0,5.0,0.83
2,"[0.8094000000009586, 0.6745, 0.0, 0.0, 13.489999999910138, 0.6745, 0.6745, 0.0, 353.1007500000382, 0.0, 0.6745, 10.552859090908834, 0.6745000000000001, 13.564120879123353, 0.0]",26.325975331332106,0.6745,87.46982077007075,0.0,353.1007500000382,15.0,5.0,6.0,1.0
3,"[0.0, 0.0, 0.0, 0.0, 0.0, 0.0, 0.6744999999998862, 0.6745000000001138, 0.0]",0.14988888888888888,0.0,0.2804164341532248,0.0,0.6745000000001138,9.0,8.0,1.0,0.17
4,"[0.6745, 0.6745, 0.6745, 0.6745, 0.6745, 0.6745]",0.6745,0.6745,0.0,0.6745,0.6745,6.0,3.0,2.0,0.33
5,"[0.0767723577234917, 18.787292682925894, 1.2722276422765084, 0.0767723577234917, 0.37274999999996955, 0.9762500000000305, 0.37274999999996955, 6.88108333333333]",3.6019872967478355,0.6745,6.11737765159457,0.0767723577234917,18.787292682925894,8.0,2.0,3.0,0.5
