Cluster,Dist,mean,median,std,min,max,bag_count,day_count,Cluster_Rank,Cluster_perc
0,"[0.0, 0.0]",0.0,0.0,0.0,0.0,0.0,2.0,2.0,1.0,0.33
1,"[0.38123913043468066, 37.508065217391916, 0.0684275362320728, 0.009775362318904753, 1.8866449275363752, 37.0192971014498, 1.9648478260868318, 0.8700072463770531, 0.6940507246380699, 0.048876811594002825, 0.65494927536193, 0.16618115942007847, 36.98019565217457, 0.009775362318644284]",8.447309523809638,0.6745,15.012108221382197,0.009775362318644284,37.508065217391916,14.0,1.0,3.0,1.0
2,"[0.3769264705882794, 24.381191176473454, 0.9720735294117205, 0.35047549019612245, 24.129906862747784, 0.35047549019612245]",8.426841503268914,0.6745,11.194921532482233,0.35047549019612245,24.381191176473454,6.0,1.0,2.0,0.67
