Cluster,Dist,mean,median,std,min,max,bag_count,day_count,Cluster_Rank,Cluster_perc
0,"[0.0, 0.0, 0.0, 0.6745, 1.1241666666666665, 0.0]",0.29977777777777775,0.0,0.44337731263341007,0.0,1.1241666666666665,6.0,4.0,2.0,0.67
1,"[1.0719732142855396, 2.0596339285711793, 0.2770267857144605, 0.2770267857144605]",0.92141517857141,0.6745000000000001,0.7329192395255189,0.2770267857144605,2.0596339285711793,4.0,1.0,3.0,1.0
2,[0.0],0.0,0.0,0.0,0.0,0.0,1.0,1.0,1.0,0.33
