Cluster,Dist,mean,median,std,min,max,bag_count,day_count,Cluster_Rank,Cluster_perc
0,"[0.6637022411953005, 0.6637022411953053, 0.6745, 1.077616328708637, 0.6780992529348935, 0.6745, 0.33725, 0.6745, 201.00100000002246, 632.0065000000697, 0.0, 0.0022864406779658434, 2.236138983050839, 0.6756432203389829, 0.0, 2.1801211864406675, 0.011432203389829218, 0.6745, 0.013718644067795062, 0.6905050847457609, 0.0, 2.102656198347106, 0.02006776859503911, 0.6745, 56.94006363636364, 208.70154166680612, 0.05620833333299011, 0.05620833333373895, 269.96862500018017, 0.6182916666666355, 0.7307083333333645, 361.5320000000398, 0.3854285714285714, 0.9635714285714285, 0.3854285714285714, 0.15565384615419178, 62.10588461539187, 0.15565384615350053, 1.1933461538458083, 0.6745, 331.5167500000359, 0.0, 0.0, 1.517625]",48.75887338174652,0.6745,126.07723298846747,0.0,632.0065000000697,44.0,8.0,3.0,0.75
1,"[0.6745, 0.0, 0.6745, 3.3725, 1.349, 2.36074999999663, 0.1124166666672907, 0.112416666665793, 1.2365833333327092, 0.6745, 0.6745, 0.0, 0.1523439655172394, 0.6745, 2.245619827586197, 2.1363043103448147, 0.0, 135.57450000001498, 0.6745, 0.6745, 0.6745]",7.335639750958363,0.6745,28.688799668618255,0.0,135.57450000001498,21.0,6.0,2.0,0.5
2,"[0.4047, 0.2698, 0.47215, 0.06745, 40.06530000000449, 39.66060000000449, 0.7419499999999999, 0.6745, 40.40255000000449, 0.0, 40.13275000000449, 0.14988888888888888, 360.33288888892884, 1.7986666666666666, 0.29977777777777775, 293.6323333333653, 0.0, 0.44966666666666666, 1.0492222222222223, 0.8993333333333333, 0.0, 435.9518333333812, 1.7986666666666664, 0.0, 0.6745, 9186.46516666768, 0.6745, 1.5738333333333334, 0.0, 0.0, 0.0, 0.8993333333333332, 134.79350000006215, 0.2485000000003236, 137.42050000006356, 0.31949999999987555, 0.03549999999977597, 10.685500000004929, 1.0295000000001244, 0.1775000000002987, 42.35150000001934, 0.03550000000024892, 130.78555000001438, 0.6745, 0.4047, 1.41645, 0.0, 0.9443, 0.4047]",222.67895022678422,0.6745,1297.0142559969831,0.0,9186.46516666768,49.0,5.0,4.0,1.0
3,"[0.6744999999991014, 0.6745000000008986, 0.0, 0.0, 0.6745000000000018, 0.6744999999999982]",0.44966666666666666,0.6744999999995498,0.3179623492735509,0.0,0.6745000000008986,6.0,4.0,1.0,0.25
