Cluster,Dist,mean,median,std,min,max,bag_count,day_count,Cluster_Rank,Cluster_perc
0,"[0.0, 0.0, 0.0, 1.6677857240624139, 0.6745, 0.0, 0.0, 0.0, 0.0, 0.0]",0.2342285724062414,0.0,0.518442786628547,0.0,1.6677857240624139,10.0,8.0,2.0,0.67
1,"[0.6744999999999999, 0.6745]",0.6744999999999999,0.6744999999999999,7.850462293418876e-17,0.6744999999999999,0.6745,2.0,1.0,3.0,1.0
2,[0.0],0.0,0.0,0.0,0.0,0.0,1.0,1.0,1.0,0.33
