Cluster,Dist,mean,median,std,min,max,bag_count,day_count,Cluster_Rank,Cluster_perc
0,"[0.6745000000000099, 0.6744999999999902, 0.0, 0.0]",0.33725000000000005,0.3372499999999951,0.33725,0.0,0.6745000000000099,4.0,3.0,1.0,0.33
1,"[0.6745, 0.6745]",0.6745,0.6745,0.0,0.6745,0.6745,2.0,1.0,2.5,0.83
2,"[0.6745, 0.6745]",0.6745,0.6745,0.0,0.6745,0.6745,2.0,1.0,2.5,0.83
