Cluster,Dist,mean,median,std,min,max,bag_count,day_count,Cluster_Rank,Cluster_perc
0,"[0.0, 0.0, 0.0, 0.0, 0.0, 0.0, 0.0, 0.0, 0.0, 0.0, 0.0, 0.0]",0.0,0.0,0.0,0.0,0.0,12.0,12.0,1.0,0.33
1,"[0.6745, 0.6745, 0.6745, 0.6745, 0.6745, 0.6745, 0.6745, 0.6745]",0.6745,0.6745,0.0,0.6745,0.6745,8.0,4.0,2.0,0.67
2,"[0.676377783964365, 0.6996623051224916, 0.672622216035635, 0.6726222160356324]",0.6803211302895311,0.6745,0.011271397268496427,0.6726222160356324,0.6996623051224916,4.0,1.0,3.0,1.0
