Cluster,Dist,mean,median,std,min,max,bag_count,day_count,Cluster_Rank,Cluster_perc
0,"[0.514567010309286, 0.11125773195877267, 0.5980103092783713, 0.37549484536082595, 26.326360824741975, 0.11125773195874951, 8.30260824742261, 1.1682061855669856, 1.0013195876288383, 0.7509896907216287, 0.12169877675840989, 0.9343990825688057, 7.077093272171244, 0.31146636085626855, 7.73715443425075, 0.12169877675840989, 0.18357951070336398, 7.374120795107018, 0.4146009174311943, 7.134848623853195, 9.889360294117647, 9.051194852941178, 9.34876838235295, 0.6745, 0.01983823529411546, 0.0, 0.03967647058823092]",3.6923729981741045,0.6745,5.714310127548987,0.0,26.326360824741975,27.0,3.0,5.0,1.0
1,"[1.6380714285713829, 0.0, 1.348999999999893, 0.38542857142856374, 0.6745, 2.894729166666793, 0.6745, 0.0, 0.0, 0.6745, 2.462853211009173, 0.6574150395778371, 0.6467369393139837, 0.6915849604221629, 0.7036868073878619, 0.6467369393139848, 0.7058224274406334, 2.3876787072243326, 0.0025646387832696776, 2.4941112167300368, 0.6745, 0.0]",0.9256554569940867,0.6745,0.8719906829022922,0.0,2.894729166666793,22.0,5.0,3.0,0.6
2,"[0.4817857142856914, 0.6745, 0.28907142857138274, 0.6745, 2.087738095237978, 1.6380714285713291, 0.28907142857143625, 0.578142857142819, 2.826476190476063, 2.505285714285584, 1.2051066666666321, 0.14389333333336768, 0.14389333333330775, 33.97681333333101]",3.3938821088433286,0.6745,8.525634372840253,0.14389333333330775,33.97681333333101,14.0,2.0,4.0,0.8
3,"[0.0, 0.0, 0.0, 0.0, 0.0, 0.6745, 1.7298401360544169, 0.0, 0.6745000000000007, 0.6744999999999994]",0.3753340136054417,0.0,0.5429955274781796,0.0,1.7298401360544169,10.0,7.0,1.0,0.2
4,"[0.6745, 0.6745, 0.6745, 0.6745, 0.6745, 0.6745]",0.6745,0.6745,0.0,0.6745,0.6745,6.0,3.0,2.0,0.4
