Cluster,Dist,mean,median,std,min,max,bag_count,day_count,Cluster_Rank,Cluster_perc
0,"[0.0, 0.0, 0.0, 0.6745000000000083, 0.6744999999999917, 0.6745000000003668, 0.6744999999996332, 0.0, 0.6745000000002764, 0.6744999999997235, 0.0, 0.0, 0.0]",0.31130769230769234,0.0,0.3362507385443155,0.0,0.6745000000003668,13.0,10.0,1.0,0.25
1,"[0.28907142857399604, 1.059928571426004, 0.2890714285688611, 407.1089285687609, 16.464111111113592, 1.1596666666666593, 0.1893333333333407, 0.1893333333333407]",53.34368055522209,0.6745000000000001,133.81286734084148,0.1893333333333407,407.1089285687609,8.0,2.0,3.0,0.75
2,"[0.0, 0.6745, 354.95562500003706]",118.54337500001236,0.6745,167.1689319224082,0.0,354.95562500003706,3.0,1.0,4.0,1.0
3,"[21.01326923076936, 0.06226153846167033, 0.0, 20.951007692307964, 0.6745]",8.5402076923078,0.6745,10.161548077909694,0.0,21.01326923076936,5.0,1.0,2.0,0.5
