Cluster,Dist,mean,median,std,min,max,bag_count,day_count,Cluster_Rank,Cluster_perc
0,"[0.1419999999999502, 1.9879999999993032, 0.1419999999999502, 0.9230000000001494, 62.266999999985266, 0.42599999999985066, 0.6282107843136936, 0.1388676470586551, 0.297573529411731, 21.828671568624085, 23.495083333329706, 0.2446715686274311, 0.44305392156864387, 23.137995098035596, 1.1307794117645427, 0.7207892156863065, 0.1388676470588313, 21.696416666663332]",8.87716557734039,0.6745000000000001,15.813003112086038,0.1388676470586551,62.266999999985266,18.0,2.0,4.0,0.8
1,"[0.6745000000000907, 0.6744999999999092, 0.6744999999999949, 0.6745000000000051, 0.6745000000002365, 0.6744999999997635, 0.0, 0.0, 0.6745000000000447, 0.6744999999999552, 0.6745000000000202, 0.6744999999999798, 0.6745000000002247, 0.6744999999997753, 0.0, 0.0]",0.505875,0.6744999999999675,0.29206706742630195,0.0,0.6745000000002365,16.0,10.0,1.0,0.2
2,"[0.07438192840646629, 1.2746180715935338, 1.331475461893774, 0.005841512702075298, 2.1025551385681283, 1.320571304849885, 0.03933285219399374, 0.005841512702075298, 1.9631540203850526, 1.7912825594563841, 0.018332955832397684, 0.018332955832397684, 0.018332955832387508, 1.3306670441676023, 0.700877094972039, 0.6481229050279275, 0.648122905027961, 5.031744878957194, 0.6716845557543263, 0.6716845557543154, 0.6773154442456738, 0.7159272510435226, 0.681489637305683, 0.6675103626942859, 0.667510362694317, 4.784406735751241]",1.07158142167864,0.6745000000000001,1.2606122403382212,0.005841512702075298,5.031744878957194,26.0,5.0,3.0,0.6
3,"[0.0, 0.6745, 72.42443750000842, 0.0, 7.419499999995008, 0.6745, 42.30743103447753, 0.0, 0.6745, 0.0, 1148.673500007782, 0.6745, 0.0, 0.6745, 20.257864406779504]",86.29701552993616,0.6745,284.6338125790482,0.0,1148.673500007782,15.0,5.0,5.0,1.0
4,"[0.6745, 0.6745, 0.6745, 0.6745, 0.6745, 0.6745]",0.6745,0.6745,0.0,0.6745,0.6745,6.0,3.0,2.0,0.4
