Cluster,Dist,mean,median,std,min,max,bag_count,day_count,Cluster_Rank,Cluster_perc
0,"[0.0, 0.0, 0.0, 0.0, 0.0]",0.0,0.0,0.0,0.0,0.0,5.0,5.0,1.0,0.33
1,"[0.33725000000067396, 0.6070499999999551, 0.8768500000019319, 0.2023500000005841, 0.8768500000001347, 1.4164500000022915, 0.741950000000045, 0.20234999999968548]",0.6576375000006627,0.6745000000000001,0.3871036535531728,0.20234999999968548,1.4164500000022915,8.0,1.0,2.0,0.67
2,"[0.6745, 0.6745]",0.6745,0.6745,0.0,0.6745,0.6745,2.0,1.0,3.0,1.0
