Cluster,Dist,mean,median,std,min,max,bag_count,day_count,Cluster_Rank,Cluster_perc
0,"[2323.420640625256, 2.36075, 1.2646874999994382, 1.0749843749998595, 0.5901874999994383, 0.46371875000084245, 0.7588125000005617, 0.16862500000112327, 0.23185937500098286, 0.168625, 0.0, 1.1562857142880982, 0.6745, 0.2890714285723455, 4602.378482147744, 1.373089285715111, 0.4576964285717037]",408.0489420958911,0.6745,1181.962917430189,0.0,4602.378482147744,17.0,2.0,3.0,1.0
1,"[0.0, 0.0]",0.0,0.0,0.0,0.0,0.0,2.0,2.0,1.0,0.33
2,"[0.6745, 0.6745]",0.6745,0.6745,0.0,0.6745,0.6745,2.0,1.0,2.0,0.67
