Cluster,Dist,mean,median,std,min,max,bag_count,day_count,Cluster_Rank,Cluster_perc
0,"[4.895997512437799, 0.0033557213930419066, 0.003355721393027004, 0.6800928689883907, 0.6689071310116093, 1.3087313432835717, 5.543835616438465, 0.0, 0.6745]",1.530975101660656,0.6745,2.019011190540147,0.0,5.543835616438465,9.0,2.0,3.0,1.0
1,"[0.0, 0.0, 0.0, 0.0]",0.0,0.0,0.0,0.0,0.0,4.0,4.0,1.5,0.5
2,"[0.0, 0.0, 0.0]",0.0,0.0,0.0,0.0,0.0,3.0,1.0,1.5,0.5
