Cluster,Dist,mean,median,std,min,max,bag_count,day_count,Cluster_Rank,Cluster_perc
0,"[0.6745, 0.6745, 0.3447444444444932, 12.77053333333284, 12.88294999999964, 0.0, 0.6744999999999999, 0.6745, 0.6745]",3.263414197530775,0.6745,5.1164405192197435,0.0,12.88294999999964,9.0,3.0,3.0,1.0
1,"[0.0, 0.0, 0.0, 0.0, 0.0, 0.0, 0.0, 0.0, 0.0]",0.0,0.0,0.0,0.0,0.0,9.0,9.0,1.0,0.33
2,"[0.6685833333333261, 0.6685833333333261, 0.6804166666666739, 0.6906722222222125]",0.6770638888888846,0.6745,0.009223170550304662,0.6685833333333261,0.6906722222222125,4.0,1.0,2.0,0.67
