Cluster,Dist,mean,median,std,min,max,bag_count,day_count,Cluster_Rank,Cluster_perc
0,"[2.6980000000119815, 0.6745, 0.0, 0.9712800000004601, 3.2915599999994822, 0.053960000000345065, 0.37771999999953987, 0.053960000000345065, 1.5648399999999425]",1.0762022222235663,0.6745,1.1394552939010036,0.0,3.2915599999994822,9.0,2.0,2.0,0.67
1,"[0.0, 0.0, 0.0, 0.0, 0.6745000000035944, 0.6744999999964055, 0.0, 0.0, 0.0, 0.0, 0.0]",0.12263636363636364,0.0,0.26015101304199617,0.0,0.6745000000035944,11.0,10.0,1.0,0.33
2,"[0.6745, 152.26837500001685, 0.0, 1.4333125000005618, 0.08431250000056163]",30.89210000000359,0.6745,60.69030442610246,0.0,152.26837500001685,5.0,1.0,3.0,1.0
