Cluster,Dist,mean,median,std,min,max,bag_count,day_count,Cluster_Rank,Cluster_perc
0,"[0.3967647058823801, 2.42026470588238, 0.6745, 74.55208823529502, 0.07935294117646281, 0.0, 72.96502941176561, 0.7478480941704043, 0.6752561659192825, 0.6737438340807176, 0.6692068385650218, 0.7470919282511206, 0.6692068385650229, 9.744605691056933, 0.0, 0.4277317073170725, 9.223650406504088, 0.3893455284552789, 9.371711382113837, 0.6745]",9.255094920750029,0.6745,21.733412783268037,0.0,74.55208823529502,20.0,3.0,5.0,0.83
1,"[0.0, 0.0, 0.0, 0.6745000000001404, 0.6744999999998595, 0.0, 0.6745000000000072, 0.6744999999999928, 0.0, 0.6745000000000239, 0.6744999999999761, 0.0]",0.33725,0.3372499999999298,0.33725,0.0,0.6745000000001404,12.0,9.0,1.0,0.17
2,"[0.6745, 0.6745, 0.6745, 0.6745, 0.6745000000000001, 0.6745000000000001, 0.6745, 0.6745]",0.6745000000000001,0.6745,9.614813431917819e-17,0.6745,0.6745000000000001,8.0,4.0,2.0,0.33
3,"[0.8211304347826113, 0.6275782608695706, 0.6627695652173926, 10.651234782608633, 10.668830434782546, 10.422491304347762, 0.40470000000000195, 0.2052826086956577, 10.915169565217328, 0.1349000000000039, 10.891708695652104, 0.035191304347822014, 10.176152173912978, 0.6862304347826073, 10.621908695652104, 0.09384347826087823, 0.25806956521739066, 0.42229565217391296, 10.944495652173845, 10.633639130434714, 0.03519130434783178, 0.046921739130429345]",4.561806126482188,0.6744999999999999,5.079127389616516,0.035191304347822014,10.944495652173845,22.0,1.0,3.0,0.5
4,"[0.0, 3.8221666666659804, 0.6745, 0.0, 0.6745, 47.83953703703637, 13.047586021505412, 0.0, 0.6745]",7.414754413911974,0.6745,14.832499476624847,0.0,47.83953703703637,9.0,3.0,4.0,0.67
5,"[0.5439516129032398, 40.3829677419356, 0.6745, 0.0, 41.12274193548398, 0.0, 21.735181034482643, 22.002655172413686, 0.6745, 0.4070258620689769]",12.754352335928813,0.6745,16.288140888376258,0.0,41.12274193548398,10.0,2.0,6.0,1.0
