Cluster,Dist,mean,median,std,min,max,bag_count,day_count,Cluster_Rank,Cluster_perc
0,"[0.0, 0.0, 0.0, 0.6744999999999675, 0.6745000000000325, 0.0, 0.0, 0.67449999999999, 0.67450000000001, 0.0, 0.0]",0.24527272727272723,0.0,0.32446531987510296,0.0,0.6745000000000325,11.0,9.0,1.0,0.33
1,"[0.6745, 0.6745, 0.6745, 0.6745]",0.6745,0.6745,0.0,0.6745,0.6745,4.0,2.0,2.0,0.67
2,"[0.7315674126637464, 0.699904203056768, 0.6490957969432319, 0.6490957969432319]",0.6824158024017445,0.6745,0.03515028618777153,0.6490957969432319,0.7315674126637464,4.0,1.0,3.0,1.0
