Cluster,Dist,mean,median,std,min,max,bag_count,day_count,Cluster_Rank,Cluster_perc
0,"[0.0, 0.0, 0.6745000000000012, 0.6744999999999988, 0.0, 0.0, 0.0, 0.0]",0.168625,0.0,0.2920670674263019,0.0,0.6745000000000012,8.0,7.0,2.0,0.67
1,"[45.18427837259098, 0.0, 0.6745]",15.286259457530328,0.6745,21.142885152323206,0.0,45.18427837259098,3.0,1.0,3.0,1.0
2,[0.0],0.0,0.0,0.0,0.0,0.0,1.0,1.0,1.0,0.33
