Cluster,Dist,mean,median,std,min,max,bag_count,day_count,Cluster_Rank,Cluster_perc
0,"[0.5296074074075573, 0.8193925925924427, 1.1391555555550288, 5.985562962961361, 0.37971851851852045, 0.3797185185182542, 0.16188000000031633, 50.911259999992005, 0.053959999999626175, 0.0, 0.8094000000001438, 0.6745, 45.83901999999264, 0.0, 1.6113055555556388, 0.5995555555555556, 0.06245370370378691, 22.00868518518768, 0.0, 24.144601851854596, 0.7494444444444445, 0.0732015503876113, 0.05925839793283262, 5.7306356589146885, 0.20217571059433734, 0.05925839793283262, 5.71669250645991, 5.786408268733803, 5.821266149870703, 0.435723514211857, 0.9132764857881429]",5.859907048150525,0.6745,12.537704916487101,0.0,50.911259999992005,31.0,4.0,5.0,0.62
1,"[0.6745000000000103, 0.6744999999999897, 0.0, 0.6745, 1.8606896551719863, 0.0, 0.0, 0.0, 0.0]",0.4315766283524429,0.0,0.5916728889441344,0.0,1.8606896551719863,9.0,6.0,1.0,0.12
2,"[29.003500000197693, 0.0, 0.6745, 0.0, 11.453652380952809, 0.6745, 0.0, 0.8993333333333332, 0.6745]",4.819998412720427,0.6745,9.222384326746475,0.0,29.003500000197693,9.0,3.0,3.0,0.38
3,"[18.66824803149507, 1.0037834645668064, 0.3452165354331934, 0.3452165354329104, 0.6731768023540953, 50.455345635115044, 0.6731768023540908, 0.6758231976459047, 0.25695238095229944, 1.0920476190477006, 0.25695238095229944, 12.20523809523508]",7.220931456715374,0.6745,14.205176960280198,0.25695238095229944,50.455345635115044,12.0,3.0,7.0,0.88
4,"[15.92366891891769, 0.00911486486492394, 15.83252027026918, 0.6745, 16.34295270270152, 0.0, 0.027344594594528954, 0.4742578125000044, 6.302359374999827, 0.6744999999999999, 6.39721093749979, 6.541244791666461, 0.07377343750001317, 0.0]",4.948103407536709,0.6744999999999999,6.285612082608587,0.0,16.34295270270152,14.0,2.0,4.0,0.5
5,"[0.6745, 0.6745, 0.6745, 0.6745]",0.6745,0.6745,0.0,0.6745,0.6745,4.0,2.0,2.0,0.25
6,"[0.6745, 0.0, 1.3490000000011981, 0.044966666666387094, 40.402550000022885, 0.7941693548386115, 0.6745, 0.0, 0.3916451612902384, 19.37555645161084]",6.370688763443015,0.6745,12.670585209472206,0.0,40.402550000022885,10.0,2.0,6.0,0.75
7,"[0.6745, 0.0, 42.252607142861315, 43.45707142857592, 0.2890714285714286]",17.334650000001737,0.6745,20.841727025106824,0.0,43.45707142857592,5.0,1.0,8.0,1.0
