Cluster,Dist,mean,median,std,min,max,bag_count,day_count,Cluster_Rank,Cluster_perc
0,"[0.6745, 0.0, 14.434299999981668, 0.43360714285736063, 2.1680357142855193, 0.9153928571426394, 0.43360714285703966]",2.7227775510177463,0.6745,4.82291697217101,0.0,14.434299999981668,7.0,2.0,3.0,1.0
1,"[0.674499999999893, 0.6745000000001069, 0.0, 0.0, 0.0, 0.0, 0.0]",0.19271428571428567,0.0,0.304708040254796,0.0,0.6745000000001069,7.0,6.0,1.0,0.33
2,"[0.6745, 0.6745]",0.6745,0.6745,0.0,0.6745,0.6745,2.0,1.0,2.0,0.67
