Cluster,Dist,mean,median,std,min,max,bag_count,day_count,Cluster_Rank,Cluster_perc
0,"[0.0, 0.0, 0.0, 0.0, 0.0, 0.0, 0.0, 0.0]",0.0,0.0,0.0,0.0,0.0,8.0,8.0,1.0,0.33
1,"[0.6745, 0.6745]",0.6745,0.6745,0.0,0.6745,0.6745,2.0,1.0,2.0,0.67
2,"[0.9681537952846462, 0.3808462047153535, 0.3808462047153536, 1.9248655261644618]",0.9136779327199538,0.6744999999999999,0.6311274176968942,0.3808462047153535,1.9248655261644618,4.0,1.0,3.0,1.0
