Cluster,Dist,mean,median,std,min,max,bag_count,day_count,Cluster_Rank,Cluster_perc
0,"[0.6744999999999995, 0.6745000000000003, 0.0]",0.4496666666666666,0.6744999999999995,0.3179623492735508,0.0,0.6745000000000003,3.0,2.0,2.0,0.67
1,"[9.442999999983662, 0.0, 0.6745]",3.372499999994554,0.6745,4.301314934598553,0.0,9.442999999983662,3.0,1.0,3.0,1.0
2,[0.0],0.0,0.0,0.0,0.0,0.0,1.0,1.0,1.0,0.33
