Cluster,Dist,mean,median,std,min,max,bag_count,day_count,Cluster_Rank,Cluster_perc
0,"[0.0, 0.6745000000000624, 0.6744999999999376, 0.0, 0.0, 0.0, 0.0]",0.1927142857142857,0.0,0.304708040254796,0.0,0.6745000000000624,7.0,6.0,1.0,0.25
1,"[0.6745, 0.6745, 0.6745, 0.6745, 0.6745, 0.6745]",0.6745,0.6745,0.0,0.6745,0.6745,6.0,3.0,2.0,0.5
2,"[331.9689715909331, 0.22227840909090066, 0.29892613636362503, 1.050073863636375, 0.22227840909095176, 1.2800170454547013]",55.84042424242828,0.6745,123.48914223031146,0.22227840909090066,331.9689715909331,6.0,1.0,4.0,1.0
3,"[3.7940625000002806, 0.6745, 0.168625, 2.1078125000002808, 0.0]",1.349000000000112,0.6745,1.4298365941385958,0.0,3.7940625000002806,5.0,1.0,3.0,0.75
