Cluster,Dist,mean,median,std,min,max,bag_count,day_count,Cluster_Rank,Cluster_perc
0,"[0.0, 0.0, 0.0, 0.0, 0.6744999999999963, 0.6745000000000037]",0.22483333333333333,0.0,0.3179623492735509,0.0,0.6745000000000037,6.0,5.0,1.0,0.33
1,"[0.6745, 0.6745, 0.6745, 0.6745]",0.6745,0.6745,0.0,0.6745,0.6745,4.0,2.0,3.0,1.0
2,"[0.0, 0.30234670819196596, 0.3026087449172516, 0.303342447748051, 0.303324978633032, 0.303473466110694, 0.32755464116443495, 0.6745, 1.0212619331278654, 1.0310970448835821, 1.033228276915905, 1.033114727668281, 1.0489854186630754, 1.0329662401906192, 1.0442338193778975, 1.0176894991064722, 0.6743951853098857]",0.6737719489417066,0.6745,0.3672808124290347,0.0,1.0489854186630754,17.0,1.0,2.0,0.67
