Cluster,Dist,mean,median,std,min,max,bag_count,day_count,Cluster_Rank,Cluster_perc
0,"[0.6745, 0.6745, 0.2697999999999986, 1.0792000000000013, 1.349, 0.2697999999999986, 0.6745, 0.6745]",0.7082249999999998,0.6745,0.3422713680327357,0.2697999999999986,1.349,8.0,3.0,3.0,1.0
1,"[0.0, 0.0, 0.0, 0.0]",0.0,0.0,0.0,0.0,0.0,4.0,4.0,1.5,0.5
2,[0.0],0.0,0.0,0.0,0.0,0.0,1.0,1.0,1.5,0.5
