Cluster,Dist,mean,median,std,min,max,bag_count,day_count,Cluster_Rank,Cluster_perc
0,"[0.6745, 0.6745, 4.14485009057971, 0.5107305253623187, 0.5107305253623189, 0.8382694746376812]",1.2255967693236716,0.6745,1.3103145410359796,0.5107305253623187,4.14485009057971,6.0,2.0,3.0,1.0
1,"[0.0, 0.0, 0.0, 0.6744999999999999, 0.6745000000000001, 0.0]",0.22483333333333333,0.0,0.3179623492735508,0.0,0.6745000000000001,6.0,5.0,1.0,0.33
2,"[0.0, 0.7292494910941478, 0.6745]",0.46791649703138266,0.6745,0.3316210315398758,0.0,0.7292494910941478,3.0,1.0,2.0,0.67
