Cluster,Dist,mean,median,std,min,max,bag_count,day_count,Cluster_Rank,Cluster_perc
0,"[0.23505303030318708, 1.1139469696968127, 0.23505303030264246, 8.758280303029965, 0.6745, 0.6745]",1.9485555555554346,0.6745,3.0601617482668257,0.23505303030264246,8.758280303029965,6.0,2.0,2.0,0.67
1,"[0.0, 0.0, 0.6745000000002995, 0.6744999999997005, 0.0, 0.0, 0.0, 0.6745000000007814, 0.6744999999992185, 0.0, 0.6745000000002462, 0.6744999999997539]",0.33725,0.33724999999960925,0.33725,0.0,0.6745000000007814,12.0,9.0,1.0,0.33
2,"[0.0, 5.6657999999906545, 0.6745]",2.113433333330218,0.6745,2.5269506344340713,0.0,5.6657999999906545,3.0,1.0,3.0,1.0
