Cluster,Dist,mean,median,std,min,max,bag_count,day_count,Cluster_Rank,Cluster_perc
0,"[0.9252756410255834, 0.04323717948723709, 0.42372435897441657, 3.0352500000004032, 0.04323717948723709, 6382.836737180189, 0.2853653846154422, 1.0463397435898012, 0.0, 0.9243148148147531, 0.6745, 6556.989370369474, 0.424685185184914, 961.0757785714125, 960.4398214285552, 217.8667119047582, 0.9924785714285524, 0.06102619047624692, 0.022483333333309083, 0.3565214285714475, 0.022483333333394667, 0.5493911290322353, 1.3544395161290679, 5982.9618669354995, 5980.3944153225975, 0.8757620967742806, 0.7996088709677648, 0.3209314516128325, 0.4841169354838552, 0.4623588709677285, 0.3209314516129775, 0.7206986301370436, 0.9424520547945577, 0.6283013698629564, 0.11087671232875701, 770.824143835631, 0.11087671232875701, 0.8375659340660209, 0.7560329670330105, 3269.353384615506, 0.0, 0.5114340659340779, 0.05188461538456221, 421.7403901099057, 0.35578021978019375, 0.6745, 0.6744999999999999, 975.9415444444077, 0.0, 0.0, 0.7794222222221068, 0.58456666666668, 1.8736111111111333, 0.4517293577981235, 0.9962798165136201, 1113.2777201834049, 0.2537110091743066, 0.8972706422018765, 0.2537110091743066]",569.840941570928,0.6745,1603.4043403407204,0.0,6556.989370369474,59.0,8.0,3.0,1.0
1,"[0.40469999999988937, 1.5669153846154313, 0.40469999999988937, 0.9443000000001106, 0.0, 2.9432727272731354, 0.6744999999999999, 0.6745, 0.0, 4.257781249998508, 0.957354838709883, 0.0, 0.6092258064520336, 0.6745, 0.805048387097092, 0.5495925925925186, 5.146185185181044, 0.7994074074074814, 0.549592592591853, 0.04351612903197754, 1.653612903226162, 2.6980000000011595, 0.043516129032557284, 0.08703225806395508, 1.2619677419360449, 1.3859589041095857, 0.07391780821917134, 0.07391780821917134, 0.38806849315077263, 0.9609315068492273, 1.1642054794520718, 0.5126199999998203, 1.7267200000003595, 0.5126200000001797, 0.8363799999998203, 0.4215625000005616, 0.9274374999994385, 1.2646874999994382, 0.4215625000005616, 1.191616666666485, 0.40919666666668386, 0.9398033333333162, 0.40919666666656407]",0.9620842945707897,0.6745,1.0491464079230177,0.0,5.146185185181044,43.0,10.0,2.0,0.67
2,"[0.0, 0.6745, 1.3612636363635533, 0.0, 0.0, 0.674499999999527, 0.6745000000004729, 0.6745000000001953, 0.6744999999998047, 0.0]",0.4733763636363554,0.6744999999996659,0.43438901012686026,0.0,1.3612636363635533,10.0,6.0,1.0,0.33
