Cluster,Dist,mean,median,std,min,max,bag_count,day_count,Cluster_Rank,Cluster_perc
0,"[0.0, 0.0, 0.0, 0.0]",0.0,0.0,0.0,0.0,0.0,4.0,4.0,1.0,0.33
1,"[0.6745, 0.6745]",0.6745,0.6745,0.0,0.6745,0.6745,2.0,1.0,2.0,0.67
2,"[1.8707830188676045, 1.3108207547170707, 0.0381792452829293, 0.0381792452829293]",0.8144905660376336,0.6745,0.8011579019712576,0.0381792452829293,1.8707830188676045,4.0,1.0,3.0,1.0
