Cluster,Dist,mean,median,std,min,max,bag_count,day_count,Cluster_Rank,Cluster_perc
0,"[0.6745, 0.6745, 0.5227375000000009, 4.11107749999997, 1.0353574999999973, 0.1382724999999951, 0.41481749999999096, 0.5901874999999985, 0.12478249999999669, 0.7588125000000013, 0.12478250000000231, 1.251197499999989, 1.4063324999999933, 3.901982499999972, 0.21584000000000597, 0.0, 0.6745, 0.9353066666666601, 14.794033333333324, 0.269799999999995, 0.6745, 1.5738333333333334, 0.0, 0.6145444444444511, 2.3232777777777818, 5.3510333333333255, 0.9592888888888822, 0.6145444444444386, 0.1423944444444457, 0.1423944444444457, 0.7019796296296288, 8.266372222222241, 0.6470203703703713, 2.6355462962963028, 0.6745, 0.6745, 1.3115277777777818, 1.6113055555555689, 0.012490740740739392, 0.012490740740739392, 0.03747222222221818, 3.0852129629629625, 0.6745, 0.6745, 0.01847945205479241, 0.0, 0.7391780821917734, 16.492910958904044, 0.6745, 2.68267045454538, 0.7818068181818167, 0.5671931818181578, 0.5671931818181832]",1.6709053162102583,0.6745,3.1425474769172363,0.0,16.492910958904044,53.0,10.0,2.0,0.67
1,"[0.0, 0.674499999999999, 0.674500000000001, 0.6745000000000035, 0.6744999999999964, 0.0, 0.0, 0.0, 0.6744999999999945, 0.6745000000000054]",0.40470000000000006,0.6744999999999954,0.33043616630145073,0.0,0.6745000000000054,10.0,7.0,1.0,0.33
2,"[1.29964634146342, 0.13160975609755998, 1.2338414634146333, 1.1844878048780396, 0.8554634146341468, 1.2338414634146333, 0.4935365853658533, 27.884817073170698, 0.1974146341463331, 0.23031707317073336, 0.24676829268292666, 0.24676829268292666, 0.13160975609755998, 1.3160975609756134, 1.6619123711340205, 25.763118556701006, 0.2572835051546336, 0.006953608247433484, 0.8413865979381546, 1.0221804123711242, 0.006953608247421904, 0.5076134020618454, 26.819949152542293, 0.6745, 0.09145762711864326, 0.9260084745762713, 0.09145762711864326, 0.6745, 1.2232457627118596, 1.0060338983050854, 0.48015254237288424, 0.6059067796610151, 0.25150847457627135, 19.22896610169486]",3.4949208239626044,0.6745,7.9223381858212765,0.006953608247421904,27.884817073170698,34.0,3.0,3.0,1.0
