Cluster,Dist,mean,median,std,min,max,bag_count,day_count,Cluster_Rank,Cluster_perc
0,"[23.352971698109794, 0.6745, 0.06363207547159734, 0.0, 1.2090094339622146, 3.0045909090913177, 0.0, 0.6744999999999999]",3.6224005145793656,0.6744999999999999,7.514903717879149,0.0,23.352971698109794,8.0,2.0,2.0,0.67
1,"[0.7219522613065247, 12.171505025124922, 941.4291381909007, 939.8089824120065, 939.7208567838657, 940.0530226130115, 13.561178391959043, 0.27454522613062987, 0.6270477386934753, 0.016947236180924263, 0.3219974874371998, 0.19997738693470762, 0.003389447236202915, 0.06439949748740383, 0.4101231155778434, 13.079876884421344, 12.483334170853515, 16.48288190954681, 0.15252512562813775, 0.003389447236202915]",191.57935351757698,0.6745,374.3784000478266,0.003389447236202915,941.4291381909007,20.0,1.0,3.0,1.0
2,"[0.0, 0.0]",0.0,0.0,0.0,0.0,0.0,2.0,2.0,1.0,0.33
