Cluster,Dist,mean,median,std,min,max,bag_count,day_count,Cluster_Rank,Cluster_perc
0,"[0.6745, 0.0, 1177.6769999962057, 408.07249999868577, 0.0, 0.6745, 590.8620000010479, 0.0, 0.6745, 0.6745, 0.0, 0.0, 0.0, 0.6745, 20.176853448275793, 0.5698362068965638, 20.09544827586197, 0.0, 0.6745, 0.6745, 0.44966666666716587, 1.7986666666686635, 0.44966666666716587, 0.899333333332834, 0.0, 574.6739999995855, 1.349, 0.0, 0.6812449999999918, 0.6722516666666669, 0.6767483333333331, 0.6722516666666669, 0.6745, 129.7288333333478, 0.0, 0.0, 0.6745, 10.129763636364146, 0.0, 0.6745, 2.7703376811594524, 129.20422222233233, 0.0, 0.6745, 120.93785000005376, 0.6745, 0.0, 1.916219120135357, 0.0, 0.6722174280879906, 0.6745, 2.0896945854483886, 0.6745, 0.2248333333345814, 0.6745, 0.0, 0.6745000000014977, 1.7986666666699118, 0.8993333333360791]",54.42271930960734,0.6745,188.98323161133055,0.0,1177.6769999962057,59.0,16.0,3.0,1.0
1,"[0.6744999999985023, 1.1241666666666665, 1.1241666666666665, 405.14966666671154, 0.8993333333325845, 0.22483333333258448, 0.6745, 0.22483333333258448, 416.1665000000464, 0.0, 1.5738333333325845, 0.4496666666666666, 0.6744999999985023, 0.6745, 2.4282, 242.6851000000265, 0.1349000000004493, 0.6745, 242.14550000002652, 0.1349000000004493, 1.0792, 0.6745, 0.8094, 0.0, 0.4047, 0.6745, 0.4047, 1.0792, 0.5395999999995507, 0.8094, 0.6744999999995507, 14.299400000001796, 0.5395999999995507, 0.6744999999995507, 1.2141, 0.0, 0.0, 0.6744999999995507, 17.267200000001797, 11.871200000001798, 233.64680000002562, 310.53980000003367, 0.5395999999995507, 0.9442999999995507, 0.5395999999995507, 0.0, 310.94450000003457, 0.4047, 0.8094, 0.8094, 0.9442999999995507, 1.6188, 0.2697999999995507, 268.99060000002925, 0.13489999999955068, 1.2141, 236.61460000002563, 1.6188000000004492, 0.9442999999995507, 250.6442000000274, 82.69370000000853, 0.9442999999995507, 0.6745, 0.5395999999995507, 0.6745, 0.0, 0.13489999999955068, 0.2698, 4.046999999986521, 0.6744999999955069, 0.0, 3.372499999986521, 0.6745, 3.372499999986521, 3.3724999999887673, 0.0, 3.3724999999887673, 0.0, 0.6745, 1177.0024999962077, 0.6745, 0.6745, 0.0, 2.0234999999932604, 6.744999999975287]",50.42720705878155,0.6745,156.07571721816336,0.0,1177.0024999962077,85.0,3.0,2.0,0.67
2,"[0.6744999999999962, 0.6745000000000038, 0.0, 0.0, 0.6744999999997754, 0.6745000000002246, 0.674499999999679, 0.674500000000321]",0.505875,0.6744999999998857,0.29206706742630195,0.0,0.674500000000321,8.0,5.0,1.0,0.33
