Cluster,Dist,mean,median,std,min,max,bag_count,day_count,Cluster_Rank,Cluster_perc
0,"[42.9652986015903, 0.673575267343023, 0.018864546202358466, 0.6720956950918578, 0.6709860159034815, 0.011096791883738823, 0.6750548395941881, 29.69575486701395, 29.697604332327906, 29.699083904579073, 29.58589662736492, 0.8944014258294477, 0.6720956950918578, 0.673575267343023, 0.011096791883738823, 0.6739451604058118, 30.8202297778996, 30.764006032355326, 0.0007656072644568155, 0.0007656072644976153, 0.0099528944381426, 2.7355147559592, 1.3390471055618574, 87.43464642451862]",13.349806418112934,0.6744999999999999,21.059759298360678,0.0007656072644568155,87.43464642451862,24.0,2.0,2.0,0.5
1,"[8.751088078893938, 0.6745, 0.0, 173.2197983425414, 0.6745, 0.0, 0.46061725789893915, 0.0, 1.0234443082012088, 2.4781546994410855, 0.6745, 2.1239331641285677, 0.6745, 0.0]",13.625359703650366,0.6745,44.317286092087905,0.0,173.2197983425414,14.0,4.0,3.0,0.75
2,"[0.0, 0.0, 0.0, 0.0]",0.0,0.0,0.0,0.0,0.0,4.0,4.0,1.0,0.25
3,"[0.39676470588237917, 394.35070588233947, 0.9522352941176209, 0.39676470588237917, 0.8165, 0.5325, 0.5325, 7.756750000000827]",50.716840073527834,0.6745,129.90261681610792,0.39676470588237917,394.35070588233947,8.0,2.0,4.0,1.0
