Cluster,Dist,mean,median,std,min,max,bag_count,day_count,Cluster_Rank,Cluster_perc
0,"[0.674499999999999, 0.674500000000001, 0.0, 0.0, 0.0]",0.2698,0.0,0.33043616630145073,0.0,0.674500000000001,5.0,4.0,1.0,0.33
1,"[0.6745, 0.0, 119.38650000001329, 0.6745, 0.0, 707.2132500000787]",137.99145833334867,0.6745,258.24883730639885,0.0,707.2132500000787,6.0,2.0,3.0,1.0
2,"[0.6745, 0.6745, 0.6745, 0.6745]",0.6745,0.6745,0.0,0.6745,0.6745,4.0,2.0,2.0,0.67
