Cluster,Dist,mean,median,std,min,max,bag_count,day_count,Cluster_Rank,Cluster_perc
0,"[2.6327258064494807, 0.6744999999988405, 0.6745, 0.6745, 0.8647435897433771, 1.0376923076913152, 0.44966666666666666, 0.44966666666666666, 1.0376923076922369, 0.4842564102566229]",0.8979943755165207,0.6745,0.6142030248488628,0.44966666666666666,2.6327258064494807,10.0,2.0,3.0,1.0
1,"[0.0, 0.6744999999999995, 0.6745000000000004, 0.0, 0.0]",0.2698,0.0,0.33043616630145073,0.0,0.6745000000000004,5.0,4.0,1.0,0.33
2,"[0.6745, 0.6745]",0.6745,0.6745,0.0,0.6745,0.6745,2.0,1.0,2.0,0.67
