Cluster,Dist,mean,median,std,min,max,bag_count,day_count,Cluster_Rank,Cluster_perc
0,"[0.0, 0.0, 1.0424090909080512, 0.0, 0.6745, 0.0, 0.6744999999994383, 0.6745000000005615, 0.0, 0.0, 0.0, 0.0, 0.0, 0.0]",0.21899350649343224,0.0,0.3565763072410913,0.0,1.0424090909080512,14.0,11.0,1.0,0.33
1,"[0.6745, 0.6745, 0.6745, 0.6745, 0.6745, 0.6745, 0.6745000000000001, 0.6745000000000001, 0.6745, 0.6745]",0.6745000000000001,0.6745,9.930136612989092e-17,0.6745,0.6745000000000001,10.0,5.0,2.0,0.67
2,"[26.996703061683895, 1.2982834308869873, 0.050716569113012595, 0.050716569113012595]",7.099104907699227,0.6745,11.499168431307723,0.050716569113012595,26.996703061683895,4.0,1.0,3.0,1.0
