Cluster,Dist,mean,median,std,min,max,bag_count,day_count,Cluster_Rank,Cluster_perc
0,"[0.0, 0.0]",0.0,0.0,0.0,0.0,0.0,2.0,2.0,1.0,0.33
1,"[0.6745, 0.6745]",0.6745,0.6745,0.0,0.6745,0.6745,2.0,1.0,3.0,1.0
2,"[0.7004423076924805, 0.6745, 0.24645192307683667, 0.0, 1.206317307692394]",0.5655423076923423,0.6745,0.4152876508354577,0.0,1.206317307692394,5.0,1.0,2.0,0.67
