Cluster,Dist,mean,median,std,min,max,bag_count,day_count,Cluster_Rank,Cluster_perc
0,"[0.0, 0.0, 0.0, 0.0, 0.0, 0.0]",0.0,0.0,0.0,0.0,0.0,6.0,6.0,1.0,0.2
1,"[0.6745, 0.8993333333353302, 0.0, 0.0, 0.6745000000179723, 0.6745]",0.48713888889221707,0.6745,0.3535122374226522,0.0,0.8993333333353302,6.0,2.0,2.0,0.4
2,"[1.3490000000029954, 0.33725, 0.6745, 203.02450000047327, 0.4496666666676651, 0.0, 0.8993333333353302]",29.533464285782753,0.6745,70.82853389980724,0.0,203.02450000047327,7.0,1.0,5.0,1.0
3,"[0.6745, 0.6745]",0.6745,0.6745,0.0,0.6745,0.6745,2.0,1.0,3.0,0.6
4,"[1.3490000000089861, 1.6862500000134792, 0.6745, 0.0, 0.6745]",0.8768500000044931,0.6745,0.5880154674887907,0.0,1.6862500000134792,5.0,1.0,4.0,0.8
