Cluster,Dist,mean,median,std,min,max,bag_count,day_count,Cluster_Rank,Cluster_perc
0,"[0.6744999999999999, 0.0, 1.5166052116684454, 0.2457090003557453, 2.9543867840626112, 1.9811679245283023, 0.0, 0.04353773584905672, 0.7331754716981133, 0.6745, 0.5612349056603774, 1.2157075471698118, 0.0, 0.6767354911501308, 0.6745, 0.6745, 2.045581339712919, 0.0, 0.0, 4.07335219764436, 0.6745]",0.9247473147380892,0.6745,1.0441965916493792,0.0,4.07335219764436,21.0,5.0,3.0,0.75
1,"[0.0, 0.0, 0.6744999999999994, 0.6745000000000007, 0.0, 0.6745000000000001, 0.6744999999999999, 0.6745000000000001, 0.6744999999999999, 0.0, 0.0]",0.36790909090909096,0.6744999999999994,0.3358535136702132,0.0,0.6745000000000007,11.0,8.0,1.0,0.25
2,"[0.5703430884184298, 2.6036427978414243, 0.7786569115815691, 0.5703430884184308, 0.6744999999999999, 5.784829411764706, 2.537792845786963, 0.6560558028616854, 0.0, 0.2667974562798091, 2.6536052464228934, 1.6185161166144841, 0.06359680234050188, 0.984625288713237, 0.4024566288559254, 0.2680620797618438, 0.17431132269157706, 0.7084275265616177, 0.8207345634655852, 0.3085673920854079, 0.0635968023405021, 0.8309820612841966, 0.7245604116409179, 0.6405724734383824, 0.8094484678950878]",1.020600983482607,0.6744999999999999,1.2216566088719087,0.0,5.784829411764706,25.0,3.0,4.0,1.0
3,"[0.6745, 0.6745, 0.6745, 0.6745, 0.6744999999999999, 0.6745]",0.6745,0.6745,4.5324665183683945e-17,0.6744999999999999,0.6745,6.0,3.0,2.0,0.5
