Cluster,Dist,mean,median,std,min,max,bag_count,day_count,Cluster_Rank,Cluster_perc
0,"[0.8431249999999766, 0.5058750000000234, 1.8548749999999299, 0.5058749999999766, 0.0, 0.0]",0.618291666666651,0.5058750000000001,0.628428271176479,0.0,1.8548749999999299,6.0,2.0,2.0,0.67
1,"[0.0, 0.0, 0.0, 0.0, 0.0, 0.0, 0.6745, 1.3489999999994382, 0.0, 0.0, 0.0, 0.0]",0.16862499999995317,0.0,0.4014077895875417,0.0,1.3489999999994382,12.0,10.0,1.0,0.33
2,"[0.6974668458781361, 0.20186648745519684, 2.474375448028671, 0.13296594982078885, 0.018131720430107526, 2.4792105734766996, 0.13900985663082502, 2.4719578853046564, 0.10758154121863812, 2.474375448028671, 2.4792105734766996, 2.4767930107526848, 0.11362544802867429, 2.474375448028671, 0.09428494623655972, 0.09428494623655972, 2.4767930107526848, 0.7131810035842286, 2.4792105734766996, 0.12329569892473156, 0.008461469534050244, 0.0024175627240150747, 2.4707491039426492, 2.4767930107526848, 2.4719578853046564, 0.0797795698924733, 0.18131720430107526, 2.4719578853046564, 0.022966845878136667, 0.0797795698924733, 0.0652741935483879, 2.478001792114693, 0.1837347670250893, 0.03505465949820801, 2.478001792114693, 0.05923028673835172, 2.478001792114693, 0.103955197132617, 2.4719578853046564, 0.00725268817204321, 2.478001792114693, 0.6515331541218639, 2.475584229390678, 0.11604301075268836, 2.474375448028671, 0.010879032258064313, 2.482836917562721, 0.020549283154122598, 2.474375448028671, 0.002417562724014068, 2.4792105734766996, 0.08944982078853059, 2.4816281362007135, 0.1764820788530471, 2.4767930107526848, 0.07857078853046627, 2.4767930107526848, 0.027801971326164802, 2.4767930107526848, 0.7010931899641573, 2.474375448028671, 0.09428494623655972, 2.4767930107526848, 0.04109856630824419, 0.042307347670251225, 2.4731666666666636, 0.04593369175627233, 3.199644265232971]",1.2183449557242239,0.6745,1.1848404432025723,0.002417562724014068,3.199644265232971,68.0,1.0,3.0,1.0
