Cluster,Dist,mean,median,std,min,max,bag_count,day_count,Cluster_Rank,Cluster_perc
0,"[0.0, 0.0, 0.674499999999527, 0.6745000000004729, 0.0, 0.0]",0.22483333333333333,0.0,0.3179623492735508,0.0,0.6745000000004729,6.0,5.0,3.0,1.0
1,"[0.0, 0.0, 0.0, 0.0, 0.0]",0.0,0.0,0.0,0.0,0.0,5.0,1.0,1.5,0.5
2,[0.0],0.0,0.0,0.0,0.0,0.0,1.0,1.0,1.5,0.5
