Cluster,Dist,mean,median,std,min,max,bag_count,day_count,Cluster_Rank,Cluster_perc
0,"[0.0, 0.0, 0.0, 0.6745000000000005, 0.6744999999999993, 0.0, 0.0, 0.6745000000000005, 0.6744999999999994, 0.6745000000000007, 0.6744999999999994, 0.6745000000000154, 0.6744999999999846, 0.6745000000000261, 0.6744999999999739, 0.0, 0.6745000000000005, 0.6744999999999994, 0.0]",0.42600000000000005,0.6744999999999993,0.32536287434186467,0.0,0.6745000000000261,19.0,13.0,1.0,0.14
1,"[0.6745, 0.6745, 0.6745, 0.6745]",0.6745,0.6745,0.0,0.6745,0.6745,4.0,2.0,2.0,0.29
2,"[0.0, 1.349, 0.0, 348.81285714281233, 5305.841833333237, 0.6745000000000289, 0.6744999999999712, 0.6744999999999712]",707.2533988095063,0.6745000000000001,1741.837111833656,0.0,5305.841833333237,8.0,2.0,7.0,1.0
3,"[1.01175, 0.0, 0.6745, 165.9933442622951, 0.0, 0.6745]",28.059015710382514,0.6745,61.687213291640866,0.0,165.9933442622951,6.0,2.0,6.0,0.86
4,"[0.6766322444678606, 0.6752107481559535, 0.6737892518440465, 0.6737892518440465]",0.6748553740779768,0.6745,0.0011786424768674424,0.6737892518440465,0.6766322444678606,4.0,1.0,3.0,0.43
5,"[23.619990740741155, 0.1623796296296354, 0.0, 0.6745, 23.882296296296726]",9.667833333333503,0.6745,11.501429037866146,0.0,23.882296296296726,5.0,1.0,5.0,0.71
6,"[0.2248333333333021, 0.6744999999999999, 2.1921249999999763, 2.248333333333302, 0.0]",1.067958333333316,0.6744999999999999,0.9657370307179823,0.0,2.248333333333302,5.0,1.0,4.0,0.57
