Cluster,Dist,mean,median,std,min,max,bag_count,day_count,Cluster_Rank,Cluster_perc
0,"[154.61038888885673, 0.6745, 0.0, 0.6745, 0.0, 3.854285714274711]",26.63561243385524,0.6745,57.24712900060507,0.0,154.61038888885673,6.0,2.0,3.0,1.0
1,"[0.6745000000008986, 0.6744999999991014, 0.0]",0.44966666666666666,0.6744999999991014,0.3179623492735509,0.0,0.6745000000008986,3.0,2.0,1.0,0.33
2,"[0.6744999999982028, 0.6744999999982028, 0.6745000000017972, 2.2258500000052117]",1.0623375000008535,0.6745,0.6717542550830107,0.6744999999982028,2.2258500000052117,4.0,1.0,2.0,0.67
