Cluster,Dist,mean,median,std,min,max,bag_count,day_count,Cluster_Rank,Cluster_perc
0,"[0.0, 0.0]",0.0,0.0,0.0,0.0,0.0,2.0,2.0,1.5,0.5
1,[0.0],0.0,0.0,0.0,0.0,0.0,1.0,1.0,1.5,0.5
2,"[0.6744999999999739, 0.6745000000000261]",0.6745,0.6745,2.609024107869118e-14,0.6744999999999739,0.6745000000000261,2.0,1.0,3.0,1.0
