Cluster,Dist,mean,median,std,min,max,bag_count,day_count,Cluster_Rank,Cluster_perc
0,"[0.28104166666704106, 1.067958333332959, 0.28104166666704106, 4.777708333333708, 0.6745, 0.6745]",1.2927916666667916,0.6745,1.5815098006087431,0.28104166666704106,4.777708333333708,6.0,2.0,2.0,0.5
1,"[0.0, 0.6745, 0.6745, 49.14214285719347, 0.0, 0.6745, 0.14374590163881296, 1.2052540983605977, 0.1437459016394022, 1.5590901639349188]",5.42174789227672,0.6745,14.58179096895203,0.0,49.14214285719347,10.0,3.0,3.0,0.75
2,"[0.7419499999999999, 0.43842499999999995, 0.4805812500000562, 4.350525000000449, 0.6745, 0.5901875000001123, 4.28307500000045, 563.190637500062, 1358.8561312501497, 0.4299937500001685, 0.0]",175.82145511365573,0.6745,407.1707134017228,0.0,1358.8561312501497,11.0,1.0,4.0,1.0
3,"[0.0, 0.0, 0.0, 0.0, 0.6745000000008986, 0.6744999999991014, 0.0, 0.0]",0.168625,0.0,0.2920670674263019,0.0,0.6745000000008986,8.0,7.0,1.0,0.25
