Cluster,Dist,mean,median,std,min,max,bag_count,day_count,Cluster_Rank,Cluster_perc
0,"[0.0, 16.705424657534568, 16.32659589041125, 0.6745, 0.4897054794520716, 0.6543619900235513, 0.6543619900235513, 5.516137388276941, 5.517775266599376, 0.6557235997132868, 0.6932764002867132]",4.3534420602110275,0.6745,6.033898732009748,0.0,16.705424657534568,11.0,2.0,3.0,1.0
1,"[0.6745000000000003, 0.6744999999999998, 1.648777777778998, 0.6745, 0.0, 0.0, 0.0, 0.6744999999999951, 0.6745000000000049, 0.0]",0.5021277777778999,0.6744999999999974,0.4971816929791494,0.0,1.648777777778998,10.0,6.0,1.0,0.33
2,"[0.12894852941156648, 1.220051470588169, 35.34181617647475, 0.12894852941183077, 0.7905734522560347, 0.6518515215110157, 0.6709611752360969, 0.6950251836306378, 0.6780388247639031, 0.6780388247639031, 0.6709611752360969, 0.6518515215110157]",3.525588865399584,0.6745,9.596814435919805,0.12894852941156648,35.34181617647475,12.0,2.0,2.0,0.67
