Cluster,Dist,mean,median,std,min,max,bag_count,day_count,Cluster_Rank,Cluster_perc
0,"[39.69269969879542, 0.09954969879517304, 1.2494503012048161, 0.09954969879518387, 4813.713785710234, 0.2890714285705116, 0.6745, 0.0, 7.515857142851274, 0.03334683995922417, 0.08628924566768412, 133.13536773700415, 74.7976495922534, 1.2627107543323157, 0.033346839959215016, 12.811986979166269, 0.3267109374999781, 0.3267109375000717, 0.9450026041666525, 0.40399739583334743, 12.418528645833085]",242.8531481994487,0.6745,1022.5687728772837,0.0,4813.713785710234,21.0,4.0,3.0,1.0
1,"[0.6744999999999999, 0.6745000000000001, 0.0, 0.0, 0.6745000000002429, 0.6744999999997571, 0.0, 0.0, 0.6745, 1.0766057692305797, 0.0, 0.0, 0.0, 0.0, 0.0, 0.6745, 0.0, 1.2498088235290543]",0.3540785884866463,0.0,0.421249064282978,0.0,1.2498088235290543,18.0,12.0,1.0,0.33
2,"[0.7078183341868802, 1.0286065559051034, 0.6745, 0.0, 0.45858804280593, 0.6745, 0.0, 17.291727272727645, 2.405716666665748, 0.0, 0.6745]",2.1741778974810275,0.6745,4.823502611832343,0.0,17.291727272727645,11.0,3.0,2.0,0.67
