Cluster,Dist,mean,median,std,min,max,bag_count,day_count,Cluster_Rank,Cluster_perc
0,"[0.4637187500019657, 0.1264687499997192, 0.12646875000196572, 0.8009687500019658, 4.847968749999719, 0.5480312499980343, 1.9813437500008426, 4.2577812500002805, 1.2711730769206044, 0.4410192307680344, 0.4410192307694169, 0.9079807692305831, 1.477476190475294, 1.0278095238100535, 0.9635714285715509, 0.19271428571379667, 0.38542857142844916, 0.1927142857146525, 2.698, 0.10219696969708522, 0.6131818181819667, 1.1037272727273222, 1.0628484848482702, 0.020439393939525964, 2.2074545454541, 0.7153787878785073, 0.6745, 0.0, 0.327030303030237, 1.3694393939389813, 0.40878787878779627, 1.8647941176460638, 0.0793529411759109, 0.872882352941363, 0.35708823529424205, 0.47611764705863696, 0.07935294117696809, 1.3093235294115158, 1.2299705882345477, 0.6745, 0.0, 20.047638888875795, 0.6745, 0.6745, 0.6745, 116.8999104477702, 0.0, 0.6745, 0.0, 3.8221666666633385]",3.6433547959627868,0.6745,16.43196957513562,0.0,116.8999104477702,50.0,9.0,2.0,0.67
1,"[0.0, 0.6744999999995721, 0.6745000000004279, 0.0, 0.0, 0.0]",0.22483333333333333,0.0,0.3179623492735508,0.0,0.6745000000004279,6.0,5.0,1.0,0.33
2,"[2.1584000000009587, 23.06790000001294, 0.4946333333332535, 0.5396000000002397, 4.721500000002396, 0.17986666666674653, 0.0, 2.1134333333339725, 0.6745, 1.5738333333337327, 24.5518000000139, 0.08993333333397234, 0.2698000000007189, 1.0424090909098336, 0.02043939393898135, 0.020439393940070584, 1.2876818181819667, 1.8191060606052851, 0.34746969696921837, 0.02043939393898135, 1.2059242424249519, 0.9606515151517298, 0.06131818181912252, 0.3883484848482703, 4.476227272726233, 3.068975000000674, 0.0, 0.5396, 0.2698, 17.03112500000202, 5.935600000000899, 0.0, 1.0454749999997752, 0.6745, 2.5968250000002246, 0.2023499999995507, 1.7399522292995466, 0.6745, 1.7141751592357963, 0.3694713375796594, 1.684101910828183, 0.12029299363056815, 0.4596910828024996, 562.3010063694649, 0.0]",14.944735458407372,0.6745,82.68865005516214,0.0,562.3010063694649,45.0,4.0,3.0,1.0
