Cluster,Dist,mean,median,std,min,max,bag_count,day_count,Cluster_Rank,Cluster_perc
0,"[0.0, 0.0]",0.0,0.0,0.0,0.0,0.0,2.0,2.0,1.5,0.5
1,"[0.7522304832713491, 1.4944312267658146, 0.5967695167286509, 0.5967695167286509]",0.8600501858736165,0.6745,0.37171824504708934,0.5967695167286509,1.4944312267658146,4.0,1.0,3.0,1.0
2,[0.0],0.0,0.0,0.0,0.0,0.0,1.0,1.0,1.5,0.5
