Cluster,Dist,mean,median,std,min,max,bag_count,day_count,Cluster_Rank,Cluster_perc
0,"[0.2529374999998947, 0.6745, 0.0, 1.3068437499994559, 1.4754687499993857, 2.2342812499993503, 1.2646874999994735, 0.16862499999992978, 0.2529374999998947, 3.3015000000002366, 2.0945000000002363, 1.0295000000002366, 0.213, 0.0, 0.8165000000002364, 1.7394999999999998, 0.213, 2.9110000000002363, 1.2425000000002364, 0.8875000000002364, 0.5680000000002364, 0.46149999999999997, 0.1775, 0.4970000000002364, 0.6745, 0.6035, 1.5963166666668165, 0.33725000000014976, 2.248333333333633, 0.6969833333333334, 0.38221666666666665, 0.6745, 0.9443000000001498, 0.8993333333333333, 1.6188000000001497, 0.42718333333333336, 0.15738333333333335, 0.5620833333333334, 0.7869166666666667, 0.20235, 1.169133333333483, 1.2815500000001498, 0.38221666666666665, 0.7869166666666667, 0.4721500000001497, 0.5396000000001497, 1.9785333333336328, 0.5396, 0.08993333333333332, 0.4721500000001497, 0.7419500000001497, 0.0, 0.8094000000001498, 0.505875, 1.1522708333334268, 0.042156250000093605, 0.0, 0.18267708333342694, 0.7588125000000936, 0.6745, 1.2787395833335207, 0.7307083333333333, 1.2583955223881358, 1.7818880597016507, 0.1912761194030331, 0.8154402985075827, 0.33221641791034767, 0.7953059701493759, 0.5134253731342102, 0.5536940298506242, 0.8355746268655214, 0.191276119402899, 0.0, 0.7766969696971059, 0.6745, 0.4657261904762236, 0.4657261904762236, 1.846845238095266, 0.8832738095237764, 0.1349, 0.0, 5.800700000000898, 3.6423000000008985, 0.6745]",0.8787769655030091,0.6745,0.9025356803362408,0.0,5.800700000000898,84.0,8.0,3.0,1.0
1,"[0.0, 0.0, 0.6744999999997753, 0.6745000000002247, 0.6744999999998202, 0.6745000000001797, 1.4956304347828042, 0.0, 0.6745, 0.0]",0.4868130434782804,0.6744999999997978,0.4627950144980755,0.0,1.4956304347828042,10.0,6.0,1.0,0.33
2,"[0.42922727272730243, 0.7235545454545395, 0.35564545454532975, 0.18395454545444148, 1.4103181818180925, 0.42922727272730243, 0.5028090909091117, 0.772609090909079, 0.47828181818184196, 0.2820636363635205, 0.18395454545460488, 0.968827272727237, 0.25753636363641413, 3.5196636363636182, 1.115990909091019, 1.0424090909090462, 0.7235545454545395, 0.968827272727237, 1.778227272727139, 0.7235545454545395, 0.6254454545454605, 0.42922727272730243]",0.8138595041322145,0.6745,0.7106134478141519,0.18395454545444148,3.5196636363636182,22.0,1.0,2.0,0.67
