Cluster,Dist,mean,median,std,min,max,bag_count,day_count,Cluster_Rank,Cluster_perc
0,"[3.7097499999999997, 0.5620833333333333, 0.0, 211.7930000000232, 0.7869166666666667, 0.11241666666666665, 0.4496666666666666, 66.66308333334082, 209.88191666668988, 0.0, 430.33100000004794, 0.2248333333333333, 0.0, 135.1248333333483, 0.8993333333333332, 0.6745, 0.0, 0.4496666666666666, 0.7869166666666667, 1.01175, 0.5620833333333333, 0.4496666666666666, 67.67483333334083, 0.0, 2.0235, 318.19537500003486, 0.168625, 0.6745]",51.900366071434256,0.6745,108.10434015843758,0.0,430.33100000004794,28.0,4.0,4.0,0.67
1,"[0.0, 0.0, 0.0, 0.33725000000224653, 0.33724999999775346, 1.0117499999977535, 3.0352500000022467, 0.0, 441.1230000000479, 415.9416666667131, 0.6745, 0.4496666666666666]",71.9091944444523,0.39345833333445657,159.57153705491984,0.0,441.1230000000479,12.0,3.0,5.0,0.83
2,"[0.0, 0.6745, 3.3725, 107.30170833334495, 0.0, 0.6745, 2.0455785597381393, 0.6745, 0.0]",12.749254099231454,0.6745,33.44595688755445,0.0,107.30170833334495,9.0,3.0,3.0,0.5
3,"[0.0, 0.0, 0.6745000000004993, 0.6744999999995008, 2.0235, 0.6745, 0.0, 0.0]",0.5058750000000001,0.3372499999997504,0.6530818167542256,0.0,2.0235,8.0,5.0,1.0,0.17
4,"[0.07494444444394521, 6548.420722222943, 297.75427777781124, 0.37472222222172297, 0.07494444444494366, 0.22483333333283412, 0.8243888888883897, 279.6177222222537, 0.5246111111116103, 1.723722222221723, 0.5620833333334582, 0.3372500000003744, 422.12458333291187, 1.4614166666642951, 1.9110833333319606, 0.3372500000003744, 0.5620833333319605, 0.7869166666665418, 1.4614166666642951, 133.8882499998656, 0.3372499999988767, 0.5620833333319605, 2.1359166666635465, 0.3372500000003744]",320.68415509260166,0.6745,1303.467677059733,0.07494444444394521,6548.420722222943,24.0,2.0,6.0,1.0
5,"[0.6745, 0.6745, 0.6745, 0.6745, 0.6745, 0.6745]",0.6745,0.6745,0.0,0.6745,0.6745,6.0,3.0,2.0,0.33
