Cluster,Dist,mean,median,std,min,max,bag_count,day_count,Cluster_Rank,Cluster_perc
0,"[0.0, 0.0, 0.0, 0.0, 1.3490000000022464, 0.0, 0.6745, 0.6745000000006418, 0.6744999999993581, 0.0, 0.6745000000011232, 0.6744999999988767]",0.3934583333335205,0.33724999999943833,0.431744400578529,0.0,1.3490000000022464,12.0,8.0,2.0,0.67
1,"[0.6745, 0.6745]",0.6745,0.6745,0.0,0.6745,0.6745,2.0,1.0,3.0,1.0
2,[0.0],0.0,0.0,0.0,0.0,0.0,1.0,1.0,1.0,0.33
