Cluster,Dist,mean,median,std,min,max,bag_count,day_count,Cluster_Rank,Cluster_perc
0,"[0.6744999999999999, 118.16013636364944, 0.0, 0.6745, 0.0, 25.7961836734696, 1.1129249999999733, 0.23607500000002668, 2.2595749999999986, 0.23607499999997053, 0.6745, 31.224414634147255, 0.0, 7.503812500000843, 0.0, 0.6745]",11.826699823204192,0.6745,28.970755162090374,0.0,118.16013636364944,16.0,5.0,7.0,1.0
1,"[0.0, 0.6745000000000004, 0.6744999999999994, 0.0, 0.6744999999999919, 0.6745000000000081, 0.6745000000000148, 0.6744999999999852, 0.0]",0.44966666666666666,0.6744999999999919,0.3179623492735509,0.0,0.6745000000000148,9.0,6.0,1.0,0.14
2,"[41.22590517241359, 0.33725, 0.33725, 1.01175, 0.02248333333333146, 0.6745, 0.0, 22.4271250000006, 20.133825000000552]",9.574454278416452,0.6745,14.081497310511686,0.0,41.22590517241359,9.0,2.0,6.0,0.86
3,"[1.5842906976743913, 0.1254883720930348, 0.0, 0.6745, 27.7486162790696, 0.24282000000001258, 0.8363799999999784, 48.29419999999887, 0.6745, 0.0]",8.018079534883588,0.6745,15.69590259484562,0.0,48.29419999999887,10.0,2.0,5.0,0.71
4,"[0.02614341085271014, 0.31894961240309855, 24.966957364340935, 0.8627325581395391, 0.8104457364341014, 0.5385542635658985, 0.8627325581395391, 0.02614341085271014]",3.5515823643410664,0.6745,8.100753324834992,0.02614341085271014,24.966957364340935,8.0,1.0,3.0,0.43
5,"[0.6745, 0.6745, 0.6872589468302661, 0.6617410531697328, 0.6617410531697339, 0.6927763292433523]",0.675419563735514,0.6745,0.011671352381522896,0.6617410531697328,0.6927763292433523,6.0,2.0,2.0,0.29
6,"[0.8118981481481562, 0.5371018518518438, 1.1366574074074272, 42.80576851851926, 0.33725000000001043, 0.33725000000001043]",7.660987654321119,0.6745,15.719714530975292,0.33725000000001043,42.80576851851926,6.0,1.0,4.0,0.57
