Cluster,Dist,mean,median,std,min,max,bag_count,day_count,Cluster_Rank,Cluster_perc
0,"[0.0, 0.0, 0.0, 0.0, 0.0]",0.0,0.0,0.0,0.0,0.0,5.0,5.0,1.0,0.33
1,"[0.6745, 0.6745, 0.6745, 0.6745]",0.6745,0.6745,0.0,0.6745,0.6745,4.0,2.0,2.0,0.67
2,"[46.87775000000519, 0.3372500000001404, 0.6745, 0.33725, 0.7588125000001404, 0.6745]",8.276677083334246,0.6745,17.26372070676636,0.33725,46.87775000000519,6.0,1.0,3.0,1.0
