Cluster,Dist,mean,median,std,min,max,bag_count,day_count,Cluster_Rank,Cluster_perc
0,"[0.0, 0.0, 0.0, 0.0, 0.6745000000000041, 0.6744999999999959, 0.6745000000000441, 0.6744999999999559, 0.0, 0.0, 0.0]",0.24527272727272728,0.0,0.32446531987510296,0.0,0.6745000000000441,11.0,9.0,2.0,0.67
1,"[0.6745, 0.7698293333333351, 0.0]",0.4814431111111117,0.6745,0.34264901612359766,0.0,0.7698293333333351,3.0,1.0,3.0,1.0
2,[0.0],0.0,0.0,0.0,0.0,0.0,1.0,1.0,1.0,0.33
