Cluster,Dist,mean,median,std,min,max,bag_count,day_count,Cluster_Rank,Cluster_perc
0,"[0.0, 0.0]",0.0,0.0,0.0,0.0,0.0,2.0,2.0,1.0,0.33
1,"[37.037985294114485, 0.0, 0.6745, 0.7736911764705027, 0.4761176470587303]",7.792458823528743,0.6745,14.625187303863667,0.0,37.037985294114485,5.0,1.0,3.0,1.0
2,"[0.016204204204215915, 1.332795795795784, 7.680792792792798, 0.01620420420420242]",2.26149924924925,0.6745,3.1746626708264922,0.01620420420420242,7.680792792792798,4.0,1.0,2.0,0.67
