Cluster,Dist,mean,median,std,min,max,bag_count,day_count,Cluster_Rank,Cluster_perc
0,"[0.0, 0.6744999999999906, 0.6745000000000094, 0.6745000000000001, 0.6745]",0.5396000000000001,0.6745,0.2698,0.0,0.6745000000000094,5.0,3.0,1.0,0.33
1,"[0.8015486772486716, 0.5752878306878093, 0.6909164021164145, 0.6502322751322496, 0.6587973544973659, 0.6902026455026341, 0.6181132275132389, 0.6923439153438989, 0.6138306878306904, 0.7158978835978691, 0.5752878306878283, 0.695198941798925]",0.6648048059964663,0.6745,0.061489803173858056,0.5752878306878093,0.8015486772486716,12.0,1.0,2.0,0.67
2,"[0.6745, 0.6745]",0.6745,0.6745,0.0,0.6745,0.6745,2.0,1.0,3.0,1.0
