Cluster,Dist,mean,median,std,min,max,bag_count,day_count,Cluster_Rank,Cluster_perc
0,"[0.6910572211670233, 0.6579427788329767, 0.8224771235544442, 2.361114875099175, 0.1498096073858581, 0.14980960738585822, 0.6745, 0.6745]",0.7726514016781669,0.6745,0.6462048518212756,0.1498096073858581,2.361114875099175,8.0,2.0,2.0,0.67
1,"[0.0, 0.0, 0.6744999999999999, 0.6745000000000001, 0.0, 0.6745000000000003, 0.6744999999999997, 0.0, 0.0, 0.0]",0.2698,0.0,0.33043616630145073,0.0,0.6745000000000003,10.0,8.0,1.0,0.33
2,"[0.0, 14.278788442703231, 1.2952690173032972, 0.4987732615083252, 12.441365001632386, 0.6745, 0.5771676460985959]",4.2522661956065475,0.6745,5.791786761595075,0.0,14.278788442703231,7.0,1.0,3.0,1.0
