Cluster,Dist,mean,median,std,min,max,bag_count,day_count,Cluster_Rank,Cluster_perc
0,"[0.0, 0.0]",0.0,0.0,0.0,0.0,0.0,2.0,2.0,1.0,0.33
1,"[0.6745, 0.6745000000000001]",0.6745000000000001,0.6745000000000001,7.850462293418876e-17,0.6745,0.6745000000000001,2.0,1.0,3.0,1.0
2,"[0.6744999999999995, 0.6745000000000004]",0.6745,0.6745,4.440892098500626e-16,0.6744999999999995,0.6745000000000004,2.0,1.0,2.0,0.67
