Cluster,Dist,mean,median,std,min,max,bag_count,day_count,Cluster_Rank,Cluster_perc
0,"[0.0, 0.0, 0.6744999999999949, 0.6745000000000051]",0.33725,0.33724999999999744,0.33725,0.0,0.6745000000000051,4.0,3.0,2.0,0.67
1,"[0.6745000000002304, 0.6744999999997696]",0.6745,0.6745,2.3037127760972e-13,0.6744999999997696,0.6745000000002304,2.0,1.0,3.0,1.0
2,[0.0],0.0,0.0,0.0,0.0,0.0,1.0,1.0,1.0,0.33
