Cluster,Dist,mean,median,std,min,max,bag_count,day_count,Cluster_Rank,Cluster_perc
0,"[38.0298970588203, 0.6745, 0.0, 0.6745, 0.6745, 0.0, 0.6744999999999999, 0.786916666666651, 1.0820104166667037, 0.09836458333331968]",4.269518872548699,0.6745,11.258794861117602,0.0,38.0298970588203,10.0,3.0,3.0,1.0
1,"[0.0, 0.0, 1.8374310344824913, 0.6745, 0.0, 0.0, 0.0, 0.6744999999998817, 0.6745000000001182, 0.0, 0.0, 0.6745, 1.3489999999993088, 0.0, 0.674500000000066, 0.6744999999999339, 0.0, 0.0]",0.4018572796934333,0.0,0.5280387395358317,0.0,1.8374310344824913,18.0,12.0,1.0,0.33
2,"[1.2890444444444533, 0.9293111111109735, 0.41968888888882677, 0.41968888888902645, 0.5396000000000399, 0.80939999999996, 0.5395999999998402, 1.1391555555552184]",0.7606861111110423,0.6745,0.31295475522734534,0.41968888888882677,1.2890444444444533,8.0,2.0,2.0,0.67
