Cluster,Dist,mean,median,std,min,max,bag_count,day_count,Cluster_Rank,Cluster_perc
0,"[5804.548617645424, 0.6348235294120446, 33.486941176461166, 0.6745, 0.0, 34.43907612544255, 0.6901939807789608, 0.6301474456246752, 43.85478224582697, 0.6301474456246752, 0.6588060192210392]",538.2043668739833,0.6745,1665.4432808360214,0.0,5804.548617645424,11.0,2.0,8.0,1.0
1,"[0.6745000000000094, 0.6744999999999906, 0.0, 0.6745000000001745, 0.6744999999998255, 0.0, 0.6745000000000099, 0.6744999999999901, 0.0, 0.6745000000001633, 0.6744999999998367, 0.0, 0.6744999999998271, 0.6745000000001729, 0.6745, 1.4948378378378115, 0.0, 0.6745000000000987, 0.6744999999999013]",0.5401756756756743,0.6744999999999901,0.3702693159387942,0.0,1.4948378378378115,19.0,11.0,1.0,0.12
2,"[146.28218750001517, 0.6745, 0.0, 0.0, 0.6745, 10.348118067467123, 0.6745, 9.665975206612151, 0.0, 0.6745, 0.0, 4.13693333333517]",14.427601175619136,0.6745,39.916641176993686,0.0,146.28218750001517,12.0,4.0,6.0,0.75
3,"[0.21461363636343211, 1.9775113636364658, 1.0424090909090908, 0.2146136363638406, 0.3065909090909091, 29.064818181821447, 0.6235272407732795, 0.7499712946689876, 0.6614604569420129, 0.6235272407732795, 0.687539543057987, 114.03989220855179]",12.517206233579378,0.6745,31.592626779588674,0.21461363636343211,114.03989220855179,12.0,2.0,5.0,0.62
4,"[0.1538333333333942, 1.1951666666666059, 0.1538333333333942, 38.65949999999982, 0.6607346938774612, 0.6607346938774612, 46.11377551020276, 0.6882653061225388, 1.218029126213477, 0.13097087378652297, 24.21651456309836, 0.13097087378617397]",9.49852741452483,0.6745,16.148150145221027,0.13097087378617397,46.11377551020276,12.0,3.0,3.0,0.38
5,"[5.313340686274322, 5.415838235293983, 0.6116789215686578, 0.6745000000000001, 0.0]",2.4030715686273925,0.6745000000000001,2.429741944020193,0.0,5.415838235293983,5.0,1.0,2.0,0.25
6,"[0.0, 32.558677083336796, 23.95880208333605, 0.09836458333323972, 0.6745]",11.458068750001217,0.6745,13.98656197303648,0.0,32.558677083336796,5.0,1.0,4.0,0.5
7,"[25.545446206115432, 0.6691528878822153, 189.78466845979557, 0.0, 0.6745, 0.01145809739524728, 0.9132103624009019]",31.085490859084192,0.6745,65.36531715881134,0.0,189.78466845979557,7.0,1.0,7.0,0.88
