Cluster,Dist,mean,median,std,min,max,bag_count,day_count,Cluster_Rank,Cluster_perc
0,"[0.5620833333333333, 0.0, 28.989447916669846, 29.551531250003276, 0.6745, 28.82082291666985, 0.4777708333333333, 48.38956034482737, 0.17443965517247123, 0.36050862068969125, 0.9884913793103087, 1.0582672413792662, 48.063939655172234, 0.08140517241386122, 0.08140517241386122, 0.6745, 0.0, 0.9810909090908471, 0.3065909090908472, 41.55328787878412, 22.927471311474118, 0.18244672131148235, 0.1824467213114087, 0.18244672131148235, 1.1665532786885178, 22.463061475408626, 9.01417880794681, 0.6745, 0.0, 8.96950993377463, 0.2858807947019787, 9.112450331125633, 0.3216158940397223]",9.311278944831786,0.6745,14.917425030664127,0.0,48.38956034482737,33.0,5.0,5.0,0.83
1,"[0.6745, 0.7193172757475164, 0.6648962980541064, 0.6572133364973958, 0.7135550545799717, 0.6745, 0.7353234456573391, 0.6572133364973914, 0.7052318462268682, 0.6610548172757531, 0.6604145704793603, 0.6757804935927858, 1.1423963963963526, 0.20660360360356642, 25.266405405403606, 0.20660360360364738, 0.6745, 0.5395999999999614, 0.0, 19.772485714284134, 19.820664285712695, 1.0937837837837838, 76.05443243244093, 0.2552162162162162, 0.2552162162162162]",6.139476325290784,0.6745,15.84073496888029,0.0,76.05443243244093,25.0,4.0,4.0,0.67
2,"[0.23607500000022463, 0.0, 0.7082250000002246, 0.6745, 0.9443, 0.6745, 32.5526547619084, 0.0]",4.473781845238606,0.6745,10.617888544244305,0.0,32.5526547619084,8.0,2.0,3.0,0.5
3,"[0.6745000000001021, 0.6744999999998978, 0.0, 0.0, 0.0, 0.6744999999998502, 0.6745000000001498]",0.3854285714285714,0.6744999999998502,0.33379093420148787,0.0,0.6745000000001498,7.0,5.0,1.0,0.17
4,"[0.39516161616165374, 0.44966666666669686, 0.5859292929293048, 28.138232323231623, 0.027252525252521583, 0.027252525252521583, 1.0492222222222625, 27.947464646463974, 0.7630707070706951, 29.09207070706997, 28.778666666665973, 0.17714141414139029, 0.4224141414141753, 28.65603030302962, 0.7523269230769191, 0.5966730769230808, 0.057073076923108555, 21.51655000000128, 0.05707307692303944, 21.350519230770523, 21.008080769232077, 0.3580038461537932, 0.3683807692307158, 0.3164961538461031, 21.049588461539766, 20.821296153847403]",9.79852451138616,0.6744999999999999,12.109924944290352,0.027252525252521583,29.09207070706997,26.0,2.0,6.0,1.0
5,"[0.6745, 0.6745, 0.6745, 0.6745, 0.6745, 0.6745, 0.6745, 0.6745]",0.6745,0.6745,0.0,0.6745,0.6745,8.0,4.0,2.0,0.33
