Cluster,Dist,mean,median,std,min,max,bag_count,day_count,Cluster_Rank,Cluster_perc
0,"[0.0, 0.0, 0.0, 0.0, 1.274055555555805, 0.6745, 0.0, 0.0, 0.0]",0.2165061728395339,0.0,0.4289902229841624,0.0,1.274055555555805,9.0,7.0,1.0,0.33
1,"[0.6745, 0.6745, 0.6745, 0.6745]",0.6745,0.6745,0.0,0.6745,0.6745,4.0,2.0,3.0,1.0
2,"[0.6745, 0.8093999999997304, 0.0]",0.4946333333332435,0.6745,0.3540678874013179,0.0,0.8093999999997304,3.0,1.0,2.0,0.67
