Cluster,Dist,mean,median,std,min,max,bag_count,day_count,Cluster_Rank,Cluster_perc
0,"[0.6744999999955069, 0.6745000000044931, 0.0, 0.0, 0.0, 0.0, 0.0, 0.6745000000000002, 0.6744999999999998, 0.0, 0.0]",0.24527272727272728,0.0,0.32446531987510296,0.0,0.6745000000044931,11.0,9.0,1.0,0.25
1,"[0.6745, 0.6745, 0.6745, 0.6745, 0.6745, 0.6745]",0.6745,0.6745,0.0,0.6745,0.6745,6.0,3.0,2.0,0.5
2,"[421.9893987341881, 0.6745, 0.0, 3391.180717391678, 0.0, 0.6745, 0.6745, 0.0, 11.816476415095654, 0.6745, 0.0, 0.9091086956526325]",319.04947510305124,0.6745,933.4886704938843,0.0,3391.180717391678,12.0,4.0,4.0,1.0
3,"[4.057879032258165, 0.0, 3.5857290322581616, 0.4917322580645318, 0.6745]",1.761968064516172,0.6745,1.7028169892837244,0.0,4.057879032258165,5.0,1.0,3.0,0.75
