Cluster,Dist,mean,median,std,min,max,bag_count,day_count,Cluster_Rank,Cluster_perc
0,"[0.674499999999999, 0.6745000000000011, 0.0, 0.0, 0.0, 0.0]",0.22483333333333336,0.0,0.31796234927355094,0.0,0.6745000000000011,6.0,5.0,1.0,0.33
1,"[0.6745, 0.6744999999999999]",0.6744999999999999,0.6744999999999999,7.850462293418876e-17,0.6744999999999999,0.6745,2.0,1.0,2.0,0.67
2,"[0.6745, 0.6745]",0.6745,0.6745,0.0,0.6745,0.6745,2.0,1.0,3.0,1.0
