Cluster,Dist,mean,median,std,min,max,bag_count,day_count,Cluster_Rank,Cluster_perc
0,"[0.26960768724640866, 1.9387344555324044, 0.1859516394341484, 0.1859516394341484, 1.0793923127535912, 2.180160927733304, 0.6745, 0.6744999999999999, 0.6745, 0.6745]",0.8537798662134005,0.6745,0.6594789954684036,0.1859516394341484,2.180160927733304,10.0,3.0,3.0,1.0
1,"[0.0, 0.0, 0.0]",0.0,0.0,0.0,0.0,0.0,3.0,3.0,1.0,0.33
2,"[0.2652718542451983, 0.2652718542451983, 1.485795663769008, 1.0837281457548018]",0.7750168795035516,0.6745000000000001,0.5291949328044462,0.2652718542451983,1.485795663769008,4.0,1.0,2.0,0.67
