Cluster,Dist,mean,median,std,min,max,bag_count,day_count,Cluster_Rank,Cluster_perc
0,"[0.0, 0.0, 0.0, 0.6703619631901845, 0.6786380368098155, 0.7425895147796963, 0.6703619631901795]",0.39456449685283934,0.6703619631901795,0.34246816340314756,0.0,0.7425895147796963,7.0,2.0,2.0,0.67
1,"[0.0, 0.0, 0.0, 0.0]",0.0,0.0,0.0,0.0,0.0,4.0,4.0,1.0,0.33
2,"[0.0, 0.6745, 1.1241666666666665, 2.4731666666666663, 0.0, 0.0, 0.8993333333333332]",0.7387380952380952,0.6745,0.8301391394999424,0.0,2.4731666666666663,7.0,1.0,3.0,1.0
