Cluster,Dist,mean,median,std,min,max,bag_count,day_count,Cluster_Rank,Cluster_perc
0,"[0.0, 0.0, 0.0, 0.0]",0.0,0.0,0.0,0.0,0.0,4.0,4.0,1.0,0.33
1,"[0.6745, 0.6745]",0.6745,0.6745,0.0,0.6745,0.6745,2.0,1.0,2.5,0.83
2,"[0.6744999999998047, 0.6745000000001953]",0.6745,0.6745,1.9528823003156504e-13,0.6744999999998047,0.6745000000001953,2.0,1.0,2.5,0.83
