Cluster,Dist,mean,median,std,min,max,bag_count,day_count,Cluster_Rank,Cluster_perc
0,"[0.6745000000000012, 0.6744999999999987, 0.6745000000000013, 0.6744999999999987, 0.0, 0.0, 0.0, 0.0, 0.0]",0.2997777777777777,0.0,0.33516174462746845,0.0,0.6745000000000013,9.0,7.0,1.0,0.25
1,"[0.0, 0.6745, 78.78159999999119]",26.485366666663726,0.6745,36.980046450330235,0.0,78.78159999999119,3.0,1.0,4.0,1.0
2,"[0.6745, 0.6745, 0.6745, 0.6745, 0.6745, 0.6745]",0.6745,0.6745,0.0,0.6745,0.6745,6.0,3.0,2.0,0.5
3,"[29.765597402596807, 0.22775324675327557, 1.1212467532467245, 0.22775324675321718]",7.835587662337506,0.6745000000000001,12.66655033978524,0.22775324675321718,29.765597402596807,4.0,1.0,3.0,0.75
