Cluster,Dist,mean,median,std,min,max,bag_count,day_count,Cluster_Rank,Cluster_perc
0,"[433.4786666676771, 443.3713333343687, 0.0, 0.0, 0.22483333333533023, 0.6745, 1.5738333333353303, 1.0063968253966487, 0.3640158730159002, 0.4710793650792156, 41.81899999999144, 0.19271428571408195, 41.79758730157861, 0.042825396825383236, 41.73334920634068, 2.3768095238089124, 1.8414920634917644, 0.021412698412834257, 0.32119047619051694, 41.84041269840399, 0.7066190476192513, 0.6423809523807485, 0.29977777777825326, 0.2141269841269162, 2.269746031745597, 1.241936507936114, 3.490269841268877, 0.4710793650792156, 2.8907142857135115, 4.218301587300677, 0.5567301587299821, 0.12847619047614972, 0.5567301587299821, 1.5631269841266309, 0.021412698412548982, 0.034455302609657346, 0.6771215991116019, 0.07415380344252842, 0.07789894503053466, 12.600528872848356, 0.08201860077733901, 0.6774961132704049, 0.6745, 0.6782451415880062, 0.03745141588006234, 0.6756235424763994, 0.6756235424763994, 0.0]",22.695583288206297,0.6745,87.43690651016412,0.0,443.3713333343687,48.0,3.0,3.0,1.0
1,"[0.0, 0.0, 0.0, 0.0, 0.6744999999987162, 0.6745000000012837, 0.0, 0.0, 0.0, 0.0]",0.1349,0.0,0.2698,0.0,0.6745000000012837,10.0,9.0,1.0,0.33
2,"[0.1284761904762312, 0.1284761904762312, 1.2205238095246245, 1.2205238095237687, 0.6745, 7.020227011493926, 0.0, 0.6745, 0.6745]",1.3046363346105314,0.6745,2.064033897086652,0.0,7.020227011493926,9.0,3.0,2.0,0.67
