Cluster,Dist,mean,median,std,min,max,bag_count,day_count,Cluster_Rank,Cluster_perc
0,"[0.0, 0.0, 0.0, 0.674499999999987, 0.674500000000013, 0.0, 0.0, 0.0, 0.0]",0.14988888888888888,0.0,0.28041643415322487,0.0,0.674500000000013,9.0,8.0,2.0,0.67
1,"[0.0, 72.03943006993129, 1.905580419580462, 0.018867132867131108, 0.6745]",14.927675524475774,0.6745,28.564273297021035,0.0,72.03943006993129,5.0,1.0,3.0,1.0
2,[0.0],0.0,0.0,0.0,0.0,0.0,1.0,1.0,1.0,0.33
