Cluster,Dist,mean,median,std,min,max,bag_count,day_count,Cluster_Rank,Cluster_perc
0,"[0.0, 0.0, 0.0, 0.6744999999996543, 0.6745000000003456, 0.6744999999985023, 0.6745000000014977, 0.0, 0.0, 0.0]",0.26979999999999993,0.0,0.33043616630145073,0.0,0.6745000000014977,10.0,8.0,2.0,0.67
1,"[0.6745, 38.865155172418135, 0.0]",13.179885057472712,0.6745,18.164315992641203,0.0,38.865155172418135,3.0,1.0,3.0,1.0
2,[0.0],0.0,0.0,0.0,0.0,0.0,1.0,1.0,1.0,0.33
