Cluster,Dist,mean,median,std,min,max,bag_count,day_count,Cluster_Rank,Cluster_perc
0,"[0.6744999999999999, 0.6744999999999999, 30.22986363634819, 0.0, 0.6745, 0.12263636363628937, 32.98918181816511]",9.337883116878512,0.6744999999999999,14.10743590755525,0.0,32.98918181816511,7.0,2.0,3.0,1.0
1,"[0.0, 0.0, 0.6745000000001633, 0.6744999999998367, 0.0, 0.0]",0.22483333333333333,0.0,0.3179623492735508,0.0,0.6745000000001633,6.0,5.0,1.0,0.33
2,"[7.32956666666648, 0.014988888888786822, 0.0, 0.1648777777778532, 7.46446666666636, 1.0941888888888267, 0.7944111111110933, 0.8843444444444133, 0.0, 0.6744999999999999, 0.16487777777765353, 0.28478888888874687, 0.9892666666667198, 0.014988888888986515, 0.8993333333332002, 0.26571212121224663, 0.16760303030294185, 0.9115969696971234, 0.20848181818189146, 0.44557878787890604, 0.641796969696971, 4.786906060606493, 0.9443000000000435, 0.06949393939396382, 5.024003030303399, 0.7480818181817607, 0.707203030303029, 4.778730303030682, 1.1405181818182173, 0.0694939393938549, 0.2820636363636522]",1.3537472140762676,0.6744999999999999,2.0754663305711825,0.0,7.46446666666636,31.0,2.0,2.0,0.67
