Cluster,Dist,mean,median,std,min,max,bag_count,day_count,Cluster_Rank,Cluster_perc
0,"[0.0, 0.0]",0.0,0.0,0.0,0.0,0.0,2.0,2.0,1.5,0.5
1,[0.0],0.0,0.0,0.0,0.0,0.0,1.0,1.0,1.5,0.5
2,"[0.6745000000000195, 0.6744999999999803]",0.6744999999999999,0.6744999999999999,1.9595515012169227e-14,0.6744999999999803,0.6745000000000195,2.0,1.0,3.0,1.0
