Cluster,Dist,mean,median,std,min,max,bag_count,day_count,Cluster_Rank,Cluster_perc
0,"[0.0, 0.0, 0.0]",0.0,0.0,0.0,0.0,0.0,3.0,3.0,1.5,0.5
1,[0.0],0.0,0.0,0.0,0.0,0.0,1.0,1.0,1.5,0.5
2,"[0.0, 1.6727599999986629, 0.6745]",0.7824199999995542,0.6745,0.6871518751090424,0.0,1.6727599999986629,3.0,1.0,3.0,1.0
