Cluster,Dist,mean,median,std,min,max,bag_count,day_count,Cluster_Rank,Cluster_perc
0,"[0.0, 0.0]",0.0,0.0,0.0,0.0,0.0,2.0,2.0,1.0,0.33
1,"[0.6399102564102623, 32.324115384613435, 31.37289743589553, 0.5534358974358029, 1.9197307692305565, 5.793782051281638, 0.5707307692307869, 1.1414615384615738, 1.8332564102563274, 0.15565384615393477, 0.7090897435897376, 2.940128205127933, 0.5361410256408188, 0.1729487179486884, 31.597730769228942, 29.314807692306022, 0.27671794871790145, 32.566243589741596, 0.15565384615393477, 0.03458974358973768, 0.6572051282052463, 2.317512820512655, 32.61812820512632, 6.156974358973999, 0.6053205128205247, 0.3458974358973768, 0.6745, 0.0, 0.32860256410239275, 0.12106410256396667, 0.017294871794984047, 0.3113076923076391, 0.2594230769229174, 32.60083333333134, 8.889564102563506, 0.05188461538472173, 2.455871794871606, 0.8128589743589507, 2.525051282051081]",6.829700525969344,0.6745,11.8154988308469,0.0,32.61812820512632,39.0,1.0,2.0,0.67
2,"[0.0, 0.6745, 317.54347422681735]",106.07265807560579,0.6745,149.53270166378803,0.0,317.54347422681735,3.0,1.0,3.0,1.0
