Cluster,Dist,mean,median,std,min,max,bag_count,day_count,Cluster_Rank,Cluster_perc
0,"[0.0, 0.0]",0.0,0.0,0.0,0.0,0.0,2.0,2.0,1.5,0.5
1,"[0.8993333333335473, 0.6745, 0.0]",0.5246111111111824,0.6745,0.3821431846576625,0.0,0.8993333333335473,3.0,1.0,3.0,1.0
2,[0.0],0.0,0.0,0.0,0.0,0.0,1.0,1.0,1.5,0.5
