Cluster,Dist,mean,median,std,min,max,bag_count,day_count,Cluster_Rank,Cluster_perc
0,"[461.19228232758394, 1.6717133620689864, 0.9797693965517085, 0.13664439655176655, 0.0726831896552609, 0.0494245689656084, 0.36923060344829156, 0.10175646551721032, 0.020351293103504038, 0.10757112068966218, 0.020351293103349103, 467.3151142241357, 466.7743512931012, 466.91971767241154, 466.8790150862046, 466.79179525861844, 7.012816176470819, 0.6169691176470501, 7.2191338235296785, 7.183425000000243, 7.242939705882618, 0.5217455882352928, 7.139780882353214, 7.048525000000253, 7.108039705882629, 7.119942647059072, 0.30352499999998944, 7.175489705882597, 7.115975000000274, 0.22813970588232185, 0.5019073529411504, 7.2389720588237685, 0.29162205882349335, 7.211198529412031, 7.19136029411789, 0.45826323529412133, 0.49397205882350387, 7.052492647059103, 0.1924308823529393, 6.909657352941415, 0.6288720588234933, 0.5336485294117361, 0.5098426470587968, 7.346098529412021, 0.6685485294117783, 7.2191338235296785, 0.1924308823529922, 7.496869117647304, 0.5534867647058785, 6.9294955882355564, 7.2707132352943535, 0.4542955882352717, 0.6130014705882004, 7.123910294117921, 0.6090338235294037, 0.48603676470585744, 0.49793970588235353, 6.826336764706154, 0.48603676470585744, 6.750951470588486, 0.6804514705882216, 0.3590720588235145, 0.6645808823529287, 0.2162367647058786]",46.485892478289685,0.6745,134.9608567664648,0.020351293103349103,467.3151142241357,64.0,2.0,3.0,1.0
1,[0.0],0.0,0.0,0.0,0.0,0.0,1.0,1.0,1.0,0.33
2,"[0.06226153846153208, 0.22829230769228429, 19.550123076923285, 0.1452769230769082, 0.48771538461540376, 0.5499769230769358, 0.7471384615383849, 18.668084615384846, 18.58506923076947, 0.49809230769225665, 18.27376153846167, 0.6745, 19.249192307692475, 0.4669615384615597, 19.66426923076936, 0.20753846153844027, 20.473669230769413, 19.819923076923256, 0.3320615384615044, 0.0, 19.197307692307938]",8.470534065934139,0.6745,9.368877166214483,0.0,20.473669230769413,21.0,1.0,2.0,0.67
