Cluster,Dist,mean,median,std,min,max,bag_count,day_count,Cluster_Rank,Cluster_perc
0,"[0.8928633093525273, 0.6075352517985617, 0.7414647482014383, 0.6075352517985617, 2.0718223880596414, 0.02617462686568141, 1.9912850746268165, 0.02617462686568141, 0.8396014925373173, 0.5093985074626828, 0.6408451143450812, 0.7698555093554975, 0.7081548856548815, 0.6408451143451186]",0.7909682786621064,0.6745000000000001,0.5647578070636798,0.02617462686568141,2.0718223880596414,14.0,3.0,2.0,0.5
1,"[0.0, 0.0, 0.0]",0.0,0.0,0.0,0.0,0.0,3.0,3.0,1.0,0.25
2,"[0.7132643678160373, 1.4110229885057424, 0.6357356321839627, 0.6357356321839627, 0.8332058823524747, 8.689147058828784, 0.5157941176475253, 0.515794117646468]",1.7437124746456196,0.6745,2.638924538581118,0.515794117646468,8.689147058828784,8.0,2.0,3.0,0.75
3,"[0.45186016260163064, 0.7128861788617767, 0.45186016260163064, 100.34585853658443, 100.45992032520232, 0.6361138211382232]",33.84308319783167,0.6745,47.06499484381257,0.45186016260163064,100.45992032520232,6.0,1.0,4.0,1.0
