Cluster,Dist,mean,median,std,min,max,bag_count,day_count,Cluster_Rank,Cluster_perc
0,"[0.0, 0.0]",0.0,0.0,0.0,0.0,0.0,2.0,2.0,1.5,0.5
1,"[1.073068181817662, 2.4220681818127603, 0.27593181818233803, 0.2759318181807042]",1.0117499999983661,0.6745,0.8768714396595401,0.2759318181807042,2.4220681818127603,4.0,1.0,3.0,1.0
2,[0.0],0.0,0.0,0.0,0.0,0.0,1.0,1.0,1.5,0.5
