Cluster,Dist,mean,median,std,min,max,bag_count,day_count,Cluster_Rank,Cluster_perc
0,"[0.6745, 0.6745, 0.6745, 0.0, 2.922833333341321]",0.9892666666682641,0.6745,1.0014552167307778,0.0,2.922833333341321,5.0,2.0,2.0,0.67
1,[0.0],0.0,0.0,0.0,0.0,0.0,1.0,1.0,1.0,0.33
2,"[0.0, 0.6745, 26.549468085113013, 26.319851063836385, 0.04305319148927221]",10.717374468087733,0.6745,12.835536934668271,0.0,26.549468085113013,5.0,1.0,3.0,1.0
