Cluster,Dist,mean,median,std,min,max,bag_count,day_count,Cluster_Rank,Cluster_perc
0,"[0.0, 0.0]",0.0,0.0,0.0,0.0,0.0,2.0,2.0,1.0,0.33
1,"[0.0, 25.21562994350284, 0.6745, 0.0, 7.388596048759981, 0.6745]",5.65887099871047,0.6745,9.121333232584936,0.0,25.21562994350284,6.0,2.0,3.0,1.0
2,"[0.8313289659940086, 0.41024663396648786, 0.20441277940547123, 0.28550288046877575, 0.5433392040030287, 0.6984806432498272, 0.6745, 0.7714217664680516, 0.7717992395562431, 0.9789653520755837, 0.330710833854561, 0.0, 0.7734867663034533, 0.01603150409849558, 0.7576328965994008, 0.37751749679033475, 0.8031739144747672]",0.542855933959323,0.6745,0.2899937715091353,0.0,0.9789653520755837,17.0,1.0,2.0,0.67
