Cluster,Dist,mean,median,std,min,max,bag_count,day_count,Cluster_Rank,Cluster_perc
0,"[0.0, 0.0, 0.674499999999989, 0.6745000000000109, 0.6744999999999901, 0.6745000000000099, 0.0, 0.0]",0.33724999999999994,0.3372499999999945,0.33725,0.0,0.6745000000000109,8.0,6.0,3.0,1.0
1,[0.0],0.0,0.0,0.0,0.0,0.0,1.0,1.0,1.5,0.5
2,[0.0],0.0,0.0,0.0,0.0,0.0,1.0,1.0,1.5,0.5
