Cluster,Dist,mean,median,std,min,max,bag_count,day_count,Cluster_Rank,Cluster_perc
0,"[0.0, 0.0, 0.6745000000006418, 0.6744999999993581, 0.0]",0.26979999999999993,0.0,0.33043616630145073,0.0,0.6745000000006418,5.0,4.0,1.0,0.33
1,"[0.6745, 0.6745, 0.6745, 0.6745]",0.6745,0.6745,0.0,0.6745,0.6745,4.0,2.0,2.0,0.67
2,"[0.4701465346535055, 92.68564950495465, 0.6277524752475367, 243.46378019803052, 0.7212475247524632, 0.4701465346534343]",56.40645379538202,0.6745,90.16325014525694,0.4701465346534343,243.46378019803052,6.0,1.0,3.0,1.0
