Cluster,Dist,mean,median,std,min,max,bag_count,day_count,Cluster_Rank,Cluster_perc
0,"[87.63682142856021, 0.0, 0.6745, 0.6745, 0.6745, 0.14663043478259807, 0.14663043478259807, 1.2023695652174018, 1.700913043478333]",10.317429434091238,0.6745,27.34128942831483,0.0,87.63682142856021,9.0,3.0,3.0,1.0
1,"[0.0, 0.0, 0.0, 0.0, 0.0, 0.0, 0.6745000000000012, 0.6744999999999988, 0.0]",0.14988888888888888,0.0,0.2804164341532248,0.0,0.6745000000000012,9.0,8.0,1.0,0.33
2,"[22.37196728972001, 1.1787990654205764, 7.5455747663552755, 0.359313084112158, 0.29627570093455174, 22.78801401869198, 0.510602803738312, 0.4601728971962607, 22.92669626168262, 0.06934112149532062, 23.79661214953309, 0.2458457943925424, 0.15759345794391053, 23.74618224299108, 0.434957943925235, 0.32149065420561945, 0.15759345794391053, 7.331247663551557, 23.153630841121853, 0.27106074766352606, 0.17020093457942337, 1.0527242990654482, 0.23323831775698756, 24.073976635514416, 0.10716355140190115, 22.851051401869544, 23.39317289719668, 21.981135514019034, 0.3088831775700646, 6.385686915887926, 0.434957943925235, 22.737584112149886, 22.510649532710655, 0.00630373831775642, 0.19541588785044905, 7.810331775701044, 0.19541588785044905, 7.318640186916002, 0.6240700934579276, 22.62411682243027, 7.923799065420661, 1.1787990654205764, 0.359313084112158, 0.10716355140190115, 0.05673364485980778, 0.10716355140190115, 0.47278037383181554, 2.6664813084112597, 7.406892523364634, 23.79661214953309, 0.00630373831775642, 0.7501448598130981, 0.6618925233644661, 0.2458457943925004, 23.09059345794433, 8.402883177570232, 2.8555934579439946, 0.3971355140186965, 23.027556074766764, 0.25845327102809723, 0.6871074766355338, 0.17020093457942337, 0.4601728971962607, 23.884864485981723]",7.3767527745328305,0.6745,9.742607956387864,0.00630373831775642,24.073976635514416,64.0,1.0,2.0,0.67
