Cluster,Dist,mean,median,std,min,max,bag_count,day_count,Cluster_Rank,Cluster_perc
0,"[0.6745000000002042, 0.6744999999997957, 0.6745000000001361, 0.6744999999998639, 0.0, 0.0, 0.0, 0.0, 0.0, 0.6745, 0.0, 1.0514264705883674, 0.0, 0.0, 0.0, 0.0, 0.0, 0.0]",0.24577369281046485,0.0,0.35691300898238193,0.0,1.0514264705883674,18.0,14.0,1.0,0.33
1,"[0.6745, 0.6745, 0.6745, 0.6745]",0.6745,0.6745,0.0,0.6745,0.6745,4.0,2.0,2.0,0.67
2,"[0.9768620689655599, 0.37213793103444, 1.3257413793103476, 0.37213793103444]",0.7617198275861969,0.6745,0.4086424485649963,0.37213793103444,1.3257413793103476,4.0,1.0,3.0,1.0
