Cluster,Dist,mean,median,std,min,max,bag_count,day_count,Cluster_Rank,Cluster_perc
0,"[0.311307692308224, 0.0, 0.6745, 1.764076923075328, 0.8820384615383552, 0.8431250000011232, 1.1803750000033697, 0.5058749999988768, 0.5058749999988768]",0.7407970085471283,0.6745,0.4851991611821031,0.0,1.764076923075328,9.0,2.0,3.0,0.38
1,"[0.6745000000007814, 0.6744999999992185, 0.6745, 1.0792000000043132, 0.0, 0.6745000000179723, 0.6744999999820277, 0.0, 1.1803750000033697, 0.6745, 0.0, 0.6744999999970046, 0.6745000000029954, 0.6745, 0.0, 1.854874999998877]",0.63655937500041,0.6745,0.4749832819326708,0.0,1.854874999998877,16.0,7.0,2.0,0.25
2,"[0.6745, 0.0, 1983.4154285697593, 7.174227272714647, 0.0, 0.6745, 0.8672142857157529, 0.6745, 0.0, 0.6745, 4.046999999982027, 0.0]",166.516822510681,0.6745,547.8193859709828,0.0,1983.4154285697593,12.0,4.0,8.0,1.0
3,"[0.6745, 14.074566666649414, 0.6745, 0.6745, 0.5058749999988768, 0.8431250000011232, 0.5058749999988768, 2.5293750000033697]",2.5602895833314574,0.6745,4.396561615162338,0.5058749999988768,14.074566666649414,8.0,2.0,6.0,0.75
4,"[0.0, 0.0, 0.6745, 0.6745, 0.6745, 0.6745]",0.44966666666666666,0.6745,0.3179623492735508,0.0,0.6745,6.0,3.0,1.0,0.12
5,"[0.7588124999983151, 0.6745, 1.4333124999983151, 0.4215625000005616, 0.0, 0.33725, 0.0843124999983151, 0.4215625000005616, 0.4215624999983151, 1.01175, 1.3490000000022464, 163.98781250001628, 0.6745, 0.33725, 0.2529374999994384, 0.7588124999983151, 0.0, 0.9274375000016849, 0.9274375000016849]",9.198937500000735,0.6745,36.486281041649995,0.0,163.98781250001628,19.0,1.0,7.0,0.88
6,"[1.349, 0.0, 0.6745, 1.6862499999977534, 0.5058750000033698, 0.6745, 3.3725, 0.1927142857124518, 0.7708571428549421, 0.1927142857124518, 0.0, 1.2526428571399228, 2.5052857142798457, 0.6745]",0.9893813775500526,0.6745,0.9436845870978755,0.0,3.3725,14.0,2.0,4.0,0.5
7,"[0.6745, 0.0, 0.33725, 5.058749999964055, 4.384249999973042]",2.0909499999874193,0.6745,2.1689134572252073,0.0,5.058749999964055,5.0,1.0,5.0,0.62
