Cluster,Dist,mean,median,std,min,max,bag_count,day_count,Cluster_Rank,Cluster_perc
0,"[0.0, 0.6745000000000173, 0.6744999999999827, 0.6745, 0.0, 1.2101323529411308, 0.0, 0.0, 0.0]",0.3592924836601256,0.0,0.43043276185497087,0.0,1.2101323529411308,9.0,6.0,1.0,0.25
1,"[0.6745, 0.6745, 0.6745, 0.6745]",0.6745,0.6745,0.0,0.6745,0.6745,4.0,2.0,2.0,0.5
2,"[0.6704030922142454, 0.693494754279404, 0.6704030922142467, 0.6785969077857532]",0.6782244616234123,0.6744999999999999,0.009429583670724277,0.6704030922142454,0.693494754279404,4.0,1.0,3.0,0.75
3,"[0.6745, 0.0, 146.11356250001614, 0.505875, 150.32918750001656]",59.52462500000654,0.6745,72.43320193622517,0.0,150.32918750001656,5.0,1.0,4.0,1.0
