Cluster,Dist,mean,median,std,min,max,bag_count,day_count,Cluster_Rank,Cluster_perc
0,"[0.1573833333334831, 0.15738333333318355, 1.1916166666665169, 14763.523450001623, 0.6745, 0.6745]",2461.0631388891593,0.6745,5501.82752056902,0.15738333333318355,14763.523450001623,6.0,2.0,3.0,1.0
1,"[0.0, 0.0, 0.0, 0.0]",0.0,0.0,0.0,0.0,0.0,4.0,4.0,1.0,0.33
2,"[0.9820055123216577, 0.0, 0.6745, 251.11654955621094, 0.6745, 0.0]",42.24125917808876,0.6745,93.41257216834748,0.0,251.11654955621094,6.0,2.0,2.0,0.67
