Cluster,Dist,mean,median,std,min,max,bag_count,day_count,Cluster_Rank,Cluster_perc
0,"[0.0, 0.0, 0.6744999999996673, 0.6745000000003328, 0.0, 0.0, 0.0, 0.0]",0.16862500000000002,0.0,0.29206706742630195,0.0,0.6745000000003328,8.0,7.0,1.0,0.33
1,"[0.6745, 0.6745]",0.6745,0.6745,0.0,0.6745,0.6745,2.0,1.0,2.0,0.67
2,"[0.44966666666666666, 0.05228682170547171, 18.185356589140714, 0.679728682170575, 18.885999999993036, 1.0561937984494698, 18.917372093016485, 0.669271317829425, 0.10457364341066479, 18.478162790690966, 0.052286821705193075, 0.27189147286823]",6.483565891470575,0.6745,8.585725393266427,0.052286821705193075,18.917372093016485,12.0,1.0,3.0,1.0
