Cluster,Dist,mean,median,std,min,max,bag_count,day_count,Cluster_Rank,Cluster_perc
0,"[0.0, 0.0, 0.0, 0.0, 0.6745000000000053, 0.6744999999999947, 0.0, 0.6744999999997191, 0.6745000000002808, 0.0, 0.0, 0.0, 0.0]",0.20753846153846153,0.0,0.3113076923076923,0.0,0.6745000000002808,13.0,11.0,2.0,0.67
1,"[1.0599285714289384, 0.5781428571434073, 2.0235000000038514, 0.0, 0.6745]",0.8672142857152394,0.6745,0.6703576885618535,0.0,2.0235000000038514,5.0,1.0,3.0,1.0
2,[0.0],0.0,0.0,0.0,0.0,0.0,1.0,1.0,1.0,0.33
