Cluster,Dist,mean,median,std,min,max,bag_count,day_count,Cluster_Rank,Cluster_perc
0,"[0.6745, 0.0, 1.349, 0.0, 0.0, 0.0, 0.0, 0.0, 0.0]",0.22483333333333333,0.0,0.4496666666666666,0.0,1.349,9.0,7.0,1.0,0.33
1,"[0.6745, 0.6745, 0.6745, 0.6745]",0.6745,0.6745,0.0,0.6745,0.6745,4.0,2.0,2.0,0.67
2,"[0.6745, 4.047, 0.0, 6609.425500000728, 0.0, 0.6745, 0.0, 0.6745, 304.8740000000337]",768.9300000000845,0.6745,2067.1018690936585,0.0,6609.425500000728,9.0,3.0,3.0,1.0
