Cluster,Dist,mean,median,std,min,max,bag_count,day_count,Cluster_Rank,Cluster_perc
0,"[0.6745, 0.0, 1.0599285714286286, 0.0, 0.0, 0.0, 0.0, 0.0]",0.2168035714285786,0.0,0.38768036413023926,0.0,1.0599285714286286,8.0,6.0,1.0,0.12
1,"[0.6745, 0.0, 26.713010416666833, 0.6745, 0.0, 54.20527272727044, 0.6744999999999999, 0.0, 4.103208333333232]",9.671665719696723,0.6745,17.726714385649213,0.0,54.20527272727044,9.0,3.0,7.0,0.88
2,"[0.21386585365851052, 58.747304878048084, 1.1351341463414346, 0.21386585365856534, 1.1578916666666503, 0.19110833333334956, 39.13224166666663, 0.19110833333331212]",12.622815091463316,0.6745,21.536852852335826,0.19110833333331212,58.747304878048084,8.0,2.0,8.0,1.0
3,"[1.3131461794019934, 0.03585382059800641, 0.03585382059800641, 4.089576411960128]",1.3686075581395336,0.6744999999999999,1.6552350677362302,0.03585382059800641,4.089576411960128,4.0,1.0,4.0,0.5
4,"[0.6745, 0.6745, 0.6745, 0.6745, 0.6745, 0.6745]",0.6745,0.6745,0.0,0.6745,0.6745,6.0,3.0,2.0,0.25
5,"[0.0, 0.29326086956522246, 0.6745, 10.487008695652111, 10.428356521739065]",4.37662521739128,0.6745,4.969802447729134,0.0,10.487008695652111,5.0,1.0,6.0,0.75
6,"[0.4598863636363799, 0.0, 0.6131818181818739, 0.6745, 2.023500000000051, 2.7593181818182795, 2.514045454545571]",1.2920616883117364,0.6745,1.0271519181574071,0.0,2.7593181818182795,7.0,1.0,3.0,0.38
7,"[8.294024137930995, 8.024224137930997, 8.08004482758617, 0.6745, 0.5535551724137915, 0.44191379310344403, 0.0]",3.724037438423628,0.6745,3.823678320901296,0.0,8.294024137930995,7.0,1.0,5.0,0.62
