Cluster,Dist,mean,median,std,min,max,bag_count,day_count,Cluster_Rank,Cluster_perc
0,"[0.6745000000000001, 0.6745, 0.0, 0.0]",0.33725000000000005,0.33725,0.33725,0.0,0.6745000000000001,4.0,3.0,2.0,0.67
1,"[0.6744999999999999, 0.0, 26.118862290862253]",8.93112076362075,0.6744999999999999,12.156687642828441,0.0,26.118862290862253,3.0,1.0,3.0,1.0
2,[0.0],0.0,0.0,0.0,0.0,0.0,1.0,1.0,1.0,0.33
