Cluster,Dist,mean,median,std,min,max,bag_count,day_count,Cluster_Rank,Cluster_perc
0,"[0.9146278344145811, 0.38728010503552657, 1.1440036762434351, 0.3872801050355267, 0.7593073833796725, 0.5896926166203275, 0.5366827927092985, 0.8567837812789619, 0.654212522275829, 1.3122069587516847, 0.8912124788107966, 0.6947874777241709, 0.35259753553266393, 0.35259753553266404]",0.7023766288103672,0.6745,0.28791264665964184,0.35259753553266393,1.3122069587516847,14.0,2.0,3.0,0.75
1,"[0.6745, 0.6745, 0.6745, 0.6745, 0.6744999999999999, 0.6745]",0.6745,0.6745,4.5324665183683945e-17,0.6744999999999999,0.6745,6.0,3.0,2.0,0.5
2,"[18.391674657534278, 0.0, 0.6745, 21.059742567248698, 0.0, 0.6745]",6.80006953746383,0.6745,9.176334416324364,0.0,21.059742567248698,6.0,2.0,4.0,1.0
3,"[0.0, 0.0, 0.0, 0.0, 0.0, 0.6745000000000001, 0.6745]",0.19271428571428575,0.0,0.30470804025479603,0.0,0.6745000000000001,7.0,6.0,1.0,0.25
