Cluster,Dist,mean,median,std,min,max,bag_count,day_count,Cluster_Rank,Cluster_perc
0,"[0.0, 0.0, 0.0, 0.0]",0.0,0.0,0.0,0.0,0.0,4.0,4.0,1.0,0.33
1,"[1.1680365853652335, 0.9212682926821785, 0.31257317073134383, 0.0, 0.3619268292677795, 0.6745, 0.9048170731703253]",0.6204459930309801,0.6745,0.3818581117717503,0.0,1.1680365853652335,7.0,1.0,2.0,0.67
2,"[0.6745000000007189, 0.674499999999281]",0.6744999999999999,0.6744999999999999,7.189249217391423e-13,0.674499999999281,0.6745000000007189,2.0,1.0,3.0,1.0
