Cluster,Dist,mean,median,std,min,max,bag_count,day_count,Cluster_Rank,Cluster_perc
0,"[0.6744999999970046, 0.6745, 0.6745, 420.8879999991104, 0.6745, 12.097282407407288, 12.03482870370359, 0.043717592592545595, 0.0]",49.751314300312316,0.6745,131.30243804437606,0.0,420.8879999991104,9.0,2.0,5.0,1.0
1,"[0.0, 0.0, 0.0, 1.654958762886556, 0.6745, 0.0, 0.0, 0.0, 0.0]",0.25882875143183953,0.0,0.5365432418884092,0.0,1.654958762886556,9.0,7.0,1.0,0.2
2,"[0.6745, 0.0, 0.1284761904762312, 63.56359523812246, 1.0599285714286937, 0.321190476191006, 1.188404761904925]",9.562299319731903,0.6745,22.049872159632685,0.0,63.56359523812246,7.0,1.0,4.0,0.8
3,"[0.0, 0.9197727272727273, 0.6744999999999999, 0.6745, 4.9873817427387355, 0.0, 0.0, 0.6745, 0.7644333333326943]",0.9661208670382399,0.6745,1.463202796805238,0.0,4.9873817427387355,9.0,3.0,3.0,0.6
4,"[0.6745, 0.6745, 0.6745, 0.6745]",0.6745,0.6745,0.0,0.6745,0.6745,4.0,2.0,2.0,0.4
