Cluster,Dist,mean,median,std,min,max,bag_count,day_count,Cluster_Rank,Cluster_perc
0,"[0.6297046815460039, 186.38120332063102, 0.7090144256940626, 0.6399855743059375, 144.18548203592783, 0.6297046815459941, 99.03266749379597, 0.6560893300248272, 0.6929106699751728, 0.6560893300248272]",43.42128515434716,0.6745,68.17905964307685,0.6297046815459941,186.38120332063102,10.0,2.0,7.0,1.0
1,"[0.0, 0.0, 0.0, 0.0, 0.0, 0.0, 0.0]",0.0,0.0,0.0,0.0,0.0,7.0,7.0,1.0,0.14
2,"[25.24352127659155, 24.91344680850625, 0.6314468085106505, 0.258319148936097, 0.7175531914893495, 0.258319148936097, 3.7059968203498364, 1.2288982511923803, 1.2117408585055773, 0.13725914149442253, 0.06005087440380986, 0.07720826709064124, 4.004106518283079, 0.060050874403838425]",4.464851284906684,0.6745,8.504836889588054,0.06005087440380986,25.24352127659155,14.0,2.0,4.0,0.57
3,"[18.98391129032468, 0.3807661290321856, 0.10879032258064517, 0.6745, 0.8594435483871692, 19.09270161290533, 6.28808064516187, 19.02742741935694, 0.2502177419354114, 0.1305483870967742, 19.157975806453713, 0.19582258064516128, 0.15230645161290324, 18.733693548389272, 0.04351612903225806, 0.010879032258136984, 0.0652741935483871, 0.33725000000007244, 6.407750000000362, 18.40732258064719, 0.43516129032243567, 0.6418629032258789, 18.37468548387307, 0.3698870967743385, 18.472596774195576, 1.5992177419355562, 19.364677419357015, 0.03263709677412108, 18.864241935486042, 19.26676612903436, 0.0, 0.3046129032258065, 18.265895161292423, 18.87512096774404, 0.6745, 0.15230645161290324, 19.582258064518303, 0.09791129032250818, 0.663620967742008, 18.76633064516339, 6.962580645161871, 18.592266129034503, 0.47867741935483865, 0.5004354838706778, 6.2336854838716205]",7.486224731183594,0.6745,8.625937836824829,0.0,19.582258064518303,45.0,1.0,6.0,0.86
4,"[0.6745, 0.6745, 0.6745, 0.6745, 0.6745, 0.6745]",0.6745,0.6745,0.0,0.6745,0.6745,6.0,3.0,2.0,0.29
5,"[0.5246111111113013, 38.48932539681711, 0.8243888888886988, 0.5246111111113013, 0.5246111111113013, 1.0171031746027805]",6.98410846560708,0.6745000000000001,14.090784869951344,0.5246111111113013,38.48932539681711,6.0,1.0,5.0,0.71
6,"[0.6745, 0.0, 16.10127857142737, 3.4238904761902096, 0.6745, 0.0, 0.8116864406782862, 0.0, 0.6745, 2.6230555555579964, 0.6745, 0.0]",2.138159253654488,0.6745,4.33467178712642,0.0,16.10127857142737,12.0,4.0,3.0,0.43
