Cluster,Dist,mean,median,std,min,max,bag_count,day_count,Cluster_Rank,Cluster_perc
0,"[0.0, 0.0, 0.0]",0.0,0.0,0.0,0.0,0.0,3.0,3.0,1.5,0.5
1,"[0.053162561576390224, 0.14619704433499564, 6.303086206896204, 0.37213793103446596, 0.5415935960590909, 776.4591477832093, 5.7515246305415255, 0.7077266009852162, 5.871140394088348, 0.23258620689655782, 5.964174876846954, 6.156889162561208, 0.1860689655172551, 0.6412733990147838, 0.053162561576345954, 0.14951970443349513, 5.847881773398675, 5.804687192117871, 5.977465517241041, 0.29239408866994704]",41.37559100984999,0.6745,168.66178659626155,0.053162561576345954,776.4591477832093,20.0,1.0,3.0,1.0
2,[0.0],0.0,0.0,0.0,0.0,0.0,1.0,1.0,1.5,0.5
