Cluster,Dist,mean,median,std,min,max,bag_count,day_count,Cluster_Rank,Cluster_perc
0,"[0.0, 24.364833333333245, 0.26033333333346054, 25.70199999999952, 0.6745, 0.0, 17.865818750001967, 0.4215625000001123, 0.6745, 17.53700000000202]",8.750054791667031,0.6745,10.566421136237064,0.0,25.70199999999952,10.0,2.0,3.0,1.0
1,"[0.0, 0.0]",0.0,0.0,0.0,0.0,0.0,2.0,2.0,1.0,0.33
2,"[0.0, 9.92077083333256, 0.6745]",3.5317569444441865,0.6745,4.526099234204983,0.0,9.92077083333256,3.0,1.0,2.0,0.67
