Cluster,Dist,mean,median,std,min,max,bag_count,day_count,Cluster_Rank,Cluster_perc
0,"[0.6745000000044931, 0.6744999999955069, 0.6744999999997235, 0.6745000000002764]",0.6745,0.6745,3.1830899569325138e-12,0.6744999999955069,0.6745000000044931,4.0,2.0,3.0,1.0
1,[0.0],0.0,0.0,0.0,0.0,0.0,1.0,1.0,1.5,0.5
2,[0.0],0.0,0.0,0.0,0.0,0.0,1.0,1.0,1.5,0.5
