Cluster,Dist,mean,median,std,min,max,bag_count,day_count,Cluster_Rank,Cluster_perc
0,"[0.0, 0.0, 0.0, 0.6744999999999985, 0.6745000000000014]",0.2698,0.0,0.33043616630145073,0.0,0.6745000000000014,5.0,4.0,1.0,0.33
1,"[970.4706000039884, 0.6745, 0.0]",323.7150333346628,0.6745,457.3253298625847,0.0,970.4706000039884,3.0,1.0,3.0,1.0
2,"[2.060972222227547, 0.8993333333333333, 0.44966666666666666, 0.44966666666666666]",0.9649097222235534,0.6745,0.6589013733659386,0.44966666666666666,2.060972222227547,4.0,1.0,2.0,0.67
