Cluster,Dist,mean,median,std,min,max,bag_count,day_count,Cluster_Rank,Cluster_perc
0,"[8.094000000045748, 0.6745, 0.0, 0.0, 2.6979999999568665, 0.6745]",2.023500000000436,0.6745,2.8616611434764376,0.0,8.094000000045748,6.0,2.0,3.0,1.0
1,"[0.0, 0.0, 0.6744999999982884, 0.6745000000017116, 0.0]",0.2698,0.0,0.33043616630145073,0.0,0.6745000000017116,5.0,4.0,1.0,0.33
2,"[2.8553833333299785, 0.6070499999990415, 0.6070500000002397, 0.7419499999997604]",1.2028583333322551,0.6745000000000001,0.9556739124159963,0.6070499999990415,2.8553833333299785,4.0,1.0,2.0,0.67
