Cluster,Dist,mean,median,std,min,max,bag_count,day_count,Cluster_Rank,Cluster_perc
0,"[0.6744999999991014, 0.6745000000008986, 0.0, 0.0, 0.0, 0.0, 1.349, 0.6745, 0.0, 0.0, 0.0]",0.3065909090909091,0.0,0.44217169732735645,0.0,1.349,11.0,8.0,2.0,0.67
1,"[0.6745, 0.6745, 0.6745, 0.6745, 0.6745, 0.6745]",0.6745,0.6745,0.0,0.6745,0.6745,6.0,3.0,3.0,1.0
2,"[0.0, 0.0, 0.0]",0.0,0.0,0.0,0.0,0.0,3.0,1.0,1.0,0.33
