Cluster,Dist,mean,median,std,min,max,bag_count,day_count,Cluster_Rank,Cluster_perc
0,"[0.0, 0.0, 0.0, 0.0, 0.0, 0.0]",0.0,0.0,0.0,0.0,0.0,6.0,6.0,1.5,0.5
1,"[0.6745000000000001, 0.6745000000000001, 1.2882112181808054, 1.5213726396702494, 0.060788781819194615, 0.06078878181919436]",0.7133602369149075,0.6745000000000001,0.5534824504454297,0.06078878181919436,1.5213726396702494,6.0,2.0,3.0,1.0
2,[0.0],0.0,0.0,0.0,0.0,0.0,1.0,1.0,1.5,0.5
