Cluster,Dist,mean,median,std,min,max,bag_count,day_count,Cluster_Rank,Cluster_perc
0,"[0.6745, 0.6165460662525812, 0.0, 1.3252598343685051, 33.459668737059566, 3297.4056666645897, 0.0, 0.2997777777775559, 0.6745, 0.9742777777775559, 138.42238888880192, 0.5995555555551118, 12.346420296011468, 12.292252794670027, 12.400949718297285, 0.0037096896798436084, 0.003317608656770654, 0.0, 0.00012064031479241994, 0.6926563673761419, 0.6745, 0.10376923077008152, 0.10376923076869904, 0.7263846153850407, 200.8972307695631, 188.4449230772349, 0.3113076923074796, 0.6226153846149592, 0.20753846153739808, 10650.666307709853, 6071.018846163848, 0.09184888870993681, 0.1918452246738603, 2.40322535835078, 0.6772158157513292, 0.6745543163150269, 0.6741197857948144, 0.674445683684973, 2.403714205186019, 0.09184888870993753, 2.403768521501046, 380.1104279999984, 4.807836000000031, 0.26902914285711726, 0.05935599999999836, 0.05935599999999836, 1.0799708571428825, 0.0, 114.48104545455811, 0.4905454545454545, 0.0, 118.58936363637672, 0.0, 0.7358181818181818, 0.6131818181818182, 2143.9902272729637, 2141.9667272729635]",448.1317233777747,0.6745,1671.0802222700631,0.0,10650.666307709853,57.0,7.0,3.0,0.75
1,"[1298.1367610062691, 0.6745, 0.0, 0.6745, 0.0, 356.1268645598212]",275.9354375943484,0.6745,475.24451768103006,0.0,1298.1367610062691,6.0,2.0,2.0,0.5
2,"[0.6745000000000003, 0.6744999999999998, 0.6745, 1.938263720891271, 0.0, 0.0, 0.0, 0.0, 0.0, 0.0]",0.3961763720891271,0.0,0.5959999852102557,0.0,1.938263720891271,10.0,7.0,1.0,0.25
3,"[11090.377500005112, 0.1775000000002987, 127.62250000005871, 0.5324999999999502, 0.03550000000024892, 0.03550000000024892, 132.37950000006083, 0.03550000000024892, 130.95950000006036, 1.4555000000007468, 0.3195000000003485, 0.1775000000002987, 138.34350000006387, 0.46150000000039826, 0.8165000000000499, 42.84850000001951, 128.04850000005882, 0.5324999999999502, 42.91950000002001, 0.1775000000002987, 0.46150000000039826, 11212.923500005165]",1047.8018636368467,0.6745000000000001,3195.613141717892,0.03550000000024892,11212.923500005165,22.0,1.0,4.0,1.0
