Cluster,Dist,mean,median,std,min,max,bag_count,day_count,Cluster_Rank,Cluster_perc
0,"[0.0, 1.9813437499964197, 0.0, 0.6745, 0.0, 0.6744999999992185, 0.6745000000007814, 0.0, 0.674499999999281, 0.6745000000007189, 0.6744999999985023, 0.6745000000014977, 0.0, 0.0, 0.0, 0.6745000000000001, 0.6744999999999999, 0.0, 0.0]",0.4237812499998116,0.6744999999985023,0.4924725424605294,0.0,1.9813437499964197,19.0,13.0,2.0,0.67
1,"[0.2870212765958423, 0.28702127659507753, 1.0619787234041578, 1.291595744678996, 0.6744999999999999, 0.6745]",0.712769503545679,0.6744999999999999,0.3702339602567698,0.28702127659507753,1.291595744678996,6.0,2.0,3.0,1.0
2,[0.0],0.0,0.0,0.0,0.0,0.0,1.0,1.0,1.0,0.33
