Cluster,Dist,mean,median,std,min,max,bag_count,day_count,Cluster_Rank,Cluster_perc
0,"[700.805499995408, 0.33725, 0.0, 718.3424999952912, 0.6745, 0.6745, 0.6745, 10.94565057914984, 0.21094401544406421, 1.138055984555936, 0.07552316602316977, 0.07552316602316977, 10.97690154440073]",111.1485652650997,0.6745,255.22017329472376,0.0,718.3424999952912,13.0,3.0,3.0,1.0
1,"[0.0, 0.0, 0.0, 0.0, 0.0, 0.6745000000000082, 0.6744999999999918, 0.0, 0.0, 0.0, 0.6744999999991014, 0.6745000000008986]",0.22483333333333333,0.0,0.3179623492735508,0.0,0.6745000000008986,12.0,10.0,1.0,0.33
2,"[0.6725636363636408, 0.6725636363636408, 0.6764363636363592, 0.6841818181818128]",0.6764363636363634,0.6745,0.004743102865567047,0.6725636363636408,0.6841818181818128,4.0,1.0,2.0,0.67
