Cluster,Dist,mean,median,std,min,max,bag_count,day_count,Cluster_Rank,Cluster_perc
0,"[0.0, 0.0]",0.0,0.0,0.0,0.0,0.0,2.0,2.0,1.0,0.33
1,"[1.8805290598290603, 1.9220367521367536, 0.028824786324786047, 0.6606641025641031, 0.011529914529914226, 0.6745, 1.9497085470085476, 1.8309504273504291, 1.862081196581197, 0.0011529914529913264, 1.8701521367521383, 0.0, 1.9105068376068384, 0.06572051282051233, 0.008070940170940247]",0.9784285470085475,0.6745,0.876970160109029,0.0,1.9497085470085476,15.0,1.0,3.0,1.0
2,"[0.6745, 0.6745]",0.6745,0.6745,0.0,0.6745,0.6745,2.0,1.0,2.0,0.67
