Cluster,Dist,mean,median,std,min,max,bag_count,day_count,Cluster_Rank,Cluster_perc
0,"[3.14766666666669, 0.0, 0.6745, 0.6745000000000001, 0.0, 0.3507400000000099, 0.7014800000000198, 2.5900800000000332, 0.13490000000000898, 1.7806800000000242, 1.6156627906977008, 0.5333255813953495, 1.8038953488372436, 0.6745, 0.09411627906975834, 0.7999883720930372, 0.0, 1.7544797687861275, 0.5068497109826613, 0.3041098265895942, 0.8421502890173387, 0.3041098265895942, 0.9045317919075118, 0.0, 0.7971363636363625, 0.6744999999999999, 0.22994318181818124, 2.4527272727272624, 3.3724999999998677, 0.0, 5.118264705882162, 0.6745, 0.27773529411763925, 0.6745, 0.6745, 0.4982792792792738, 0.49827927927928395, 0.8507207207207161, 2.454936936936934, 0.12106410256409222, 0.6745, 0.12106410256412102, 1.0203974358974928, 0.6745, 3.130371794871902]",1.0040597049539555,0.6745,1.0899792114634044,0.0,5.118264705882162,45.0,9.0,3.0,1.0
1,"[0.6744999999999935, 0.6745000000000063, 0.0, 0.6745000000000244, 0.6744999999999755, 0.0, 0.6745000000000233, 0.6744999999999766, 0.0, 0.0, 0.0]",0.3679090909090909,0.6744999999999755,0.3358535136702132,0.0,0.6745000000000244,11.0,8.0,1.0,0.33
2,"[1.2894852941176227, 0.0595147058823442, 3.352661764705753, 0.059514705882377235, 0.0, 0.6744999999999999, 1.0835053191489405, 0.7964840425531905, 0.37312765957447025]",0.8543103879849664,0.6744999999999999,0.9856822898396745,0.0,3.352661764705753,9.0,2.0,2.0,0.67
