Cluster,Dist,mean,median,std,min,max,bag_count,day_count,Cluster_Rank,Cluster_perc
0,"[0.6745, 0.6352087378640802, 0.6745, 12.658334951456931, 0.6352087378640802, 12.082063106796687, 0.0, 0.2890714285714286, 0.6745, 96.88710714286773, 96.26078571429598]",20.133752710883357,0.6745,36.31011316971941,0.0,96.88710714286773,11.0,2.0,3.0,1.0
1,"[0.0, 0.0, 0.0, 0.0, 0.6745000000014977, 0.6744999999985023, 0.0, 0.0, 0.0, 0.6745000000001729, 0.6744999999998271, 0.6745000000005287, 0.6744999999994714, 0.6745000000000047, 0.6744999999999953]",0.35973333333333335,0.6744999999985023,0.3364997209838698,0.0,0.6745000000014977,15.0,11.0,1.0,0.33
2,"[0.6745, 0.6745, 0.6745, 0.6745, 0.6745, 0.6745]",0.6745,0.6745,0.0,0.6745,0.6745,6.0,3.0,2.0,0.67
