Cluster,Dist,mean,median,std,min,max,bag_count,day_count,Cluster_Rank,Cluster_perc
0,"[0.7100000000000264, 2.4495000000000218, 0.0, 0.24850000000003733, 1.1715000000000155, 0.49700000000001554, 0.6745, 0.985807692307679, 0.36319230769232097, 0.36319230769232097, 5.821453846153573, 0.7280317460317404, 1.4346507936508202, 0.620968253968224, 0.6209682539682596, 0.6745, 0.6745, 1.638071428571354, 0.650410714285677, 0.6985892857142828, 0.6504107142857172, 0.0, 0.3372499999999872, 1.5942727272726993, 0.6744999999999999, 32.513965909090814, 0.0, 0.0, 0.0, 0.6745, 1.4453571428573566, 0.0, 0.48178571428582123, 0.7708571428572497, 0.5395999999999775, 0.6070499999999747, 0.47215000000009266, 0.7419500000000814, 0.47214999999998036, 1.1129250000001782, 0.7419500000000253, 1.9897750000001417, 0.0, 0.6745, 6.022321428571394, 0.6745, 0.2594230769230105, 0.0, 2.438576923076644, 4.8771538461531145, 0.6226153846153935, 0.6226153846153935, 0.7263846153846065, 2.006205128205016]",1.5883348475598338,0.6745,4.4287988996663845,0.0,32.513965909090814,54.0,12.0,2.0,0.67
1,"[1.9169999999999006, 0.6745, 0.0, 0.6745, 0.0, 2.0002413793103475, 0.0, 1.1933461538461687, 0.6745, 0.0, 0.0]",0.6485534121051288,0.6745,0.7285067889194601,0.0,2.0002413793103475,11.0,5.0,1.0,0.33
2,"[3.2226111111111564, 39.36456944444514, 2.698000000000031, 0.0749444444444375, 0.11241666666668747, 0.03747222222221875, 0.03747222222221875, 0.39345833333332814, 39.53319444444512, 0.9555416666666718, 0.38994531249994924, 0.2213203125000063, 1.5492421874999387, 0.2213203124999712, 0.7061171875000134, 45.012335937499124, 0.6428828124999866, 0.8536640624999942, 0.5942023809523905, 3.115547619047596, 0.0, 0.3693690476190572, 2.344690476190438, 33.62864285714257, 0.016059523809521897, 0.7869166666666533, 1.4132380952380608, 0.17665476190476762, 0.6745, 0.8489396551724131, 0.0, 0.5698362068965638, 0.6628706896551738, 1.5234396551724132, 1.3373706896551543, 23.177215517241272, 24.491327586206797, 0.6745, 0.9536034482758493, 0.3139913793103281, 0.47680172413793437, 1.9653534482758492, 0.6977586206896526, 0.5582068965517182, 0.12792241379308875, 0.15118103448276063, 23.1888448275861, 0.686129310344807, 0.24421551724138998, 0.11629310344828186, 1.4536637931034169, 0.23258620689654438]",5.069199650639703,0.6745,11.320907887314615,0.0,45.012335937499124,52.0,4.0,3.0,1.0
