Cluster,Dist,mean,median,std,min,max,bag_count,day_count,Cluster_Rank,Cluster_perc
0,"[1.2903478260869627, 0.0, 25.308413043478296, 0.0, 0.6745, 0.44966666666667626, 0.0, 2.922833333333338, 0.7436794871794942, 0.0691794871794942, 0.06917948717947979, 0.6917948717948699, 1.0722820512820666, 0.6745]",2.426169732441477,0.6745,6.389828017656662,0.0,25.308413043478296,14.0,2.0,2.0,0.5
1,"[12.17991346153824, 0.6355865384615434, 2.60720192307687, 0.7134134615384565, 1.6732788461538046, 0.4280480769230653, 1.7251634615384348, 47.643048076922206, 0.4021057692307609, 1.880817307692261, 0.038913461538456554, 0.6355865384615434, 0.168625, 0.038913461538456554, 0.05829012345678294, 0.2081790123456672, 0.4746481481481451, 0.6911543209876523, 0.9243148148147979, 28.403944444444058, 0.4579938271604928, 0.8410432098765365, 28.387290123456406, 0.0582901234567968, 15.646734567901024, 0.6578456790123477, 0.3701524390244074, 0.008225609756096725, 0.008225609756110423, 1.5546402439024594, 0.6333719512195163, 0.7156280487804836, 29.028176829268535, 1.0117500000000206, 0.30434756097561994, 1.0446524390243936]",5.0627642919828455,0.6745,10.829470552995279,0.008225609756096725,47.643048076922206,36.0,3.0,4.0,1.0
2,"[0.6744999999999927, 0.6745000000000073, 0.0, 0.6745000000000116, 0.6744999999999883, 0.0, 0.6745, 1.6862500000000118, 0.0, 0.0, 0.0, 0.0]",0.421562500000001,0.33724999999999417,0.49879947671258884,0.0,1.6862500000000118,12.0,8.0,1.0,0.25
3,"[0.6744999999999999, 22.519102272727192, 0.0, 0.8812016129032217, 0.4677983870967783, 1.3598790322580814, 0.4677983870967602, 0.0, 2.6576452991452895, 0.6745]",2.9702424991227323,0.6744999999999999,6.556851371630796,0.0,22.519102272727192,10.0,3.0,3.0,0.75
