Cluster,Dist,mean,median,std,min,max,bag_count,day_count,Cluster_Rank,Cluster_perc
0,"[0.6745000000002808, 0.6744999999997191, 0.0, 0.6744999999999977, 0.6745000000000022, 0.0, 0.0, 0.0, 0.6744999999995915, 0.6745000000004084, 0.0, 0.0]",0.33725,0.33724999999979577,0.33724999999999994,0.0,0.6745000000004084,12.0,9.0,1.0,0.25
1,"[0.7615322580646611, 0.6745, 0.0, 2.457107142855974, 0.0, 0.6745, 0.0, 0.6745, 3.083428571427425, 4.805812500000562, 0.0, 0.6745]",1.1504900393623854,0.6745,1.4478992098824532,0.0,4.805812500000562,12.0,4.0,3.0,0.75
2,"[58.930771739128446, 0.4545543478261188, 1.2463586956520911, 1.0997282608695036, 0.8064673913043288, 0.5718586956521888, 0.1026413043479089, 58.637510869563265, 57.816380434780584, 0.1026413043479089, 0.3959021739130838, 0.5718586956521888, 58.19761956521531, 0.21994565217397888, 1.3929891304346786, 0.21994565217397888, 0.36657608695656635, 0.8064673913043288, 0.9237717391303987, 1.5689456521737835, 57.78705434782407, 0.7771413043478111, 0.36657608695656635, 0.10264130434771354, 57.552445652171926, 0.043989130434678565, 0.5425326086956712, 0.043989130434873916, 0.043989130434873916, 1.011749999999951, 0.8651195652173637, 0.5718586956521888]",11.379438179347448,0.6745,22.473959231833717,0.043989130434678565,58.930771739128446,32.0,1.0,4.0,1.0
3,"[0.6745, 0.6745, 0.9031440677966347, 0.44585593220336533, 1.0174661016947617, 0.445855932203213]",0.693553672316329,0.6745,0.21302653260220866,0.445855932203213,1.0174661016947617,6.0,2.0,2.0,0.5
