Cluster,Dist,mean,median,std,min,max,bag_count,day_count,Cluster_Rank,Cluster_perc
0,"[0.5171166666665169, 1.0117500000001496, 1.6637666666669662, 0.6745, 1.1916166666668164, 0.1349, 0.6745, 0.4271833333331836, 1.371483333333483, 0.49463333333333326, 0.1349, 0.22483333333333333, 0.764433333333633, 12.118516666668015, 0.4047, 1.3265166666668164, 1.2341914893618933, 0.5166382978723404, 0.1722127659574468, 1.0189255319149892, 0.1722127659574468, 0.9041170212766914, 0.5309893617022232, 0.35877659574477644, 0.7462553191489362, 2.8271595744683715, 0.6027446808510638, 0.8467127659575423, 0.3731276595744681, 0.44488297872349986, 0.4161808510639254, 7.060723404256083, 7.1468297872348066, 0.18656382978732963, 0.9471702127661485, 2598.403617021563]",73.5568161643107,0.6745,426.78363757644235,0.1349,2598.403617021563,36.0,2.0,3.0,1.0
1,"[0.6745, 0.0, 932.8070490196375, 0.6745, 0.6745, 1.5176249999991576, 1.3489999999992512, 0.4215624999999532, 0.0, 0.6745000000000001, 0.0, 3.417466666665149, 0.6745]",72.52963101433083,0.6745,248.34221571111837,0.0,932.8070490196375,13.0,4.0,2.0,0.67
2,"[0.0, 0.6744999999999998, 0.6745000000000002, 0.0, 0.0, 0.6745000000003328, 0.6744999999996673, 0.0, 0.0, 0.0]",0.26980000000000004,0.0,0.33043616630145073,0.0,0.6745000000003328,10.0,8.0,1.0,0.33
