Cluster,Dist,mean,median,std,min,max,bag_count,day_count,Cluster_Rank,Cluster_perc
0,"[0.6744999999999999, 0.0, 2725.5931818184818, 0.0033226600985291456, 1.3456773399014708, 5.328439244663324, 0.00332266009851439, 0.0, 0.6745, 17.595652173915]",275.1218595897159,0.6744999999999999,816.8401640801371,0.0,2725.5931818184818,10.0,3.0,7.0,0.88
1,"[0.6131818181818182, 0.8584545454545455, 0.24527272727272725, 0.7358181818181818, 74.19500000000816, 0.24527272727272725, 74.56290909091726, 0.3679090909090909, 0.6745, 0.0, 0.0, 1357.7685000001482, 1296.3890000001438, 1.349, 0.6745]",187.24528787880845,0.6745,447.90750061438837,0.0,1357.7685000001482,15.0,2.0,6.0,0.75
2,"[0.6734230973922253, 0.7208068121341087, 0.67557690260777, 0.67342309739223, 0.6745, 0.6745, 1.1241666666666665, 0.6745]",0.7363620720241251,0.6745,0.1473654400961561,0.6734230973922253,1.1241666666666665,8.0,2.0,4.0,0.5
3,"[0.0, 0.6744999999997356, 0.6745000000002643, 0.0, 0.0, 0.6745, 2.0235, 0.0, 0.6745000000044931, 0.6744999999955069]",0.5396,0.6744999999976213,0.5880154674836368,0.0,2.0235,10.0,6.0,2.0,0.25
4,"[0.6744999999999999, 0.6744999999999999, 0.6745, 0.6745, 0.6745, 0.6745, 0.6745, 0.6745]",0.6744999999999999,0.6745,9.614813431917819e-17,0.6744999999999999,0.6745,8.0,4.0,3.0,0.38
5,"[66469.41190000733, 0.8094, 0.6745, 0.4047, 0.0, 137.37316666668164, 0.8993333333333332, 0.0, 0.6745, 0.2248333333333333]",6661.047233334066,0.6745,19936.163346694473,0.0,66469.41190000733,10.0,2.0,8.0,1.0
6,"[0.0, 0.0, 0.0]",0.0,0.0,0.0,0.0,0.0,3.0,1.0,1.0,0.12
7,"[2.1584, 0.8094, 0.5396, 0.5396, 0.5396, 7.2846]",1.9785333333333333,0.6745,2.441487103294948,0.5396,7.2846,6.0,1.0,5.0,0.62
