Cluster,Dist,mean,median,std,min,max,bag_count,day_count,Cluster_Rank,Cluster_perc
0,"[0.0, 0.0, 0.0]",0.0,0.0,0.0,0.0,0.0,3.0,3.0,1.5,0.5
1,[0.0],0.0,0.0,0.0,0.0,0.0,1.0,1.0,1.5,0.5
2,"[1.535597570532915, 0.6745, 0.0]",0.7366991901776383,0.6745,0.6284459823515534,0.0,1.535597570532915,3.0,1.0,3.0,1.0
