Cluster,Dist,mean,median,std,min,max,bag_count,day_count,Cluster_Rank,Cluster_perc
0,"[0.0, 4483.232875000494, 0.6745, 0.6745, 15718.355285730979, 0.0, 0.6745, 3.372500000071889, 0.0, 3478.0899090849734, 0.6745, 0.0, 0.6745, 3.37249999998973, 0.0, 0.0, 5.396000000107834, 0.6745, 0.6745, 4.496666666656682, 0.0]",1128.6208207849177,0.6745,3467.631073399551,0.0,15718.355285730979,21.0,7.0,4.0,0.8
1,"[0.0, 0.6744999999940092, 0.6745000000059908, 0.0, 0.0, 0.0, 0.0, 0.0]",0.168625,0.0,0.2920670674263019,0.0,0.6745000000059908,8.0,7.0,2.0,0.4
2,"[0.4496666666666666, 73905.86433284917, 0.8993333333333332, 0.4496666666666666, 0.6744035995753193, 4.588701529258035, 0.67459640042468, 0.6744035995753199, 0.5620833333310868, 19908.204750002194, 0.5620833333340821, 0.7869166666659178]",7818.699244831685,0.6745,20665.649295116833,0.4496666666666666,73905.86433284917,12.0,3.0,5.0,1.0
3,"[0.6745, 0.6745, 0.28104166666704106, 1.067958333332959, 1.2927916666677899, 0.28104166666704106, 0.6745, 0.6745, 0.0, 0.0, 0.6745, 0.6745, 0.6745, 0.6745, 0.6745, 0.6745]",0.604239583333427,0.6745,0.32380830043365505,0.0,1.2927916666677899,16.0,7.0,3.0,0.6
4,"[0.0, 0.0, 0.0]",0.0,0.0,0.0,0.0,0.0,3.0,1.0,1.0,0.2
