Cluster,Dist,mean,median,std,min,max,bag_count,day_count,Cluster_Rank,Cluster_perc
0,"[0.0, 0.0]",0.0,0.0,0.0,0.0,0.0,2.0,2.0,1.0,0.33
1,"[0.3912099999999856, 1.0657100000007045, 0.5261100000001293, 0.3912099999999856, 0.9577900000000144, 0.8228899999998706]",0.6924866666667816,0.6744999999999999,0.26953756681082736,0.3912099999999856,1.0657100000007045,6.0,1.0,2.0,0.67
2,"[1.2664081632654558, 0.468020408162906, 0.02753061224435901, 0.880979591837094, 1.9822040816334614, 0.02753061224435901]",0.7754455782312725,0.6745,0.697819413285733,0.02753061224435901,1.9822040816334614,6.0,1.0,3.0,1.0
