Cluster,Dist,mean,median,std,min,max,bag_count,day_count,Cluster_Rank,Cluster_perc
0,"[0.0023420138888886177, 206.94034722222105, 1.3934982638888838, 0.0023420138888886177, 1.3443159722222227, 0.004684027777777235, 0.9443, 0.8094, 0.5396, 0.2698, 0.2698, 80.13060000000898, 0.0, 5.010571428572071, 0.2890714285714286, 0.6745, 0.9635714285714285, 20.572250000002246, 0.6745, 16.946812500001688, 0.505875, 13593.367125001498, 0.0843125, 0.0]",580.4891507833796,0.6745,2713.7181961173596,0.0,13593.367125001498,24.0,4.0,4.0,1.0
1,"[0.0, 0.0, 0.6745000000000154, 0.6744999999999846, 0.6744999999995008, 0.6745000000004993, 0.6745000000004993, 0.6744999999995008, 0.0, 0.0, 0.0, 0.0, 0.6745000000008986, 0.6744999999991014, 0.0, 0.6744999999955069, 0.6745000000044931]",0.39676470588235296,0.6744999999991014,0.3319571693513141,0.0,0.6745000000044931,17.0,12.0,1.0,0.25
2,"[35.36726086956912, 0.9384347826086956, 0.41056521739130436, 0.41056521739130436, 0.6745, 0.6745]",6.412637681160071,0.6745,12.950156351526056,0.41056521739130436,35.36726086956912,6.0,2.0,3.0,0.75
3,"[0.0, 1.349, 2.698, 0.0, 0.4047000000008986, 0.4046999999991014, 1.2141000000008986, 0.9442999999991013]",0.8768499999999999,0.6745,0.8397457278843761,0.0,2.698,8.0,2.0,2.0,0.5
