Cluster,Dist,mean,median,std,min,max,bag_count,day_count,Cluster_Rank,Cluster_perc
0,"[0.0, 0.0, 0.0, 0.0, 0.0, 0.0, 0.0, 0.674500000000011, 0.674499999999989, 0.0, 0.0, 0.0]",0.11241666666666666,0.0,0.25137130847060135,0.0,0.674500000000011,12.0,11.0,1.0,0.33
1,"[0.0, 131.30266666658346, 0.6745]",43.99238888886115,0.6745,61.738303571228634,0.0,131.30266666658346,3.0,1.0,3.0,1.0
2,"[0.6745000000000001, 0.6745000000000001]",0.6745000000000001,0.6745000000000001,0.0,0.6745000000000001,0.6745000000000001,2.0,1.0,2.0,0.67
