Cluster,Dist,mean,median,std,min,max,bag_count,day_count,Cluster_Rank,Cluster_perc
0,"[0.0, 0.0, 0.0, 0.0, 0.0, 0.0, 0.0, 0.0]",0.0,0.0,0.0,0.0,0.0,8.0,8.0,1.0,0.25
1,"[0.6745, 0.0, 0.6745, 0.16862500000112327, 0.8431250000011232]",0.4721500000004493,0.6745,0.3269760063827777,0.0,0.8431250000011232,5.0,1.0,2.0,0.5
2,"[0.6745, 0.6745]",0.6745,0.6745,0.0,0.6745,0.6745,2.0,1.0,3.0,0.75
3,"[0.6745, 59.27168749994037, 7150.711749992852, 0.3091458333335518, 60.70499999993859, 0.1405208333341134, 59.27168749994037, 0.2810416666667291, 0.2529374999999064, 0.3934583333332709, 0.0, 59.74945833327337, 58.90633333327393]",573.1282708327606,0.6745,1898.9924965125972,0.0,7150.711749992852,13.0,1.0,4.0,1.0
