Cluster,Dist,mean,median,std,min,max,bag_count,day_count,Cluster_Rank,Cluster_perc
0,"[0.6744999999999999, 0.6745000000000001, 0.0, 0.0, 0.0, 0.0, 0.0, 0.0, 0.0, 0.0, 0.6745000000000001, 0.6744999999999999, 0.0, 0.0, 0.0]",0.1798666666666667,0.0,0.29827512281262897,0.0,0.6745000000000001,15.0,13.0,1.0,0.25
1,"[0.6684675796534383, 0.7340701509223015, 0.6805324203465616, 0.6684675796534383, 0.674118063420156, 0.8337675537938791, 0.6748819365798439, 0.674118063420156]",0.7010529184737218,0.6744999999999999,0.05406466573578917,0.6684675796534383,0.8337675537938791,8.0,2.0,3.0,0.75
2,"[0.0, 8.903400000092018, 0.6745, 0.6745, 0.0, 442.26539639636553]",75.41963273274293,0.6745,164.08845951317693,0.0,442.26539639636553,6.0,2.0,4.0,1.0
3,"[0.6745, 0.6744999999999999, 0.6745, 0.6744999999999999]",0.6744999999999999,0.6744999999999999,7.850462293418876e-17,0.6744999999999999,0.6745,4.0,2.0,2.0,0.5
