Cluster,Dist,mean,median,std,min,max,bag_count,day_count,Cluster_Rank,Cluster_perc
0,"[0.0, 0.0, 0.0, 0.0, 0.0]",0.0,0.0,0.0,0.0,0.0,5.0,2.0,1.0,0.33
1,"[0.0, 0.0, 0.0, 0.6745, 0.6745000000000001, 0.0, 0.0, 0.6744999999995008, 0.6745000000004993, 0.0, 0.0]",0.2452727272727273,0.0,0.324465319875103,0.0,0.6745000000004993,11.0,9.0,2.0,0.67
2,"[1.1991111111102235, 0.44966666666633387, 0.899333333333666, 0.44966666666633387, 0.0, 91.05749999995918, 0.6745000000000001]",13.53282539681939,0.6745000000000001,31.65125315070574,0.0,91.05749999995918,7.0,2.0,3.0,1.0
