Cluster,Dist,mean,median,std,min,max,bag_count,day_count,Cluster_Rank,Cluster_perc
0,"[0.0, 0.0, 0.0, 0.6745000000001729, 0.6744999999998271, 0.0]",0.22483333333333333,0.0,0.3179623492735508,0.0,0.6745000000001729,6.0,5.0,2.0,0.5
1,"[2.9798768758778746, 0.0, 0.6745, 0.6744999999999999, 0.857177083333308, 0.0, 3.071082365266285, 0.6745, 0.0]",0.9924040360530518,0.6745,1.1326970986133325,0.0,3.071082365266285,9.0,3.0,4.0,1.0
2,"[0.0, 0.0, 0.0]",0.0,0.0,0.0,0.0,0.0,3.0,1.0,1.0,0.25
3,"[0.6745, 0.6745, 0.6745, 0.6745]",0.6745,0.6745,0.0,0.6745,0.6745,4.0,2.0,3.0,0.75
