Cluster,Dist,mean,median,std,min,max,bag_count,day_count,Cluster_Rank,Cluster_perc
0,"[0.0, 0.0, 1.349, 34728.318750003826, 6.927802369383022, 6.9275618201676155, 0.0006765446683309811, 1.348323455331669, 0.00031572084522117795, 0.00031572084522117795]",3474.4872745635075,0.6745,10417.944157146198,0.0,34728.318750003826,10.0,2.0,3.0,1.0
1,"[0.0, 0.0]",0.0,0.0,0.0,0.0,0.0,2.0,2.0,1.0,0.33
2,"[1.3041474619289415, 0.024309390862911718, 0.02430939086294821, 1.2931911167512777, 41.75771294416223, 0.05580888324872227]",7.409913197969505,0.6745,15.371202236160729,0.024309390862911718,41.75771294416223,6.0,1.0,2.0,0.67
