Cluster,Dist,mean,median,std,min,max,bag_count,day_count,Cluster_Rank,Cluster_perc
0,"[0.6745, 0.6745, 0.6745, 0.6745]",0.6745,0.6745,0.0,0.6745,0.6745,4.0,2.0,2.5,0.83
1,"[0.0, 0.0]",0.0,0.0,0.0,0.0,0.0,2.0,2.0,1.0,0.33
2,"[0.6745000000000171, 0.6744999999999829]",0.6745,0.6745,1.709743457922741e-14,0.6744999999999829,0.6745000000000171,2.0,1.0,2.5,0.83
