Cluster,Dist,mean,median,std,min,max,bag_count,day_count,Cluster_Rank,Cluster_perc
0,"[0.0, 0.0, 0.0, 0.0]",0.0,0.0,0.0,0.0,0.0,4.0,4.0,1.0,0.33
1,"[0.0, 0.8580524590164068, 0.6745]",0.5108508196721356,0.6745,0.368916699064086,0.0,0.8580524590164068,3.0,1.0,2.0,0.67
2,"[0.02286440677969651, 0.6745, 0.24579237288140435, 2.840902542372865, 0.04001271186447842, 2.960940677966034, 0.074309322033928, 1.7605593220338898, 2.680851694915218, 0.32010169491525614, 0.0, 0.22292796610170781, 1.3775805084746109, 0.748809322033928, 0.7373771186440988, 0.04001271186447842, 1.2918389830508918]",0.943493020937205,0.6745,1.0099265190643574,0.0,2.960940677966034,17.0,1.0,3.0,1.0
