Cluster,Dist,mean,median,std,min,max,bag_count,day_count,Cluster_Rank,Cluster_perc
0,"[0.6745000000014977, 0.6744999999985023, 0.0, 0.6745000000000025, 0.6744999999999974, 0.0]",0.44966666666666666,0.6744999999992498,0.3179623492735509,0.0,0.6745000000014977,6.0,4.0,2.0,0.67
1,"[0.6745, 0.6745]",0.6745,0.6745,0.0,0.6745,0.6745,2.0,1.0,3.0,1.0
2,[0.0],0.0,0.0,0.0,0.0,0.0,1.0,1.0,1.0,0.33
