Cluster,Dist,mean,median,std,min,max,bag_count,day_count,Cluster_Rank,Cluster_perc
0,"[0.07494444444289128, 0.0749444444448882, 0.3747222222224441, 0.2248333333326677, 0.8243888888897765, 0.2248333333326677, 1.1241666666673322, 0.6745, 0.6745, 0.5246111111122205, 97.20294444438298, 85.21183333327875, 9.218166666659345, 9.967611111104233, 0.6745, 0.6745, 0.12971153846152184, 0.23348076923073932, 0.7912403846153696, 1.0117500000000432, 0.12971153846152184, 1.154432692307631, 0.31130769230765243, 6.381807692307565, 0.5577596153846303, 0.44101923076917426, 3.9432307692306097, 4.08591346153837, 0.0, 0.6745, 44.85424999992979, 0.0, 47.130687499926566, 1.2205238095238231, 0.04282539682539229, 10.320920634920684, 0.04282539682539229, 3.147666666666762, 0.1284761904761769]",8.576411307168708,0.6745,21.75486583717477,0.0,97.20294444438298,39.0,5.0,3.0,1.0
1,"[0.0, 0.0, 0.6745000000002643, 0.6744999999997356, 0.0, 0.0, 0.0, 0.6745, 1.1297875000001123, 0.0, 0.0]",0.2866625000000102,0.0,0.39741680286429865,0.0,1.1297875000001123,11.0,8.0,1.0,0.33
2,"[0.6065647482014463, 0.6065647482014463, 0.7424352517985535, 0.9785911270983089, 0.664580882352879, 0.6645808823526147, 0.7042573529408344, 0.684419117647121]",0.7064992638241505,0.6745000000000001,0.11141479510547549,0.6065647482014463,0.9785911270983089,8.0,2.0,2.0,0.67
