Cluster,Dist,mean,median,std,min,max,bag_count,day_count,Cluster_Rank,Cluster_perc
0,"[0.6745000000001182, 0.6744999999998817, 0.0, 0.0, 0.0, 0.0, 0.6744999999985023, 0.6745000000014977, 0.0, 0.6744999999999393, 0.6745000000000607, 0.6744999999999979, 0.6745000000000021]",0.415076923076923,0.6744999999998817,0.32814712027439563,0.0,0.6745000000014977,13.0,9.0,1.0,0.33
1,"[0.0, 41.541264705886974, 0.6745, 0.0, 79.81583333331253, 0.6745, 37.78974999999751, 0.6745, 0.0]",17.907816448799668,0.6745,27.160970712060976,0.0,79.81583333331253,9.0,3.0,3.0,1.0
2,"[0.6745, 0.6745, 0.6745, 0.6745, 0.6745, 0.6745, 0.6745, 0.6745, 0.6745, 0.6745]",0.6745,0.6745,0.0,0.6745,0.6745,10.0,5.0,2.0,0.67
