Cluster,Dist,mean,median,std,min,max,bag_count,day_count,Cluster_Rank,Cluster_perc
0,"[0.0, 0.0, 0.0, 0.0, 0.6744999999999998, 0.6745, 0.0, 0.0, 1.517625000000351, 0.6745]",0.3541125000000351,0.0,0.49133285703922924,0.0,1.517625000000351,10.0,7.0,1.0,0.33
1,"[0.3549999999998755, 0.42599999999985066, 0.42599999999890475, 1.1715000000007716, 0.6035000000004979, 0.0, 0.42599999999985066, 0.6745, 1.1715000000007716, 0.5324999999991039, 0.8520000000001743, 1.4554999999997262, 1.7040000000008215, 1.8459999999998258, 11807.477499997163]",787.9414333331442,0.6745,2945.094939626513,0.0,11807.477499997163,15.0,1.0,3.0,1.0
2,"[0.6745, 0.6745]",0.6745,0.6745,0.0,0.6745,0.6745,2.0,1.0,2.0,0.67
