Cluster,Dist,mean,median,std,min,max,bag_count,day_count,Cluster_Rank,Cluster_perc
0,"[0.0, 0.0]",0.0,0.0,0.0,0.0,0.0,2.0,2.0,1.5,0.5
1,"[8.218375886524969, 0.5022872340425695, 0.339641843971631, 0.6745, 0.0, 0.11002482269502506, 7.969624113475317, 18.82859574468114, 321.75085106383483]",39.821544523247276,0.6745,99.85446010154953,0.0,321.75085106383483,9.0,1.0,3.0,1.0
2,[0.0],0.0,0.0,0.0,0.0,0.0,1.0,1.0,1.5,0.5
