Cluster,Dist,mean,median,std,min,max,bag_count,day_count,Cluster_Rank,Cluster_perc
0,"[0.8431250000011232, 4.890124999998877, 0.8431249999988767, 0.16862499999887673, 1.8548750000011232, 0.16862500000112327, 0.5058749999988768, 0.5058750000011233, 0.0, 0.6745, 27651.802000003052, 1.349, 0.0, 2.0235, 0.0, 1.349, 0.0, 0.6745, 0.6745, 6.745, 2.0235, 0.6745, 1.1241666666666665, 0.4496666666666666, 0.4496666666666666, 0.6745, 0.4496666666666666, 4.271833333333333, 2.36075, 0.6745, 0.6745, 0.6745]",865.2991875000955,0.6745,4810.9981551474275,0.0,27651.802000003052,32.0,5.0,5.0,1.0
1,"[0.6745, 0.0, 0.7588125, 0.6722441471571908, 0.6722441471571908, 0.6767558528428091, 0.6790117056856182, 4.38425, 0.0, 0.6745]",0.919231835284281,0.6745,1.1866066353364313,0.0,4.38425,10.0,3.0,3.0,0.6
2,"[0.0, 0.0, 0.0, 0.0, 0.0]",0.0,0.0,0.0,0.0,0.0,5.0,5.0,1.0,0.2
3,"[3.3725, 0.6745, 0.33725, 0.6745, 0.6745, 0.843125, 0.33725, 0.6745, 1.01175, 1.01175, 0.0, 12.984125000001123, 0.505875, 696.2526250000764, 0.0, 1.4838999999999998, 0.0, 0.2698, 0.0, 0.2698, 0.6745, 0.9443, 0.8094, 0.8094, 0.4047, 0.4047, 5182.72310000057, 1.0792, 0.6745]",203.789708620712,0.6745,949.4317957466565,0.0,5182.72310000057,29.0,2.0,4.0,0.8
4,"[0.5058749999988768, 0.8431250000011232, 0.5058750000011233, 0.8431249999988767, 0.0, 0.0, 0.6745, 0.6745, 1.349, 0.0, 1.6188, 0.0, 0.6745, 0.6745, 0.6745, 0.6745, 0.6745, 0.6745, 0.6745, 0.6745]",0.62054,0.6745,0.4013700082529835,0.0,1.6188,20.0,8.0,2.0,0.4
