Cluster,Dist,mean,median,std,min,max,bag_count,day_count,Cluster_Rank,Cluster_perc
0,"[0.928605263157892, 0.420394736842108, 0.420394736842108, 4.899622807017411, 3.5411250000003744, 0.8993333333333332, 2.248333333333333, 0.33725, 0.5058750000003744, 0.8993333333333332, 1.9110833333340822, 0.2810416666662922, 0.0, 0.05620833333370775, 0.33725, 0.05620833333370775, 1.2365833333333331, 1.01175, 0.16862500000037442, 1.2365833333333331, 1.292791666667041, 1.01175, 1.01175, 0.3934583333329589, 0.6745, 2.0235, 0.4496666666666666, 0.2810416666662922, 0.6182916666662923, 0.3934583333329589, 0.7307083333329588, 0.6745, 0.6745]",0.9583490164806141,0.6745,1.0021529812516137,0.0,4.899622807017411,33.0,3.0,2.0,0.67
1,"[0.0, 0.0, 0.6745000000000001, 0.6744999999999999, 0.6744999999999882, 0.6745000000000118, 0.6744999999993088, 0.6745000000006912, 0.0]",0.44966666666666666,0.6744999999999882,0.3179623492735509,0.0,0.6745000000006912,9.0,6.0,1.0,0.33
2,"[1.8182173913038213, 1.0850652173911854, 0.6158478260869735, 16.42260869564937, 0.11730434782605298, 16.10002173912753, 2.170130434782371, 0.2639347826088146, 0.7331521739130265, 15.806760869562398, 2.0528260869559274, 0.557195652173947, 0.4692173913042119, 0.35191304347815894, 0.49854347826092055, 0.11730434782605298, 0.2734459459460182, 0.07291891891890578, 1.057324324324134, 0.6745, 0.984405405405471, 0.5286621621621884, 0.0, 8.458594594594043, 1.2760810810808514, 1.1849324324323405, 0.32813513513507603, 0.8121530612248753, 0.8121530612248753, 0.6744999999999999, 0.6744999999999999, 0.20647959183685446, 0.30283673469373534, 0.9085102040819395, 0.5368469387758582, 0.7157959183674442, 0.46802040816351237, 7.199255102042437, 7.557153061226159, 0.4955510204082306, 1.2113469387756748, 0.20647959183667106, 0.27530612244920044, 0.8534489795921362, 0.3854285714288072, 0.44191379310350165, 0.6745, 0.023258620689804763, 0.2093275862070034, 0.7442758620691043, 11.559534482757359, 1.209448275861791, 0.046517241379299655, 12.164258620688255, 0.7210172413789897, 0.9768620689652928, 0.46517241379299656, 12.303810344826156, 0.9303448275859931, 0.7907931034480942, 11.885155172412457, 0.5116896551722963, 0.2093275862070034, 0.0, 0.046517241379299655, 0.27910344827579797]",2.3410247934936166,0.6744999999999999,4.275269564732853,0.0,16.42260869564937,66.0,4.0,3.0,1.0
