Cluster,Dist,mean,median,std,min,max,bag_count,day_count,Cluster_Rank,Cluster_perc
0,"[0.21386585365859406, 14.625134146339432, 0.641597560975563, 0.08225609756106515, 15.209152439022272, 15.571079268290585, 15.669786585363733, 14.56755487804682, 0.6991768292682866, 0.4688597560976111, 0.6169207317073311, 15.431243902436908, 0.5511158536585666, 0.4112804878048874, 0.008225609756040761, 15.110445121949127, 0.5675670731707577, 15.62043292682716, 0.04112804878042299, 15.118670731705276, 15.168024390241849, 0.03290243902449181, 0.06580487804876445, 15.414792682924716, 0.6498231707317134, 15.200926829266232, 0.5099878048780341, 0.7074024390243274, 0.5182134146341845, 0.34547560975612296, 0.6251463414633719, 15.752042682924687, 0.008225609756150349, 15.505274390241821, 0.2796707317073585, 15.423018292680757, 14.929481707315023, 0.7978841463414333, 508.647944444375, 15.571790123454614, 15.771641975306414, 15.346956790121277, 15.796623456787945, 0.6745, 0.6495185185184692, 0.30810493827158436, 0.15821604938273248, 0.18319753086426327, 15.27201234567691, 0.5412654320986873, 15.779969135800297, 0.0, 15.779969135800297, 0.44966666666666666, 0.6578456790123498]",15.904523885191255,0.6745,67.4546710676541,0.0,508.647944444375,55.0,2.0,3.0,1.0
1,"[0.0, 0.6745000000012837, 0.6744999999987162, 0.0]",0.33725,0.3372499999993581,0.33725,0.0,0.6745000000012837,4.0,3.0,1.0,0.33
2,"[0.6745, 0.6745]",0.6745,0.6745,0.0,0.6745,0.6745,2.0,1.0,2.0,0.67
