Cluster,Dist,mean,median,std,min,max,bag_count,day_count,Cluster_Rank,Cluster_perc
0,"[0.0, 0.0, 0.0, 0.0, 0.0, 0.0, 0.0, 0.0, 0.6744999999999993, 0.6745000000000005]",0.13489999999999996,0.0,0.26979999999999993,0.0,0.6745000000000005,10.0,9.0,1.0,0.25
1,"[0.21583999999997122, 1.1331600000000288, 90.32903999999795, 0.21583999999997122, 0.6670055555555551, 0.7466833333333318, 0.6670055555555551, 0.6819944444444449]",11.832071111110851,0.6745,29.670359543945057,0.21583999999997122,90.32903999999795,8.0,2.0,3.0,0.75
2,"[0.6745, 0.6745, 0.6745, 0.6745, 0.6745, 0.6745, 0.6744999999999999, 0.6744999999999999]",0.6744999999999999,0.6745,9.614813431917819e-17,0.6744999999999999,0.6745,8.0,4.0,2.0,0.5
3,"[0.6745, 0.0, 79.99569999999987]",26.890066666666623,0.6745,37.55236305359337,0.0,79.99569999999987,3.0,1.0,4.0,1.0
