Cluster,Dist,mean,median,std,min,max,bag_count,day_count,Cluster_Rank,Cluster_perc
0,"[0.4911407766990647, 0.41255825242714805, 0.432203883495149, 0.0, 0.3863640776698715, 12.16719417475623, 12.082063106795038, 12.049320388348486, 0.6745, 12.003480582523208, 1191.965922329997, 4.657261904760927, 3.094134920634296, 0.631674603174902, 1.1027539682538323, 0.22483333333333333, 0.41754761904770055, 0.4817857142856327, 1.2740555555553654, 0.31048412698409983, 0.717325396825098, 0.39613492063486627, 0.22483333333333333, 1722.512404761548, 1722.3625158726588]",188.04289974414965,0.6745,508.76247281074535,0.0,1722.512404761548,25.0,2.0,3.0,1.0
1,"[0.6744999999999999, 0.6745000000000001]",0.6745,0.6745,1.1102230246251565e-16,0.6744999999999999,0.6745000000000001,2.0,1.0,1.0,0.33
2,"[0.369776649746201, 6.310170050761442, 0.43482994923860296, 6.204030456852847, 0.013695431472079828, 6.217725888324926, 0.11298730964468139, 6.299898477157406, 0.4553730964467227, 0.46906852791880255, 0.3149949238578817, 0.2807563451776821, 6.2690837563452035, 0.10956345177668424, 6.056804568527966, 6.115010152284282, 0.21570304568528012, 6.467667512690406, 6.036261421319846, 6.039685279187843, 6.2451167512690855, 0.369776649746201, 6.080771573604083, 0.14037817258884105, 6.025989847715763, 0.17461675126904064, 0.2739086294416422, 6.111586294416285, 0.2602131979695624, 0.27733248730963933, 6.327289340101565, 0.09586802030460441, 6.015718274111727, 6.2725076142132465, 6.002022842639646, 0.12325888324876408, 6.210878172588886, 6.145824873096484, 6.049956852791926, 6.156096446700567, 0.15064974619292373, 0.0, 0.40059137055840344, 0.28760406091372204, 0.18146446700508054, 0.7532487309644819, 0.19173604060916322, 0.6745, 0.5033071065990021, 6.241692893401043, 0.12325888324876408, 6.340984771573645, 5.991751269035563, 0.5478172588832844, 0.4074390862944433, 6.2451167512690855, 5.909578680203085, 6.145824873096484, 6.067076142132002, 6.121857868020322, 5.8445253807106825, 0.6299898477157634, 0.15407360406092085, 0.2807563451776821, 0.3492335025380813]",3.087635025380738,0.6745,2.9261164876535704,0.0,6.467667512690406,65.0,1.0,2.0,0.67
