Cluster,Dist,mean,median,std,min,max,bag_count,day_count,Cluster_Rank,Cluster_perc
0,"[0.6745, 0.6745, 0.6745, 0.0, 0.007935294117646171, 0.6813016806722682, 2.075646218487389]",0.6840547418967576,0.6745,0.6394056049980561,0.0,2.075646218487389,7.0,2.0,3.0,1.0
1,"[0.6744999999955069, 0.6745000000044931, 0.6744999999955069, 0.6745000000044931, 0.0, 0.0, 0.0, 0.0]",0.33725,0.33724999999775346,0.33725,0.0,0.6745000000044931,8.0,6.0,2.0,0.67
2,"[0.0, 0.0, 0.0]",0.0,0.0,0.0,0.0,0.0,3.0,1.0,1.0,0.33
