Cluster,Dist,mean,median,std,min,max,bag_count,day_count,Cluster_Rank,Cluster_perc
0,"[0.09523048816135635, 0.5357750073078047, 1.4212805320081847, 1.2449365390236773, 0.8132249926921952, 0.22938126278865822, 0.09523048816135635, 1.419230020461853, 0.6783815066701551, 0.6424775699712267, 0.8264080565001309, 0.5228565916819259, 1.893557742610517, 2.023058919696575, 2.243510855349204, 0.21515897201150952, 1.4470080434213974, 0.8768676432121372, 0.6745, 0.9320026811404657, 0.42881827099136793, 0.517122547737379, 3.145343643735288, 0.30187535966518425, 0.3957372482343708, 0.6147777269160353, 0.0]",0.8975463966722207,0.6745,0.7352525400128724,0.0,3.145343643735288,27.0,2.0,2.0,0.5
1,"[0.0, 0.0, 0.0, 0.0, 0.6745, 1.1992884524372915, 0.0, 0.0, 0.0, 0.0]",0.18737884524372914,0.0,0.3927002324548204,0.0,1.1992884524372915,10.0,8.0,1.0,0.25
2,"[0.8876687875821563, 0.4613312124178437, 0.46133121241784353, 3.594157810096491, 0.9831839443742098, 0.577600218365705, 1.4087677853120333, 0.3010870014940811, 0.037597115274106536, 0.9245789564417881, 2.3063698425468333, 2.764279450637858, 0.9593078381795195, 0.008604700609125344, 0.3089940236754394, 0.26814107573842083, 1.5326444661533156, 0.3583741523962763, 0.5718637512929547, 1.8972202045741868, 0.654965004022526, 0.2227919779335708, 0.8616328582921502, 0.3996922192851396, 1.8408632915756808, 0.3324050109182851, 0.3676765314331686, 0.8547335938397884, 0.7055079301229743, 0.4007774968394437, 2.9739705780944714, 0.18527238248477182, 1.1593865072980116, 1.067525514308699, 1.8941969313871967, 0.19969106999195488, 0.0, 1.8943519710378116, 0.29395517756579703, 0.9541140098839214, 0.6745, 0.7660509136880816, 0.2746527410642454]",0.9207399362941368,0.6745,0.8277035813065607,0.0,3.594157810096491,43.0,2.0,3.0,0.75
3,"[1.8629549479166683, 2.319881857638891, 0.432804166666667, 0.0, 0.6745, 2.13410544217687, 2.0737312925170053, 0.2413356009070291, 0.6745, 0.0]",1.0413813307823132,0.6745,0.8954290893863245,0.0,2.319881857638891,10.0,2.0,4.0,1.0
