Cluster,Dist,mean,median,std,min,max,bag_count,day_count,Cluster_Rank,Cluster_perc
0,"[0.0, 0.0, 0.0]",0.0,0.0,0.0,0.0,0.0,3.0,3.0,1.5,0.5
1,"[0.6727543995859213, 0.6762456004140787, 0.7090628881987575, 0.6727543995859211]",0.6827043219461697,0.6745,0.015284722835817988,0.6727543995859211,0.7090628881987575,4.0,1.0,3.0,1.0
2,[0.0],0.0,0.0,0.0,0.0,0.0,1.0,1.0,1.5,0.5
