Cluster,Dist,mean,median,std,min,max,bag_count,day_count,Cluster_Rank,Cluster_perc
0,"[0.0, 0.6745000000000106, 0.6744999999999893, 0.0, 0.6745000000000079, 0.6744999999999921, 0.0, 0.0, 0.0, 0.0, 0.0, 0.6744999999999898, 0.6745000000000102]",0.3113076923076923,0.0,0.3362507385443155,0.0,0.6745000000000106,13.0,10.0,1.0,0.33
1,"[0.0, 1208.2171869567248, 0.6745, 13.405687500001685, 0.6745, 0.0]",203.82864574278778,0.6745,449.2016422245574,0.0,1208.2171869567248,6.0,2.0,3.0,1.0
2,"[0.6745, 0.6745]",0.6745,0.6745,0.0,0.6745,0.6745,2.0,1.0,2.0,0.67
