Cluster,Dist,mean,median,std,min,max,bag_count,day_count,Cluster_Rank,Cluster_perc
0,"[5047.283500000556, 0.4721500000013479, 0.47214999999955065, 0.8768499999986521, 0.0, 406.7093000000733, 0.6745, 0.0, 0.6745000000029954, 0.6745, 0.0, 0.6745, 2.1583999999971244, 4.957262444767431e-06, 4.957262444503254e-06, 0.3522977701505919, 1.1896686277680186, 0.674688375972895, 2.444361667021893, 0.6743611966515511, 0.6746388033484488, 0.0, 0.6745, 6.475200000029475, 0.6745, 0.6745]",210.58381062908063,0.6745,970.4788464388503,0.0,5047.283500000556,26.0,7.0,2.0,0.67
1,"[0.6744999999970046, 0.6745000000029954, 0.0, 0.6745000000035944, 0.6744999999964055, 0.0, 0.0, 0.0, 0.0, 0.0, 0.0, 0.0, 0.0, 0.0, 0.674499999999841, 0.6745000000001591, 0.0]",0.2380588235294118,0.0,0.3223331708192327,0.0,0.6745000000035944,17.0,14.0,1.0,0.33
2,"[1.0791999999985622, 0.6745, 0.0, 33483.66389995908, 28967.211899964605, 0.0, 0.5395999999992811, 0.5781428571399229, 1.927142857134788, 0.5781428571450579, 0.5781428571450579, 0.7708571428549421, 9863.502571401503, 0.2529374999994384, 7937.684625000872, 0.2529375000016849, 1.1803749999988766, 0.6745, 0.6745]",4224.306524994604,0.6745,9683.13807478738,0.0,33483.66389995908,19.0,3.0,3.0,1.0
