Cluster,Dist,mean,median,std,min,max,bag_count,day_count,Cluster_Rank,Cluster_perc
0,"[0.0, 0.6745000000000333, 0.6744999999999667, 0.0, 0.0, 0.6745000000000445, 0.6744999999999555, 0.6745000000000547, 0.6744999999999453, 0.0, 0.0]",0.3679090909090909,0.6744999999999453,0.3358535136702132,0.0,0.6745000000000547,11.0,8.0,2.0,0.67
1,"[0.6745, 0.6745]",0.6745,0.6745,0.0,0.6745,0.6745,2.0,1.0,3.0,1.0
2,[0.0],0.0,0.0,0.0,0.0,0.0,1.0,1.0,1.0,0.33
