Cluster,Dist,mean,median,std,min,max,bag_count,day_count,Cluster_Rank,Cluster_perc
0,"[5.64449999999972, 0.319499999999944, 1.029500000000056, 0.319499999999944, 16.31647619047801, 16.220119047620866, 4.464547619048154, 0.6745, 0.3533095238095238, 0.06423809523809523, 0.0]",4.1278354978358465,0.6745,5.996444955665117,0.0,16.31647619047801,11.0,2.0,4.0,1.0
1,"[0.0, 0.0, 0.0, 0.0, 0.0, 0.0, 0.0, 0.0, 0.0, 0.0]",0.0,0.0,0.0,0.0,0.0,10.0,10.0,1.0,0.25
2,"[1.5288666666666468, 0.0, 0.8318833333333159, 0.6745, 0.24731666666667665, 0.9720735294116404, 0.6745, 0.0]",0.6161425245097849,0.6745,0.4884162237326024,0.0,1.5288666666666468,8.0,2.0,2.0,0.5
3,"[0.6745, 0.6745, 0.6745, 0.6745]",0.6745,0.6745,0.0,0.6745,0.6745,4.0,2.0,3.0,0.75
