Cluster,Dist,mean,median,std,min,max,bag_count,day_count,Cluster_Rank,Cluster_perc
0,"[0.0, 0.0, 0.0]",0.0,0.0,0.0,0.0,0.0,3.0,3.0,1.5,0.5
1,"[0.22483333333348934, 0.6744999999999064, 3.3725000000000933, 0.6745000000000936, 0.2248333333333021, 931.4844999999733]",156.10927777777337,0.6745,346.7600320219584,0.2248333333333021,931.4844999999733,6.0,1.0,3.0,1.0
2,[0.0],0.0,0.0,0.0,0.0,0.0,1.0,1.0,1.5,0.5
