Cluster,Dist,mean,median,std,min,max,bag_count,day_count,Cluster_Rank,Cluster_perc
0,"[0.0, 0.0, 0.0, 0.0, 0.0, 0.0, 0.0, 0.0, 0.0]",0.0,0.0,0.0,0.0,0.0,9.0,9.0,1.0,0.33
1,"[0.6745, 0.6745]",0.6745,0.6745,0.0,0.6745,0.6745,2.0,1.0,2.0,0.67
2,"[1.8599848484848815, 0.2657121212122037, 0.10219696969708522, 1.0832878787877962, 0.10219696969681291, 1.73734848484827]",0.8584545454545083,0.6745,0.7440051697453675,0.10219696969681291,1.8599848484848815,6.0,1.0,3.0,1.0
