Cluster,Dist,mean,median,std,min,max,bag_count,day_count,Cluster_Rank,Cluster_perc
0,"[0.6745, 0.6745, 0.7006941747572571, 0.844762135922379, 0.0, 3.1956893203883885, 0.3732669902912259, 0.11787378640779918, 0.8644077669903383, 0.0, 0.8709563106796144, 0.6483058252427428, 0.6745, 10.23379310344701, 0.0, 0.13785401459852675, 1.0043649635036176, 0.6794233576642331, 0.669576642335767, 1.526240875912457, 0.7089635036496317, 0.16739416058399093, 0.7385036496350302, 5.888335766423441, 0.05908029197079718, 0.6892700729926993, 0.05908029197079718, 0.1575474452554591, 0.11816058394159436, 5.208638888888829, 0.6370277777777824, 0.7119722222222177, 0.6370277777777824, 11.903675925925706, 0.6370277777777824, 0.31239999999995616, 7.241999999999835, 0.2839999999999602, 0.9939999999999551, 7.114199999999853, 9.116399999999762, 0.4260000000000348, 0.6248000000000069, 1.1501999999999333, 7.540199999999794, 1.0933999999999413, 0.5821999999999183, 0.21299999999997013, 0.15619999999997808, 0.12779999999998207, 2.186799999999977, 1.1075999999999393, 1.4625999999998893, 2.286199999999963, 0.7241999999999931, 0.12779999999998207, 0.511200000000023, 0.5111999999999283, 0.1703999999999761, 0.5753088235294312, 0.5753088235294312, 5.296808823529035, 0.7736911764705688]",1.6745767151109825,0.6745,2.6592227489896327,0.0,11.903675925925706,63.0,7.0,2.0,0.67
1,"[1.1190568181817508, 0.6745, 0.0, 0.0, 0.0, 0.0, 0.0, 0.0, 0.0, 0.0, 0.0]",0.16305061983470462,0.0,0.35863350010912876,0.0,1.1190568181817508,11.0,9.0,1.0,0.33
2,"[0.9318749999999548, 4.792499999999692, 5.138624999999632, 0.8431249999999704, 0.576874999999958, 0.5502499999999626, 1.0916249999999268, 0.2307500000000187, 0.10649999999998133, 631.3231249999588, 0.9673749999999487, 0.9939999999999439, 1.74837499999993, 4.721499999999645, 1.3401249999998832, 0.7011249999999362, 0.0, 0.1420000000000342, 0.4259999999999253, 0.2041249999999642, 0.3904999999999315, 4.020374999999709, 4.792499999999692, 0.6478750000000046, 0.4437499999999813, 0.6656250000000016, 4.783624999999693, 1.0206249999999393, 0.9939999999999439, 0.5591249999999611, 0.09762499999998288, 0.6745, 0.4259999999999844, 0.4703749999999766, 0.6123749999999518]",19.355107142855882,0.6745,104.96348236028469,0.0,631.3231249999588,35.0,1.0,3.0,1.0
