Cluster,Dist,mean,median,std,min,max,bag_count,day_count,Cluster_Rank,Cluster_perc
0,"[0.0, 0.0, 0.0, 0.0, 0.6744999999999999, 0.6745000000000001, 0.6745, 0.6745000000000001, 0.674500000000005, 0.674499999999995, 0.0, 0.0]",0.33725000000000005,0.3372499999999975,0.33725,0.0,0.674500000000005,12.0,9.0,1.0,0.33
1,"[5.261100000000899, 0.4047000000008986, 0.9442999999991013, 0.4046999999991014]",1.7537,0.6745,2.036945330636524,0.4046999999991014,5.261100000000899,4.0,1.0,3.0,1.0
2,"[0.6745, 0.6745]",0.6745,0.6745,0.0,0.6745,0.6745,2.0,1.0,2.0,0.67
