Cluster,Dist,mean,median,std,min,max,bag_count,day_count,Cluster_Rank,Cluster_perc
0,"[0.0, 0.6744999999982028, 0.6745000000017972, 0.0, 0.0, 0.0, 0.0, 0.0, 0.0, 0.0, 0.674500000000005, 0.674499999999995, 0.0]",0.2075384615384615,0.0,0.3113076923076923,0.0,0.6745000000017972,13.0,11.0,1.0,0.33
1,"[0.0, 6.368534883720779, 0.6745]",2.347678294573593,0.6745,2.856478408269672,0.0,6.368534883720779,3.0,1.0,2.0,0.67
2,"[0.5518636363637106, 0.7971363636362894, 0.5518636363637106, 218.35404545443652]",55.063727272700056,0.6745,94.27576233449066,0.5518636363637106,218.35404545443652,4.0,1.0,3.0,1.0
