Cluster,Dist,mean,median,std,min,max,bag_count,day_count,Cluster_Rank,Cluster_perc
0,"[0.12031621621621537, 0.6745, 6.734062162162175, 0.0, 6.70124864864866, 0.0, 0.0, 0.0]",1.7787658783783813,0.060158108108107684,2.8594511819599813,0.0,6.734062162162175,8.0,2.0,5.0,0.62
1,"[0.0, 0.9229999999998973, 0.6745, 0.7232720942688812, 0.7015956079271564, 0.6300632029994645, 0.6300632029994633, 0.7211044456347065, 0.6474043920728435]",0.6278892162113792,0.6745,0.23737399156346603,0.0,0.9229999999998973,9.0,2.0,2.0,0.25
2,"[0.0, 0.0, 0.0, 0.0, 0.0, 0.0]",0.0,0.0,0.0,0.0,0.0,6.0,6.0,1.0,0.12
3,"[0.7500498115239641, 0.6585183091007, 0.6585183091007, 0.6904816908993, 1.0850652173913236, 0.26393478260867653, 2.316760869565245, 0.26393478260867653, 0.6641812850586435, 0.6641812850586435, 0.6848187149413565, 0.6978890872004077]",0.7831945120881363,0.6745,0.5056578790538216,0.26393478260867653,2.316760869565245,12.0,3.0,4.0,0.5
4,"[0.6639255319148936, 0.6639255319148936, 0.6850744680851064, 0.7779787234042552, 0.1419999999999813, 0.1420000000000109, 32.92624999999931, 1.206999999999989]",4.651019281914804,0.6745,10.691909589271557,0.1419999999999813,32.92624999999931,8.0,2.0,7.0,0.88
5,"[7.65578980891723, 0.3136210191082756, 0.14607006369426634, 0.35228662420382006, 7.70734394904462, 7.393722929936337, 0.47687579617834347, 0.0, 7.428092356687934, 7.73741719745226, 0.6745]",3.625974522293008,0.6745,3.6184771496381463,0.0,7.73741719745226,11.0,1.0,6.0,0.75
6,"[0.6745, 0.6745]",0.6745,0.6745,0.0,0.6745,0.6745,2.0,1.0,3.0,0.38
7,"[0.8093999999999909, 0.18885999999998743, 1.241080000000097, 0.539600000000009, 1906.163980000083, 0.18886000000003234, 22.631080952380564, 0.533176190476187, 1763.907433333304, 0.8158238095238131, 0.12205238095236547, 0.12205238095238687]",308.1052832539727,0.6744999999999999,683.5080997183072,0.12205238095236547,1906.163980000083,12.0,2.0,8.0,1.0
