Cluster,Dist,mean,median,std,min,max,bag_count,day_count,Cluster_Rank,Cluster_perc
0,"[0.0, 0.6744999999999941, 0.6745000000000059, 0.0, 0.0, 0.0, 0.0, 0.0]",0.168625,0.0,0.29206706742630195,0.0,0.6745000000000059,8.0,7.0,3.0,1.0
1,[0.0],0.0,0.0,0.0,0.0,0.0,1.0,1.0,1.5,0.5
2,[0.0],0.0,0.0,0.0,0.0,0.0,1.0,1.0,1.5,0.5
