Cluster,Dist,mean,median,std,min,max,bag_count,day_count,Cluster_Rank,Cluster_perc
0,"[0.0, 0.0]",0.0,0.0,0.0,0.0,0.0,2.0,2.0,1.0,0.33
1,"[0.1830785714284724, 0.6937714285714249, 0.6937714285714249, 18.047692857141413, 0.655228571428575, 0.14453571428575096, 0.9924785714285751, 0.13489999999997432, 0.11562857142854942, 0.40470000000005135, 17.34428571428421, 0.2119857142858023, 18.770371428569913, 18.43312142856991, 0.11562857142854942, 17.594814285712864]",5.908499553570967,0.6745,8.186677186995551,0.11562857142854942,18.770371428569913,16.0,1.0,3.0,1.0
2,"[0.4123886010363017, 13.287300518135794, 12.420585492228994, 0.377440414507759, 0.18872020725383296, 12.707160621762617, 12.58134715026003, 0.02795854922279696, 0.7199326424870682, 12.805015544042407, 0.06989637305699241, 0.782839378238408, 0.5731502590673377, 0.6290673575129316, 12.784046632125355, 0.09086528497413669, 12.525430051814435, 0.16076165803103598, 0.01397927461139848, 12.350689119171907, 0.1537720207253833, 0.46830569948189565, 12.658233160622768, 0.31453367875651234, 12.87491191709949, 0.4543264248704972, 12.637264248705623, 0.46830569948189565, 12.63027461139997, 0.2935647668394612, 0.2935647668393681, 0.01397927461139848, 1.6076165803110116, 12.784046632125355, 0.46131606217614984, 12.280792746114916, 12.378647668394706, 12.700170984456964, 0.21667875647662987, 0.3075440414507666, 12.58134715026003, 12.784046632125355]",5.639805206020659,0.6744999999999999,6.08146843223741,0.01397927461139848,13.287300518135794,42.0,1.0,2.0,0.67
