Cluster,Dist,mean,median,std,min,max,bag_count,day_count,Cluster_Rank,Cluster_perc
0,"[0.0, 0.0, 0.0, 0.6745, 0.6745000000000001, 0.0, 0.0]",0.19271428571428575,0.0,0.30470804025479603,0.0,0.6745000000000001,7.0,6.0,1.0,0.33
1,"[0.6745, 0.6745, 0.6745, 0.6745, 0.5995555555555555, 0.7494444444444445, 0.5995555555555555, 0.7494444444444445, 0.6745, 0.6745, 0.6745, 0.6745]",0.6745,0.6745,0.04326919517426697,0.5995555555555555,0.7494444444444445,12.0,5.0,2.0,0.67
2,"[0.6790268456375834, 0.6745, 0.6745, 0.6745]",0.6756317114093959,0.6745,0.0019601816605790082,0.6745,0.6790268456375834,4.0,1.0,3.0,1.0
