Cluster,Dist,mean,median,std,min,max,bag_count,day_count,Cluster_Rank,Cluster_perc
0,"[51.234181638418036, 0.6619245762711865, 0.6870754237288135, 0.6619245762711865, 0.8993333333333332, 0.2248333333333333, 0.2248333333333333, 0.4496666666666666, 258.3335000000281, 203.6990000000221, 0.6745, 68.12450000000749, 201.2258333333554, 0.11241666666666665, 0.0, 0.6745, 0.2248333333333333]",46.35957977733935,0.6745,83.82546903808145,0.0,258.3335000000281,17.0,3.0,4.0,0.67
1,"[0.6745000000000012, 0.6744999999999988, 0.0, 0.6745, 1.1241666666666665, 0.0, 0.6745, 0.0, 1.349, 0.0, 0.0, 0.0, 0.6745000000000012, 0.6744999999999988, 0.6745000000000013, 0.6744999999999987, 0.0]",0.4628921568627451,0.6744999999999988,0.42568824296652014,0.0,1.349,17.0,10.0,1.0,0.17
2,"[1.1241666666665002, 0.5995555555553336, 1.049222222221834, 0.6745, 0.0, 2.529375, 0.168625, 1.180375, 0.168625]",0.8327160493826297,0.6745,0.7292448699130666,0.0,2.529375,9.0,2.0,3.0,0.5
3,"[0.6745, 0.6745, 0.6745, 0.6745, 0.6745, 0.6745, 0.6745, 0.6745, 0.6745, 0.6745]",0.6745,0.6745,0.0,0.6745,0.6745,10.0,5.0,2.0,0.33
4,"[0.6745, 0.33725, 0.6745, 0.505875, 0.0, 299.6466250000331, 17.368375000001684, 1.180375, 288.011500000032]",67.5998888888963,0.6745,121.06717716894853,0.0,299.6466250000331,9.0,1.0,6.0,1.0
5,"[0.6745, 0.0, 4.047, 314.65425000003427, 0.6745, 0.0]",53.34170833333905,0.6745,116.87069640209928,0.0,314.65425000003427,6.0,2.0,5.0,0.83
