Cluster,Dist,mean,median,std,min,max,bag_count,day_count,Cluster_Rank,Cluster_perc
0,"[0.0, 0.0, 0.0, 0.0, 0.0, 0.0]",0.0,0.0,0.0,0.0,0.0,6.0,6.0,1.5,0.5
1,"[0.7258206521740594, 0.7551467391305813, 0.6745, 1.1290543478261847, 0.0, 0.31525543478255985, 0.2785978260870542]",0.5540535714286342,0.6745,0.3494794915008276,0.0,1.1290543478261847,7.0,1.0,3.0,1.0
2,[0.0],0.0,0.0,0.0,0.0,0.0,1.0,1.0,1.5,0.5
