Cluster,Dist,mean,median,std,min,max,bag_count,day_count,Cluster_Rank,Cluster_perc
0,"[0.0, 0.6745000000000535, 0.6744999999999465, 0.6744999999999993, 0.6745000000000008, 0.0, 0.0]",0.3854285714285715,0.6744999999999465,0.3337909342014879,0.0,0.6745000000000535,7.0,5.0,1.0,0.33
1,"[0.6745, 0.6745, 0.6745, 0.6745]",0.6745,0.6745,0.0,0.6745,0.6745,4.0,2.0,2.0,0.67
2,"[0.03948542828180458, 0.9775634820070968, 0.03948542828180344, 1.6414656614292964, 0.8503896350734922, 0.4986103649265078]",0.6745000000000002,0.6745,0.5620248221907289,0.03948542828180344,1.6414656614292964,6.0,1.0,3.0,1.0
