Cluster,Dist,mean,median,std,min,max,bag_count,day_count,Cluster_Rank,Cluster_perc
0,"[0.6745, 0.6745, 0.0, 0.0, 715.9817499999297, 0.6745, 1.0117499999999298, 24.920366071428344, 0.3011160714285757, 0.08431250000001003, 0.0, 24.908321428571195, 0.26498214285715144, 0.19271428571427282, 0.19271428571429286, 0.6745, 24.932410714285485, 2.10781249999999, 24.860142857142627, 24.87218749999977]",42.36642901785357,0.6745,154.8933238398509,0.0,715.9817499999297,20.0,3.0,2.0,0.67
1,"[0.0, 0.0]",0.0,0.0,0.0,0.0,0.0,2.0,2.0,1.0,0.33
2,"[0.1686249999999649, 1.1803749999998947, 0.8431249999999648, 9.94887499999905, 0.8431249999999648, 0.5058749999998947, 0.5058749999998947, 0.505875000000035, 0.1686249999999649, 0.8431249999999648, 0.505875000000035, 0.8431249999999648, 0.505875000000035, 98604.31187499034]",7044.405732142167,0.6744999999999999,25394.14906630925,0.1686249999999649,98604.31187499034,14.0,1.0,3.0,1.0
