Cluster,Dist,mean,median,std,min,max,bag_count,day_count,Cluster_Rank,Cluster_perc
0,"[180.3612999994582, 0.4946333333338925, 0.8543666666661075, 0.49463333333149617, 4.7215000001078336, 0.6745, 0.6745, 0.6745, 0.8993333333413209, 0.0, 14.389333333365283, 0.44966666665867894, 0.0, 4.49666666667066, 0.3372500000029954, 0.6745000000029954, 0.0, 0.8993333333353302, 0.0, 2.473166666673656, 0.8993333333383255, 0.5620833333323348, 1.01175, 0.4496666666676651, 0.8993333333353302, 0.6745, 0.0, 0.9780249999989217, 0.37097500000107836, 134.66392499983428, 0.37097499999928113, 0.04215625000147429, 0.04215624999922775, 0.46371875000049145, 0.21078125000063183, 0.8852812500017551, 0.3794062499997894, 0.3794062499997894, 1.559781250005125, 1.0539062500009126, 1.1382187500038614, 1.559781250005125, 0.5480312499989469, 3.3303437500063886, 1.3068437500030188, 0.46371875000049145, 0.46371875000049145, 0.800968750001053, 0.8852812500017551]",7.550270408152775,0.6745,31.350653690328553,0.0,180.3612999994582,49.0,6.0,8.0,1.0
1,"[0.31741176470625543, 0.872882352941674, 1.7457647058854622, 0.31741176470625543, 2.698000000004229, 0.47611764705832604, 2.0235, 0.0, 0.6745, 0.6745, 0.6745]",0.9522352941183819,0.6745,0.7978460133948989,0.0,2.698000000004229,11.0,2.0,6.0,0.75
2,"[1.3490000000059907, 0.6745, 0.0, 1.3490000000059907, 0.0, 4.721499999964055, 0.0, 0.6745]",1.0960624999970046,0.6745,1.4676188503190906,0.0,4.721499999964055,8.0,2.0,7.0,0.88
3,"[0.6070499999994609, 0.7419500000005392, 0.8768500000016175, 0.6070499999994609, 1.2365833333353304, 2.1359166666706604, 0.11241666666466973, 0.11241666666466973, 0.0, 0.6744999999964055, 1.349, 1.0791999999985622, 0.6745]",0.7851871794870289,0.6745,0.5583324652188901,0.0,2.1359166666706604,13.0,3.0,5.0,0.62
4,"[0.6745, 0.6745, 0.6745, 0.6745]",0.6745,0.6745,0.0,0.6745,0.6745,4.0,2.0,4.0,0.5
5,"[0.0, 0.0, 0.0]",0.0,0.0,0.0,0.0,0.0,3.0,1.0,1.0,0.12
6,"[0.33725000000224653, 0.0, 1.1803749999988766, 0.6745, 1.5176250000011233, 0.6745000000009459, 0.6744999999990541, 0.0, 1.0117500000022466, 0.6745, 0.0, 0.6744999999820277, 0.6745000000179723, 0.0, 0.0, 0.0]",0.5058750000002807,0.6744999999905409,0.465631000380953,0.0,1.5176250000011233,16.0,8.0,2.0,0.25
7,"[0.6070500000014378, 0.8768499999992811, 1.2815500000014377, 0.7419499999985623, 0.06745000000215667, 0.33725, 0.06744999999856222, 1.0117499999964055]",0.6239124999997304,0.6745000000000001,0.4127008599984302,0.06744999999856222,1.2815500000014377,8.0,1.0,3.0,0.38
