Cluster,Dist,mean,median,std,min,max,bag_count,day_count,Cluster_Rank,Cluster_perc
0,"[0.35499999999915366, 4.969999999995719, 0.7454999999994524, 0.46149999999975105, 0.0, 1604.8839999984887, 65.56849999993837, 0.17750000000004978, 0.6745, 0.004131124721600572, 1.2832775612471963, 0.02666453229399098, 1.3005531737193696, 48.046858296213415, 1.3035576280623535, 0.048446826280630365, 1.216428452115816, 0.13257154788418388, 0.10553145879732738, 0.004131124721600572, 1.323837694877491, 57.104905766150154, 0.6845832888414297, 0.7025891617725397, 0.6190419113721223, 0.6190419113721223, 0.6644167111585703, 0.6745, 1.0636346153845888, 0.0, 23.828009615374913, 0.12971153846095357, 0.7455000000001494, 0.6034999999998506, 0.16566666666648966, 0.4378333333330457, 0.16566666666680496, 888.3401666666603, 22.507000000000048, 0.9111666666669542, 0.0, 0.4364411764704172, 0.813367647058637, 0.6745, 6.308558823527733, 0.20830147058821974, 16.89225735293634, 18.48923529411225, 0.18846323529397774]",56.66552140692295,0.6745,256.3127233952415,0.0,1604.8839999984887,49.0,6.0,3.0,1.0
1,"[0.682361305361294, 0.666638694638706, 0.7311013986014134, 0.6666386946386851, 0.16862500000022465, 1.1803749999997752, 1.5176250000002245, 0.16862499999842742, 0.6745, 0.0, 104.6599166666794, 4.687348101265149, 0.0, 0.6745, 26.56754712643644, 0.0, 0.6745, 0.6745, 0.0, 106.91213494240229, 2.6979999999820277, 0.0, 0.6745, 0.6620316040548426, 0.6620316040548639, 0.7078831246272934, 0.686968395945136]",9.533272283655045,0.6745,27.67195786520667,0.0,106.91213494240229,27.0,8.0,2.0,0.67
2,"[0.0, 0.0, 0.0, 0.0, 0.6745000000002764, 0.6744999999997235, 0.0, 0.0, 0.6744999999999911, 0.6745000000000089, 0.6745, 1.9813437500002806, 0.0]",0.41183413461540624,0.0,0.5543935493309998,0.0,1.9813437500002806,13.0,9.0,1.0,0.33
