Cluster,Dist,mean,median,std,min,max,bag_count,day_count,Cluster_Rank,Cluster_perc
0,"[0.6745000000000072, 0.6744999999999928, 0.0, 0.0, 0.0, 0.0, 1.5620000000000014, 0.0, 0.6745, 0.0, 0.0]",0.3259545454545456,0.0,0.4895252549221663,0.0,1.5620000000000014,11.0,8.0,1.0,0.33
1,"[0.43859974093263987, 0.43859974093263987, 0.9104002590673601, 1.2459028497409326]",0.7583756476683932,0.6745,0.3410672647327181,0.43859974093263987,1.2459028497409326,4.0,1.0,2.0,0.67
2,"[0.0, 5.9040649350648104, 0.6745]",2.1928549783549367,0.6745,2.638629324679372,0.0,5.9040649350648104,3.0,1.0,3.0,1.0
