Cluster,Dist,mean,median,std,min,max,bag_count,day_count,Cluster_Rank,Cluster_perc
0,"[0.0, 0.0, 1.601937500000044, 0.0, 0.6745, 2.0234999999982346, 0.6745, 0.0]",0.6218046874997849,0.33725,0.7481249852736511,0.0,2.0234999999982346,8.0,4.0,2.0,0.67
1,"[0.6745, 0.6745]",0.6745,0.6745,0.0,0.6745,0.6745,2.0,1.0,3.0,1.0
2,[0.0],0.0,0.0,0.0,0.0,0.0,1.0,1.0,1.0,0.33
