Cluster,Dist,mean,median,std,min,max,bag_count,day_count,Cluster_Rank,Cluster_perc
0,"[0.0, 0.0, 0.0, 0.6744999999999622, 0.6745000000000377]",0.2698,0.0,0.33043616630145073,0.0,0.6745000000000377,5.0,4.0,2.0,0.67
1,[0.0],0.0,0.0,0.0,0.0,0.0,1.0,1.0,1.0,0.33
2,"[0.6744999999998817, 0.6745000000001182]",0.6745,0.6745,1.1823875212257917e-13,0.6744999999998817,0.6745000000001182,2.0,1.0,3.0,1.0
