Cluster,Dist,mean,median,std,min,max,bag_count,day_count,Cluster_Rank,Cluster_perc
0,"[0.6745, 0.6744999999999999, 0.6745, 0.6745, 0.002582606924643667, 0.5200930753564158, 2.2945088798370685, 2.4181443177189426, 0.7997839103869654, 0.6240567413441954, 0.7249432586558044, 0.0025826069246433006]",0.8403912830957233,0.6745,0.7235363289243847,0.0025826069246433006,2.4181443177189426,12.0,3.0,3.0,0.75
1,"[1.2968223231827112, 0.05217767681728884, 3.3816103880157167, 0.05217767681728884, 0.541414365431392, 0.5414143654313922, 1.3524743167835171, 0.8075856345686079, 0.21637250000000016, 0.0, 0.6745, 1.1295212500000003, 1.4708537500000003]",0.8859172497729164,0.6745,0.8738982866852172,0.0,3.3816103880157167,13.0,3.0,4.0,1.0
2,"[1.3450265943823105, 0.5920950226244344, 0.8994868949030991, 0.7226415521215744, 0.058564543669427205, 0.9277614189362249, 0.7770023478186633, 0.7581142747374712, 0.0, 1.274253905916503, 0.377819047212499, 0.5847240672756767, 0.7195895159224792, 0.5126269102706394, 0.5825934004951763, 0.5318604968838044, 0.7930111414667463, 1.511333774438658, 0.5894460855459746, 0.7909956458635704, 0.6400638179800222, 0.7605904550499445, 0.4010836250320157, 0.08223222060957906, 0.018139460428583547, 0.6745, 1.8408960983522582, 0.5829964996158115, 1.2050360283445747, 0.08493874327670115, 0.5418803893110219, 0.9202752924101425, 0.9998585759412619, 0.4398963117903186, 0.6701234952616751, 1.9493873473917873, 0.8873939212840434, 1.2865772218902076, 1.597596986254589, 0.13809024161188418, 0.541534875779049, 1.2207662270596649, 2.7202386192102965, 0.6069803368554858, 0.9469364820846905, 0.4379668308572338, 0.02770449670294747, 1.6715403591006597, 0.7420196631445141, 0.26756006196869786, 0.02770449670294747, 0.9417921267974897, 0.1509546754588067]",0.7617774080008269,0.6745,0.5414651467002877,0.0,2.7202386192102965,53.0,2.0,2.0,0.5
3,"[1.5258615674955596, 0.6745, 0.0, 0.5948299289520427, 0.9370218694493783, 0.0, 0.0, 0.0, 0.0]",0.4146903739885534,0.0,0.523590536037742,0.0,1.5258615674955596,9.0,5.0,1.0,0.25
