Cluster,Dist,mean,median,std,min,max,bag_count,day_count,Cluster_Rank,Cluster_perc
0,"[0.6745, 11.365640186915734, 0.0, 20.010166666668166, 0.0, 0.6745]",5.454134475597317,0.6745,7.659514237413888,0.0,20.010166666668166,6.0,2.0,3.0,1.0
1,"[0.6745000000000713, 0.6744999999999287, 0.0, 0.0, 0.0, 0.0]",0.22483333333333333,0.0,0.3179623492735508,0.0,0.6745000000000713,6.0,5.0,1.0,0.33
2,"[0.6745, 0.6745]",0.6745,0.6745,0.0,0.6745,0.6745,2.0,1.0,2.0,0.67
