Cluster,Dist,mean,median,std,min,max,bag_count,day_count,Cluster_Rank,Cluster_perc
0,"[0.6745, 0.6745, 7.068489418271377e-06, 1.4201726199521085, 1.3489929315105817, 7.068489418083034e-06, 0.6745, 0.6745, 0.9867685185190116, 0.6745000000000001, 0.0, 0.6745, 0.6745]",0.6521114005354259,0.6745,0.4356070420211766,0.0,1.4201726199521085,13.0,5.0,2.0,0.67
1,"[0.0, 0.0, 0.0, 0.0]",0.0,0.0,0.0,0.0,0.0,4.0,4.0,1.0,0.33
2,"[55.09927380304687, 55.0963380032645, 55.10074170293805, 1.3077153155603902, 0.024770810663765935, 0.006422062023937143, 0.04128468443960989, 0.006422062023937143, 3268.855459677429, 0.8159274193549684, 2.9482177419353848, 0.3807661290321447, 0.33724999999989125, 0.5330725806450315, 3268.0286532258147, 0.33725000000003624]",419.3074728261357,0.6744999999999999,1077.0749318560438,0.006422062023937143,3268.855459677429,16.0,2.0,3.0,1.0
