Cluster,Dist,mean,median,std,min,max,bag_count,day_count,Cluster_Rank,Cluster_perc
0,"[0.6745, 0.6745, 0.004887681159322142, 2961.832141304388, 1.3441123188404174, 0.004887681159582611]",494.0891714975913,0.6745,1103.6083010971242,0.004887681159322142,2961.832141304388,6.0,2.0,3.0,1.0
1,"[0.0, 0.0, 0.0, 0.0, 0.0, 0.674499999999281, 0.6745000000007189, 0.0, 0.6744999999998984, 0.6745000000001016, 0.6744999999983662, 0.6745000000016339, 0.0, 0.0, 0.0, 0.0, 0.0]",0.2380588235294118,0.0,0.3223331708192327,0.0,0.6745000000016339,17.0,14.0,1.0,0.33
2,"[0.6745, 3.2703030303029146, 0.0]",1.3149343434343048,0.6745,1.4098079275063686,0.0,3.2703030303029146,3.0,1.0,2.0,0.67
