Cluster,Dist,mean,median,std,min,max,bag_count,day_count,Cluster_Rank,Cluster_perc
0,"[0.0, 0.6744999999999745, 0.6745000000000255, 0.6744999999999993, 0.6745000000000007, 0.0, 0.6745000000000007, 0.6744999999999993, 0.0, 0.0, 0.0, 0.0, 0.674500000000034, 0.674499999999966, 0.0, 0.6745000000000007, 0.6744999999999993, 0.0]",0.37472222222222223,0.6744999999999702,0.33516174462746845,0.0,0.674500000000034,18.0,13.0,1.0,0.33
1,"[0.6745, 0.6745, 0.6745000000000001, 0.6745000000000001]",0.6745000000000001,0.6745000000000001,7.850462293418876e-17,0.6745,0.6745000000000001,4.0,2.0,2.0,0.67
2,"[0.4254538461538262, 0.4254538461538608, 37.1182538461532, 0.9235461538461393]",9.723176923076757,0.6745,15.817862135307315,0.4254538461538262,37.1182538461532,4.0,1.0,3.0,1.0
