Cluster,Dist,mean,median,std,min,max,bag_count,day_count,Cluster_Rank,Cluster_perc
0,"[1.4485163934429803, 0.12163114754089667, 1.2937131147540308, 0.05528688524596926, 1.2052540983605977, 0.07740163934388555, 1.072565573770743, 0.011057377049547406, 1.3379426229510418, 0.0331721311474637, 0.32066393442626817, 11.488614754097915, 0.6745, 0.5196967213116397, 0.21009016393432964, 0.21009016393432964, 0.40912295081970107, 1.2052540983605977, 0.7187295081970111, 0.497581967213134, 0.011057377048958148, 3.06289344262269, 0.497581967213134, 632.6478278688531, 638.4197786885248, 634.792959016394, 634.5054672131153, 0.6745, 0.497581967213134, 0.0331721311474637, 1.4042868852459691, 0.9398770491802988, 0.011057377049547406, 1.0062213114752263, 0.07740163934388555, 1.8686967213116394, 70.01309999991302, 74.32989999990725, 4.046999999996405, 0.2697999999978433, 0.0, 0.0, 0.6745, 5520.743284883472, 0.8078313953488688, 0.8078313953488688, 0.3999941860463974, 0.3529360465116254, 0.7607732558140969, 0.8705755813953706, 0.3529360465116254, 0.713715116278907, 0.5568546511628611, 0.47842441860462925, 0.635284883721093]",150.00319977748492,0.6745,749.1212470354884,0.0,5520.743284883472,55.0,3.0,3.0,1.0
1,"[0.6745, 16.01937500000337, 0.0, 0.10181132075470417, 0.0, 0.6745, 1.170830188679437, 1.578075471698254, 0.6745, 0.6745]",2.1568091981135757,0.6745,4.645357341369901,0.0,16.01937500000337,10.0,3.0,2.0,0.67
2,"[0.6744999999996405, 0.6745000000003595, 0.0, 0.6744999999999645, 0.6745000000000355, 0.0, 0.6745000000000836, 0.6744999999999164, 0.0, 0.0, 0.0]",0.3679090909090909,0.6744999999996405,0.3358535136702132,0.0,0.6745000000003595,11.0,8.0,1.0,0.33
