Cluster,Dist,mean,median,std,min,max,bag_count,day_count,Cluster_Rank,Cluster_perc
0,"[0.0, 0.0, 0.0, 0.0, 0.0, 12.141, 0.6745, 0.6745, 3.3725, 2.698, 0.6745, 2.4731666666596777, 0.6745, 0.6744999999970046]",1.7183690476183344,0.6745,3.0834703928214915,0.0,12.141,14.0,3.0,4.0,0.67
1,"[0.6745000000001664, 0.6744999999998337, 0.6745000000008986, 0.6744999999991014, 0.0, 0.0]",0.44966666666666666,0.6744999999994675,0.3179623492735509,0.0,0.6745000000008986,6.0,4.0,2.0,0.33
2,"[0.224833333334831, 2.922833333334831, 0.22483333333183564, 1.1241666666651688, 1.349, 0.0, 0.6745, 0.33725, 1.68625]",0.9492962962962961,0.6745,0.8837585263453563,0.0,2.922833333334831,9.0,2.0,3.0,0.5
3,"[2.1584, 44625.18980000491, 1.0792, 5.1262, 0.0, 0.0, 0.2698, 0.0]",5579.227925000614,0.6745,14757.986494385385,0.0,44625.18980000491,8.0,1.0,6.0,1.0
4,"[0.6745, 0.6745, 0.0, 0.0]",0.33725,0.33725,0.33725,0.0,0.6745,4.0,2.0,1.0,0.17
5,"[0.6744999999995008, 0.22483333333383257, 0.8243888888883897, 0.6745000000004993, 1.124166666667166, 0.22483333333283412, 4.414909090909499, 0.6744999999999999, 0.0, 0.6745, 0.8094, 0.0, 0.1927142857142857, 0.7708571428571428, 0.1927142857142857, 0.5781428571428572, 0.7708571428571428, 1.7344285714285714, 66.32583333334082, 0.6745, 0.0]",3.8838370920088967,0.6745,13.99220726321918,0.0,66.32583333334082,21.0,5.0,5.0,0.83
