Cluster,Dist,mean,median,std,min,max,bag_count,day_count,Cluster_Rank,Cluster_perc
0,"[0.6967388635566467, 1.6288784636969482, 0.6522611364433532, 1.24031346895826, 0.03614998246229388, 0.03614998246229404, 2.6272639405204457, 0.6745, 0.0, 0.7560552145865067, 0.0, 0.6745000000000001]",0.751900921057229,0.6745000000000001,0.7474903392333123,0.0,2.6272639405204457,12.0,3.0,3.0,1.0
1,"[0.0, 0.6745000000000002, 0.6744999999999998]",0.44966666666666666,0.6744999999999998,0.3179623492735509,0.0,0.6745000000000002,3.0,2.0,2.0,0.67
2,[0.0],0.0,0.0,0.0,0.0,0.0,1.0,1.0,1.0,0.33
