Cluster,Dist,mean,median,std,min,max,bag_count,day_count,Cluster_Rank,Cluster_perc
0,"[0.9913106060604739, 0.30659090909098335, 0.357689393939526, 551.72056060601, 19.141492424240806, 0.30659090909098335, 0.1628103448279388, 0.16281034482731907, 0.5582068965519592, 1.0698965517230907, 41.330568965493256, 0.7907931034480409, 1.5738333333333334, 0.2810416666668539, 0.2529375, 0.6745, 0.0, 12.042635416668071, 12.386911458334785]",33.90058844370039,0.6745,122.46146771034593,0.0,551.72056060601,19.0,3.0,8.0,1.0
1,"[0.6967321229050228, 0.7102974860335232, 0.6703550279329639, 0.6507606145251348, 0.6786449720670361, 0.6507606145251348, 0.7065293296089374, 0.6680941340782205, 28.363502248454445, 0.6745, 0.0, 14.457054216870308, 0.0, 0.6745, 0.6745, 39.61977223088823, 0.0]",5.288000176346409,0.6745,11.148485004834033,0.0,39.61977223088823,17.0,4.0,5.0,0.62
2,"[21.71276818181262, 0.1532954545452763, 0.9749590909085324, 0.9749590909088592, 0.3863045454542009, 0.15329545454560306, 0.6438409090908793, 0.7051590909091207, 1.019975609756151, 0.8554634146340073, 0.8061097560975397, 0.26321951219507916, 9.755573170731108, 0.26321951219507916, 0.4770853658536906, 0.5428902439024603]",2.4805074002212635,0.6745,5.4443825972371505,0.1532954545452763,21.71276818181262,16.0,2.0,4.0,0.5
3,"[0.6737197802197958, 0.6752802197802041, 0.6737197802197752, 153.18874175824152, 0.24369032258084564, 0.24369032258061377, 1.1053096774191544, 15.134909677419202]",21.49238269230764,0.6745,50.00397516893705,0.24369032258061377,153.18874175824152,8.0,2.0,7.0,0.88
4,"[0.7346740524781513, 0.7126495626822144, 0.6363504373177856, 0.6363504373177856, 0.6745, 0.6745, 0.6745, 0.6745, 0.6745, 0.6745, 0.6745, 0.6745]",0.6763353741496614,0.6745,0.025733669272869242,0.6363504373177856,0.7346740524781513,12.0,5.0,2.0,0.25
5,"[0.6744999999999898, 0.6745000000000103, 0.0, 1.0117500000004493, 0.6745, 0.0, 0.6744999999999893, 0.6745000000000106, 0.6744999999999903, 0.6745000000000096]",0.5733250000000449,0.6744999999999952,0.30352500000006494,0.0,1.0117500000004493,10.0,5.0,1.0,0.12
6,"[0.7257228985507267, 0.6874034782608708, 0.6381356521739041, 0.6615965217391292, 0.638135652173925, 0.7609142028985333]",0.6853180676328482,0.6745,0.04539960969502608,0.6381356521739041,0.7609142028985333,6.0,1.0,3.0,0.38
7,"[36.992109375004354, 0.6745, 0.1264687499997192, 33.89362500000393, 0.0]",14.337340625001598,0.6745,17.261913192119213,0.0,36.992109375004354,5.0,1.0,6.0,0.75
