Cluster,Dist,mean,median,std,min,max,bag_count,day_count,Cluster_Rank,Cluster_perc
0,"[0.3948292682926188, 0.9541707317073812, 0.3948292682926188, 570.0841097560677, 0.0, 0.8891136363636039, 517.1575454545242, 0.3602443181818147, 0.6745, 0.47521590909083716, 0.8584545454544156, 0.6745, 0.6745, 0.47777083333352055, 2.866625000000375, 0.8712291666664794, 0.4777708333331461, 0.3071569230769042, 0.17018153846155565, 0.17018153846155565, 1372.281664615451, 1372.7507015385283, 1.0418430769230957, 0.5180942028984657, 0.18573188405798233, 1.4272028985505718, 0.0, 0.36168840579693157, 664.9592463766921, 663.6004710143736, 0.6745, 477.8490362317983, 1.9197307692309182, 0.5914846153846239, 0.632992307692312, 0.5914846153846239, 0.716007692307688, 0.9027923076924225]",148.94572634931768,0.6745,348.98069707695976,0.0,1372.7507015385283,38.0,7.0,3.0,1.0
1,"[0.6745, 0.0, 1.8127187500002806, 0.0, 0.0, 0.0, 1.0117500000001873, 0.6745, 0.674499999999527, 0.6745000000004729, 0.0]",0.5020426136364061,0.674499999999527,0.5524222433254004,0.0,1.8127187500002806,11.0,6.0,1.0,0.33
2,"[0.0, 0.6745, 0.12646875, 0.8852812499999999, 1.2646875000002806, 0.6746353745630514, 0.6743646254369485, 0.6749813317797392, 0.6743646254369483, 862.2278035715234, 0.0, 0.6745, 0.917320000000115, 0.43167999999988493, 0.43167999999988493, 2.0234999999996406, 0.6745, 0.2823488372092586, 0.6745, 1.31762790697654, 0.0, 7.554400000011862, 0.6745, 0.0, 0.6745, 1.1271249999999797, 0.8431249999999113, 0.7011249999999362, 0.053249999999990666, 0.026625000000054452, 0.0, 0.7146488095237497, 0.0, 0.6745, 1.1171406250001403, 0.7377343750001404, 0.6745, 1.1592968750001404, 0.2318593750001404, 0.0, 0.63234375, 0.426724489795952, 0.6745, 0.6469693877551057, 3.565214285714076, 0.0, 0.1514183673470099, 1.8720816326529903, 1.0599285714285192, 1.2801734693876727, 1.4315918367346827, 0.06882653061232724]",17.386131656805574,0.6745,118.30689324132588,0.0,862.2278035715234,52.0,10.0,2.0,0.67
