Cluster,Dist,mean,median,std,min,max,bag_count,day_count,Cluster_Rank,Cluster_perc
0,"[0.0, 0.0, 0.6745000000016339, 0.6744999999983662, 0.0, 0.0, 0.0, 0.6745000000000095, 0.6744999999999904, 0.0]",0.2698,0.0,0.33043616630145073,0.0,0.6745000000016339,10.0,8.0,1.0,0.33
1,"[0.6745, 0.6745, 0.6745, 0.6745]",0.6745,0.6745,0.0,0.6745,0.6745,4.0,2.0,2.0,0.67
2,"[0.6745, 0.0, 2.473166666670661]",1.0492222222235537,0.6745,1.0438553214418926,0.0,2.473166666670661,3.0,1.0,3.0,1.0
