Cluster,Dist,mean,median,std,min,max,bag_count,day_count,Cluster_Rank,Cluster_perc
0,"[0.6745, 0.12971153846152184, 0.0, 1.76407692307687, 16.08423076923048, 11.412539999999927, 15.7832999999999, 0.33050499999999516, 0.6745, 0.0]",4.68533642307687,0.6745,6.501424921769962,0.0,16.08423076923048,10.0,2.0,3.0,0.6
1,"[0.0, 0.0, 0.0]",0.0,0.0,0.0,0.0,0.0,3.0,3.0,1.0,0.2
2,"[0.0, 0.6745, 10.726916666666595, 701.1072499999952, 10.448833333333264, 11.478333333333252, 0.40824999999999173, 0.18341666666666492, 0.3845833333333278, 10.809749999999928, 0.5324999999999969]",67.88675757575712,0.6745,200.30217627326365,0.0,701.1072499999952,11.0,1.0,5.0,1.0
3,"[0.6745, 0.6745, 0.6745, 0.6745, 0.6745, 0.6745, 0.6859572602739725, 0.686696438356163, 0.6630427397260273, 0.6630427397260262]",0.6745739178082188,0.6745,0.007365493256453664,0.6630427397260262,0.686696438356163,10.0,4.0,2.0,0.4
4,"[0.6745, 0.0, 14.707390243902562, 0.6745, 0.0, 32.65999999999931, 0.0, 0.6745, 9.730577519379912, 0.6745, 0.0, 188.47370518244315]",20.689139412143746,0.6745,51.45008789874588,0.0,188.47370518244315,12.0,4.0,4.0,0.8
