Cluster,Dist,mean,median,std,min,max,bag_count,day_count,Cluster_Rank,Cluster_perc
0,"[0.0, 0.6745, 95.23096875000054, 1.2205238095237227, 0.5781428571427655, 0.5781428571428725, 0.7708571428571275]",14.15044791666672,0.6745,33.10265100097905,0.0,95.23096875000054,7.0,2.0,3.0,1.0
1,"[11.024586206896492, 10.80529064039403, 0.2791034482758632, 0.2458768472906398, 0.8439556650246276, 0.2259408866995091, 10.978068965517187, 0.05980788177340322, 11.137556650246255, 10.579349753694528, 0.05980788177339768, 0.5050443349753723]",4.728699096880109,0.6744999999999999,5.225086610001254,0.05980788177339768,11.137556650246255,12.0,1.0,2.0,0.67
2,"[0.0, 0.0, 0.0, 0.0]",0.0,0.0,0.0,0.0,0.0,4.0,4.0,1.0,0.33
