Cluster,Dist,mean,median,std,min,max,bag_count,day_count,Cluster_Rank,Cluster_perc
0,"[0.0, 0.0, 0.0, 0.0, 0.0, 0.6744999999999981, 0.6745000000000019, 0.0]",0.168625,0.0,0.2920670674263019,0.0,0.6745000000000019,8.0,7.0,1.0,0.33
1,"[0.6745, 0.6745, 0.6745, 0.6745]",0.6745,0.6745,0.0,0.6745,0.6745,4.0,2.0,2.0,0.67
2,"[0.34222295993206225, 0.4355375588666717, 1.40325993978229, 1.4137786613139813, 0.17444414421369572, 0.15512510615301484, 0.15512510615301467, 0.5337990812939086, 1.197832432641087, 0.9769392804755654, 0.8152009187060915, 0.9785014668416583]",0.7151472213644201,0.6745000000000001,0.4575498034114146,0.15512510615301467,1.4137786613139813,12.0,1.0,3.0,1.0
