Cluster,Dist,mean,median,std,min,max,bag_count,day_count,Cluster_Rank,Cluster_perc
0,"[0.0, 0.0, 0.0, 0.6745, 0.6745, 7.256897321428588, 0.6624553571428584, 7.2057075892857325, 0.6745, 0.0]",1.7148560267857174,0.6684776785714293,2.774548008599269,0.0,7.256897321428588,10.0,3.0,2.0,0.67
1,"[0.0, 0.0, 0.0, 0.0]",0.0,0.0,0.0,0.0,0.0,4.0,4.0,1.0,0.33
2,"[0.3372500000000702, 0.6745, 0.3372500000000702, 1.0117499999999298, 0.3372500000000702, 347.367499999966, 0.1686250000001053, 355.9673749999651, 0.3372500000000702, 350.57137499996566, 0.3372500000000702, 437.750499999957, 0.0, 355.79874999996514, 0.5058749999998947, 365.74762499996416, 0.6745, 358.49674999996483, 0.1686250000001053, 347.0302499999658, 0.505875000000035, 349.2223749999656, 0.0, 356.47324999996493, 0.505875000000035, 442.80924999995653, 0.3372499999999298, 0.6745, 0.2569523809523873, 66.16523809524013, 0.06423809523809014, 0.06423809523809014, 69.28078571428787, 0.2569523809523873, 65.58709523809726, 0.06423809523809014, 65.77980952381158, 67.73907142857354, 0.0, 66.87185714285923]",111.90697752975225,0.6745,161.4210431517801,0.0,442.80924999995653,40.0,2.0,3.0,1.0
