Cluster,Dist,mean,median,std,min,max,bag_count,day_count,Cluster_Rank,Cluster_perc
0,"[0.0, 0.0, 0.0]",0.0,0.0,0.0,0.0,0.0,3.0,3.0,1.0,0.33
1,"[0.6745, 0.5058750000033698, 0.0, 0.8431250000011232, 323.5913750000348]",65.12297500000787,0.6745,129.23450803070065,0.0,323.5913750000348,5.0,1.0,2.0,0.67
2,"[0.2697999999992811, 255.23080000104886, 0.5396000000021566, 250.9140000010316, 0.0, 1.0792000000043132, 0.6745]",72.67255714315519,0.6745,114.10113077986503,0.0,255.23080000104886,7.0,1.0,3.0,1.0
