Cluster,Dist,mean,median,std,min,max,bag_count,day_count,Cluster_Rank,Cluster_perc
0,"[0.007331521739127527, 0.007331521739127527, 18.633859404536924, 1.3416684782608723, 0.6515578231292243, 0.0, 0.6745, 0.6240272108843301, 8.240829931972586, 8.575785714285496, 8.061880952380744, 11.345599056603575, 0.6745, 12.179179245282844, 0.30543396226419733, 0.0]",4.45771780144244,0.6745,5.681122172592316,0.0,18.633859404536924,16.0,3.0,2.0,0.67
1,[0.0],0.0,0.0,0.0,0.0,0.0,1.0,1.0,1.0,0.33
2,"[12.400167487683207, 12.832113300491036, 0.4319458128079154, 0.11297044334977202, 12.307133004924609, 12.533073891624065, 12.752369458126521, 0.8373103448275708, 0.019935960591172693, 12.061256157633983, 0.511689655172429, 0.01993596059108416, 11.695763546796583, 0.27910344827588646, 0.4186551724138297, 0.1993596059113728]",5.588298953201315,0.6744999999999999,5.987743015399336,0.01993596059108416,12.832113300491036,16.0,1.0,3.0,1.0
