Cluster,Dist,mean,median,std,min,max,bag_count,day_count,Cluster_Rank,Cluster_perc
0,"[0.0, 0.0, 0.6745, 1.3489999999987163, 0.0]",0.40469999999974327,0.0,0.5395999999995508,0.0,1.3489999999987163,5.0,3.0,2.0,0.67
1,[0.0],0.0,0.0,0.0,0.0,0.0,1.0,1.0,1.0,0.33
2,"[0.6745000000013314, 0.6744999999986687]",0.6745000000000001,0.6745000000000001,1.3313239411365585e-12,0.6744999999986687,0.6745000000013314,2.0,1.0,3.0,1.0
