Cluster,Dist,mean,median,std,min,max,bag_count,day_count,Cluster_Rank,Cluster_perc
0,"[0.0, 0.0, 0.0, 1.6048448275861775, 0.6745, 0.0, 1.5883387096774662, 0.0, 0.6745, 0.0, 0.0]",0.41292577611487674,0.0,0.6129409444272588,0.0,1.6048448275861775,11.0,7.0,1.0,0.33
1,"[0.0, 0.6745, 2.6979999999994817, 1466.098820833332, 0.6745, 0.0, 0.0, 0.6745, 2.6980000000003743]",163.7242578703702,0.6745,460.46003351368375,0.0,1466.098820833332,9.0,3.0,3.0,1.0
2,"[0.6745, 0.6745, 0.6745000000000001, 0.6745000000000001]",0.6745000000000001,0.6745000000000001,7.850462293418876e-17,0.6745,0.6745000000000001,4.0,2.0,2.0,0.67
