Cluster,Dist,mean,median,std,min,max,bag_count,day_count,Cluster_Rank,Cluster_perc
0,"[0.6745000000000899, 0.6744999999999102, 0.6744999999999102, 1.2410800000000144, 0.6745, 0.6745]",0.7689299999999876,0.6745,0.2111518991153172,0.6744999999999102,1.2410800000000144,6.0,2.0,2.0,0.67
1,"[0.0, 0.0, 0.0, 1.6581458333335204, 0.0, 0.6745, 0.0]",0.33323511904764574,0.0,0.5888339982704832,0.0,1.6581458333335204,7.0,5.0,1.0,0.33
2,"[0.0, 16.188000000002244, 0.6745]",5.6208333333340805,0.6745,7.477187353693769,0.0,16.188000000002244,3.0,1.0,3.0,1.0
