Cluster,Dist,mean,median,std,min,max,bag_count,day_count,Cluster_Rank,Cluster_perc
0,"[0.0, 0.0, 0.6744999999985023, 0.6745000000014977, 0.0, 0.6745, 1.349, 0.6745, 0.0, 1.2141, 0.0, 0.0, 0.0, 0.0, 0.0]",0.35074,0.0,0.4667877887577323,0.0,1.349,15.0,10.0,1.0,0.17
1,"[0.6745, 0.6745, 0.6745, 0.6745, 0.0, 0.0, 0.6745, 0.6745, 0.6745, 0.6745, 2.293300000003954, 0.6745, 0.13490000000107832, 0.6745, 0.1348999999992811, 2.293300000003954]",0.7250875000005167,0.6745,0.6467378805167311,0.0,2.293300000003954,16.0,6.0,2.0,0.33
2,"[0.0, 0.6745, 0.6745, 136.923500000015, 0.0]",27.654500000002997,0.6745,54.63533270970952,0.0,136.923500000015,5.0,1.0,5.0,0.83
3,"[0.8768499999998652, 0.4721500000001348, 80.0631499999552, 0.4721499999992362, 0.1927142857142857, 42.01171428571942, 1.1562857142857144, 0.1927142857142857]",15.679716071423517,0.6745,27.863260191309696,0.1927142857142857,80.0631499999552,8.0,2.0,4.0,0.67
4,"[0.0, 102.01812500001122, 0.6745]",34.23087500000374,0.6745,47.93361509758494,0.0,102.01812500001122,3.0,1.0,6.0,1.0
5,"[1.0599285714292133, 0.48178571428635614, 1.0599285714279296, 3.1797857142863557, 0.09635714285650099, 0.8672142857136439, 0.09635714285778471, 0.28907142857207047, 0.4817857142850724, 79.68735714286548, 1.4453571428577847, 0.2890714285707867, 0.2890714285707867, 1.252642857143499]",6.469693877551663,0.6745,20.321662266482882,0.09635714285650099,79.68735714286548,14.0,1.0,3.0,0.5
