Cluster,Dist,mean,median,std,min,max,bag_count,day_count,Cluster_Rank,Cluster_perc
0,"[0.2641398601398608, 0.2641398601398608, 16.00876223776213, 1.0848601398601392, 1.1137093023255134, 1.3646860465116255, 0.9882209302325096, 1.1137093023255134, 0.4862674418603898, 0.5803837209302471, 0.26666279069773763, 0.2666627906976331, 0.23529069767448665, 0.23529069767438215, 0.7686162790697528, 1.396058139534772, 0.6504107142856645, 0.5058749999999733, 0.794946428571356, 0.6664702380952393, 0.6825297619047606, 0.4255773809523669, 1.1964345238094412, 0.7628273809523669, 0.4255773809523669, 1.4212678571427924, 0.39970370370370983, 0.9492962962962902, 0.39970370370370983, 30.410790123456394]",2.2042956910420997,0.6744999999999999,5.924998836803034,0.23529069767438215,30.410790123456394,30.0,4.0,3.0,0.75
1,"[0.0, 0.0, 0.6744999999999993, 0.6745000000000007, 0.0, 0.7935294117648379, 0.0, 1.3093235294118968, 0.2777352941177792, 0.6745, 0.0, 0.0, 0.6744999999998128, 0.6745000000001873]",0.4109348739496081,0.476117647058796,0.40811068061201594,0.0,1.3093235294118968,14.0,8.0,1.0,0.25
2,"[0.14988888888888888, 1.199111111111111, 1.7986666666666666, 0.14988888888888888, 3.2600833333337076, 0.6745, 0.0, 0.5620833333333333, 2.585583333333708, 0.07331521739129374, 0.8064673913043288, 0.7478152173912938, 1.3929891304346786, 0.6011847826087062, 0.014663043478258746, 1.9501847826086085, 0.30792391304343364, 0.014663043478258746, 2.419402173912986, 1.3789777777775714, 0.3597333333333533, 0.35973333333325347, 0.9892666666666466]",0.9476576244486511,0.6745,0.8981832868067382,0.0,3.2600833333337076,23.0,4.0,2.0,0.5
3,"[0.6955781250000318, 0.27401562500002746, 1.264687499999943, 0.6534218749999682, 48.816937499997714, 0.2740156249999572]",8.663109374999607,0.6745,17.96040550438797,0.2740156249999572,48.816937499997714,6.0,1.0,4.0,1.0
