Cluster,Dist,mean,median,std,min,max,bag_count,day_count,Cluster_Rank,Cluster_perc
0,"[0.0, 0.0]",0.0,0.0,0.0,0.0,0.0,2.0,2.0,1.0,0.33
1,"[11.855634615382789, 11.758350961536701, 11.836177884613605, 1.297115384615225, 0.2788798076923658, 0.025942307692301044, 11.855634615382789, 0.6745, 0.09728365384625852, 0.0, 0.0324278846152467]",4.519267919579753,0.6745,5.535266125637431,0.0,11.855634615382789,11.0,1.0,2.0,0.67
2,"[51.65545833333895, 0.0, 0.6745, 23.40764814814487, 0.0, 0.6745]",12.735351080247304,0.6745,19.338990257731183,0.0,51.65545833333895,6.0,2.0,3.0,1.0
