Cluster,Dist,mean,median,std,min,max,bag_count,day_count,Cluster_Rank,Cluster_perc
0,"[0.0, 0.6745000000005991, 0.6744999999994009, 0.0, 0.6745000000000003, 0.6744999999999997]",0.44966666666666666,0.6744999999997003,0.3179623492735509,0.0,0.6745000000005991,6.0,4.0,3.0,1.0
1,[0.0],0.0,0.0,0.0,0.0,0.0,1.0,1.0,1.5,0.5
2,[0.0],0.0,0.0,0.0,0.0,0.0,1.0,1.0,1.5,0.5
