Cluster,Dist,mean,median,std,min,max,bag_count,day_count,Cluster_Rank,Cluster_perc
0,"[0.0, 0.0]",0.0,0.0,0.0,0.0,0.0,2.0,2.0,1.5,0.5
1,"[5.311108695652194, 0.020065217391302206, 5.7494565217391544, 5.5488043478261115, 0.03241304347825741, 0.0046304347826082014, 5.7679782608695875, 0.03549999999999621, 0.03241304347825741, 0.0015434782608694003, 5.68154347826089, 0.020065217391302206, 5.385195652173935, 0.047847826086951414, 0.05402173913042902, 0.02315217391304101, 5.304934782608715, 5.385195652173935, 0.020065217391302206, 5.4716304347826314, 0.02315217391304101, 5.363586956521764, 0.0015434782608694003, 5.317282608695671, 0.016978260869563402, 0.020065217391302206, 5.820456521739157, 0.03241304347825741, 5.323456521739148, 0.03549999999999621, 5.999500000000028, 0.041673913043473815, 143.38141304347872, 146.03002173913092, 145.49289130434832, 0.7887173913043459, 0.560282608695654, 0.26702173913042687, 0.05402173913042902, 5.4222391304348, 5.511760869565236, 5.712413043478288]",12.64557039337478,0.6745,36.79328163602859,0.0015434782608694003,146.03002173913092,42.0,1.0,3.0,1.0
2,[0.0],0.0,0.0,0.0,0.0,0.0,1.0,1.0,1.5,0.5
