Cluster,Dist,mean,median,std,min,max,bag_count,day_count,Cluster_Rank,Cluster_perc
0,"[0.0, 0.6744999999999972, 0.6745000000000028, 0.0, 0.0, 0.0]",0.22483333333333333,0.0,0.3179623492735508,0.0,0.6745000000000028,6.0,5.0,2.0,0.67
1,"[0.6744999999999999, 0.8431249999999766, 0.0]",0.5058749999999922,0.6744999999999999,0.36427163342300123,0.0,0.8431249999999766,3.0,1.0,3.0,1.0
2,[0.0],0.0,0.0,0.0,0.0,0.0,1.0,1.0,1.0,0.33
