Cluster,Dist,mean,median,std,min,max,bag_count,day_count,Cluster_Rank,Cluster_perc
0,"[0.0, 0.0, 0.6745000000000242, 0.6744999999999759, 0.0, 0.0, 0.0, 0.0, 0.0, 0.0, 0.6744999999993581, 0.6745000000006418, 0.0, 0.0, 0.6744999999999901, 0.67450000000001]",0.25293750000000004,0.0,0.32654090837711286,0.0,0.6745000000006418,16.0,13.0,1.0,0.33
1,"[0.6745, 0.6745, 0.6745, 0.6745]",0.6745,0.6745,0.0,0.6745,0.6745,4.0,2.0,3.0,1.0
2,"[0.6744999999999906, 0.6745000000000093]",0.6744999999999999,0.6744999999999999,9.381548790820264e-15,0.6744999999999906,0.6745000000000093,2.0,1.0,2.0,0.67
