Cluster,Dist,mean,median,std,min,max,bag_count,day_count,Cluster_Rank,Cluster_perc
0,"[0.6677013262599596, 0.6605448275862107, 0.6433692307692364, 0.7077777188328997, 0.6455161803713534, 0.736403713527857, 0.6741421750663106, 0.6691326259946979, 0.6533883289124809, 1.0985225464191142, 0.693464721485421, 0.7149342175066296, 0.6748578249336894, 0.6612604774535894, 0.7127872679045124, 0.7306785145888656, 0.6433692307692364, 0.7063464190981423, 0.07209329710143418, 4.781374094202999, 0.07209329710143418, 4.409910326087027, 0.1625153985507171, 4.373252717391395, 0.4924338768116036, 4.101986413043546, 0.3897925724637549, 4.126424818840677, 0.49976539855071705, 4.282830615942112, 0.5461983695651891, 4.253504528985593, 0.44844474637679277, 4.060441123188461, 0.7979139492753585, 4.114205615942112, 0.5510860507246415, 4.094654891304432, 0.3409157608695567, 4.128868659420339, 0.1942853260869622, 0.4753269927535854, 1.3368567921440153, 0.02023867975994167, 0.006255591925796588, 1.3044749045280892, 0.051884615384611615, 1.3030030005455568, 0.006255591925816198, 1.2971153846153884, 0.02318248772502588, 429.29956328422924]",9.59833358693931,0.6745,58.78986602460022,0.006255591925796588,429.29956328422924,52.0,3.0,3.0,1.0
1,"[0.0, 0.0, 0.0]",0.0,0.0,0.0,0.0,0.0,3.0,3.0,1.0,0.33
2,"[0.7101171617161776, 0.6596595159515869, 0.6893404840484131, 0.6596595159515869]",0.679694169416941,0.6745,0.02133884090902321,0.6596595159515869,0.7101171617161776,4.0,1.0,2.0,0.67
