Cluster,Dist,mean,median,std,min,max,bag_count,day_count,Cluster_Rank,Cluster_perc
0,"[0.6744999999999964, 0.6745000000000035, 0.0, 0.6745000000000035, 0.6744999999999964, 0.6744999999999987, 0.6745000000000013, 0.6745000000000035, 0.6744999999999964, 0.0, 1.8776621621621703, 0.6745, 0.0, 0.6745000000000022, 0.6744999999999978]",0.6198108108108114,0.6744999999999987,0.4295413311309468,0.0,1.8776621621621703,15.0,8.0,1.0,0.11
1,"[1.9223250000000176, 0.13490000000000701, 0.809400000000007, 0.0, 0.6745, 1.4501750000000035, 0.43842499999999646, 1.7087333333333545, 0.0, 1.034233333333345, 0.04496666666667166, 0.4047000000000075, 0.6745, 0.9892666666666828]",0.7347232142857208,0.6745,0.6065234823767309,0.0,1.9223250000000176,14.0,2.0,6.0,0.67
2,"[0.782028985507247, 0.6745, 0.0, 0.6745, 2.1921250000000176, 0.0, 0.6745, 0.0, 0.9970869565217407, 0.9443, 0.0, 0.6745]",0.6344617451690838,0.6745,0.5980640131337925,0.0,2.1921250000000176,12.0,4.0,2.0,0.22
3,"[0.6745, 0.6745, 0.6745, 0.6745]",0.6745,0.6745,0.0,0.6745,0.6745,4.0,2.0,3.0,0.33
4,"[0.6745, 0.4215624999999974, 0.8599874999999964, 1.6862499999999927, 0.0, 1.1755571428571383, 0.6745, 0.6745, 0.0, 0.7130428571428528]",0.6879899999999977,0.6745,0.47777040148039507,0.0,1.6862499999999927,10.0,2.0,4.0,0.44
5,"[0.1349000000000337, 0.1348999999999775, 6.8798999999995845, 1.2140999999999662]",2.0909499999998906,0.6745,2.7997844216116015,0.1348999999999775,6.8798999999995845,4.0,1.0,9.0,1.0
6,"[0.01927142857143052, 1.4839000000000055, 0.6745, 3.044885714285725, 0.0, 0.713042857142857, 0.09635714285714056, 0.0, 0.22483333333333333, 2.1519761904761685, 2.9228333333333065, 0.22483333333332667, 2.280452380952364, 0.6745]",1.0365275510204042,0.6745,1.0801899028130262,0.0,3.044885714285725,14.0,2.0,8.0,0.89
7,"[2.45994117647059, 0.6745, 1.646573529411765, 0.39676470588235463, 1.7060882352941154, 0.2578970588235299, 1.0117500000000001, 1.7060882352941196, 0.43644117647058966, 1.646573529411765, 0.1587058823529402, 1.6068970588235298, 0.33725, 0.0, 0.5157941176470598]",0.9707509803921571,0.6745,0.7321165981043699,0.0,2.45994117647059,15.0,1.0,7.0,0.78
8,"[0.9964204545454547, 0.7358181818181815, 0.5212045454545462, 0.22994318181818232, 0.9197727272727293, 0.8891136363636385, 0.5671931818181839, 1.7935568181818209, 0.6745, 0.4445568181818177, 0.4905454545454554, 1.195704545454546, 0.0]",0.7275638111888121,0.6745,0.4363534368239638,0.0,1.7935568181818209,13.0,1.0,5.0,0.56
