Cluster,Dist,mean,median,std,min,max,bag_count,day_count,Cluster_Rank,Cluster_perc
0,"[0.6295333333333433, 0.6745, 1044.4969749998832, 1045.8853208332164, 0.0, 0.6745, 0.0, 0.1445357142852558, 4.046999999997432, 8970.512749992451, 0.2698000000000041, 0.26979999999998366, 1141.3705045454249, 1.079199999999996, 12542.934549997202, 12554.063799997202, 0.2023499999999326, 0.6745, 0.0]",1963.575243127,0.6745,4139.860747848235,0.0,12554.063799997202,19.0,4.0,4.0,1.0
1,"[0.0, 0.0, 0.0, 0.0, 0.0, 0.6745, 1.4333124999994384, 0.0, 0.0, 0.0, 0.0, 0.0, 0.0]",0.16213942307687987,0.0,0.40833390088452937,0.0,1.4333124999994384,13.0,11.0,1.0,0.25
2,"[0.7543749999997946, 1.002874999999471, 0.5946250000002054, 0.5946249999997324, 0.3537012195120829, 0.3537012195120829, 1.3572256097559319, 0.9952987804879171]",0.7508033536584023,0.6745,0.3269637602563336,0.3537012195120829,1.3572256097559319,8.0,2.0,2.0,0.5
3,"[0.6745, 2024.8272419353807, 0.0, 0.0, 0.6745, 4048.32724193593, 0.0, 0.6745, 3693.22474999896, 1873.6703955220355, 0.6745, 0.0]",970.2289691160254,0.6745,1481.646027570982,0.0,4048.32724193593,12.0,4.0,3.0,0.75
