Cluster,Dist,mean,median,std,min,max,bag_count,day_count,Cluster_Rank,Cluster_perc
0,"[0.0, 0.0, 0.6744999999999501, 0.6745000000000498, 0.0, 0.0, 0.0, 0.0, 0.0, 0.0, 0.0]",0.12263636363636364,0.0,0.26015101304199617,0.0,0.6745000000000498,11.0,10.0,1.0,0.33
1,"[33.763542857146575, 0.0, 0.6745, 395.9315000000434, 0.0, 0.6745]",71.84067380953167,0.6745,145.45110572434388,0.0,395.9315000000434,6.0,2.0,3.0,1.0
2,"[0.6745, 0.6745]",0.6745,0.6745,0.0,0.6745,0.6745,2.0,1.0,2.0,0.67
