Cluster,Dist,mean,median,std,min,max,bag_count,day_count,Cluster_Rank,Cluster_perc
0,"[0.0, 0.0, 0.6745000000003456, 0.6744999999996543, 0.0, 0.6744999999999198, 0.6745000000000803, 0.0, 0.674500000000321, 0.6744999999996791, 0.0, 0.0]",0.33725000000000005,0.33724999999982713,0.33725,0.0,0.6745000000003456,12.0,9.0,1.0,0.33
1,"[0.6744999999999999, 0.6744999999999999, 0.6745, 0.6745, 0.6745, 0.6745, 0.6745, 0.6745]",0.6744999999999999,0.6745,9.614813431917819e-17,0.6744999999999999,0.6745,8.0,4.0,2.0,0.67
2,"[4.134978260869955, 0.0, 0.6745]",1.603159420289985,0.6745,1.8113195086523304,0.0,4.134978260869955,3.0,1.0,3.0,1.0
