Cluster,Dist,mean,median,std,min,max,bag_count,day_count,Cluster_Rank,Cluster_perc
0,"[0.6745, 40.60490000000449, 0.0, 0.6745, 0.6745, 0.6745, 0.6745]",6.2824857142863575,0.6745,14.013999469963089,0.0,40.60490000000449,7.0,3.0,2.0,0.67
1,"[0.0, 0.0, 0.0, 0.0, 0.0, 0.0, 0.6745, 1.68625, 0.0, 0.6744999999999973, 0.6745000000000025, 0.0, 0.6744999999999973, 0.6745000000000025, 0.0, 0.6745000000000027, 0.6744999999999973]",0.37692647058823525,0.0,0.460998929473571,0.0,1.68625,17.0,12.0,1.0,0.33
2,"[1.5738333333333334, 0.6745, 2.0235, 2.698, 0.0, 0.0, 0.2248333333333333, 0.0, 2.248333333333333, 385.58916666671007, 0.0]",35.91201515151909,0.6745,110.5819381547713,0.0,385.58916666671007,11.0,1.0,3.0,1.0
