Cluster,Dist,mean,median,std,min,max,bag_count,day_count,Cluster_Rank,Cluster_perc
0,"[0.0, 0.0, 0.0, 0.0]",0.0,0.0,0.0,0.0,0.0,4.0,4.0,1.5,0.5
1,"[0.8820384615380786, 0.5707307692301312, 0.5707307692306841, 0.7782692307693159]",0.7004423076920525,0.6745,0.1348001849660428,0.5707307692301312,0.8820384615380786,4.0,1.0,3.0,1.0
2,[0.0],0.0,0.0,0.0,0.0,0.0,1.0,1.0,1.5,0.5
