Cluster,Dist,mean,median,std,min,max,bag_count,day_count,Cluster_Rank,Cluster_perc
0,"[0.0, 0.0, 0.0, 0.0, 0.674500000000084, 0.674499999999916, 0.0]",0.1927142857142857,0.0,0.304708040254796,0.0,0.674500000000084,7.0,6.0,1.0,0.33
1,"[0.0, 0.0, 0.6394104046242528, 0.7095895953757471, 0.7095895953758511, 0.6394104046242528, 1.151048913043389, 1.1950380434778658, 0.19795108695661093, 0.19795108695661093, 0.6745, 0.6745]",0.5657490942028817,0.6569552023121263,0.3791614606547902,0.0,1.1950380434778658,12.0,4.0,2.0,0.67
2,"[0.8357441077440931, 0.8470993265993263, 0.5087138047137894, 3.4883232323233124, 0.5132558922559066, 0.5087138047138196]",1.1169750280583746,0.6744999999999999,1.0707984760007148,0.5087138047137894,3.4883232323233124,6.0,1.0,3.0,1.0
