Cluster,Dist,mean,median,std,min,max,bag_count,day_count,Cluster_Rank,Cluster_perc
0,"[11.074348837206573, 10.98023255813688, 11.243758139532222, 11.4821860465088, 11.375520930229893, 0.13803720930236213, 0.13803720930219496, 11.23120930232284, 0.40156279069770473, 0.7905767441860279, 0.2070558139536268, 0.4831302325581838, 0.3011720930233204, 0.5584232558139721, 0.303525, 19.847162500002135, 15.859181250001853, 0.6745, 15.994081250001853, 0.22764374999994386, 15.665262500001685, 0.0, 0.236075]",6.052725322294871,0.6745,6.798939235080691,0.0,19.847162500002135,23.0,2.0,3.0,1.0
1,"[0.7044537185660429, 0.6589818084537133, 0.6900181915462865, 0.6589818084536941, 0.6745, 0.6745]",0.6769059211699561,0.6745,0.016252883449200447,0.6589818084536941,0.7044537185660429,6.0,2.0,2.0,0.67
2,[0.0],0.0,0.0,0.0,0.0,0.0,1.0,1.0,1.0,0.33
