Cluster,Dist,mean,median,std,min,max,bag_count,day_count,Cluster_Rank,Cluster_perc
0,"[0.0, 0.6745000000000001, 0.6745, 0.6744999999998978, 0.6745000000001021, 0.0, 0.0, 0.0]",0.33725000000000005,0.3372499999999489,0.33725,0.0,0.6745000000001021,8.0,6.0,2.0,0.67
1,"[0.6745, 2.3382666666662972, 0.0]",1.0042555555554324,0.6745,0.9826585693669438,0.0,2.3382666666662972,3.0,1.0,3.0,1.0
2,[0.0],0.0,0.0,0.0,0.0,0.0,1.0,1.0,1.0,0.33
