Cluster,Dist,mean,median,std,min,max,bag_count,day_count,Cluster_Rank,Cluster_perc
0,"[0.4982102272727783, 0.4982102272727783, 28.873198863639576, 0.6055170454544944, 28.995835227275947, 0.7434829545455055, 11.756471962617393, 11.769079439252906, 11.58627102803792, 0.43495794392524856, 0.0, 0.3467056074766559, 0.20171962616821174, 11.567359813084694, 0.6745, 11.813205607477244, 0.35931308411216917, 0.28329000000001436, 52.78636999999178, 0.04046999999989936, 51.92300999999201, 51.518309999991935, 0.6340300000001007, 0.7149699999998993, 0.04046999999989936]",11.146598346303563,0.6745,17.195882839863902,0.0,52.78636999999178,25.0,3.0,3.0,1.0
1,[0.0],0.0,0.0,0.0,0.0,0.0,1.0,1.0,1.0,0.33
2,"[0.04721499999995507, 0.24281999999999998, 12.714325000001484, 12.849225000001482, 0.59356, 0.23607499999995507, 0.41819, 12.525465000001393, 0.12815500000004493, 0.08094, 0.4519150000000449, 0.04047, 12.687345000001393, 1.29504000000009, 12.842480000001439, 0.47215, 0.3170149999999551, 12.660365000001391, 0.2765449999999551, 12.889695000001483, 0.6745000000000001, 0.856615000000045, 0.08094, 0.5328550000000449, 12.687345000001393, 12.936910000001436, 12.626640000001437, 12.775030000001438, 12.714325000001484, 12.903185000001482, 0.0, 12.114020000001348, 0.2900349999999551, 12.606405000001391, 0.20235]",5.650575571429186,0.6745000000000001,6.112734026143624,0.0,12.936910000001436,35.0,1.0,2.0,0.67
