Cluster,Dist,mean,median,std,min,max,bag_count,day_count,Cluster_Rank,Cluster_perc
0,"[0.6745000000000106, 0.6744999999999893, 0.0, 0.0, 0.0, 0.0, 0.0, 0.0, 0.6744999999996176, 0.6745000000003825]",0.2698,0.0,0.33043616630145073,0.0,0.6745000000003825,10.0,8.0,2.0,0.29
1,"[0.6745, 0.6745, 0.6745, 0.6745]",0.6745,0.6745,0.0,0.6745,0.6745,4.0,2.0,4.0,0.57
2,"[0.6745, 3.0678870967723606, 0.0, 0.6745, 23.303313725495883, 0.0, 0.0, 0.6745, 860.5025727270548]",98.76636372770255,0.6745,269.4078583871018,0.0,860.5025727270548,9.0,3.0,6.0,0.86
3,"[1.1172840136053972, 0.6645583900226516, 0.6645583900226719, 0.6844416099773281]",0.7827106009070122,0.6745,0.19333652845278765,0.6645583900226516,1.1172840136053972,4.0,1.0,5.0,0.71
4,"[0.028702127659761593, 25.674053191488113, 1.191138297872076, 0.028702127659379205, 0.157861702127924, 1327.8465319148522]",225.8211648936099,0.6745,492.927618692732,0.028702127659379205,1327.8465319148522,6.0,1.0,7.0,1.0
5,"[0.0, 0.4606341463413886, 0.8554634146340073, 0.6745, 0.7403048780487698]",0.5461804878048332,0.6745,0.3018070266650901,0.0,0.8554634146340073,5.0,1.0,3.0,0.43
6,"[0.0, 0.0, 0.0]",0.0,0.0,0.0,0.0,0.0,3.0,1.0,1.0,0.14
