Cluster,Dist,mean,median,std,min,max,bag_count,day_count,Cluster_Rank,Cluster_perc
0,"[0.4545543478262483, 54.033315217382, 0.8944456521737516, 0.4545543478262483, 0.0, 0.60704999999996, 14.097049999999362, 0.6744999999999999, 13.504988888888386, 0.07454999999992383, 6.421950000000329, 0.23074999999991289, 6.37580000000031, 0.6745, 6.386450000000286, 0.0]",6.555278653381045,0.6744999999999999,13.08241506336926,0.0,54.033315217382,16.0,3.0,2.0,0.67
1,"[0.6745000000000101, 0.6744999999999899]",0.6745,0.6745,1.0103029524088925e-14,0.6744999999999899,0.6745000000000101,2.0,1.0,1.0,0.33
2,"[0.0, 619.8654999959382, 0.6745]",206.8466666653127,0.6745,292.04854762168765,0.0,619.8654999959382,3.0,1.0,3.0,1.0
