Cluster,Dist,mean,median,std,min,max,bag_count,day_count,Cluster_Rank,Cluster_perc
0,"[0.0, 0.0, 0.6744999999997005, 0.6745000000002995, 0.0, 0.0]",0.22483333333333333,0.0,0.3179623492735508,0.0,0.6745000000002995,6.0,5.0,1.0,0.2
1,"[0.6745, 0.6745, 0.6745, 0.6745]",0.6745,0.6745,0.0,0.6745,0.6745,4.0,2.0,3.0,0.6
2,"[0.5874677419357924, 0.5874677419352128, 0.7615322580642075, 1.457790322580767, 30.202611111106933, 0.10825308641978185, 1.2407469135802183, 0.10825308641955997]",4.3817652827553095,0.6745,9.769576456075205,0.10825308641955997,30.202611111106933,8.0,2.0,4.0,0.8
3,"[39.12100000000449, 0.6745, 0.0, 0.6745, 0.0, 0.8009687499998713]",6.8784947916673955,0.6745,14.422909720561794,0.0,39.12100000000449,6.0,2.0,5.0,1.0
4,"[0.0, 0.6745, 0.6745, 0.9555416666670411, 0.6182916666666666, 0.28104166666704106, 1.3490000000003743]",0.6504107142858747,0.6745,0.4040494487781056,0.0,1.3490000000003743,7.0,1.0,2.0,0.4
