Cluster,Dist,mean,median,std,min,max,bag_count,day_count,Cluster_Rank,Cluster_perc
0,"[0.0, 0.6745000000000001, 23.395892156862242, 0.21078125000005615, 1.1382187499999439, 31.67620625000365, 0.2107812499998315, 17.13621014492777, 17.048231884058147, 0.3128115942028683, 0.6745, 0.0, 0.3211904761905849, 1.0278095238094151, 37.38657142857147, 0.3211904761905849]",8.220930949051034,0.6745000000000001,12.387274274529995,0.0,37.38657142857147,16.0,4.0,2.0,0.67
1,"[0.6745000000044931, 0.6744999999955069, 0.0, 0.6745000000000976, 0.6744999999999023, 0.0, 0.6745000000000002, 0.6744999999999998, 0.6745000000001576, 0.6744999999998423, 0.0, 0.0, 0.6744999999995008, 0.6745000000004993, 0.6744999999999948, 0.6745000000000052, 0.0, 0.0, 0.0, 0.0]",0.40470000000000006,0.6744999999996716,0.33043616630145073,0.0,0.6745000000044931,20.0,14.0,1.0,0.33
2,"[0.0830153846153761, 0.2905538461539546, 0.9339230769231194, 19.280323076923175, 17.879438461538495, 0.010376923076991137, 0.0, 0.19716153846158738, 0.11414615384621127, 18.813361538461614, 0.09339230769236724, 0.8301538461538993, 0.020753846153844024, 0.020753846153844024, 0.2905538461538164, 0.18678461538473448, 18.927507692307824, 18.543561538461642, 18.22187692307699, 0.18678461538459623, 0.8820384615385786, 0.24904615384626658, 18.3360230769232, 0.06226153846153208, 18.502053846153952, 0.601861538461615, 0.28017692307682524, 0.19716153846144913, 1.1310846153847067, 0.632992307692312, 0.06226153846153208, 18.533184615384652, 18.460546153846266, 18.00396153846156, 18.699215384615403, 0.9546769230769635, 0.5914846153846239, 914.1135307692379, 914.0097615384684, 0.6745, 1.1518384615385509]",50.26961181988783,0.6745,195.7806780538809,0.0,914.1135307692379,41.0,1.0,3.0,1.0
