Cluster,Dist,mean,median,std,min,max,bag_count,day_count,Cluster_Rank,Cluster_perc
0,"[0.0, 0.0, 0.0, 0.6745000000000401, 0.6744999999999599, 0.0, 0.0, 0.0]",0.168625,0.0,0.2920670674263019,0.0,0.6745000000000401,8.0,7.0,1.0,0.33
1,"[0.6745, 0.0, 0.6745, 0.0, 0.0, 9.442999999992699, 2.6979999999974726, 0.6744999999997191, 171225.87199987628]",19026.670722208473,0.6745,53810.54373240146,0.0,171225.87199987628,9.0,1.0,3.0,1.0
2,"[1.7705625000007195, 0.08431250000008776, 0.08431250000001754, 1.0960625000000879, 0.2529374999999122, 4.299937500001527, 3.625437500001246, 0.2529374999999122]",1.4333125000004387,0.6745000000000001,1.568303155982397,0.08431250000001754,4.299937500001527,8.0,1.0,2.0,0.67
