Cluster,Dist,mean,median,std,min,max,bag_count,day_count,Cluster_Rank,Cluster_perc
0,"[0.786916666666524, 30.673690476183953, 0.5781428571428877, 0.17665476190481283, 31.05911904761262, 0.12847619047614972, 0.09635714285711229, 0.0802976190474866, 0.08029761904770055, 31.862095238088553, 0.7708571428571123, 0.8190357142855615, 0.4817857142862033, 0.1605952380945453, 123.49773809521282, 0.8672142857137968, 0.1605952380954011, 3.1797857142844914]",12.525536375658765,0.6745,29.21363903442474,0.0802976190474866,123.49773809521282,18.0,2.0,2.0,0.67
1,"[0.0, 0.0, 0.0]",0.0,0.0,0.0,0.0,0.0,3.0,3.0,1.0,0.33
2,"[0.0, 323.25412500003483, 0.6745, 0.6745, 33.94375675675429, 0.0]",59.75781362613153,0.6745,118.47667851842337,0.0,323.25412500003483,6.0,2.0,3.0,1.0
