Cluster,Dist,mean,median,std,min,max,bag_count,day_count,Cluster_Rank,Cluster_perc
0,"[0.6744999999996847, 0.6745000000003153, 0.67449999999999, 0.6745000000000099, 0.0, 0.6745000000012837, 0.6744999999987162, 0.6745000000000106, 0.6744999999999893, 0.0, 0.0, 0.0]",0.44966666666666666,0.674499999999837,0.3179623492735509,0.0,0.6745000000012837,12.0,8.0,1.0,0.12
1,"[0.6745, 0.6745, 0.6745, 0.6745]",0.6745,0.6745,0.0,0.6745,0.6745,4.0,2.0,2.0,0.25
2,"[13.168436046515286, 0.0, 13.427255813957238, 0.5097965116280382, 0.6745, 15.134671232871407, 16.08636301369283, 0.286431506849369, 0.6745, 0.0]",5.996195412551417,0.6745,6.951521392302402,0.0,16.08636301369283,10.0,2.0,7.0,0.88
3,"[0.6745, 18.211500000125806, 0.0, 0.0, 2.130000000000747, 0.6745, 2.360749999995507, 0.6745, 0.0, 0.0, 29.944249999992692, 0.6745, 151.76250000001573, 0.0, 0.6745, 0.0, 185.07517172619322, 0.6745]",21.86284287368465,0.6745,52.66356636695714,0.0,185.07517172619322,18.0,6.0,8.0,1.0
4,"[0.7884999999999679, 0.5605000000000321, 0.560499999999779, 1.282499999999829]",0.7979999999999019,0.6745,0.29480629233444317,0.560499999999779,1.282499999999829,4.0,1.0,4.0,0.5
5,"[1.2121449275359073, 0.13685507246409276, 0.13685507246357181, 45.04486956520034, 0.3880684931501386, 0.960931506849369, 0.38806849315063097, 2.956712328765774, 17.526780303028602, 1.0832878787877962, 0.2657121212122037, 0.2657121212122037]",5.863833156985053,0.6745,12.703024686814603,0.13685507246357181,45.04486956520034,12.0,3.0,6.0,0.75
6,"[0.7973814962878512, 0.6864414620217084, 0.6625585379782917, 0.7064723015419702, 0.6456093660765332, 0.6456093660765332]",0.690678754997148,0.6745000000000001,0.05245015412070898,0.6456093660765332,0.7973814962878512,6.0,1.0,3.0,0.38
7,"[0.18198773584905917, 0.6745, 2.3276613207546704, 0.0, 2.163490566037701]",1.0695279245282863,0.6745,0.9866426437917691,0.0,2.3276613207546704,5.0,1.0,5.0,0.62
