Cluster,Dist,mean,median,std,min,max,bag_count,day_count,Cluster_Rank,Cluster_perc
0,"[0.0, 0.0, 0.0, 0.0, 0.0, 0.0]",0.0,0.0,0.0,0.0,0.0,6.0,6.0,1.5,0.5
1,"[0.0024280057595421805, 0.0024280057595163023, 0.005341612670982447, 1.959400647948159, 0.5812645788336785, 0.7677354211663213, 4.491325053995624, 19.920816054715445]",3.4663424226061585,0.6744999999999999,6.380176840322826,0.0024280057595163023,19.920816054715445,8.0,1.0,3.0,1.0
2,"[0.0, 0.0, 0.0]",0.0,0.0,0.0,0.0,0.0,3.0,1.0,1.5,0.5
