Cluster,Dist,mean,median,std,min,max,bag_count,day_count,Cluster_Rank,Cluster_perc
0,"[0.0, 0.0, 1.440977272726196, 0.6745, 0.0, 0.0, 0.0, 0.0, 0.0, 0.0]",0.2115477272726196,0.0,0.45649111068796505,0.0,1.440977272726196,10.0,8.0,2.0,0.67
1,"[0.6745, 0.6745]",0.6745,0.6745,0.0,0.6745,0.6745,2.0,1.0,3.0,1.0
2,[0.0],0.0,0.0,0.0,0.0,0.0,1.0,1.0,1.0,0.33
