Cluster,Dist,mean,median,std,min,max,bag_count,day_count,Cluster_Rank,Cluster_perc
0,"[0.0, 0.0, 0.0, 0.6744999999999428, 0.6745000000000572]",0.2698,0.0,0.33043616630145073,0.0,0.6745000000000572,5.0,4.0,1.0,0.33
1,"[0.6745, 0.6745]",0.6745,0.6745,0.0,0.6745,0.6745,2.0,1.0,2.5,0.83
2,"[0.6745000000000467, 0.6744999999999532]",0.6745,0.6745,4.674038933671909e-14,0.6744999999999532,0.6745000000000467,2.0,1.0,2.5,0.83
