Cluster,Dist,mean,median,std,min,max,bag_count,day_count,Cluster_Rank,Cluster_perc
0,"[0.0, 1.996918719211738, 0.6745, 0.0, 0.0, 0.0, 0.0, 0.0, 0.0, 0.0, 0.0, 0.6745000000000101, 0.67449999999999, 0.67449999999999, 0.67450000000001, 0.0]",0.33558866995073366,0.0,0.5279985520073308,0.0,1.996918719211738,16.0,12.0,1.0,0.33
1,"[0.6745, 0.6745, 0.6745, 0.6745]",0.6745,0.6745,0.0,0.6745,0.6745,4.0,2.0,2.0,0.67
2,"[0.5147499999999378, 0.5147499999999378, 0.8342500000000623, 0.9762499999995395]",0.7099999999998694,0.6745000000000001,0.20160124627579742,0.5147499999999378,0.9762499999995395,4.0,1.0,3.0,1.0
