Cluster,Dist,mean,median,std,min,max,bag_count,day_count,Cluster_Rank,Cluster_perc
0,"[0.6744999999975211, 0.674500000002479, 0.0, 0.6744999999995391, 0.6745000000004607, 0.0]",0.44966666666666666,0.6744999999985302,0.3179623492735509,0.0,0.674500000002479,6.0,4.0,1.0,0.33
1,"[0.6745, 0.6745]",0.6745,0.6745,0.0,0.6745,0.6745,2.0,1.0,2.0,0.67
2,"[35209.01241643601, 0.0, 0.6745]",11736.56230547867,0.6745,16597.52864680509,0.0,35209.01241643601,3.0,1.0,3.0,1.0
