Cluster,Dist,mean,median,std,min,max,bag_count,day_count,Cluster_Rank,Cluster_perc
0,"[1.2927916666667916, 0.31851388888951293, 1.030486111110487, 0.3185138888885145, 14.271000000006422, 0.0, 0.6745, 0.5830423728810823, 1.9777711864406933, 0.7659576271189177, 0.44585593220346725, 1.4061610169486, 0.445855932202858]",1.8100345864121037,0.6745,3.6339705970475844,0.0,14.271000000006422,13.0,3.0,3.0,0.75
1,"[0.0, 0.0, 0.0, 0.0, 0.0, 0.0, 0.0, 0.6745000000008986, 0.6744999999991014]",0.14988888888888888,0.0,0.2804164341532248,0.0,0.6745000000008986,9.0,8.0,1.0,0.25
2,"[0.3040000000000285, 0.6460000000000606, 0.0, 0.6269999999999323, 0.14249999999995008, 0.6745, 632.1680000001289, 1460.064500000298, 1458.2405000002977, 1457.9460000002975, 1458.5160000002973]",588.1208181819381,0.6745,681.3102253578442,0.0,1460.064500000298,11.0,1.0,4.0,1.0
3,"[0.6745, 0.6745, 0.6745, 0.6745, 0.6745, 0.6745, 0.6745, 0.6745, 0.6745, 0.6745]",0.6745,0.6745,0.0,0.6745,0.6745,10.0,5.0,2.0,0.5
