Cluster,Dist,mean,median,std,min,max,bag_count,day_count,Cluster_Rank,Cluster_perc
0,"[0.0, 0.0, 0.0]",0.0,0.0,0.0,0.0,0.0,3.0,3.0,1.5,0.5
1,"[0.5855573289378465, 0.5855573289378468, 1.5458127763930205, 0.7634426710621531]",0.8700925263327166,0.6745,0.396828868998926,0.5855573289378465,1.5458127763930205,4.0,1.0,3.0,1.0
2,[0.0],0.0,0.0,0.0,0.0,0.0,1.0,1.0,1.5,0.5
