Cluster,Dist,mean,median,std,min,max,bag_count,day_count,Cluster_Rank,Cluster_perc
0,"[0.6744999999999468, 0.6745000000000532, 0.6745000000000051, 0.674499999999995, 0.0, 0.6745, 1.1819220183486754, 0.0, 0.6744999999999073, 0.6745000000000927, 0.674499999999928, 0.6745000000000719, 0.0, 0.6745000000000831, 0.6744999999999168, 0.0]",0.5375888761467922,0.6744999999999709,0.3332945029689461,0.0,1.1819220183486754,16.0,9.0,1.0,0.14
1,"[10.679583333334081, 0.0, 0.6745, 0.0, 0.6745, 4.609083333333333, 0.966175675675971, 0.0, 0.6745, 0.6745, 9.900696428570196, 0.0, 0.6745, 0.0, 1413.9018888900912]",96.22866184406698,0.6745,352.1794760429475,0.0,1413.9018888900912,15.0,5.0,7.0,1.0
2,"[0.6745, 0.6745, 0.6745000000000001, 0.6745000000000001, 0.6745, 0.6745, 0.6745, 0.6745]",0.6745000000000001,0.6745,9.614813431917819e-17,0.6745,0.6745000000000001,8.0,4.0,2.0,0.29
3,"[0.6668742227247041, 0.6821257772752959, 27.014697286602626, 0.6668742227247041, 34.07850992626207, 0.6672308564946097, 0.6817691435053903, 0.6672308564946097]",8.1406640365105,0.6745,13.056058755751485,0.6668742227247041,34.07850992626207,8.0,2.0,5.0,0.71
4,"[0.2594230769231478, 0.6745, 29.141858974357106, 0.6745, 0.0, 0.0, 0.019838235294242022, 0.6745, 2.162367647058108, 33.566294117637604]",6.7173282051270204,0.6745,12.37266115917907,0.0,33.566294117637604,10.0,2.0,4.0,0.57
5,"[11.248692708333035, 11.206536458333042, 0.6744999999999999, 0.6744999999999999, 0.0]",4.7608458333332155,0.6744999999999999,5.285852481759613,0.0,11.248692708333035,5.0,1.0,3.0,0.43
6,"[50.250250000005515, 0.6744999999999999, 0.0, 0.5825227272725231, 69.78009090909867]",24.257472727275342,0.6744999999999999,29.84298269191732,0.0,69.78009090909867,5.0,1.0,6.0,0.86
