Cluster,Dist,mean,median,std,min,max,bag_count,day_count,Cluster_Rank,Cluster_perc
0,"[0.0, 0.6744999999999999, 0.6745000000000002, 0.0, 0.0, 0.0]",0.22483333333333336,0.0,0.31796234927355094,0.0,0.6745000000000002,6.0,5.0,1.0,0.33
1,"[2.286771370294827, 0.0, 0.6745, 0.6745, 47.784912614980115, 0.0]",8.570113997545823,0.6745,17.553992773894777,0.0,47.784912614980115,6.0,2.0,3.0,1.0
2,"[0.6744999999999999, 0.6745000000000002]",0.6745000000000001,0.6745000000000001,1.7554167342883506e-16,0.6744999999999999,0.6745000000000002,2.0,1.0,2.0,0.67
