Cluster,Dist,mean,median,std,min,max,bag_count,day_count,Cluster_Rank,Cluster_perc
0,"[1.498888888888889, 0.0, 0.18736111111136072, 0.6745, 1295.7894444445872, 0.6745, 0.7042573529412426, 0.0, 6.883867647059616, 0.6050661764706543, 0.029757352941242547, 17.596514705884335, 145.6919999998221, 108.72939999986771, 70.55269999991408, 1.6187999999978433, 0.6745, 0.13489999999892166, 0.40470000000035944, 0.0, 0.40470000000035944, 0.13489999999892166, 1.0791999999985622]",71.91608511649927,0.6745,263.62915792883547,0.0,1295.7894444445872,23.0,3.0,4.0,1.0
1,"[0.0, 0.0, 0.6744999999999168, 0.6745000000000831, 0.0, 0.6744999999999998, 0.6745000000000002, 0.0, 0.0, 0.0]",0.2698,0.0,0.33043616630145073,0.0,0.6745000000000831,10.0,8.0,1.0,0.25
2,"[0.6745, 0.6745, 0.6745, 0.6745, 0.6745, 0.6745, 0.6745, 0.6745]",0.6745,0.6745,0.0,0.6745,0.6745,8.0,4.0,2.0,0.5
3,"[0.0, 0.6745, 9.867469827586197, 0.0, 0.6745000000000001, 11.28134313725466, 0.0, 0.6745, 22.93300000000225]",5.122812551649234,0.6745,7.569926812906856,0.0,22.93300000000225,9.0,3.0,3.0,0.75
