Cluster,Dist,mean,median,std,min,max,bag_count,day_count,Cluster_Rank,Cluster_perc
0,"[1.3262306940061086, 1.7381940854854983, 1.75604631787499, 1.7380912895216434, 1.7381683864945343, 0.00015419394578265578, 8.566330321263726e-05, 0.022769305993891504, 0.01764664046178182, 8.566330321218076e-05, 0.0002156890176875948, 0.0, 0.013494044169081317, 0.019870350754472008, 0.6679080043969218, 0.6747291695812921, 0.6745, 0.6744056360547613, 5.467662676126708, 6.302230888378132, 6.259376176676323, 6.266049055661035, 5.276413920255819, 0.0007563721776016296, 2.0442491287237168e-05, 0.0006337172298825643, 0.08452970146992157, 2.0442491287237168e-05, 2.0442491285058376e-05, 0.803819199878769, 0.7178380815275037, 0.6882373541445669, 0.6520541445673598, 0.660762645855433, 1.0362912107895106, 1.1360505682679163, 1.1555527049552934, 1.0702666313077724, 1.1591914684043017, 170.87419311664712, 170.87548279159932, 170.86967925431443, 0.0019345124283626375, 1.346420650095654, 0.002579349904346061, 0.0019345124282939099, 0.002579349904346061]",11.995216521634774,0.6745,41.522202251839815,0.0,170.87548279159932,47.0,4.0,3.0,1.0
1,"[0.0, 0.6745000000000009, 0.6744999999999991, 0.0, 0.0, 0.6744999999967324, 0.6745000000032677, 0.0, 0.0, 0.0, 0.0, 0.0, 0.0, 0.0, 0.0]",0.1798666666666667,0.0,0.29827512281262897,0.0,0.6745000000032677,15.0,13.0,1.0,0.33
2,"[0.6745, 0.6745, 12.014704077930563, 0.6861482966295377, 0.6628517033704571, 0.6628517033704623]",2.562592630216837,0.6745,4.227120235177476,0.6628517033704571,12.014704077930563,6.0,2.0,2.0,0.67
