Cluster,Dist,mean,median,std,min,max,bag_count,day_count,Cluster_Rank,Cluster_perc
0,"[0.6745, 0.4046999999985622, 20654.13429997476, 3.9120999999956867, 0.4046999999985622, 0.6745, 0.3065909090915032, 0.6745, 0.3065909090915032, 0.7971363636372548, 209.76950000015032, 0.6745, 0.16862500000262096, 0.6182916666692877, 0.16862499999962557, 0.16862500000262096, 7419.893458334149, 209.71329166668727, 2.304541666668539, 0.16862499999962557, 0.9555416666685388, 0.7307083333307124, 0.0, 0.021720529039675397, 0.67566359976998, 17.32677630822296, 0.6745000000000001]",1056.5304671084418,0.6745,4089.722725485655,0.0,20654.13429997476,27.0,4.0,4.0,1.0
1,"[0.0, 0.0, 0.6745, 0.6745, 0.0, 0.0, 0.6745, 0.6745, 0.6745, 0.6745]",0.40469999999999995,0.6745,0.33043616630145073,0.0,0.6745,10.0,5.0,2.0,0.5
2,"[0.6745, 308.24650000003595, 0.0, 1.349, 3.3724999999820278, 0.0, 0.0]",44.806071428574,0.6745,107.5549460984841,0.0,308.24650000003595,7.0,2.0,3.0,0.75
3,"[0.0, 0.0, 0.674500000000009, 0.674499999999991, 0.6744999999980031, 0.674500000001997, 0.0, 0.0, 0.6745000000179723, 0.6744999999820277, 0.0]",0.36790909090909096,0.6744999999820277,0.3358535136702132,0.0,0.6745000000179723,11.0,8.0,1.0,0.25
