Cluster,Dist,mean,median,std,min,max,bag_count,day_count,Cluster_Rank,Cluster_perc
0,"[0.0, 1.2140999999992812, 0.6745, 0.0, 0.0]",0.3777199999998563,0.0,0.493077492489527,0.0,1.2140999999992812,5.0,3.0,1.0,0.33
1,"[0.002262338284625276, 0.01712913272640177, 1.3512623382846254, 0.002262338284625276, 32.17853018687106, 1.3318708672735982]",5.813886200287489,0.6745,11.805720802824844,0.002262338284625276,32.17853018687106,6.0,1.0,3.0,1.0
2,"[0.6903705882352777, 0.6745000000000604, 0.6744999999999396, 0.6722327731092288, 0.6813016806723741, 0.6722327731092892]",0.6775229691876948,0.6745,0.006501141056157793,0.6722327731092288,0.6903705882352777,6.0,1.0,2.0,0.67
