Cluster,Dist,mean,median,std,min,max,bag_count,day_count,Cluster_Rank,Cluster_perc
0,"[0.0, 0.674499999999977, 0.674500000000023]",0.44966666666666666,0.674499999999977,0.3179623492735509,0.0,0.674500000000023,3.0,2.0,2.0,0.67
1,"[0.6932361111112358, 0.6745, 0.0]",0.4559120370370786,0.6745,0.3224692229256068,0.0,0.6932361111112358,3.0,1.0,3.0,1.0
2,[0.0],0.0,0.0,0.0,0.0,0.0,1.0,1.0,1.0,0.33
