Cluster,Dist,mean,median,std,min,max,bag_count,day_count,Cluster_Rank,Cluster_perc
0,"[123.05877777779125, 0.6745, 0.0, 0.6745, 0.0, 211.8553119935198, 0.6745, 10.439024569583935, 0.0]",38.59740159343278,0.6745,72.05602712462887,0.0,211.8553119935198,9.0,3.0,3.0,1.0
1,"[0.0, 0.0, 0.0, 0.0]",0.0,0.0,0.0,0.0,0.0,4.0,4.0,1.5,0.5
2,[0.0],0.0,0.0,0.0,0.0,0.0,1.0,1.0,1.5,0.5
