Cluster,Dist,mean,median,std,min,max,bag_count,day_count,Cluster_Rank,Cluster_perc
0,"[0.0749444444448882, 1.2740555555551119, 0.0749444444448882, 278.86827777760186, 0.04496666666694623, 0.22483333333353303, 0.04496666666694623, 40413.02723331984, 1.124166666666467, 160.66589999994574]",4085.542428887517,0.6745,12109.499513932105,0.04496666666694623,40413.02723331984,10.0,2.0,4.0,1.0
1,"[0.0, 0.6745, 0.8303310779741174, 0.0022114754098210444, 4.086806557376955, 0.002211475409850507, 1.3467885245901494, 0.6745, 0.0, 52.46436956523864, 0.6745, 0.0, 8.65814743765414]",5.3395666241272055,0.6745,13.804684533192033,0.0,52.46436956523864,13.0,4.0,2.0,0.5
2,"[0.6744999999999949, 0.674500000000005, 0.0, 0.0, 0.6745000000044931, 0.6744999999955069, 0.0, 0.0, 0.0, 1.01175, 0.33725, 1.349, 0.0, 0.6745, 0.0, 0.0, 0.0]",0.3570882352941176,0.0,0.4245567752961045,0.0,1.349,17.0,11.0,1.0,0.25
3,"[0.0, 0.9635714285705116, 0.2890714285705116, 0.2890714285705116, 2.0234999999974326, 0.9635714285705116, 0.6745, 0.2890714285705116, 1.252642857142307, 169.78128571414211, 0.0, 0.6783786658999421, 0.05042265669925201, 0.015126797009776637, 0.6787665324899337, 0.6768271995399652, 0.6745, 0.03529585968947537, 0.0, 18.15254427832086]",9.874407385189182,0.6745,36.888470858545965,0.0,169.78128571414211,20.0,2.0,3.0,0.75
