Cluster,Dist,mean,median,std,min,max,bag_count,day_count,Cluster_Rank,Cluster_perc
0,"[0.6745, 0.6745, 0.6745, 18.404214285713888, 0.0, 18.361388888888477, 0.5031984126984086]",5.613185941042967,0.6745,8.079239443828127,0.0,18.404214285713888,7.0,2.0,3.0,1.0
1,"[0.0, 0.0, 0.0, 0.0, 0.0, 0.0, 0.0, 0.0]",0.0,0.0,0.0,0.0,0.0,8.0,8.0,1.0,0.33
2,"[0.0, 0.6745, 0.6994814814814999, 33.243214285714785, 0.0, 0.6745, 0.7009509803921649, 0.0, 0.6745, 0.0, 12.028583333334643, 0.6745]",4.114185840076925,0.6745,9.351827892416283,0.0,33.243214285714785,12.0,4.0,2.0,0.67
