Cluster,Dist,mean,median,std,min,max,bag_count,day_count,Cluster_Rank,Cluster_perc
0,"[0.0, 0.0, 2.698, 0.6745, 1.01175, 0.0, 201.33825000002247, 0.0, 67.22516666667416, 1.4614166666666666, 1.01175, 0.2248333333333333, 0.4496666666666666, 0.6745, 0.5901874999989469, 1.2646874999995086, 102.10243749992564, 0.5901875000000701, 0.5901874999989469, 0.7588124999999298]",19.133316666664314,0.6745,49.07921689508635,0.0,201.33825000002247,20.0,3.0,3.0,0.75
1,"[0.0, 0.6745000000014977, 0.6744999999985023, 0.0, 0.0, 0.0, 0.6745000000008986, 0.6744999999991014, 0.0, 0.0, 0.6745, 1.4614166666666666, 0.0, 0.0, 0.0, 0.0, 0.0]",0.28434803921568624,0.0,0.422595286694048,0.0,1.4614166666666666,17.0,13.0,1.0,0.25
2,"[1.01175, 0.6745, 0.0, 0.0, 0.6745, 0.6745]",0.505875,0.6745,0.377056962705902,0.0,1.01175,6.0,2.0,2.0,0.5
3,"[1.1241666666656682, 266.42749999943686, 0.2248333333313364, 0.22483333333433178]",67.00033333319205,0.6745,115.139913735056,0.2248333333313364,266.42749999943686,4.0,1.0,4.0,1.0
