Cluster,Dist,mean,median,std,min,max,bag_count,day_count,Cluster_Rank,Cluster_perc
0,"[0.6745000000001404, 0.6744999999998595, 0.0, 0.0, 0.6744999999999064, 0.6745000000000936, 0.0, 0.0, 0.0]",0.29977777777777775,0.0,0.3351617446274685,0.0,0.6745000000001404,9.0,7.0,1.0,0.33
1,"[0.6745, 0.6745, 0.6745, 0.6745, 0.0, 0.0, 0.6745, 0.6745]",0.505875,0.6745,0.29206706742630195,0.0,0.6745,8.0,4.0,2.0,0.67
2,"[0.6745, 0.6745, 0.6745, 8.768500000001124]",2.698000000000281,0.6745,3.50480480911611,0.6745,8.768500000001124,4.0,1.0,3.0,1.0
