Cluster,Dist,mean,median,std,min,max,bag_count,day_count,Cluster_Rank,Cluster_perc
0,"[0.7904296875000701, 1.1698359375002105, 0.12646875, 408.1146562500451, 0.5585703124999298, 0.1264687500001404, 0.6745, 0.0, 0.058146551724047105, 1.1629310344824917, 19.467465517239077]",39.29540661736282,0.6745,116.75743468282364,0.0,408.1146562500451,11.0,2.0,5.0,1.0
1,"[0.6745, 2.553860273972547, 0.0, 23.37788297872267, 0.6745, 0.0, 0.0, 0.6745, 2.866625, 2.0410401891252827, 0.0, 0.5963664302600452, 2.203685579196208, 0.6745]",2.5955328893769116,0.6745,5.844091088706931,0.0,23.37788297872267,14.0,4.0,4.0,0.8
2,"[0.6745, 0.6745, 0.6745, 0.6745]",0.6745,0.6745,0.0,0.6745,0.6745,4.0,2.0,2.0,0.4
3,"[0.0, 0.6744999999996543, 0.6745000000003456, 0.6744999999999269, 0.674500000000073, 0.0, 0.0, 0.0, 0.0, 0.0, 0.6744999999999948, 0.6745000000000052, 0.0]",0.3113076923076923,0.0,0.3362507385443155,0.0,0.6745000000003456,13.0,10.0,1.0,0.2
4,"[0.6737695232489697, 0.7307784696880514, 0.67376952324897, 0.67523047675103, 0.12263636363547244, 5.150727272724153, 0.12263636363710628, 1.2263636363628936]",1.171988953662081,0.6745,1.5400275083303419,0.12263636363547244,5.150727272724153,8.0,2.0,3.0,0.6
