Cluster,Dist,mean,median,std,min,max,bag_count,day_count,Cluster_Rank,Cluster_perc
0,"[0.674499999999999, 0.674500000000001, 0.0, 0.0, 0.6745000000000592, 0.6744999999999409, 0.0]",0.3854285714285714,0.6744999999999409,0.3337909342014879,0.0,0.6745000000000592,7.0,5.0,2.0,0.67
1,"[0.8560961538460441, 2.3607500000000434, 0.492903846153783, 0.49290384615395577]",1.0506634615384565,0.6744999999999999,0.7707747324265473,0.492903846153783,2.3607500000000434,4.0,1.0,3.0,1.0
2,[0.0],0.0,0.0,0.0,0.0,0.0,1.0,1.0,1.0,0.33
