Cluster,Dist,mean,median,std,min,max,bag_count,day_count,Cluster_Rank,Cluster_perc
0,"[0.0, 0.6744999999997503, 0.6745000000002497, 0.6745000000014977, 0.6744999999985023, 0.0]",0.44966666666666666,0.6744999999991264,0.3179623492735509,0.0,0.6745000000014977,6.0,4.0,2.0,0.67
1,[0.0],0.0,0.0,0.0,0.0,0.0,1.0,1.0,1.0,0.33
2,"[0.6745000000001664, 0.6744999999998337]",0.6745000000000001,0.6745000000000001,1.663669295011991e-13,0.6744999999998337,0.6745000000001664,2.0,1.0,3.0,1.0
