Cluster,Dist,mean,median,std,min,max,bag_count,day_count,Cluster_Rank,Cluster_perc
0,"[15.344875000001123, 0.505875, 0.843125, 0.505875, 0.6745, 0.6745, 7.644333333325596, 0.0, 7.082249999992886]",3.6972592592577342,0.6745,4.979561905813079,0.0,15.344875000001123,9.0,2.0,5.0,1.0
1,"[0.6744999999993581, 0.6745000000006418, 0.6745000000001604, 0.6744999999998396, 0.6745000000000001, 0.0, 1.2404597701150024, 0.6745000000000001, 0.6745, 1.1758175675674774, 0.6745, 0.0, 0.0, 1.0233793103445925, 0.6745, 0.0, 0.0]",0.5594209792957102,0.6745,0.401684959303456,0.0,1.2404597701150024,17.0,8.0,1.0,0.2
2,"[1.8804242424239987, 2.41184848484827, 0.0, 0.5109848484848815, 0.6745, 3.816474683544058, 0.12806962025308608, 0.12806962025319985, 1.2209303797468]",1.196811319950477,0.6745,1.214120708271006,0.0,3.816474683544058,9.0,2.0,3.0,0.6
3,"[0.6745, 0.6745, 1.6615731707317662, 1.3325487804876979, 0.016451219512082862, 0.016451219512302034, 0.6745, 0.6745, 0.6745, 0.6745, 0.6745, 0.6745]",0.7019186991869875,0.6745,0.4343938896229926,0.016451219512082862,1.6615731707317662,12.0,5.0,2.0,0.4
4,"[3.0191904761897326, 0.6745, 0.0, 0.0, 10.904416666668165, 0.6745, 0.0, 0.9323970588233467, 0.6745, 0.6745, 0.0, 2.0964189189187845, 0.0, 0.6745, 0.8461909090908883, 8.498700000000898, 0.6745, 0.0]",1.6857952238717673,0.6745,2.960907266291984,0.0,10.904416666668165,18.0,6.0,4.0,0.8
