Cluster,Dist,mean,median,std,min,max,bag_count,day_count,Cluster_Rank,Cluster_perc
0,"[0.0, 0.0, 0.0]",0.0,0.0,0.0,0.0,0.0,3.0,3.0,1.0,0.33
1,"[14.353966292135372, 0.3107247191011508, 14.429752808989301, 13.679466292135372, 13.990191011236421, 14.952679775281444, 14.12660674157359, 15.30129775280951, 0.6669213483146578, 14.331230337079143, 0.3789325842696346, 0.5911348314606298, 14.353966292135372, 0.22735955056178073, 0.46229775280900465, 14.17965730337129, 0.6745, 0.6138707865168584, 14.164500000000505, 0.6669213483146578, 14.353966292135372, 0.636606741572986, 14.717741573034223, 0.0, 0.2879887640449223, 14.202393258427518, 0.3789325842696346, 0.5683988764045023, 13.702202247191499, 0.5683988764045023, 0.44714044943821923, 14.270601123596002, 0.6290280898876439, 0.0, 14.14934269662972]",7.181963402889498,0.6745,6.933534414561155,0.0,15.30129775280951,35.0,1.0,2.0,0.67
2,"[20.398185483873213, 0.0, 0.6745, 20.6701612903249, 0.5330725806452338]",8.45518387096867,0.6745,9.865393899579823,0.0,20.6701612903249,5.0,1.0,3.0,1.0
