Cluster,Dist,mean,median,std,min,max,bag_count,day_count,Cluster_Rank,Cluster_perc
0,"[0.6745, 0.6745, 0.6745, 0.6745, 0.6745, 0.6745, 0.6745, 0.6745]",0.6745,0.6745,0.0,0.6745,0.6745,8.0,4.0,3.0,0.6
1,"[0.0, 0.0, 0.0, 0.0, 0.0, 0.0, 0.0]",0.0,0.0,0.0,0.0,0.0,7.0,7.0,1.0,0.2
2,"[0.0, 0.5395999999992811, 0.6745, 0.6745, 0.8093999999989216, 0.0, 0.40724528301898627, 0.6745, 2.0362264150942533, 0.7763113207547042]",0.6592283018866146,0.6745,0.5366613206404115,0.0,2.0362264150942533,10.0,2.0,2.0,0.4
3,"[2.1826495797735648, 0.0, 0.6745, 0.6745, 0.9442999999999674, 0.0, 0.0, 0.6745, 57.33249999962258]",6.942549953266234,0.6745,17.827086351181812,0.0,57.33249999962258,9.0,3.0,5.0,1.0
4,"[0.22483333333333333, 0.0, 0.6745, 0.6745, 0.26230555555530594, 2.698000000000499, 1.236583333333583, 1.7237222222227213, 2.847888888889388]",1.1491481481483143,0.6745,1.0019100257809697,0.0,2.847888888889388,9.0,1.0,4.0,0.8
