Cluster,Dist,mean,median,std,min,max,bag_count,day_count,Cluster_Rank,Cluster_perc
0,"[0.6744999999999995, 0.6745000000000005, 0.0, 0.6745000000000001, 0.6744999999999999, 0.0, 0.6745000000000001, 0.6744999999999998, 0.0]",0.44966666666666666,0.6744999999999998,0.3179623492735509,0.0,0.6745000000000005,9.0,6.0,1.0,0.33
1,"[0.21104294450106603, 3.8923893264152705, 0.21104294450106523, 1.137957055498934]",1.3631080677290837,0.6745,1.5085145640800273,0.21104294450106523,3.8923893264152705,4.0,1.0,3.0,1.0
2,"[0.0, 0.8030929516308191, 0.6745]",0.49253098387693967,0.6745,0.35220648712686636,0.0,0.8030929516308191,3.0,1.0,2.0,0.67
