Cluster,Dist,mean,median,std,min,max,bag_count,day_count,Cluster_Rank,Cluster_perc
0,"[0.0, 0.0, 0.6745000000000001, 0.6744999999999998]",0.33724999999999994,0.3372499999999999,0.33724999999999994,0.0,0.6745000000000001,4.0,3.0,2.0,0.67
1,"[316.5091250000348, 0.0, 0.6745]",105.72787500001162,0.6745,149.04510559165573,0.0,316.5091250000348,3.0,1.0,3.0,1.0
2,[0.0],0.0,0.0,0.0,0.0,0.0,1.0,1.0,1.0,0.33
