Cluster,Dist,mean,median,std,min,max,bag_count,day_count,Cluster_Rank,Cluster_perc
0,"[0.0, 0.6745, 14.061559779614377, 0.0, 246.32740000035693, 0.6745, 14.872724999999095, 0.0, 0.6745, 70.10832352944742, 0.6745, 0.0]",29.00566735911816,0.6745,68.26246245499367,0.0,246.32740000035693,12.0,4.0,4.0,0.8
1,"[0.6745, 1.0599285714285713, 0.0, 0.0, 0.0, 0.6744999999998367, 0.6745000000001633, 0.0, 0.6745000000003907, 0.6744999999996093]",0.44324285714285716,0.674499999999723,0.37862349668885836,0.0,1.0599285714285713,10.0,6.0,1.0,0.2
2,"[0.4531796875001163, 0.8958203124998837, 0.45317968749983545, 7852.37091406173, 40.11616393442627, 0.3980655737704483, 0.9509344262295516, 0.3980655737704483, 1.337758333333261, 0.011241666666739054, 41.29064166666206, 0.011241666666439516, 0.6934014011416688, 27.353477685521426, 0.6555985988583218, 0.6555985988583312]",498.00283017969593,0.6745,1898.941940122042,0.011241666666439516,7852.37091406173,16.0,4.0,5.0,1.0
3,"[37.599679642445025, 0.00505680507496799, 0.6834466551326377, 0.0, 0.6745]",7.792536620530525,0.6745,14.906641804609366,0.0,37.599679642445025,5.0,1.0,3.0,0.6
4,"[0.6866035889070158, 0.6623964110929842, 0.6924719956498003, 0.6623964110929842]",0.6759671016856962,0.6745,0.013728380016428196,0.6623964110929842,0.6924719956498003,4.0,1.0,2.0,0.4
