Cluster,Dist,mean,median,std,min,max,bag_count,day_count,Cluster_Rank,Cluster_perc
0,"[0.6745, 0.0, 8896.205333334312, 0.6745, 0.6745, 0.0, 0.0, 0.6745, 2.0235000000022465, 2.1921250000011234, 0.16862499999887673, 1.1803749999988766, 0.16862500000112327]",684.9720448718701,0.6745,2370.378976084718,0.0,8896.205333334312,13.0,4.0,3.0,1.0
1,"[0.0, 0.0, 0.0, 0.6745000000000019, 0.674499999999998, 0.0, 0.0, 0.0, 0.0, 0.6744999999955069, 0.6745000000044931, 0.0]",0.2248333333333333,0.0,0.3179623492735508,0.0,0.6745000000044931,12.0,10.0,2.0,0.67
2,"[0.0, 0.0, 0.0]",0.0,0.0,0.0,0.0,0.0,3.0,1.0,1.0,0.33
