Cluster,Dist,mean,median,std,min,max,bag_count,day_count,Cluster_Rank,Cluster_perc
0,"[0.6744999999999719, 0.6745000000000281, 0.0]",0.44966666666666666,0.6744999999999719,0.3179623492735509,0.0,0.6745000000000281,3.0,2.0,1.0,0.33
1,"[0.6745, 0.6745]",0.6745,0.6745,0.0,0.6745,0.6745,2.0,1.0,2.0,0.67
2,"[0.7490678391959723, 0.5999321608040277, 0.5999321608040277, 1.908258793969906]",0.9642977386934835,0.6745,0.5483864814657907,0.5999321608040277,1.908258793969906,4.0,1.0,3.0,1.0
