Cluster,Dist,mean,median,std,min,max,bag_count,day_count,Cluster_Rank,Cluster_perc
0,"[0.0, 0.0]",0.0,0.0,0.0,0.0,0.0,2.0,2.0,1.0,0.25
1,"[0.23805882352941177, 6.030823529412293, 0.9522352941176471, 0.3967647058823529, 0.23805882352941177, 1.1902941176470587]",1.5077058823530292,0.6745,2.054510836243193,0.23805882352941177,6.030823529412293,6.0,1.0,3.0,0.75
2,"[0.6745, 19.701927419354824, 0.0]",6.7921424731182745,0.6745,9.132748694708761,0.0,19.701927419354824,3.0,1.0,4.0,1.0
3,"[2.0700172413794653, 0.9070862068967067, 0.6745, 0.0, 0.5116896551724137, 1.37225862068981, 0.18606896551739632]",0.8173743842365419,0.6745,0.6617684654992608,0.0,2.0700172413794653,7.0,1.0,2.0,0.5
