Cluster,Dist,mean,median,std,min,max,bag_count,day_count,Cluster_Rank,Cluster_perc
0,"[0.6220777202071931, 12.832974093263338, 12.937818652848952, 0.46131606217617926, 0.3424922279792621, 13.070621761657172, 0.3424922279792621, 0.726922279792807, 0.5171166666662873, 0.8318833333331136, 0.5171166666668863, 41.032083333319456]",7.019576252157492,0.6745000000000001,11.539214454017182,0.3424922279792621,41.032083333319456,12.0,2.0,3.0,1.0
1,"[0.0, 0.0, 0.0, 0.0]",0.0,0.0,0.0,0.0,0.0,4.0,4.0,1.0,0.33
2,"[11.02898648648708, 0.3645945945945727, 10.877072072072634, 0.25521621621611995, 11.138364864865531, 0.40105405405394906, 11.089752252252921, 0.3706711711710275, 10.792000000000646, 10.895301801802484, 0.10937837837829086, 0.44966666666655875, 0.7109594594594573, 11.07759909909969, 0.6380405405405427, 0.29775225225211294, 0.10937837837845277, 11.436117117117808]",5.113439189189437,0.6745,5.305871073350108,0.10937837837829086,11.436117117117808,18.0,1.0,2.0,0.67
