Cluster,Dist,mean,median,std,min,max,bag_count,day_count,Cluster_Rank,Cluster_perc
0,"[0.674499999999983, 0.674500000000017, 0.6744999999999997, 0.6745000000000003, 0.0, 0.0]",0.4496666666666666,0.6744999999999913,0.3179623492735509,0.0,0.674500000000017,6.0,4.0,1.0,0.17
1,"[0.6745, 0.6745, 0.6745, 0.6745, 0.6745, 0.6745, 0.6744999999999999, 0.6744999999999999]",0.6744999999999999,0.6745,9.614813431917819e-17,0.6744999999999999,0.6745,8.0,4.0,2.0,0.33
2,"[0.6745, 83.8788928571421, 0.0, 19.416754098360673, 0.0, 0.6745, 17.97964062499987, 0.0, 0.6745]",13.699865286722515,0.6745,25.923251156145035,0.0,83.8788928571421,9.0,3.0,6.0,1.0
3,"[0.7904296874999952, 0.24239843750000672, 0.4531796874999996, 0.6007265624999999, 0.2002421874999941, 0.7271953125000027, 36.81294531249974, 0.5374921874999897, 49.71275781249965, 0.6218046874999974, 1.5070859374999814, 1.1487578124999882, 1.0222890624999856, 0.2002421874999941]",6.755539062499953,0.6745000000000001,15.106288362216796,0.2002421874999941,49.71275781249965,14.0,1.0,5.0,0.83
4,"[0.3585949367088585, 0.6745, 0.0, 0.017075949367093918, 0.8196455696202521, 14.617012658227921, 14.599936708860827]",4.4409665461121355,0.6745,6.436675882718671,0.0,14.617012658227921,7.0,1.0,4.0,0.67
5,"[2.0599912739965083, 0.6745, 0.017657068062827234, 0.0, 2.1153167539267]",0.9734930191972072,0.6745,0.941801226194663,0.0,2.1153167539267,5.0,1.0,3.0,0.5
