Cluster,Dist,mean,median,std,min,max,bag_count,day_count,Cluster_Rank,Cluster_perc
0,"[0.6745, 0.6745, 0.6954590395480228, 0.6764053672316382, 0.6703081920903953, 0.6703081920903953, 0.6802161016949152, 0.6725946327683617, 0.6745, 95.7227916666706, 0.0]",9.255598472008575,0.6745,27.344012893820455,0.0,95.7227916666706,11.0,3.0,3.0,1.0
1,"[0.6744999999999916, 0.6745000000000084, 0.0, 0.6745000000000002, 0.6744999999999997, 0.6745000000000155, 0.6744999999999844, 0.0, 1.716909090909035, 0.6745, 0.6744999999999942, 0.6745000000000058, 0.0, 0.0, 0.0]",0.5191606060606023,0.6744999999999942,0.4471698449260572,0.0,1.716909090909035,15.0,9.0,1.0,0.33
2,"[0.0, 0.17986666666666543, 0.6745, 0.6745, 38.873683333333304, 0.5468918918918911, 0.8021081081081088, 2.916756756756732, 0.47397297297298036, 3.208432432432405, 0.47397297297298036]",4.438607739557733,0.6745,10.936116814000343,0.0,38.873683333333304,11.0,2.0,2.0,0.67
