Cluster,Dist,mean,median,std,min,max,bag_count,day_count,Cluster_Rank,Cluster_perc
0,"[15.612945512820879, 0.09079807692309796, 0.09079807692309796, 16.54686858974399, 0.8085352564102737, 0.5404647435897262, 16.659285256410705, 0.523169871794856, 0.13403525641033137, 15.595650641026007, 0.28968910256416425, 16.296092948718314, 45.540379310339326, 45.70318965516702, 0.7210172413792997, 0.5116896551722963, 0.13955172413789899, 0.06977586206879456, 0.6745, 0.5349482758617912, 1.2559655172414006, 44.726327586201734, 1.1164137931031919, 0.5116896551722963, 0.0, 41.52992857142867, 41.42286507936534, 0.05353174603181169, 0.524611111111127, 0.2034206349205421, 0.05353174603181169, 1.2312301587302426, 0.8243888888888731]",9.410220895323906,0.6745,15.564028624972792,0.0,45.70318965516702,33.0,3.0,2.0,0.67
1,"[0.8007058212058166, 0.6646839916839834, 0.6843160083160073, 0.6646839916839927, 0.0, 0.6745, 3358.2873214321376, 0.6745, 0.6745]",373.6805790272253,0.6745,1055.2178561211012,0.0,3358.2873214321376,9.0,3.0,3.0,1.0
2,[0.0],0.0,0.0,0.0,0.0,0.0,1.0,1.0,1.0,0.33
