Cluster,Dist,mean,median,std,min,max,bag_count,day_count,Cluster_Rank,Cluster_perc
0,"[0.8243888888877795, 27263.964499982823, 0.8243888888877795, 0.8243888888877795, 0.3747222222224441, 0.07494444444289128, 0.22483333333666153, 0.5246111111122205, 0.8243888888877795, 0.07494444444688513, 0.8243888888917734, 0.3747222222264379, 0.0, 906.4618725487644, 907.2289509801368, 0.4893431372547983, 748.3246862742989, 0.6745, 842.5034019605467, 842.0801862742724, 0.3306372549019193, 0.09257843137242464, 0.05290196078429299, 0.6745000000000001, 0.5246111111114069, 0.8243888888899243, 0.6745000000000001, 0.07494444444429653, 0.3247592592595058, 1.0242407407404943, 39840.69150001422, 39840.89135186607, 0.07494444444562781]",3369.81072793323,0.6745000000000001,10367.181794802009,0.0,39840.89135186607,33.0,3.0,5.0,1.0
1,"[1.0117499999910138, 0.6745, 0.0, 0.0, 0.6745, 27.317249999447352, 0.6745, 0.0, 38935.40008342407, 0.22483333332933947, 0.6745, 0.0, 1.798666666676651, 0.8993333333413209, 3.3724999999640555, 0.0, 0.6745, 0.6745, 2.023500000017972, 0.0, 0.6745, 0.0, 4.721499999970046, 0.0, 6154.812499992466, 0.6745, 0.0, 3343.6988500048237, 0.6745, 0.0, 3.180203447564003, 0.6745]",1515.1626865688022,0.6745,6827.255230424868,0.0,38935.40008342407,32.0,10.0,4.0,0.8
2,"[0.0, 0.0, 1.3490000000359446, 0.0, 0.6745]",0.40470000000718886,0.0,0.5396000000125806,0.0,1.3490000000359446,5.0,3.0,1.0,0.2
3,"[0.1686249999966302, 1.1803750000033697, 0.1686249999966302, 2.8666249999966302, 3.8783750000033694, 0.8431250000011232, 0.1686249999966302, 0.5058749999988768, 1.854874999998877, 0.1686249999966302, 0.6745, 0.0, 2.248333333315361, 3.822166666636713, 0.6745]",1.2815499999960558,0.6745,1.2938827883327044,0.0,3.8783750000033694,15.0,2.0,2.0,0.4
4,"[0.0, 0.0, 0.0, 0.48178571428241324, 0.0, 0.6745, 0.7708571428575096, 5328.839071413945, 0.0, 0.6295333333332854, 2186.184903332992, 2186.1893999996582, 1960.4837133330268, 0.6520166666665229, 0.6745]",777.7053520624509,0.6520166666665229,1477.0797564063532,0.0,5328.839071413945,15.0,3.0,3.0,0.6
