Cluster,Dist,mean,median,std,min,max,bag_count,day_count,Cluster_Rank,Cluster_perc
0,"[30.632811688311428, 0.5168246753246868, 3.0045909090908727, 0.8321753246753133, 0.14891558441559588, 0.1489155844155813, 0.8788939393939136, 0.6745, 0.0, 36.54563636363578, 0.36790909090907853]",6.704652105470205,0.6745,12.75956338096273,0.0,36.54563636363578,11.0,2.0,5.0,1.0
1,"[0.4321015625000077, 0.4321015624999901, 39.17369531250024, 0.9168984374999923, 0.8966407185628733, 0.45235928143712323, 6.7651946107784475, 0.45235928143712656]",6.190168845901976,0.6744999999999999,12.630459653723092,0.4321015624999901,39.17369531250024,8.0,2.0,4.0,0.8
2,"[0.6745, 0.6745, 0.6744999999999999, 0.6744999999999999, 0.6745, 0.6745]",0.6745,0.6745,6.409875621278546e-17,0.6744999999999999,0.6745,6.0,3.0,2.0,0.4
3,"[0.0, 0.0, 0.0, 0.6745, 0.0, 1.349, 0.6744999999999997, 0.6745000000000003, 0.0, 0.0]",0.33725,0.0,0.45246835524708245,0.0,1.349,10.0,7.0,1.0,0.2
4,"[0.2248333333333021, 3.5411249999999295, 0.0, 2.9228333333332555, 0.6744999999999999]",1.4726583333332974,0.6744999999999999,1.4659064365890633,0.0,3.5411249999999295,5.0,1.0,3.0,0.6
