Cluster,Dist,mean,median,std,min,max,bag_count,day_count,Cluster_Rank,Cluster_perc
0,"[0.0, 0.0, 0.674500000000066, 0.6744999999999339, 0.6745000000001873, 0.6744999999998128, 0.0, 0.0]",0.33725000000000005,0.3372499999999064,0.33725,0.0,0.6745000000001873,8.0,6.0,1.0,0.33
1,"[0.6745, 0.6745, 0.6745, 0.6745]",0.6745,0.6745,0.0,0.6745,0.6745,4.0,2.0,2.0,0.67
2,"[0.0, 20.23500000000225, 0.6745]",6.9698333333340825,0.6745,9.383930327368631,0.0,20.23500000000225,3.0,1.0,3.0,1.0
