Cluster,Dist,mean,median,std,min,max,bag_count,day_count,Cluster_Rank,Cluster_perc
0,"[0.6745000000000096, 0.6744999999999903, 0.0, 0.0, 0.6744999999999893, 0.6745000000000106, 0.0, 0.0, 0.0, 0.6744999999998238, 0.6745000000001762, 0.0, 0.0]",0.3113076923076923,0.0,0.3362507385443155,0.0,0.6745000000001762,13.0,10.0,1.0,0.33
1,"[33.724999998867744, 0.0, 0.6745, 10.208503968254137, 0.0, 0.6745]",7.547083994520314,0.6745,12.25253863335691,0.0,33.724999998867744,6.0,2.0,3.0,1.0
2,"[0.6745, 0.6745]",0.6745,0.6745,0.0,0.6745,0.6745,2.0,1.0,2.0,0.67
