Cluster,Dist,mean,median,std,min,max,bag_count,day_count,Cluster_Rank,Cluster_perc
0,"[15.452967948719735, 0.42372435897441657, 16.395538461540305, 16.42148076923267, 0.05188461538461538, 16.239884615386458, 0.3372500000000576, 0.6745, 0.5793782051282627, 0.6572051282051282, 0.8993333333334486, 0.060532051281993675, 15.842102564104293, 0.0, 0.06917948717948717, 19.378903846155975, 16.144762820514607, 0.6745, 1.032189393939462, 0.1635151515151515, 19.85687121212346, 19.959068181820427, 0.12263636363649978, 0.4496666666666666, 19.28456818182043, 0.051098484848416774, 19.938628787881033, 0.0]",7.184334665335464,0.6745,8.554801528441665,0.0,19.959068181820427,28.0,2.0,3.0,1.0
1,"[0.0, 0.0, 0.0, 0.0, 0.0]",0.0,0.0,0.0,0.0,0.0,5.0,5.0,1.0,0.33
2,"[0.6745, 0.0, 12.661900990099598]",4.445466996699866,0.6745,5.816418040823236,0.0,12.661900990099598,3.0,1.0,2.0,0.67
