Cluster,Dist,mean,median,std,min,max,bag_count,day_count,Cluster_Rank,Cluster_perc
0,"[0.0, 0.0, 0.0, 0.0, 0.0, 0.0, 0.0, 0.0]",0.0,0.0,0.0,0.0,0.0,8.0,8.0,1.0,0.33
1,"[0.6745, 0.6745, 0.6745, 0.6745, 0.6745, 0.6745]",0.6745,0.6745,0.0,0.6745,0.6745,6.0,3.0,2.0,0.67
2,"[1399.9934490741418, 1.0554675925925692, 0.2935324074074309, 0.2935324074073477]",350.4089953703873,0.6745000000000001,605.9779467189716,0.2935324074073477,1399.9934490741418,4.0,1.0,3.0,1.0
