Cluster,Dist,mean,median,std,min,max,bag_count,day_count,Cluster_Rank,Cluster_perc
0,"[0.0099191176468606, 0.4661985294114343, 0.24797794117680094, 35.81793382353357, 0.8629632352937874, 35.75841911765135, 0.009919117647389198, 0.48603676470568413, 0.1686249999998018, 37.48434558823946, 37.36531617647502, 0.18846323529458017, 36.88919852941619, 36.61146323529828, 0.8629632352937874, 0.7042573529413747, 0.2678161764705222, 0.7439338235293457, 0.5653897058821548, 37.444669117651486, 0.04959558823536019, 0.6447426470586253, 0.3372499999999119, 23.984426470587877, 0.3107990196079347, 0.9059460784314745, 24.262161764705223, 0.04628921568640061, 0.2843480392156051, 25.399553921567996, 0.45627941176469033, 0.11241666666687224, 23.90507352941124, 0.7075637254900595, 0.36370098039224147, 24.182808823528937, 0.8001421568628608, 22.45026960784263, 0.6414362745099405, 25.571485294117082, 0.5488578431371391, 0.04628921568640061, 24.857308823528765, 0.5091813725489972, 7.650946078431121, 25.359877450979855, 24.050553921567996, 0.12564215686268465, 0.562083333333304, 23.534759803921094, 0.19176960784315628, 0.35047549019607666, 24.169583333332778, 0.16531862745117903, 3.398265347885227, 0.10950272851301095, 0.1481507503410719, 3.3688192360161997, 1.1898069577080186, 0.11134311050478835, 3.354096180081686, 0.052450886766734685, 3.2215886766710167, 0.05245088676668565, 3.471880627557794, 0.11870463847204504, 0.0671739427012481, 3.4866036834923073, 0.15919304229198145, 0.0929392905866711, 3.510528649385904, 3.4056268758524832]",8.330748202911906,0.6745,12.764264086153739,0.0099191176468606,37.48434558823946,72.0,3.0,3.0,1.0
1,"[0.0, 0.0, 0.0]",0.0,0.0,0.0,0.0,0.0,3.0,3.0,1.0,0.33
2,"[0.6745, 0.6745]",0.6745,0.6745,0.0,0.6745,0.6745,2.0,1.0,2.0,0.67
