Cluster,Dist,mean,median,std,min,max,bag_count,day_count,Cluster_Rank,Cluster_perc
0,"[0.0, 0.6745000000000831, 0.6744999999999168, 0.0, 0.6745000000001069, 0.674499999999893, 0.0, 0.0, 0.0, 0.0, 0.0, 0.0]",0.2248333333333333,0.0,0.3179623492735508,0.0,0.6745000000001069,12.0,10.0,1.0,0.33
1,"[0.6745, 0.6745, 0.6745, 0.6745]",0.6745,0.6745,0.0,0.6745,0.6745,4.0,2.0,2.0,0.67
2,"[0.6745, 0.0, 2.7401562500002807]",1.1382187500000935,0.6745,1.1657302083329966,0.0,2.7401562500002807,3.0,1.0,3.0,1.0
