Cluster,Dist,mean,median,std,min,max,bag_count,day_count,Cluster_Rank,Cluster_perc
0,"[0.6745, 0.6745, 0.0, 5.845666666667415, 0.6745, 0.008242822927395577, 0.0, 0.6745, 0.6811163127176418, 1.1014616868572924, 0.9858076923076392, 0.6745, 0.0, 0.6744286956429814, 2.676726345083487, 0.6744286956429811, 0.6745713043570186]",0.9820558954237562,0.6745,1.3553778780627437,0.0,5.845666666667415,17.0,5.0,2.0,0.67
1,"[0.0, 0.0, 0.0, 0.0, 0.0, 0.0, 0.0, 0.0, 0.0, 0.0, 0.6745000000000748, 0.674499999999925, 0.0]",0.10376923076923075,0.0,0.24336041769237715,0.0,0.6745000000000748,13.0,12.0,1.0,0.33
2,"[0.9197727272728633, 4.598863636364317, 0.8380151515152876, 15.390863636365134, 0.5109848484847123, 0.1430757575756214, 0.3474696969695608, 0.14307575757589372]",2.861515151515424,0.6744999999999999,4.9306834190955575,0.1430757575756214,15.390863636365134,8.0,1.0,3.0,1.0
