Cluster,Dist,mean,median,std,min,max,bag_count,day_count,Cluster_Rank,Cluster_perc
0,"[0.0, 0.0, 0.0, 0.6745000000025675, 0.6744999999974325, 0.0, 0.0, 0.0, 0.6745000000000806, 0.6744999999999195, 0.0, 0.6744999999989428, 0.6745000000010573, 0.0]",0.2890714285714286,0.0,0.3337909342014879,0.0,0.6745000000025675,14.0,11.0,2.0,0.67
1,"[0.0, 0.6745, 2.698000000000946, 11.129249999997754, 0.0, 0.6745]",2.529374999999783,0.6745,3.951010054798471,0.0,11.129249999997754,6.0,2.0,3.0,1.0
2,[0.0],0.0,0.0,0.0,0.0,0.0,1.0,1.0,1.0,0.33
