Cluster,Dist,mean,median,std,min,max,bag_count,day_count,Cluster_Rank,Cluster_perc
0,"[0.6837251446607086, 0.6652748553392914, 0.6652748553392914, 1.0250554971067738, 0.1065, 0.6745, 15.841875000001716, 0.6922500000001183, 0.0, 6.922500000000632, 7.23639473684283, 0.21860526315790316, 0.6221842105263168, 6.384394736842746, 0.08034210526314396, 0.47644736842108115, 6.937447368421683, 0.035499999999986896, 6.668394736842741, 6.249868421053275, 6.432973684211092, 0.32323684210526965, 0.1625526315789817, 6.574973684211138, 0.5474473684210549, 0.5175526315789503, 0.390500000000055, 6.373184210526882, 0.21860526315790316, 6.586184210526904, 6.522657894737506, 0.7268157894736833, 6.694552631579558, 0.3269736842105576, 6.731921052632238, 6.687078947369082, 0.2709210526315366, 6.716973684211187, 0.14760526315792935, 0.5549210526316309, 0.08781578947371993, 0.15134210526311775, 6.776763157895396, 0.035499999999986896, 7.012184210526946, 0.03923684210527488, 6.619815789474297]",3.1152515696491943,0.6745,3.5835728311431274,0.0,15.841875000001716,47.0,3.0,2.0,0.67
1,"[0.0, 0.0]",0.0,0.0,0.0,0.0,0.0,2.0,2.0,1.0,0.33
2,"[0.6745, 0.6745, 0.0, 0.6745, 90.60261375507746]",18.52522275101549,0.6745,36.039642284928526,0.0,90.60261375507746,5.0,2.0,3.0,1.0
