Cluster,Dist,mean,median,std,min,max,bag_count,day_count,Cluster_Rank,Cluster_perc
0,"[1.3700781249999976, 1.0749843750000285, 0.27401562499997145, 0.27401562499997145, 0.0, 0.8332058823529205, 0.6745000000000001, 43.95879310344803, 1.0931551724138224, 0.2558448275861775, 0.2558448275861775, 0.6643462365591385, 0.6803021505376338, 0.7071370967741923, 0.6686978494623662, 0.720917204301075, 0.6643462365591385]",3.1864814316223904,0.6745000000000001,10.198712741757557,0.0,43.95879310344803,17.0,4.0,2.0,0.67
1,"[0.0, 0.0, 0.6745000000001729, 0.6744999999998271, 0.0, 0.0, 0.0, 0.0]",0.168625,0.0,0.2920670674263019,0.0,0.6745000000001729,8.0,7.0,1.0,0.33
2,"[7.769088414634049, 0.382490853658531, 0.6745, 0.3948292682926759, 7.8019908536584355, 7.546996951219414, 0.0, 22.224203389830436, 0.3543983050847438, 0.7087966101694876, 0.3886949152542315, 0.6745, 0.0, 21.869805084745693]",5.056449617610549,0.6745,7.532947421411693,0.0,22.224203389830436,14.0,2.0,3.0,1.0
