Cluster,Dist,mean,median,std,min,max,bag_count,day_count,Cluster_Rank,Cluster_perc
0,"[812.4352500000921, 0.6745, 0.6745, 702.4917500000787, 0.33724999999775346, 0.33724999999775346, 0.6745, 0.6745, 685.6292500000742, 704.1780000000764, 1.349, 1.349, 0.33724999999775346, 0.33724999999775346, 0.0, 0.0, 0.6745, 0.6745, 0.33724999999775346, 0.33724999999775346, 0.0, 0.0, 1.6862499999977534, 1.6862499999977534, 1.0117499999977535, 1.0117499999977535, 0.6745, 0.6745, 2.698, 2.698, 0.33725000000224653, 0.0, 680.9077500000742, 0.013613471016194022, 0.6768744426191022, 0.6721255573808977, 0.013613471016194022, 18.29112297582731, 18.95470053977944, 0.33725, 0.8431250000011232, 1.01175, 0.0, 1.01175, 0.0, 1.01175, 0.33725, 0.6745, 0.16862499999887673, 353.60662500003934, 0.1839545454540256, 118.89595454539521, 0.1839545454540256, 0.7971363636362894, 10.485409090903966, 0.4292272727266043, 1.287681818181447, 0.1839545454540256, 1.1650454545443405, 0.4292272727266043, 0.5518636363637106, 0.7971363636362894]",66.77264469213758,0.6745,198.65358729114186,0.0,812.4352500000921,62.0,4.0,3.0,1.0
1,"[0.6745, 0.9892666666669663, 1.0792, 0.0, 0.022483333333183562, 0.6745, 0.0, 677.8725000000763, 0.2662499999997884, 1.0827499999997385, 1.863749999999465, 0.26625000000026133]",57.06595416667296,0.6745,187.180993108686,0.0,677.8725000000763,12.0,3.0,2.0,0.67
2,"[0.6744999999998238, 0.6745000000001762, 0.0, 0.0, 0.6744999999996791, 0.674500000000321, 0.0, 0.6744999999999319, 0.674500000000068, 0.0, 0.0, 0.0]",0.33725000000000005,0.33724999999983957,0.33725,0.0,0.674500000000321,12.0,9.0,1.0,0.33
