Cluster,Dist,mean,median,std,min,max,bag_count,day_count,Cluster_Rank,Cluster_perc
0,"[0.22483333333233485, 0.6745, 0.22483333333233485, 0.6745, 0.22483333333533023, 1.5738333333383256, 1.5738333333383256, 1.5738333333383256, 0.6869488255033542, 0.0, 0.6778951342281875, 0.00679026845637508, 0.6745]",0.6762410944771458,0.6745,0.5500989627159257,0.0,1.5738333333383256,13.0,2.0,4.0,0.8
1,"[0.6745, 0.6745, 0.0, 0.0, 0.6745, 0.6745, 0.6745, 0.6745, 0.6745, 0.6745]",0.5396,0.6745,0.2698,0.0,0.6745,10.0,5.0,2.0,0.4
2,"[0.6745, 0.6745, 0.0, 0.8993333333333332, 0.6745, 0.0, 8.094, 0.6745, 0.0, 655.1194421140929, 0.0, 0.6745]",55.62377295395218,0.6745,180.767352881169,0.0,655.1194421140929,12.0,4.0,5.0,1.0
3,"[0.0, 0.0, 0.6744999999998047, 0.6745000000001953, 0.6745000000006418, 0.6744999999993581, 0.0]",0.38542857142857134,0.6744999999993581,0.3337909342014879,0.0,0.6745000000006418,7.0,5.0,1.0,0.2
4,"[0.0, 0.6745, 0.2698, 0.6745, 1.349]",0.5935599999999999,0.6745,0.4562732014922638,0.0,1.349,5.0,1.0,3.0,0.6
