Cluster,Dist,mean,median,std,min,max,bag_count,day_count,Cluster_Rank,Cluster_perc
0,"[0.8584545454544897, 0.49054545454530596, 15.206909090905915, 0.49054545454551024, 0.7244629629629568, 0.8493703703703488, 0.0749444444444352, 0.29977777777778236, 0.6745, 0.0, 0.2498148148148256, 4.196888888888829, 1.6987407407406976, 0.0499629629629568, 2.273314814814784, 0.5901874999999649, 1.601937499999965, 0.44966666666665106, 0.028104166666662763, 0.19672916666663937, 2.9228333333332555, 2.051604166666616, 1.2084791666666392, 0.28104166666667446, 0.6744999999999999, 0.5620833333333022, 0.3934583333333255, 0.6463958333332903, 0.9274374999999649, 5.255479166666499, 0.5620833333333022, 0.0, 3.8221666666665577, 0.6744999999999999, 1.0117499999999533, 1.2084791666666392, 2.6979999999999063, 0.8150208333333138, 0.22483333333334893, 2.8385208333332668, 0.2529375000000117, 1.939187499999965, 0.7570918367347084, 0.7295612244898132, 0.0, 0.6745, 0.20647959183673656, 0.15368354430377804, 1.1611645569619922, 1.0416329113924154, 1.2294683544303664, 0.3073670886075845, 0.15368354430380649]",1.290382672508599,0.6745,2.2252767560705484,0.0,15.206909090905915,53.0,5.0,4.0,1.0
1,"[0.0, 0.0, 0.0, 0.0, 0.0, 0.6745000000000111, 0.674499999999989, 0.0, 0.6745, 0.31130769230768124, 1.3662948717948407, 0.0, 0.8474487179486957, 0.0, 0.0, 0.0]",0.2842844551282011,0.0,0.4148502600860257,0.0,1.3662948717948407,16.0,11.0,1.0,0.25
2,"[0.4761176470588268, 0.476117647058808, 0.8728823529411731, 1.7457647058823462, 0.6745, 0.8932567567567978, 0.5833513513513595, 0.0, 1.1302432432432628]",0.7613593004769528,0.6745,0.4614697112691663,0.0,1.7457647058823462,9.0,2.0,2.0,0.5
3,"[0.6745, 0.7076721311475374, 0.0, 4.017673913043627, 0.6744999999999999, 0.0]",1.012391007365194,0.6744999999999999,1.378573580794699,0.0,4.017673913043627,6.0,2.0,3.0,0.75
