Cluster,Dist,mean,median,std,min,max,bag_count,day_count,Cluster_Rank,Cluster_perc
0,"[0.6745000000000001, 0.6745000000000001, 0.6745, 0.6745, 0.6744999999999999, 0.6744999999999999, 0.6745, 0.6745]",0.6745,0.6745,7.850462293418876e-17,0.6744999999999999,0.6745000000000001,8.0,4.0,3.0,1.0
1,"[0.0, 0.0, 0.0, 1.3489999999992512, 0.6745000000000001, 0.0, 0.0, 0.0]",0.25293749999990645,0.0,0.46943213284088775,0.0,1.3489999999992512,8.0,6.0,1.0,0.33
2,"[0.0, 0.899333333332834, 0.6745000000000001]",0.5246111111109447,0.6745000000000001,0.3821431846574294,0.0,0.899333333332834,3.0,1.0,2.0,0.67
