Cluster,Dist,mean,median,std,min,max,bag_count,day_count,Cluster_Rank,Cluster_perc
0,"[0.0, 0.0]",0.0,0.0,0.0,0.0,0.0,2.0,2.0,1.5,0.5
1,"[2.375941441441582, 0.6258873873873902, 2.217950450450601, 0.054689189189226384, 6.374328828829134, 0.05468918918914543, 0.7231126126126096, 0.15191441441444578, 6.483707207207506, 0.15191441441444578]",1.9214135135136086,0.6744999999999999,2.3933949708975186,0.05468918918914543,6.483707207207506,10.0,1.0,3.0,1.0
2,[0.0],0.0,0.0,0.0,0.0,0.0,1.0,1.0,1.5,0.5
