Cluster,Dist,mean,median,std,min,max,bag_count,day_count,Cluster_Rank,Cluster_perc
0,"[3.3725, 0.6745, 0.0, 0.6745, 0.0, 10.784001976284745, 0.6745, 0.6745]",2.106812747035593,0.6745,3.4274439504158924,0.0,10.784001976284745,8.0,3.0,2.0,0.67
1,"[0.0, 0.0, 0.0, 0.6745000000004993, 0.6744999999995008, 0.6745000000002139, 0.674499999999786, 0.0]",0.33725,0.3372499999997504,0.33725,0.0,0.6745000000004993,8.0,6.0,1.0,0.33
2,"[689.0017500000764, 0.6745, 680.9077500000742, 686.3037500000742, 0.33725, 0.0, 0.0, 0.6745]",257.2374375000281,0.6745,331.66320311479217,0.0,689.0017500000764,8.0,1.0,3.0,1.0
