Cluster,Dist,mean,median,std,min,max,bag_count,day_count,Cluster_Rank,Cluster_perc
0,"[0.0, 0.0, 0.0, 0.0, 0.0]",0.0,0.0,0.0,0.0,0.0,5.0,5.0,1.0,0.33
1,"[1.6462372881355596, 1.7376949152541934, 0.8459830508475144, 0.5030169491524855, 0.3429661016948765, 0.16005084745760906, 0.16005084745760906, 1.4175932203389752]",0.8516991525423528,0.6744999999999999,0.6198479109910602,0.16005084745760906,1.7376949152541934,8.0,1.0,2.0,0.67
2,"[0.0, 10.904416666667414, 0.6745]",3.859638888889138,0.6745,4.98901513435327,0.0,10.904416666667414,3.0,1.0,3.0,1.0
