Cluster,Dist,mean,median,std,min,max,bag_count,day_count,Cluster_Rank,Cluster_perc
0,"[0.6744999999997957, 0.6745000000002042, 0.6745000000000025, 0.6744999999999974]",0.6744999999999999,0.6745,1.4442056822439387e-13,0.6744999999997957,0.6745000000002042,4.0,2.0,2.0,0.67
1,"[0.47611764705878656, 2.6236066176469373, 9.353727941176153, 0.2529374999999959, 9.998470588234948, 0.6745, 0.039676470588229464, 0.719136029411725, 9.036316176470285, 0.0, 0.34716911764704084]",3.0474234625667367,0.6745,3.9912420914083278,0.0,9.998470588234948,11.0,1.0,3.0,1.0
2,[0.0],0.0,0.0,0.0,0.0,0.0,1.0,1.0,1.0,0.33
