Cluster,Dist,mean,median,std,min,max,bag_count,day_count,Cluster_Rank,Cluster_perc
0,"[20.9443879310344, 0.5116896551724325, 0.6745, 20.06056034482745, 0.0, 0.2907327586206563, 0.6977586206896526, 21.432818965517104, 0.2674741379310812, 9.08411509433971, 9.313190566037834, 0.18580566037735674, 0.19598679245282744, 0.09926603773585603, 0.2825264150943282, 9.7357075471699, 9.638986792452929, 1.0664735849056717, 0.09926603773585603, 22.923354078389764, 0.6527073622881356, 0.7498810911016935, 0.6269849046610152, 0.6962926377118643, 0.6269849046610152]",5.234298076836341,0.6745,7.753378916320784,0.0,22.923354078389764,25.0,3.0,6.0,0.86
1,"[21.26626033057851, 1.1650454545454376, 0.18395454545456233, 0.18395454545456233, 6.744999999999947, 0.16059523809524573, 0.6745, 0.0, 7.303068452380886]",4.18693095183435,0.6745,6.626679205642762,0.0,21.26626033057851,9.0,2.0,5.0,0.71
2,"[0.7242953020134184, 17.020939597315785, 16.350966442953368, 0.0362147651006679, 0.6247046979865817, 0.977798657718154, 0.3712013422819063, 0.7424026845637522, 17.74523489932926, 0.47079194630874305, 0.17202013422817256, 0.0362147651006679, 0.8275378151260332, 1.0655966386554938, 20.132974789915902, 0.20405042016804437, 0.5214621848739667, 0.5214621848739667, 0.2040504201681199, 0.8728823529411542]",3.981140102081157,0.6745000000000001,6.951007524509163,0.0362147651006679,20.132974789915902,20.0,2.0,4.0,0.57
3,"[0.6745, 14.594493750000412, 0.0, 0.09388644688643658, 4.738794871794878, 0.09388644688645303, 1.2551135531135469, 1.1991111111111294, 0.1498888888888704, 2.7979259259259135, 0.1498888888888704]",2.3406808984996825,0.6745,4.118117915371568,0.0,14.594493750000412,11.0,3.0,3.0,0.43
4,"[0.6745, 0.6745, 0.6745, 0.6745]",0.6745,0.6745,0.0,0.6745,0.6745,4.0,2.0,2.0,0.29
5,"[0.0, 0.6744999999999495, 0.6745000000000505, 0.0, 0.0]",0.2698,0.0,0.33043616630145073,0.0,0.6745000000000505,5.0,4.0,1.0,0.14
6,"[14.346573619631712, 0.4924263803681205, 15.07486809815934, 0.8565736196318795, 0.38483742331286386, 0.38483742331286386, 0.5620833333331253, 0.6745, 0.6745, 0.0, 69.96063888887073]",9.40107625332915,0.6745,19.90404818252191,0.0,69.96063888887073,11.0,2.0,7.0,1.0
