Cluster,Dist,mean,median,std,min,max,bag_count,day_count,Cluster_Rank,Cluster_perc
0,"[0.6745, 0.6745, 0.6745, 0.6745]",0.6745,0.6745,0.0,0.6745,0.6745,4.0,2.0,2.0,0.5
1,"[0.0, 0.0, 0.0, 0.6745000000000001, 0.6745, 0.0]",0.22483333333333336,0.0,0.31796234927355094,0.0,0.6745000000000001,6.0,5.0,1.0,0.25
2,"[0.0, 2.5488277721261445, 0.6745]",1.074442590708715,0.6745,1.0782999922370027,0.0,2.5488277721261445,3.0,1.0,4.0,1.0
3,"[0.7306555672133561, 1.1008626649732176, 0.45503018756787605, 0.4550301875678761, 0.9621063927697094, 0.618344432786644]",0.7203382388131132,0.6745000000000001,0.243083177470947,0.45503018756787605,1.1008626649732176,6.0,1.0,3.0,0.75
