Cluster,Dist,mean,median,std,min,max,bag_count,day_count,Cluster_Rank,Cluster_perc
0,"[0.0, 15.429187499988837, 0.6745, 0.6745, 0.6745, 0.6745, 0.0, 0.168625, 0.6745, 0.6745]",1.964481249998883,0.6745,4.496955603343945,0.0,15.429187499988837,10.0,3.0,2.0,0.67
1,"[0.0, 0.0, 0.0]",0.0,0.0,0.0,0.0,0.0,3.0,3.0,1.0,0.33
2,"[96639.07181251064, 1.9391875000016847, 0.9274375000005616, 0.25293750000056164, 0.42156249999943834, 0.2529374999994384, 100.66912500001123, 0.6745, 0.6745, 0.0, 0.0]",8794.989454546421,0.6745,27778.75268214092,0.0,96639.07181251064,11.0,2.0,3.0,1.0
