Cluster,Dist,mean,median,std,min,max,bag_count,day_count,Cluster_Rank,Cluster_perc
0,"[0.42550233644859375, 0.6745, 0.0, 0.8415490654205635, 73.13912383177579, 12.449883177570102, 0.2111752336448578, 0.13274734042552977, 4.943941489361727, 0.6744999999999999, 0.0, 0.13274734042552977, 76.609566489362, 640.4592765957472, 0.0, 0.29055384615384233, 75.16783653846213, 456.20066923077275, 0.6745, 0.3331867469879658, 0.43070481927708365, 0.9182951807229163, 66.58046385542103, 0.33318674698793876, 1.0401927710842933, 0.23185937499999884, 13.32925918416029, 13.004881321564872, 0.23185937499999992, 0.7161735448473279, 0.6328264551526721]",46.47777296425087,0.6745,135.97615778198767,0.0,640.4592765957472,31.0,5.0,4.0,0.8
1,"[4134.7119799999045, 0.809399999999982, 0.539600000000018, 0.539600000000018, 0.0, 3.9947401360544217, 7.172255782312925, 0.6745, 0.6707809523809523, 84.88707407407412, 1.0658765432098707, 0.28312345679011086, 0.2831234567901294, 0.6745, 2.412274305555542, 0.28104166666666536, 3.7612743055555415, 0.0]",235.70895248218307,0.6745,945.8412929478851,0.0,4134.7119799999045,18.0,4.0,5.0,1.0
2,"[0.78109673024522, 0.8729904632152617, 0.56790326975478, 0.5679032697547677, 0.0, 0.6745, 24.153665929203346, 7.677819148935895, 0.6745, 0.0]",3.597037881110927,0.6745,7.18254009888087,0.0,24.153665929203346,10.0,3.0,3.0,0.6
3,"[0.674499999999984, 0.674500000000016, 0.0, 0.6745000000000048, 0.6744999999999951, 0.0, 0.6745, 1.2785298507463092, 0.0, 0.0]",0.46510298507463094,0.6744999999999896,0.41787342126486776,0.0,1.2785298507463092,10.0,6.0,1.0,0.2
4,"[0.6745, 0.6745, 0.6745, 0.6745, 0.6744999999999999, 0.6744999999999999]",0.6745,0.6745,6.409875621278546e-17,0.6744999999999999,0.6745,6.0,3.0,2.0,0.4
