Cluster,Dist,mean,median,std,min,max,bag_count,day_count,Cluster_Rank,Cluster_perc
0,"[9.560493548387123, 0.6745, 0.5787645161290352, 11.131425806451642, 0.0, 0.6745, 0.6745]",3.3277405529954,0.6745,4.464054789923435,0.0,11.131425806451642,7.0,2.0,3.0,0.6
1,"[0.0, 1.5265000000000435, 0.6745, 0.6745000000000562, 0.6744999999999438, 0.6744999999999726, 0.6745000000000274, 0.0, 0.6744999999999912, 0.6745000000000086, 0.0, 1.6300416666667408, 0.6745]",0.6578878205128296,0.6745,0.4804026426736098,0.0,1.6300416666667408,13.0,6.0,2.0,0.4
2,"[38.64702702702693, 0.018229729729727678, 1.0573243243243267, 0.018229729729727678, 0.2916756756756732, 1.2760810810810892]",6.884761261261244,0.6744999999999999,14.212817743610534,0.018229729729727678,38.64702702702693,6.0,1.0,5.0,1.0
3,"[1.4132380952380608, 0.0, 0.4336071428571448, 0.7226785714285657, 0.6745]",0.6488047619047543,0.6745,0.4599420703565715,0.0,1.4132380952380608,5.0,1.0,1.0,0.2
4,"[1.2323297297297202, 15.889032432432174, 0.11667027027027986, 0.1166702702702677, 21.70531294964007, 1.0627014388489229, 0.28629856115107716, 0.28629856115107716, 0.8371453900709126, 0.5118546099290873, 20.469400709219947, 0.5118546099290714, 0.6767052779075196, 0.6722947220924799, 0.7063190098085003, 0.6722947220924803]",4.109573954033975,0.6744999999999999,7.408970349070902,0.1166702702702677,21.70531294964007,16.0,4.0,4.0,0.8
