Cluster,Dist,mean,median,std,min,max,bag_count,day_count,Cluster_Rank,Cluster_perc
0,"[0.0, 0.6744999999997753, 0.6745000000002247, 0.0, 0.0, 0.6744999999999721, 0.6745000000000279]",0.38542857142857134,0.6744999999997753,0.3337909342014879,0.0,0.6745000000002247,7.0,5.0,1.0,0.33
1,"[0.0, 0.6745, 171.80478571430498, 0.0, 0.9836458333330603, 0.6745]",29.022905257939673,0.6745,63.855028092672065,0.0,171.80478571430498,6.0,2.0,3.0,1.0
2,"[0.6745, 0.6745]",0.6745,0.6745,0.0,0.6745,0.6745,2.0,1.0,2.0,0.67
