Cluster,Dist,mean,median,std,min,max,bag_count,day_count,Cluster_Rank,Cluster_perc
0,"[0.0, 17.948856094808217, 0.023980530474045712, 0.6745, 0.6798290067720135, 0.684743574766359, 0.7958469626167968, 0.6642564252336409, 0.6642564252336409]",2.45958544665608,0.6745,5.483488367917935,0.0,17.948856094808217,9.0,2.0,3.0,0.75
1,"[0.0, 0.0, 0.0, 0.0, 0.0, 0.6744999999999893, 0.6745000000000105, 0.0, 0.0, 0.0, 0.0, 0.0, 0.0, 0.0]",0.09635714285714284,0.0,0.23602583307246477,0.0,0.6745000000000105,14.0,13.0,1.0,0.25
2,"[0.6745, 0.6745, 0.6745, 0.6745, 0.6745, 0.6745]",0.6745,0.6745,0.0,0.6745,0.6745,6.0,3.0,2.0,0.5
3,"[0.0, 38.87368333335494, 0.6745]",13.182727777784981,0.6745,18.168335744387875,0.0,38.87368333335494,3.0,1.0,4.0,1.0
