Cluster,Dist,mean,median,std,min,max,bag_count,day_count,Cluster_Rank,Cluster_perc
0,"[0.41507692307692307, 0.41507692307692307, 1.3490000000002305, 0.933923076923077, 1278.6833750001404, 0.6745, 0.0]",183.2101359890311,0.6745,447.2252528551041,0.0,1278.6833750001404,7.0,2.0,3.0,1.0
1,"[0.0, 0.0, 0.0, 0.0, 0.0, 0.0, 0.674500000000321, 0.6744999999996791, 0.0]",0.1498888888888889,0.0,0.28041643415322487,0.0,0.674500000000321,9.0,8.0,1.0,0.33
2,"[0.6745000000000001, 0.6745000000000001]",0.6745000000000001,0.6745000000000001,0.0,0.6745000000000001,0.6745000000000001,2.0,1.0,2.0,0.67
