Cluster,Dist,mean,median,std,min,max,bag_count,day_count,Cluster_Rank,Cluster_perc
0,"[0.0, 0.6744999999999901, 0.67450000000001, 0.0, 0.0, 0.6744999999998367, 0.6745000000001633, 0.0, 0.0, 0.6744999999996543, 0.6745000000003456]",0.36790909090909096,0.6744999999996543,0.33585351367021327,0.0,0.6745000000003456,11.0,8.0,1.0,0.2
1,"[0.0, 31.555662162160242, 0.6745, 169.78128571446652, 0.0, 0.6745]",33.78099131277113,0.6745,61.88082962357108,0.0,169.78128571446652,6.0,2.0,4.0,0.8
2,"[0.7494444444428913, 0.6745, 0.5995555555551118, 0.1498888888897764, 0.0, 128.97938888880591, 133.17627777769368]",37.76129365076963,0.6745,59.02976874227129,0.0,133.17627777769368,7.0,1.0,5.0,1.0
3,"[0.6745, 0.6745, 0.6745, 0.6745, 0.6745000000000001, 0.6745000000000001, 0.6745, 0.6745]",0.6745000000000001,0.6745,9.614813431917819e-17,0.6745,0.6745000000000001,8.0,4.0,2.0,0.4
4,"[0.5058749999977534, 0.8431249999992511, 9.27437499997978, 0.5058750000007488]",2.782312499994384,0.6744999999999999,3.750721898735702,0.5058749999977534,9.27437499997978,4.0,1.0,3.0,0.6
