Cluster,Dist,mean,median,std,min,max,bag_count,day_count,Cluster_Rank,Cluster_perc
0,"[0.01498888888888667, 0.1948555555555267, 1.1241666666667, 3.4924111111109934, 1.2440777777777932, 0.01498888888888667, 0.6145444444444533, 0.4346777777777134, 1.4838999999998803, 0.7344555555555466, 4.204383333333466, 0.3372499999999625, 0.7419500000000673, 0.562083333333271, 2.9003500000001274, 0.6070499999999326, 0.33725000000011235, 1.236583333333196, 0.3325000000000321, 0.5985000000000071, 0.7504999999999928, 0.3324999999999688, 1.5105000000000481, 0.9595000000000364, 4.33607142857207, 0.0, 0.6745, 0.0, 2.445062499999772, 0.2950937499999386, 0.8852812499999562, 1.7284062499997805, 0.6745, 0.6323437499998683, 0.6745, 0.6745]",1.0495618220899443,0.6745,1.0926634036989635,0.0,4.33607142857207,36.0,6.0,2.0,0.67
1,"[0.0, 0.0, 1.4360322580645069, 0.6745, 0.0, 1.348999999999893, 0.6745, 0.6745000000000624, 0.6744999999999376, 0.0, 0.0]",0.49845747800585455,0.6744999999999376,0.5195043280090981,0.0,1.4360322580645069,11.0,6.0,1.0,0.33
2,"[1.184932432432447, 1.2760810810811485, 0.23698648648646514, 1.3125405405406045, 0.6745, 0.0, 0.21875675675679776, 30.40718918918979, 1.1302432432432628, 0.07291891891891235, 0.5468918918919033]",3.369185503685576,0.6745,8.563281387701084,0.0,30.40718918918979,11.0,1.0,3.0,1.0
