Cluster,Dist,mean,median,std,min,max,bag_count,day_count,Cluster_Rank,Cluster_perc
0,"[52.151765957447004, 0.08610638297876205, 58.83936170212791, 0.9471702127659524, 0.4018297872340476, 0.08610638297871426, 0.2138658536585192, 0.6745, 30.862487804878967, 0.0, 30.28669512195213, 0.19741463414632543, 0.8719146341463802]",13.509170651870363,0.6745,20.905570778588654,0.0,58.83936170212791,13.0,2.0,4.0,0.67
1,"[1.512515151515169, 0.6745, 0.0, 0.0, 0.6744999999999993, 0.6745000000000005, 0.0, 0.6744999999999994, 0.6745000000000005, 0.0, 0.0, 0.6745, 1.2740555555556805, 0.0, 0.0]",0.45557138047139,0.6744999999999993,0.48493586528778065,0.0,1.512515151515169,15.0,9.0,1.0,0.17
2,"[0.6717128099173557, 0.6772871900826443, 0.7232758264462802, 0.6717128099173545, 34.17751265822731, 0.26467721518986836, 1.0843227848101318, 0.26467721518986836, 671.288689189189, 0.020148648648648553, 1.3288513513513516, 0.020148648648648553]",59.266084695634866,0.6745,184.76380143012008,0.020148648648648553,671.288689189189,12.0,3.0,6.0,1.0
3,"[0.6745, 31.10925609756061, 0.0, 0.6745, 132.47180000001458, 0.0, 0.0, 0.6745, 14.164499999989328]",19.974339566396058,0.6745,40.998364941874236,0.0,132.47180000001458,9.0,3.0,5.0,0.83
4,"[0.6745, 0.6745, 0.6745, 0.6745]",0.6745,0.6745,0.0,0.6745,0.6745,4.0,2.0,3.0,0.5
5,"[1.199111111111125, 1.105430555555578, 0.26230555555556245, 0.6745, 1.105430555555578, 0.0, 0.29977777777778125]",0.6637936507936607,0.6745,0.4489810651096304,0.0,1.199111111111125,7.0,1.0,2.0,0.33
