Cluster,Dist,mean,median,std,min,max,bag_count,day_count,Cluster_Rank,Cluster_perc
0,"[0.0, 0.0, 0.0, 0.0, 0.6745000000000001, 0.6744999999999999, 0.0, 0.0, 0.0, 0.0, 0.6744999999999952, 0.6745000000000048, 0.0, 0.6745, 1.9560499999999998, 0.0, 0.0]",0.3134441176470588,0.0,0.5105176265558531,0.0,1.9560499999999998,17.0,13.0,1.0,0.25
1,"[0.6743733957438821, 0.6746266042561179, 0.6743733957438817, 0.9851235423852085, 0.5745740740740823, 0.7744259259259177, 32.56752469135884, 0.5745740740740823]",4.687449462945252,0.6745,10.538390291166332,0.5745740740740823,32.56752469135884,8.0,2.0,2.0,0.5
2,"[0.44750480769229356, 11.557298076922892, 0.0, 0.5253317307692067, 0.6745, 0.8431249999999784, 305.6263269230714]",45.66772664835083,0.6745,106.19649986882364,0.0,305.6263269230714,7.0,1.0,3.0,0.75
3,"[0.0, 0.6745, 590.979697986563, 0.6745, 4.721500000011981, 0.0]",99.50836633109581,0.6745,219.79866396156655,0.0,590.979697986563,6.0,2.0,4.0,1.0
