Cluster,Dist,mean,median,std,min,max,bag_count,day_count,Cluster_Rank,Cluster_perc
0,"[0.0, 0.0]",0.0,0.0,0.0,0.0,0.0,2.0,2.0,1.0,0.33
1,"[0.612151260504085, 0.17004201680695874, 0.9295630252102871, 0.736848739495915, 0.17004201680665668, 20.869823529415427]",3.9147450980398886,0.6745,7.587684652081609,0.17004201680665668,20.869823529415427,6.0,1.0,2.0,0.67
2,"[0.0, 0.6745, 27.247474137927796]",9.307324712642599,0.6745,12.688589588384009,0.0,27.247474137927796,3.0,1.0,3.0,1.0
