Cluster,Dist,mean,median,std,min,max,bag_count,day_count,Cluster_Rank,Cluster_perc
0,"[0.3468857142857143, 0.0, 35.24744285714684, 0.2505285714286998, 33.763542857146575, 1.1755571428572713, 0.6745, 0.8479428571429855, 0.057814285714285714, 34.30314285714671, 0.07708571428571429, 0.36615714285714285, 33.532285714289436, 7.839293706293855, 0.41507692307691585, 8.301538461538598, 8.089283216783373, 0.6745, 7.976080419580556, 0.2924405594405636, 0.0, 0.5188461538461684, 0.11582323232326212, 1.028782828282826, 0.9742777777777828, 0.11582323232326212, 0.2929646464646524, 22.89893434343376, 1.2331767676767378, 0.3747222222222172, 0.0, 0.4496666666667023, 0.7547976190476062, 0.6423809523809574, 28.13628571428435, 28.65019047618903, 26.72304761904627, 0.6745, 0.11241666666664885, 0.05370222929937167, 0.10955254777070333, 7.550533439490489, 0.05370222929937167, 7.219727707006391, 0.2212531847133666, 0.6680557324840771, 7.554829617834438, 0.6809442675159229, 0.3973964968152874, 7.095138535031882, 6.979141719745241, 0.7901285714286246, 0.36615714285710804, 0.13489999999998717, 0.20234999999998074, 0.0, 0.6745, 0.20234999999998074, 0.828671428571478, 0.9828428571428921, 16.775778571428837, 0.308342857142892, 17.276835714285934, 16.69869285714313]",5.964894744166482,0.6745,10.196711629426892,0.0,35.24744285714684,64.0,6.0,2.0,0.5
1,"[0.9212682926828867, 0.3454756097560414, 0.6745, 0.0, 29.974121951217928, 0.32975555555555663, 12.785522222221726, 12.163483333332831, 0.6744999999999999, 0.0, 0.8543666666663672, 160.755833333351, 0.49463333333363285, 0.49463333333303383]",15.747720973675072,0.6744999999999999,41.04321922001951,0.0,160.755833333351,14.0,3.0,3.0,0.75
2,"[0.0, 0.0, 0.0, 0.0]",0.0,0.0,0.0,0.0,0.0,4.0,4.0,1.0,0.25
3,"[0.0, 1089.65474999979, 0.6745, 0.6745, 0.6745, 0.7588125000001872, 0.6745, 0.0]",136.63894531247377,0.6745,360.2062358541412,0.0,1089.65474999979,8.0,3.0,4.0,1.0
