Cluster,Dist,mean,median,std,min,max,bag_count,day_count,Cluster_Rank,Cluster_perc
0,"[0.6745, 0.0, 0.843125, 0.0, 276.8822500000303, 0.9442999999978433, 0.6744999999982028, 0.6745, 0.6745, 0.0, 0.0, 0.0]",23.4473062500022,0.6744999999991014,76.41437947345501,0.0,276.8822500000303,12.0,3.0,3.0,0.75
1,"[0.0, 0.6744999999955069, 0.6745000000044931, 0.0, 0.0, 0.0, 0.0, 0.6744999999991014, 0.6745000000008986, 0.6745000000014977, 0.6744999999985023]",0.3679090909090909,0.6744999999955069,0.3358535136702132,0.0,0.6745000000044931,11.0,8.0,2.0,0.5
2,"[0.6745, 1335.5100000001482, 0.0, 0.6745, 0.0, 95.00814285715313, 1.4239444444428913, 0.37472222222144563, 0.524611111111222, 0.3747222222224441, 0.8243888888887779, 0.9742777777765573]",119.69698412699707,0.6745,367.5017248942733,0.0,1335.5100000001482,12.0,3.0,4.0,1.0
3,"[0.0, 0.0, 0.6745, 0.6745]",0.33725,0.33725,0.33725,0.0,0.6745,4.0,2.0,1.0,0.25
