Cluster,Dist,mean,median,std,min,max,bag_count,day_count,Cluster_Rank,Cluster_perc
0,"[0.0, 0.0, 0.0, 0.0, 0.6745, 1.1129249999997417, 0.0, 0.0, 0.0]",0.1986027777777491,0.0,0.3856545281228731,0.0,1.1129249999997417,9.0,7.0,1.0,0.33
1,"[0.6745, 0.6745, 0.6745, 0.6745]",0.6745,0.6745,0.0,0.6745,0.6745,4.0,2.0,2.0,0.67
2,"[0.6729868199663478, 0.6729868199663478, 0.6797961301177772, 0.6760131800336522]",0.6754457375210312,0.6745,0.002799127445848628,0.6729868199663478,0.6797961301177772,4.0,1.0,3.0,1.0
