Cluster,Dist,mean,median,std,min,max,bag_count,day_count,Cluster_Rank,Cluster_perc
0,"[0.6745000000014977, 0.6744999999985023, 0.0, 0.0]",0.33725,0.33724999999925115,0.33725,0.0,0.6745000000014977,4.0,3.0,1.0,0.33
1,"[0.6613442277279907, 0.6613442277279907, 0.6876557722720092, 0.6969003690036945]",0.6768111491829213,0.6745,0.015808493931568145,0.6613442277279907,0.6969003690036945,4.0,1.0,2.0,0.67
2,"[126.46875000001393, 0.0, 0.6745]",42.381083333337976,0.6745,59.4595969357737,0.0,126.46875000001393,3.0,1.0,3.0,1.0
