Cluster,Dist,mean,median,std,min,max,bag_count,day_count,Cluster_Rank,Cluster_perc
0,"[0.09870731707317697, 22.472365853658264, 0.4825691056910528, 0.0987073170731587, 22.83429268292655, 0.8664308943089472, 10.198250000000051, 0.2850000000000016, 0.6745, 9.357500000000044, 0.0]",6.124393015521023,0.6745,8.564877581059008,0.0,22.83429268292655,11.0,2.0,6.0,1.0
1,"[1.2950399999999622, 0.6745, 0.0, 0.0, 0.0, 0.0, 0.6744999999999796, 0.6745000000000204, 0.0, 0.6744999999999791, 0.6745000000000209, 0.6745000000000003, 0.6744999999999997, 0.0]",0.42975285714285444,0.6744999999999793,0.40321521163248797,0.0,1.2950399999999622,14.0,9.0,1.0,0.17
2,"[0.6745, 0.6745]",0.6745,0.6745,0.0,0.6745,0.6745,2.0,1.0,2.0,0.33
3,"[0.0, 7.335187500000842, 0.6745, 16.399289156626672, 0.0, 0.6745]",4.180579442771252,0.6745,6.038599370423744,0.0,16.399289156626672,6.0,2.0,5.0,0.83
4,"[0.7324246183206112, 0.6770744274809157, 0.6719255725190842, 0.6719255725190842, 1.1321964285714543, 0.21680357142854562, 0.21680357142854562, 4.119267857142848]",1.0548027024263862,0.6745,1.190652007958317,0.21680357142854562,4.119267857142848,8.0,2.0,3.0,0.5
5,"[0.5969505347593579, 0.2218275401069512, 7.450159090909078, 0.7520494652406421, 0.1677232620320849, 0.3552847593582913, 7.5764024064171, 7.21210026737967, 0.3661056149732633, 0.1677232620320849, 0.4598863636363665, 7.43573128342245, 7.280632352941165, 7.428517379679134, 7.471800802139025, 0.5284184491978622]",3.4669570521390325,0.6745,3.4793250054959657,0.1677232620320849,7.5764024064171,16.0,1.0,4.0,0.67
