Cluster,Dist,mean,median,std,min,max,bag_count,day_count,Cluster_Rank,Cluster_perc
0,"[0.4777708333333139, 0.0, 10.595270833333034, 0.6744999999999999, 5.958083333333161, 0.0, 0.6745, 3.131607142857091, 0.4817857142857372, 1388.4582499999876, 0.11902941176469423, 1.349, 0.11902941176469423, 1.2299705882353056, 1.2271024096385665, 0.3981987951807371, 0.12189759036146061, 0.7070060240963958, 2.6086084337349487, 0.6582469879517953, 0.17065662650603405, 0.6907530120482047, 0.7720180722891604, 0.12189759036143355, 1.5034036144578429, 0.5607289156626756, 0.6745, 0.6903705882352922, 0.0, 0.0, 0.6745, 13.321375000001686, 1.6637666666666318, 0.4946333333333533, 1.7986666666666915, 0.0, 0.6745, 242.14550000002671, 238.23340000002625, 0.6745, 0.6745, 0.0]",45.82213160943191,0.6745,215.77003448386398,0.0,1388.4582499999876,42.0,8.0,3.0,1.0
1,"[0.6744999999999993, 0.6745000000000007, 0.6745000000000865, 0.6744999999999135, 0.0, 0.6744999999999952, 0.6745000000000049, 0.0, 0.0]",0.4496666666666667,0.6744999999999952,0.3179623492735509,0.0,0.6745000000000865,9.0,6.0,1.0,0.33
2,"[0.9518644859812949, 1.493985981308393, 0.3971355140187051, 22.25849999999966, 0.17020093457943908, 22.208070093457614, 0.17020093457941807, 0.37192056074763824, 0.014988888888887223, 0.5470944444444461, 8.288855555555546, 12.882949999999992, 0.0, 8.438744444444444, 1.3340111111111128, 0.1423944444444411, 12.875455555555549, 0.6745, 0.5246111111111028, 0.0, 0.1866919642857121, 14.206656249999874, 0.12646875000000501, 0.4878080357142878, 0.24691517857141923, 10.6233749999999, 0.8009687499999949, 6.967825892857077, 3.2881874999999803, 0.6745, 10.599285714285616, 3.161718749999975, 0.018066964285712136, 0.0361339285714343, 10.593263392857045, 0.716656249999995, 0.006022321428570712, 0.03011160714286359, 13.448943478260992, 0.029326086956518765, 6.316839130434846, 0.8739173913043569, 0.47508260869564306, 6.422413043478313, 20.41682173913061, 0.06451739130434128, 0.4398913043478401, 0.17009130434782838, 6.258186956521808, 0.029326086956518765, 0.09870731707317339, 0.23854268292683, 0.5511158536585298, 0.38660365853658324, 0.8965914634146298, 0.7978841463414701, 0.15628658536584988, 0.8225609756097602, 0.09870731707317339, 9.319615853658522, 2.7802560975609665, 0.9294939024390301]",3.6860945594455683,0.6745,5.753198514853739,0.0,22.25849999999966,62.0,5.0,2.0,0.67
