Cluster,Dist,mean,median,std,min,max,bag_count,day_count,Cluster_Rank,Cluster_perc
0,"[0.7531916666667241, 0.5958083333331261, 0.5958083333332759, 40.32385833332879, 0.5540535714285714, 21.114258928573754, 21.77671428571669, 0.0, 0.6745]",9.598688161375659,0.6745,13.819779041222251,0.0,40.32385833332879,9.0,2.0,7.0,1.0
1,"[0.0, 14.35953614457873, 0.6745, 0.6789595041322333, 0.677473002754823, 0.6425402203856759, 0.68713526170799, 0.671526997245177, 0.6425402203856759]",2.1149123723544783,0.6745,4.334157798184503,0.0,14.35953614457873,9.0,2.0,3.0,0.43
2,"[0.3133503937007899, 0.5045472440944706, 1.03564960629921, 0.8444527559055294, 0.3133503937007899, 17.903460629921327]",3.485801837270353,0.6745,6.453237317538269,0.3133503937007899,17.903460629921327,6.0,1.0,4.0,0.57
3,"[0.0, 0.6744999999999974, 0.6745000000000025, 0.0, 0.6745000000001797, 0.6744999999998202, 0.6744999999985023, 0.6745000000014977]",0.505875,0.6744999999999088,0.2920670674263019,0.0,0.6745000000014977,8.0,5.0,1.0,0.14
4,"[14.38933333333317, 0.14716363636361854, 0.9974424242424124, 14.626430303030165, 0.3515575757575876, 0.14716363636361854, 0.3807661290321856, 38.58792741935911, 0.38076612903233054, 0.5765887096773469, 0.7724112903226531, 37.95694354839137]",9.109541177908797,0.6745,14.015821522487082,0.14716363636361854,38.58792741935911,12.0,2.0,6.0,0.86
5,"[0.20984444444441339, 0.7944111111110933, 0.4946333333333599, 0.7644333333333201, 0.31476666666662007, 0.5096222222221468, 0.6295333333333399, 0.2997777777777334, 0.41968888888882677, 26.7551666666657, 0.9293111111110733, 26.994988888887885, 0.0, 26.650244444443494, 27.414677777776713, 0.6744999999999999, 26.26053333333234]",8.242125490195768,0.6744999999999999,11.992578921024805,0.0,27.414677777776713,17.0,1.0,5.0,0.71
6,"[0.6745, 0.6745]",0.6745,0.6745,0.0,0.6745,0.6745,2.0,1.0,2.0,0.29
