Cluster,Dist,mean,median,std,min,max,bag_count,day_count,Cluster_Rank,Cluster_perc
0,"[2563.8295612244233, 0.6745, 0.0, 1.3490000000003595, 0.9577899999999101, 0.3912100000000899, 0.3912100000000899, 0.6748659302350567, 0.6737065473121053, 0.674402177065876, 0.6754818524128745, 0.674597822934124, 0.6737065473121053, 5978.286214284476, 0.6745, 0.0]",534.4125466491357,0.6745,1535.8952283845488,0.0,5978.286214284476,16.0,4.0,4.0,1.0
1,"[0.0, 1.8483263771340137, 0.0, 0.6745, 0.6745, 0.0, 2.0235, 0.0, 0.6745000000000001, 0.6745, 0.0, 0.6744999999985023, 0.6745000000014977, 0.0, 0.0]",0.527921758475601,0.6744999999985023,0.6356122193250529,0.0,2.0235,15.0,9.0,1.0,0.25
2,"[0.6745, 0.6745, 0.6745, 0.6745, 0.6745, 0.6745, 0.6744999999999999, 0.6744999999999999, 0.6745, 0.6745]",0.6744999999999999,0.6745,9.930136612989092e-17,0.6744999999999999,0.6745,10.0,5.0,2.0,0.5
3,"[0.364166666666803, 0.6428333333332921, 0.36416666666663416, 1178.256500000093, 0.7061666666667079, 1178.1551666667597]",393.081500000031,0.6745,555.1667557024617,0.36416666666663416,1178.256500000093,6.0,1.0,3.0,0.75
