Cluster,Dist,mean,median,std,min,max,bag_count,day_count,Cluster_Rank,Cluster_perc
0,"[0.6348235294117025, 0.6348235294118347, 10.315882352941355, 0.7141764705881652, 0.2770267857142929, 1.0719732142857072, 5.81756249999995, 0.2770267857142929, 1.0117499999999895, 0.33725000000001043, 9.280620370370553, 0.33725000000001043, 0.3065909090909253, 0.9197727272726738, 0.3065909090908743, 0.4292272727273261, 1.0117499999999362, 3.3725000000000254]",2.0586998531455345,0.6745,3.0513052815946113,0.2770267857142929,10.315882352941355,18.0,4.0,4.0,1.0
1,"[0.6745000000000748, 0.674499999999925, 0.0, 0.0, 0.0, 0.0, 0.0, 0.6745, 1.029500000000028, 0.0, 0.6745000000000261, 0.6744999999999739]",0.3668333333333356,0.3372499999999625,0.378574207462102,0.0,1.029500000000028,12.0,8.0,1.0,0.25
2,"[0.6745, 0.6745]",0.6745,0.6745,0.0,0.6745,0.6745,2.0,1.0,2.0,0.5
3,"[0.7132643678160875, 2.2328275862068985, 1.131919540229884, 0.6357356321839125, 0.6357356321839125, 0.38764367816092665, 0.8683218390804632, 0.38764367816092665]",0.8741364942528764,0.6745,0.5618527048653484,0.38764367816092665,2.2328275862068985,8.0,1.0,3.0,0.75
