Cluster,Dist,mean,median,std,min,max,bag_count,day_count,Cluster_Rank,Cluster_perc
0,"[0.6745, 0.6745, 0.6705849917080855, 0.6705849917081451, 2.87753109452736, 0.6784150082918549, 0.5486018256216513, 0.6744999999999999, 0.0, 14.949399748190103, 3.7020007869058835, 0.0, 0.6745, 14.692932597027173, 0.0, 6.591859818442428, 0.6745]",2.867906521318982,0.6745,4.658431128025966,0.0,14.949399748190103,17.0,5.0,2.0,0.67
1,"[0.0, 0.0, 0.0, 0.0, 0.0, 0.6744999999999999, 0.6745000000000001, 0.0, 0.0, 0.0]",0.1349,0.0,0.26979999999999993,0.0,0.6745000000000001,10.0,9.0,1.0,0.33
2,"[41.756485365868045, 7.011509756100185, 2.3722658536595365, 0.720563414634113, 0.628436585365887, 12.90762682927296, 0.378378048780552, 0.3257341463415156, 0.24018780487803768, 0.22702682926819087, 0.10857804878027141, 13.86837804878546, 0.10857804878062209, 4.0897731707331415, 0.5396000000153364, 0.35973333334355756, 0.8093999999846637, 181.66533333245786, 0.17986666667177878, 0.17986666665260834, 0.809400000003834, 55.03919999972395, 1.0867295966228492, 0.629259146341479, 0.6811437617260633, 0.6678562382739367, 0.6602633677297969, 0.6292591463414453, 0.6843074577861383, 0.6830419793621151]",11.00159275480953,0.6745,33.95190666453577,0.10857804878027141,181.66533333245786,30.0,3.0,3.0,1.0
