Cluster,Dist,mean,median,std,min,max,bag_count,day_count,Cluster_Rank,Cluster_perc
0,"[0.0, 0.0, 0.0, 0.0, 0.0, 0.0, 0.6744999999998451, 0.674500000000155, 0.0, 0.0, 0.6744999999998047, 0.6745000000001953]",0.22483333333333336,0.0,0.31796234927355094,0.0,0.6745000000001953,12.0,10.0,2.0,0.67
1,"[0.6745, 0.6745]",0.6745,0.6745,0.0,0.6745,0.6745,2.0,1.0,3.0,1.0
2,[0.0],0.0,0.0,0.0,0.0,0.0,1.0,1.0,1.0,0.33
