Cluster,Dist,mean,median,std,min,max,bag_count,day_count,Cluster_Rank,Cluster_perc
0,"[0.0, 0.6745000000000078, 0.6744999999999921, 0.6745000000000168, 0.6744999999999832, 0.6745000000001123, 0.6744999999998876, 0.0, 0.0, 0.6745000000000198, 0.6744999999999802]",0.4905454545454546,0.6744999999999832,0.30039651481950064,0.0,0.6745000000001123,11.0,7.0,1.0,0.14
1,"[0.07987499999999124, 19.24100000000002, 0.6745, 19.285375000000013, 0.0, 0.0, 12.306666666666578, 0.6745, 0.08874999999999948, 12.359916666666582]",6.471058333333319,0.6745,7.928061250306471,0.0,19.285375000000013,10.0,2.0,5.0,0.71
2,"[0.6745, 11.954931034482701, 0.0, 0.6745, 199.26657142854594, 0.0]",35.42841707717144,0.6745,73.39386934645037,0.0,199.26657142854594,6.0,2.0,7.0,1.0
3,"[0.6423809523809555, 0.6423809523809555, 0.7066190476190445, 0.7965523809524121, 26.838676190476598, 0.603838095238102, 0.6038380952381234, 28.765819047619487]",7.45001309523821,0.6745,11.760387311991584,0.603838095238102,28.765819047619487,8.0,1.0,6.0,0.86
4,"[13.861663265306232, 0.8121530612244986, 0.5093163265306176, 0.0, 0.6745]",3.1715265306122697,0.6745,5.352135121130252,0.0,13.861663265306232,5.0,1.0,4.0,0.57
5,"[0.6745, 0.6745]",0.6745,0.6745,0.0,0.6745,0.6745,2.0,1.0,2.0,0.29
6,"[0.6839467787114846, 0.6745, 0.6732404295051355, 0.7733762838468727, 0.6518277310924374, 0.6745, 0.6556064425770307, 0.6518277310924374, 0.7525933706816068, 0.7500742296918769]",0.6941492997198881,0.6745,0.04381947816127749,0.6518277310924374,0.7733762838468727,10.0,1.0,3.0,0.43
