Cluster,Dist,mean,median,std,min,max,bag_count,day_count,Cluster_Rank,Cluster_perc
0,"[0.0, 0.6745000000006418, 0.6744999999993581, 0.6745, 1.5464146341461997, 0.0, 0.0, 0.0]",0.4462393292682749,0.33724999999967903,0.5200015214899767,0.0,1.5464146341461997,8.0,5.0,1.0,0.25
1,"[1.3875428571428896, 0.6662408163265315, 0.6662408163265315, 0.6827591836734684]",0.8506959183673553,0.6745,0.3100220765808818,0.6662408163265315,1.3875428571428896,4.0,1.0,3.0,0.75
2,"[0.6745, 0.6745, 0.6745, 0.6745, 0.6745, 0.6745]",0.6745,0.6745,0.0,0.6745,0.6745,6.0,3.0,2.0,0.5
3,"[0.0, 41.522220000000175, 0.6745]",14.065573333333392,0.6745,19.416733714267156,0.0,41.522220000000175,3.0,1.0,4.0,1.0
