Cluster,Dist,mean,median,std,min,max,bag_count,day_count,Cluster_Rank,Cluster_perc
0,"[0.9417547169811832, 0.15271698113205628, 1.1962830188679436, 0.6617735849055771, 0.8144905660376334, 0.3817924528299711, 0.6872264150944227, 0.15271698113205628, 2.1957127659576137, 0.330074468084964, 0.33007446808534635, 1.0189255319146535, 0.0]",0.681810919309494,0.6617735849055771,0.5628244128773456,0.0,2.1957127659576137,13.0,3.0,1.0,0.33
1,"[36.177727272753266, 0.0, 0.6745, 36.66827272729902, 0.12263636363643789, 1.1619795454544717, 0.6898295454545431, 0.6591704545454569, 0.659170454545416, 0.6745000000000001, 0.6745000000000001]",7.105662396698964,0.6745000000000001,13.823794767260189,0.0,36.66827272729902,11.0,3.0,2.0,0.67
2,"[8.86485714284999, 0.6745, 0.09635714285640928, 6.0704999999948654, 0.0, 0.0, 6678.898999994381]",956.3721734685831,0.6745,2336.2140806297252,0.0,6678.898999994381,7.0,1.0,3.0,1.0
