Cluster,Dist,mean,median,std,min,max,bag_count,day_count,Cluster_Rank,Cluster_perc
0,"[0.6745, 0.6745, 0.6745, 0.6745, 0.6745, 0.6745]",0.6745,0.6745,0.0,0.6745,0.6745,6.0,3.0,2.5,0.83
1,"[0.6745000000000012, 0.6744999999999987, 0.0, 0.0, 0.0, 0.0, 0.0, 0.0, 0.0, 0.0]",0.13489999999999996,0.0,0.26979999999999993,0.0,0.6745000000000012,10.0,9.0,1.0,0.33
2,"[0.6745, 0.6745]",0.6745,0.6745,0.0,0.6745,0.6745,2.0,1.0,2.5,0.83
