Cluster,Dist,mean,median,std,min,max,bag_count,day_count,Cluster_Rank,Cluster_perc
0,"[0.34509302325576047, 54.77567441860222, 1.2235116279069962, 0.03137209302325095, 0.03137209302325095, 0.03137209302325095, 54.55606976743947, 1.0039069767442395, 0.0, 27.501204545453444, 0.4138977272727667, 0.444556818181853, 0.6745, 0.9964204545454057, 27.255931818180656, 0.44455681818175086, 0.3985681818181215, 2.1461363636362427, 26.642749999998927, 0.2550630252100932, 0.11336134453784019, 9.562029411764692, 9.890777310924356, 0.0, 0.6745, 9.885109243697467, 0.5271302521008568, 9.448668067226851, 0.26073109243698334, 9.675390756302495, 13.921041420117636, 13.944988165679764, 0.2314852071006084, 14.399976331360218, 0.26341420118344355, 14.280242603549587, 0.6784911242603544, 0.19955621301777318, 13.21860355029521, 0.0319289940828352, 0.6705088757396456, 0.3751656804733668, 0.4230591715976196, 0.47893491124258125, 13.83323668638984, 13.194656804733082, 0.6465621301775192, 14.47181656804665, 13.881130177514093, 0.0319289940828352]",7.567727662702677,0.6745,12.285190773038163,0.0,54.77567441860222,50.0,4.0,4.0,0.8
1,"[0.03151869158873717, 0.8383971962616515, 0.03151869158882115, 0.5106028037383483, 21.552481308409497, 21.754200934577685, 0.667937297297298, 0.6817918918918912, 0.6125189189189207, 0.6832502702702693, 0.6125189189189207, 0.681062702702702, 0.15565384615384614, 0.6745, 0.0, 31.04429487179833, 31.839858974362542]",6.610123959910557,0.6745,11.315067571079672,0.0,31.839858974362542,17.0,3.0,3.0,0.6
2,"[0.6745000000000025, 0.6744999999999974, 0.0, 0.0, 0.6745000000000899, 0.6744999999999102, 0.0]",0.3854285714285715,0.6744999999999102,0.3337909342014879,0.0,0.6745000000000899,7.0,5.0,1.0,0.2
3,"[105.0533750000116, 0.0, 0.6745, 17.908463768116167, 0.0, 0.6745, 0.6744999999999999, 0.0, 54.60384090909704, 1.2740555555555555, 0.0, 0.0, 0.6745, 2.997777777778277]",13.181108072182758,0.6745,29.177475737126766,0.0,105.0533750000116,14.0,4.0,5.0,1.0
4,"[0.6745, 0.6745, 0.6745, 0.6745, 0.6745, 0.6745]",0.6745,0.6745,0.0,0.6745,0.6745,6.0,3.0,2.0,0.4
