Cluster,Dist,mean,median,std,min,max,bag_count,day_count,Cluster_Rank,Cluster_perc
0,"[0.6745000000000216, 0.6744999999999785, 0.0, 0.0, 0.0, 0.0, 0.0, 0.6745000000000274, 0.6744999999999726]",0.2997777777777778,0.0,0.3351617446274685,0.0,0.6745000000000274,9.0,7.0,1.0,0.33
1,"[0.6745, 2.9710119047617543, 0.0, 61.05873777777727, 0.0, 0.6745]",10.89645828042317,0.6745,22.455546653004557,0.0,61.05873777777727,6.0,2.0,3.0,1.0
2,"[0.6745, 0.6745, 0.6745, 0.6745]",0.6745,0.6745,0.0,0.6745,0.6745,4.0,2.0,2.0,0.67
