Cluster,Dist,mean,median,std,min,max,bag_count,day_count,Cluster_Rank,Cluster_perc
0,"[292.18188414632624, 0.0, 0.6745, 0.6744999999999999, 328.11359090912686, 0.0, 0.0, 0.6745, 223.25949999972684, 3.385665915915975, 0.16305480480482223, 1.1859451951951778, 0.16305480480482223]",65.42124582891543,0.6745,120.01559554151542,0.0,328.11359090912686,13.0,4.0,5.0,1.0
1,"[0.6745, 0.6745, 0.6745, 0.6745, 0.6745, 0.6745, 0.6745, 0.6745, 0.6745, 0.6745]",0.6745,0.6745,0.0,0.6745,0.6745,10.0,5.0,2.0,0.4
2,"[0.0709999999999751, 0.7987499999998381, 0.2307499999995644, 0.0, 31.91449999999236, 1.7927499999999625, 0.10649999999972619, 0.6745, 1.0294999999998755]",4.068694444443478,0.6745,9.86003855833572,0.0,31.91449999999236,9.0,1.0,3.0,0.6
3,"[0.030836311087740594, 1.3181636889122403, 76.29789464004111, 0.03083631108775948, 0.1905367231638854, 13.451892655368198, 0.1905367231636823, 1.1584632768361147, 0.4850337078651322, 27.10125842696709, 0.8639662921348678, 0.4850337078651322, 0.6230222164140099, 0.7259777835859901, 0.6230222164140099, 187.46622138003306]",19.44016850380875,0.6745,47.328200168620405,0.030836311087740594,187.46622138003306,16.0,4.0,4.0,0.8
4,"[0.6745, 0.0, 1.40088461538497, 0.0, 0.0, 0.0, 0.6744999999999906, 0.6745000000000093, 0.6744999999994554, 0.6745000000005446, 0.0, 0.6744999999998967, 0.6745000000001032]",0.47095266272192077,0.6744999999998967,0.4172968062698319,0.0,1.40088461538497,13.0,8.0,1.0,0.2
