Cluster,Dist,mean,median,std,min,max,bag_count,day_count,Cluster_Rank,Cluster_perc
0,"[0.6745, 0.6745, 0.6745, 0.1349, 0.0, 4741.127950000523, 4926.750350000542, 0.37472222222044715, 0.8243888888877795, 0.5246111111122205, 0.9742777777775559, 1.7237222222204474, 0.3747222222224441]",744.2179341881159,0.6745,1744.2429579417997,0.0,4926.750350000542,13.0,3.0,3.0,1.0
1,"[0.6745000000029954, 0.6744999999970046, 0.0, 0.0, 0.0, 0.0, 0.0, 0.0, 0.6744999999999999, 0.6745000000000001]",0.2698,0.0,0.33043616630145073,0.0,0.6745000000029954,10.0,8.0,1.0,0.33
2,"[163.27396666675685, 0.04496666666698617, 0.4946333333332535, 0.8543666666667465, 0.04496666666698617, 162.73436666675659, 14.612997689197087, 0.6780069324090143, 0.6745, 0.0, 0.018313980358175157, 0.0, 0.0, 0.0]",24.530791804915122,0.26980000000011983,56.651603912811346,0.0,163.27396666675685,14.0,3.0,2.0,0.67
