Cluster,Dist,mean,median,std,min,max,bag_count,day_count,Cluster_Rank,Cluster_perc
0,"[0.0, 0.0, 0.0]",0.0,0.0,0.0,0.0,0.0,3.0,3.0,1.5,0.5
1,[0.0],0.0,0.0,0.0,0.0,0.0,1.0,1.0,1.5,0.5
2,"[0.6745000000014977, 0.6744999999985023]",0.6745,0.6745,1.4976908602193362e-12,0.6744999999985023,0.6745000000014977,2.0,1.0,3.0,1.0
