Cluster,Dist,mean,median,std,min,max,bag_count,day_count,Cluster_Rank,Cluster_perc
0,"[0.9635714285714285, 1.5417142857142856, 363.84457142861123, 1.349, 366.9280000000398, 0.5781428571428572, 0.7708571428571428, 0.5781428571428572, 1.349, 0.5781428571428572, 7361.685714286524, 1.5417142857142856, 0.1927142857142857, 0.1927142857142857, 0.3854285714285714, 0.5781428571428572, 0.1927142857142857, 0.3854285714285714, 1.68625, 0.6745, 0.33725, 2.0235, 0.6745, 0.6745, 3.3725, 199.31475000002246, 0.33725, 0.33725]",296.8952844388081,0.6745,1363.2037233299368,0.1927142857142857,7361.685714286524,28.0,2.0,6.0,1.0
1,"[0.5058750000002809, 643.6416249989989, 0.5058749999980343, 0.8431249999997191, 1.68625, 0.6745, 0.6745, 0.6745, 0.33725, 649.2062500000718, 1.01175, 0.33725, 0.5058750000002809, 0.5058749999980343, 0.8431249999997191, 0.5058749999980343, 3.541124999995226, 1.5176249999963494, 0.6745, 4.047, 0.0, 0.0, 1.349]",57.112554347785064,0.6745,181.86982252936147,0.0,649.2062500000718,23.0,5.0,5.0,0.83
2,"[0.6745, 0.33725, 0.0, 3.3725, 1.01175, 0.6745, 0.0, 0.1349, 0.9443, 0.9443, 0.6745, 0.0, 156.82125000001741]",12.737673076924416,0.6745,41.60191742695845,0.0,156.82125000001741,13.0,3.0,3.0,0.5
3,"[0.0, 0.0, 0.0, 0.0, 0.0, 0.0, 0.6745, 0.0, 1.5738333333333334]",0.24981481481481482,0.0,0.5131855453713132,0.0,1.5738333333333334,9.0,7.0,1.0,0.17
4,"[0.29977777777777775, 0.44966666666666666, 2.698, 0.29977777777777775, 0.8993333333333333, 285.08866666669763]",48.289203703708864,0.6745,105.90320630474584,0.29977777777777775,285.08866666669763,6.0,1.0,4.0,0.67
5,"[0.33725, 0.0, 2.698, 0.6745, 1.68625, 0.33725, 0.0, 1.349, 0.6745, 1.349]",0.910575,0.6745,0.8129054300009319,0.0,2.698,10.0,2.0,2.0,0.33
