Cluster,Dist,mean,median,std,min,max,bag_count,day_count,Cluster_Rank,Cluster_perc
0,"[0.6745, 0.6745000000000001, 0.6745000000000375, 0.6744999999999625, 0.6745000000001182, 0.6744999999998817, 0.0]",0.5781428571428571,0.6745,0.2360258330724648,0.0,0.6745000000001182,7.0,4.0,2.0,0.67
1,"[0.6745, 0.6745]",0.6745,0.6745,0.0,0.6745,0.6745,2.0,1.0,3.0,1.0
2,[0.0],0.0,0.0,0.0,0.0,0.0,1.0,1.0,1.0,0.33
