Cluster,Dist,mean,median,std,min,max,bag_count,day_count,Cluster_Rank,Cluster_perc
0,"[0.8768499999999999, 0.2698, 4.047000000000449, 0.6745, 0.0, 1.2680599999998419, 1.834639999999691, 1.0252399999999064, 0.32375999999991373, 0.32375999999991373, 0.3237600000000935]",0.997033636363619,0.6745,1.090431073377396,0.0,4.047000000000449,11.0,2.0,6.0,1.0
1,"[2.0369899999995473, 0.4451699999997915, 0.4451699999999712, 0.9038300000000288, 1.0492222222222223, 1.4614166666669164, 0.29977777777777775, 0.29977777777777775, 0.5212045454544666, 1.149715909090837, 0.5212045454545686, 0.8277954545454314]",0.8301062415824445,0.6745,0.5050093100570444,0.29977777777777775,2.0369899999995473,12.0,3.0,4.0,0.67
2,"[0.0, 0.0, 0.0, 0.6744999999993581, 0.6745000000006418, 0.0, 0.0, 0.6745, 0.0, 1.1241666666666665, 0.0, 0.0, 0.0, 0.6744999999991014, 0.6745000000008986, 0.0, 0.0]",0.2645098039215686,0.0,0.37172804149268546,0.0,1.1241666666666665,17.0,13.0,1.0,0.17
3,"[0.6745, 0.6745, 0.6745, 0.6745]",0.6745,0.6745,0.0,0.6745,0.6745,4.0,2.0,3.0,0.5
4,"[0.6744999999999999, 0.2606022727272727, 0.6898295454546475, 0.9044431818182839, 0.536534090909091, 1.3030113636365679, 0.3832386363636364, 1.103727272727477, 0.0]",0.6506540404041085,0.6744999999999999,0.38835595531542566,0.0,1.3030113636365679,9.0,1.0,2.0,0.33
5,"[0.612046296296304, 1.6612685185183969, 0.736953703703696, 0.612046296296304]",0.9055787037036753,0.6745,0.4392675822424286,0.612046296296304,1.6612685185183969,4.0,1.0,5.0,0.83
