Cluster,Dist,mean,median,std,min,max,bag_count,day_count,Cluster_Rank,Cluster_perc
0,"[0.0, 0.0, 0.0, 0.0, 0.0, 0.0, 0.0, 0.6744999999999319, 0.674500000000068]",0.14988888888888888,0.0,0.2804164341532248,0.0,0.674500000000068,9.0,8.0,2.0,0.67
1,"[2.2829230769230326, 36.73430769230545, 0.13835897435895073, 0.6745, 0.0]",7.966017948717488,0.6745,14.406998181907703,0.0,36.73430769230545,5.0,1.0,3.0,1.0
2,[0.0],0.0,0.0,0.0,0.0,0.0,1.0,1.0,1.0,0.33
