Cluster,Dist,mean,median,std,min,max,bag_count,day_count,Cluster_Rank,Cluster_perc
0,"[0.0, 0.0, 0.0, 0.0, 0.0, 0.0, 1.8829791666668538, 0.0, 0.6745, 0.6745000000000761, 0.6744999999999238, 0.6745000000000775, 0.6744999999999225, 0.6745000000000001, 0.6745]",0.4402986111111236,0.6744999999999225,0.5047982625370016,0.0,1.8829791666668538,15.0,10.0,1.0,0.33
1,"[0.6745, 0.6745, 0.6745, 0.6745]",0.6745,0.6745,0.0,0.6745,0.6745,4.0,2.0,2.0,0.67
2,"[0.6745, 0.0, 919.5253217391786, 0.6745, 0.0, 2.6230555555541133]",153.9162295491221,0.6745,342.39192293062325,0.0,919.5253217391786,6.0,2.0,3.0,1.0
