Cluster,Dist,mean,median,std,min,max,bag_count,day_count,Cluster_Rank,Cluster_perc
0,"[1.1414615384615563, 0.20753846153844382, 22.760051282051872, 0.20753846153844382, 0.9604293478261047, 0.10997282608696898, 1.9575163043478088, 0.38857065217389525, 1.0044184782608825, 0.10997282608694457]",2.8847470178372925,0.6745,6.649283314405795,0.10997282608694457,22.760051282051872,10.0,2.0,3.0,1.0
1,"[0.0, 0.0, 0.0, 0.0, 0.6744999999999776, 0.6745000000000224, 0.0, 1.050450819672127, 0.0, 0.6745, 0.0, 0.0, 0.0, 0.0]",0.21956791569086623,0.0,0.3579062826393649,0.0,1.050450819672127,14.0,11.0,1.0,0.33
2,"[0.0, 1.1983672456575734, 10.594503722084395, 0.47030893300248106, 0.2426861042183641, 0.6745, 4.1725272952853745]",2.478984757178313,0.6745,3.5618425509842155,0.0,10.594503722084395,7.0,1.0,2.0,0.67
