Cluster,Dist,mean,median,std,min,max,bag_count,day_count,Cluster_Rank,Cluster_perc
0,"[0.6745, 0.6745, 0.6745, 0.6745]",0.6745,0.6745,0.0,0.6745,0.6745,4.0,2.0,4.0,0.8
1,"[0.0, 0.0, 0.6745000000006782, 0.6744999999993219, 0.0, 0.0, 1.2876818181798872, 0.0, 0.6745, 0.0]",0.3311181818179888,0.0,0.43892854903350204,0.0,1.2876818181798872,10.0,7.0,1.0,0.2
2,"[0.00037152299641225435, 0.00037152299641225435, 0.6687413935555011, 0.6702274855411701, 0.6787725144588299, 0.6678125860644407, 45.22233640870293, 45.22790925364921, 45.236454282566875, 45.246856926466634]",18.36198538969984,0.6745,21.941778403247095,0.00037152299641225435,45.246856926466634,10.0,1.0,5.0,1.0
3,"[0.6745, 0.0, 0.15974999999947725, 1.100499999999552, 0.8164999999989048, 1.2957499999982824, 0.08875000000002489, 0.7454999999994524, 0.4969999999999502]",0.5975833333328493,0.6745,0.42608216800113824,0.0,1.2957499999982824,9.0,1.0,3.0,0.6
4,"[0.7637720588234361, 0.7042573529411453, 0.0694338235307488, 0.04959558823594709, 0.4661985294130395, 0.5058750000015858, 0.9819926470609689, 0.049595588234889895, 0.7240955882370044, 0.2876544117661673, 0.6645808823525992, 0.6844191176474008, 0.9026397058828194, 1.4779485294130397]",0.5951470588243423,0.6745,0.38582690157380556,0.049595588234889895,1.4779485294130397,14.0,1.0,2.0,0.4
