Cluster,Dist,mean,median,std,min,max,bag_count,day_count,Cluster_Rank,Cluster_perc
0,"[0.0, 0.0]",0.0,0.0,0.0,0.0,0.0,2.0,2.0,1.0,0.33
1,"[17.342250000000366, 0.8312500000000168, 17.35175000000043, 0.9357499999999438, 17.36125000000024, 17.399250000000233, 0.12824999999995634, 0.28024999999994205, 0.3372500000000633, 17.46575000000042, 0.09975000000002228, 17.456250000000356, 0.07125000000008823, 17.313750000000176, 0.15674999999989037, 0.15674999999989037, 0.06175000000002585, 17.23775000000044, 0.16625000000020587, 0.08075000000015063, 0.3942499999999313, 0.09975000000002228, 0.5462499999999171, 0.7932500000000204, 0.3942499999999313, 0.00474999999990463, 0.34674999999987255, 0.4512500000000526, 17.266250000000372, 17.285250000000246, 0.28024999999994205, 0.00474999999990463, 0.23274999999988322, 0.13775000000001872, 5.2962499999999775, 0.5272500000000454, 0.10924999999983154, 17.30425000000037, 17.313750000000176, 1.2302499999998529, 0.4607499999998618, 1.5912499999999454, 0.19474999999988682, 0.2042499999999492, 17.19975000000019, 17.275750000000436, 0.8407500000000794, 5.410249999999967, 0.3087500000001292, 0.22324999999982084, 17.32325000000024, 0.08075000000015063, 17.256750000000313, 0.09024999999995989, 17.399250000000233, 1.1827500000000473, 17.35175000000043, 0.147249999999828, 0.5557499999999795, 0.29925000000006685, 1.1922499999998564, 17.380250000000363, 0.11875000000014706, 17.30425000000037, 0.4417499999999902, 0.13775000000001872, 0.05224999999996346, 0.34674999999987255, 0.16625000000020587, 0.12824999999995634, 0.24224999999994562, 17.30425000000037, 17.23775000000044, 17.285250000000246, 0.2042499999999492, 0.8787499999998226, 5.410249999999967, 17.24725000000025, 17.32325000000024, 17.380250000000363, 0.06175000000002585, 17.275750000000436, 17.313750000000176, 0.10924999999983154, 17.332750000000303, 0.11874999999989393, 17.266250000000372, 17.313750000000176, 17.285250000000246, 17.30425000000037, 0.004750000000157762, 17.35175000000043]",6.784445652174014,0.6745,8.117800262907558,0.00474999999990463,17.46575000000042,92.0,1.0,3.0,1.0
2,"[0.6730866946045051, 0.6730866946045051, 0.6759133053954949, 0.6766199580932469]",0.6746766631744381,0.6745,0.0016094781165891987,0.6730866946045051,0.6766199580932469,4.0,1.0,2.0,0.67
