Cluster,Dist,mean,median,std,min,max,bag_count,day_count,Cluster_Rank,Cluster_perc
0,"[36.18601351351094, 0.6745, 0.0, 0.6745, 0.6745]",7.64190270270219,0.6745,14.274445979877198,0.0,36.18601351351094,5.0,2.0,3.0,1.0
1,"[0.0, 0.0]",0.0,0.0,0.0,0.0,0.0,2.0,2.0,1.0,0.33
2,"[0.6745, 0.6745, 0.6744999999998847, 2.507756410256212]",1.1328141025640242,0.6745,0.7938233114662899,0.6744999999998847,2.507756410256212,4.0,1.0,2.0,0.67
