Cluster,Dist,mean,median,std,min,max,bag_count,day_count,Cluster_Rank,Cluster_perc
0,"[0.6745, 68.1245000000012, 0.0, 1.873611111111113, 0.7869166666666693, 1.1616388888888793, 0.3747222222222101, 0.861861111111105, 0.3747222222222101, 0.3747222222222101, 0.5620833333333307, 1.031588235294107, 0.15870588235293825, 0.6745, 0.37692647058822215, 0.0, 1.0514264705882221, 1.269647058823506, 54.603840909090735, 0.0, 0.6744999999999999, 0.0, 0.6745, 8.768499999993262, 0.6744999999999999, 0.6744999999999999, 0.4572881355932258, 40.60718644067785, 0.4572881355932258, 0.8917118644067742, 0.8504565217391358, 2.90328260869563, 2.8446304347826414, 0.263934782608667, 0.49854347826086426, 0.26393478260871583]",5.440018610818795,0.6744999999999999,15.19819380701615,0.0,68.1245000000012,36.0,8.0,3.0,1.0
1,"[1.8092470588235148, 0.14283529411764348, 0.777658823529413, 0.5713411764705871, 28.059199999999795, 0.174576470588228, 0.4761176470588204, 0.968105882352933, 28.376611764705665, 0.25392941176470246, 0.14283529411764348, 1.30138823529411, 26.995157303370735, 0.5001910112359493, 26.889056179775228, 0.6366067415730379, 0.8942808988763924, 0.712393258426962, 0.5911348314606583, 0.500191011235962, 1.4299399999999909, 1.5918200000000031, 1.3400066666666675, 32.06123333333331, 0.7824200000000029, 0.566579999999997, 0.33275333333334134, 0.2608066666666677, 0.5306066666666677, 0.2608066666666677]",5.33099438760371,0.6744999999999999,10.387884335252002,0.14283529411764348,32.06123333333331,30.0,3.0,2.0,0.67
2,"[0.0, 0.0, 0.0, 0.0, 0.0]",0.0,0.0,0.0,0.0,0.0,5.0,5.0,1.0,0.33
