Cluster,Dist,mean,median,std,min,max,bag_count,day_count,Cluster_Rank,Cluster_perc
0,"[0.0, 0.0, 0.0, 0.0]",0.0,0.0,0.0,0.0,0.0,4.0,4.0,1.0,0.33
1,"[0.6745, 0.6745, 0.6745, 0.6745]",0.6745,0.6745,0.0,0.6745,0.6745,4.0,2.0,3.0,1.0
2,"[0.6745, 0.0, 0.9230000000001183]",0.5325000000000394,0.6745,0.3899617502610961,0.0,0.9230000000001183,3.0,1.0,2.0,0.67
