Cluster,Dist,mean,median,std,min,max,bag_count,day_count,Cluster_Rank,Cluster_perc
0,"[0.0, 1.0445381944444725, 0.6745, 0.0, 0.0, 0.0, 0.0, 0.0, 0.0]",0.1910042438271636,0.0,0.3678264535247627,0.0,1.0445381944444725,9.0,7.0,1.0,0.33
1,"[0.6245370370370371, 0.6245370370370371, 4.071981481481981, 0.7244629629629629]",1.5113796296297544,0.6745,1.478926912668453,0.6245370370370371,4.071981481481981,4.0,1.0,2.0,0.67
2,"[0.0, 0.6745, 8.206416666667415]",2.9603055555558053,0.6745,3.7197669196780345,0.0,8.206416666667415,3.0,1.0,3.0,1.0
