Cluster,Dist,mean,median,std,min,max,bag_count,day_count,Cluster_Rank,Cluster_perc
0,"[0.6745000000000001, 0.6744999999999998, 0.0, 0.6745000000000001, 0.6745, 0.0]",0.44966666666666666,0.6744999999999999,0.3179623492735509,0.0,0.6745000000000001,6.0,4.0,1.0,0.33
1,"[0.6745, 10.437084523809526, 0.0]",3.7038615079365087,0.6745,4.769063968160601,0.0,10.437084523809526,3.0,1.0,3.0,1.0
2,"[0.6744999999999999, 0.6745]",0.6744999999999999,0.6744999999999999,7.850462293418876e-17,0.6744999999999999,0.6745,2.0,1.0,2.0,0.67
