Cluster,Dist,mean,median,std,min,max,bag_count,day_count,Cluster_Rank,Cluster_perc
0,"[1.0264130434777683, 0.6744999999999999, 0.0, 0.0, 1.0557391304344768, 0.0, 0.48178571428575095, 0.6745, 1.483899999999846, 0.6937714285712965, 0.6745, 0.0, 3.3725]",0.7798161012899337,0.6745,0.8733948068903605,0.0,3.3725,13.0,3.0,2.0,0.67
1,"[1.4008846153842431, 0.0, 0.6745, 0.6744999999997356, 0.6745000000002643, 0.0, 0.0, 0.0, 0.0]",0.3804871794871381,0.0,0.47427066953534736,0.0,1.4008846153842431,9.0,6.0,1.0,0.33
2,"[0.0, 0.1291595744681624, 26.44901063829709, 0.6745, 0.9041170212765632, 0.2967799999997412, 4.61357999999931, 1.0522200000002586, 0.2967799999997412]",3.8240163593378735,0.6745,8.108978273849248,0.0,26.44901063829709,9.0,2.0,3.0,1.0
