Cluster,Dist,mean,median,std,min,max,bag_count,day_count,Cluster_Rank,Cluster_perc
0,"[0.6745000000000071, 0.6744999999999929, 0.6745000000000001, 0.6744999999999999, 0.0, 0.0, 0.6744999999998057, 0.6745000000001943, 0.6744999999983282, 0.6745000000016719, 0.6744999999968049, 0.674500000003195]",0.5620833333333334,0.6744999999999963,0.25137130847060135,0.0,0.674500000003195,12.0,7.0,1.0,0.33
1,"[0.9780249999989216, 0.6745, 0.0, 0.6745, 7.55440000007764, 0.0]",1.6469041666794269,0.6745,2.6665093523318584,0.0,7.55440000007764,6.0,2.0,3.0,1.0
2,"[0.6745, 0.6745]",0.6745,0.6745,0.0,0.6745,0.6745,2.0,1.0,2.0,0.67
