Cluster,Dist,mean,median,std,min,max,bag_count,day_count,Cluster_Rank,Cluster_perc
0,"[0.0, 0.0, 0.0, 0.0, 1.7237222222133468, 0.0, 0.6745, 0.0, 0.0]",0.266469135801483,0.0,0.5564886288484864,0.0,1.7237222222133468,9.0,7.0,1.0,0.2
1,"[0.6745, 0.6745, 0.0, 0.0, 0.680064789833822, 0.6689352101661779, 0.6689352101661779, 0.6810611187140215, 0.6745, 0.6745]",0.5396996328880199,0.6745,0.2698749820196784,0.0,0.6810611187140215,10.0,4.0,2.0,0.4
2,"[22.48552682926878, 22.86625505226532, 22.760497212544063, 1.742889198606331, 0.355816376306617, 0.06721498257840068, 0.993183623693383, 1.0068146341463966, 0.023501742160257886, 0.024441811846675213, 0.0009400696863922804, 0.000940069686417329]",6.027335133565754,0.6745,9.642482267484409,0.0009400696863922804,22.86625505226532,12.0,1.0,3.0,0.6
3,"[0.0006523210832285438, 1.3483476789167714, 0.0006523210831937813, 101.57943907156353, 0.6757355030094254, 0.6744977045926439, 0.6745022954073562, 0.6744977045926439]",13.203540575031099,0.6745000000000001,33.40537771227743,0.0006523210831937813,101.57943907156353,8.0,2.0,4.0,0.8
4,"[0.6745, 0.0, 0.8021011332050455, 276.14029999967795, 0.0, 0.6745]",46.38190018881384,0.6745,102.7515892495825,0.0,276.14029999967795,6.0,2.0,5.0,1.0
