Cluster,Dist,mean,median,std,min,max,bag_count,day_count,Cluster_Rank,Cluster_perc
0,"[0.6745, 50.17242307692861, 49.005019230774586, 0.49290384615401894, 0.9339230769234226, 0.10376923076923077, 0.0, 10.19390820312448, 0.06059960937504319, 10.267681640624469, 0.06059960937504319, 0.25557226562504787, 0.18179882812498918, 0.3715019531250297, 9.819771484374503, 0.5928222656249952, 9.166349609374535, 9.308626953124687, 9.698572265624556, 0.6297089843750245, 9.76707617187451, 0.27665039062504454, 0.4874316406250818, 0.7192910156249754, 9.672224609374595]",7.3165090384618585,0.6745,13.180799513449788,0.0,50.17242307692861,25.0,2.0,3.0,0.75
1,"[0.0, 0.0, 0.0, 0.0, 0.0, 0.6744999999999999, 0.6745000000000001]",0.1927142857142857,0.0,0.304708040254796,0.0,0.6745000000000001,7.0,6.0,1.0,0.25
2,"[0.6578762454116268, 0.6345322496067052, 0.6769758783429444, 0.6868793917147407, 0.7250786575773381, 0.6684871525957078, 0.6642427897220754, 0.7073938122705804, 0.7081012060828368, 0.6762684845306692, 0.6890015731515381, 0.6345322496067052, 0.6571688515993704, 0.6727315154693309, 0.6745, 0.6745, 0.6745, 0.6745]",0.6754038920934539,0.6745,0.022414520262258354,0.6345322496067052,0.7250786575773381,18.0,3.0,2.0,0.5
3,"[0.6744999999999999, 0.0, 29.80063636363963, 56.59668181818836, 0.0, 0.6744999999999999, 0.0, 15.003512195121155, 0.6745]",11.491592264105458,0.6744999999999999,18.646484073013294,0.0,56.59668181818836,9.0,3.0,4.0,1.0
