Cluster,Dist,mean,median,std,min,max,bag_count,day_count,Cluster_Rank,Cluster_perc
0,"[0.24527272727272725, 0.0, 698.751340909168, 0.8431250000001022, 0.6744999999999999, 0.15565384615380629, 2.295894230768902, 5.084692307691523, 358.0427596153322, 0.6745, 0.12971153846150524, 0.0]",88.9081208479041,0.6744999999999999,208.4916173177431,0.0,698.751340909168,12.0,2.0,2.0,0.67
1,"[0.0, 0.0, 0.6745000000029954, 0.6744999999970046, 0.6745000000000002, 0.6744999999999998, 0.0, 0.6745000000000178, 0.6744999999999822]",0.44966666666666666,0.6744999999999822,0.3179623492735509,0.0,0.6745000000029954,9.0,6.0,1.0,0.33
2,"[0.6745, 0.0, 2648.174032257787]",882.9495107525958,0.6745,1248.2022598467995,0.0,2648.174032257787,3.0,1.0,3.0,1.0
