Cluster,Dist,mean,median,std,min,max,bag_count,day_count,Cluster_Rank,Cluster_perc
0,"[0.6745, 7.099544871794407, 0.0, 29.743804878047015, 0.0, 0.6745, 2.896382352940306, 1.110941176470153, 0.2380588235287899, 0.23805882352984709]",4.267579092631052,0.6745,8.738544606685144,0.0,29.743804878047015,10.0,3.0,3.0,1.0
1,"[0.0, 0.6745000000001239, 0.674499999999876, 0.6745000000004084, 0.6744999999995915, 0.0, 0.6745000000002304, 0.6744999999997696, 0.6744999999996732, 0.6745000000003267, 0.0, 0.0, 0.0, 0.0, 0.0, 0.6744999999999904, 0.6745000000000096, 0.67449999999999, 0.6745000000000099]",0.42600000000000005,0.6744999999997696,0.3253628743418646,0.0,0.6745000000004084,19.0,13.0,1.0,0.33
2,"[0.6745, 0.6745, 0.6745, 0.6745]",0.6745,0.6745,0.0,0.6745,0.6745,4.0,2.0,2.0,0.67
