Cluster,Dist,mean,median,std,min,max,bag_count,day_count,Cluster_Rank,Cluster_perc
0,"[1.124166666667665, 0.0, 404.0255000009435, 0.6745, 395.70666666759024, 0.22483333333533023, 0.0, 0.0, 0.9442999999978433, 0.0, 0.6745, 0.0, 0.0, 0.8093999999989216, 0.6745, 0.9442999999978433, 0.5395999999992811, 3.102699999994968, 0.0, 0.0, 0.0, 1.2815499999995508, 240.18945000002742, 0.7419499999995507, 0.6070500000004493, 0.20235000000134792, 0.2023499999995507]",38.98776543216865,0.6070500000004493,111.63561482143018,0.0,404.0255000009435,27.0,4.0,3.0,0.6
1,"[0.6745, 1225.5664999919663, 0.0, 0.0, 1.01175, 0.6745, 0.6745, 0.6745, 0.0, 4.047, 0.0, 2.698, 0.6745, 0.0]",88.3354107137119,0.6745,315.413127580483,0.0,1225.5664999919663,14.0,4.0,4.0,0.8
2,"[0.5058750000011233, 2.0235, 1.349, 317.18362500003485, 0.16862499999887673, 0.0, 0.6745, 0.0, 1.5176250000011233, 1.349, 1.349, 4.047000000002247, 0.6745, 0.8431249999988767, 0.8431249999988767, 0.33725, 0.6745, 0.16862499999887673, 297.11725000003145, 0.33725, 0.5058750000011233, 1.349, 0.16862499999887673, 0.0, 168.2395714284306, 0.19271428571410232, 0.0, 0.2890714285705116, 0.9635714285705116, 0.0, 170.84121428557032, 0.8672142857141023, 168.5286428570011, 0.2890714285705116, 0.2890714285705116, 168.0468571427165, 0.48178571428589767, 38827.01435711018, 38827.78521425305, 38827.30342853875, 0.0, 0.09635714285640928, 0.2698000000003594, 0.6745, 0.5396000000007188, 0.6745, 0.9443000000021566, 238.09850000034328, 0.0, 0.4047000000014378, 1.6188000000021567, 1.4839000000010785, 0.6745, 232.97230000033645, 0.13490000000107832, 0.6745, 1.0792000000014377]",2074.9940178554266,0.6745,8662.976534860703,0.0,38827.78521425305,57.0,3.0,5.0,1.0
3,"[0.0, 0.6745, 1.349, 0.0, 0.0, 0.0, 0.0, 0.0, 0.0]",0.22483333333333333,0.0,0.4496666666666666,0.0,1.349,9.0,7.0,1.0,0.2
4,"[1.3489999999970046, 0.0, 1.7986666666626727, 0.6745, 0.6745, 0.5058749999988768, 0.0, 1.1803750000011233, 0.6745, 0.8431250000011232]",0.7700541666660801,0.6745,0.5338608202177632,0.0,1.7986666666626727,10.0,2.0,2.0,0.4
