Cluster,Dist,mean,median,std,min,max,bag_count,day_count,Cluster_Rank,Cluster_perc
0,"[0.6745, 1214.1000000001347, 0.0, 0.6745, 0.6745, 2.0235, 4.7215, 0.7121903376018638, 0.6666478463329462, 0.7381024447031441, 0.6666478463329462, 0.7616589057043083, 0.6690034924330622, 0.7278946449359741, 0.6658626309662408, 0.7977788125727613, 0.7121903376018638, 0.7428137369033764, 0.6635069848661246, 0.6635069848661246, 0.7726519208381863, 0.7098346915017476, 0.6690034924330622, 0.6737147846332946, 0.8425360884749736, 0.6690034924330622, 0.8119126891734583, 0.6752852153667054, 0.6721443538998838, 0.6705739231664731, 0.6697887077997676, 0.7090494761350422, 0.796993597206056, 0.6721443538998838, 0.6697887077997676]",35.50687801430621,0.6745,202.12831140329487,0.0,1214.1000000001347,35.0,2.0,3.0,0.6
1,"[0.0, 0.6745000000000013, 0.6744999999999987, 0.6745000000000012, 0.6744999999999988, 0.0, 0.0, 0.6745, 1.7986666666666664, 0.0]",0.5171166666666667,0.6744999999999988,0.5325276103953046,0.0,1.7986666666666664,10.0,6.0,1.0,0.2
2,"[0.6745, 0.6745, 0.6745, 0.6745, 0.6745, 0.6745, 0.6745, 0.6745]",0.6745,0.6745,0.0,0.6745,0.6745,8.0,4.0,2.0,0.4
3,"[0.0, 0.6745, 17.145060810810378, 0.0, 11.823985000000121, 0.6745000000000001, 0.0, 572.3132500000629, 0.6745]",67.03397731231925,0.6745,178.74115166261276,0.0,572.3132500000629,9.0,3.0,4.0,0.8
4,"[0.8902233927606701, 0.45877660723932745, 464.3362217720144, 0.4587766072393299, 0.670598901098899, 0.6705989010989015, 441.4339175824168, 0.6784010989010985]",113.69968935784618,0.6745,195.91249597861494,0.45877660723932745,464.3362217720144,8.0,2.0,5.0,1.0
