Cluster,Dist,mean,median,std,min,max,bag_count,day_count,Cluster_Rank,Cluster_perc
0,"[0.0, 0.0, 0.6745000000004993, 0.6744999999995008, 0.0, 0.0, 0.0, 0.0]",0.16862500000000002,0.0,0.29206706742630195,0.0,0.6745000000004993,8.0,7.0,1.0,0.33
1,"[0.6745, 0.6745]",0.6745,0.6745,0.0,0.6745,0.6745,2.0,1.0,2.0,0.67
2,"[0.15870588235287897, 0.15870588235287897, 1.1902941176471211, 12878.426882349313]",3219.9836470579166,0.6745000000000001,5576.3048177514265,0.15870588235287897,12878.426882349313,4.0,1.0,3.0,1.0
