Cluster,Dist,mean,median,std,min,max,bag_count,day_count,Cluster_Rank,Cluster_perc
0,"[0.9410597413262161, 0.6745, 0.0, 0.6745, 0.6745]",0.5929119482652433,0.6745,0.31391759898627297,0.0,0.9410597413262161,5.0,2.0,2.0,0.67
1,"[0.0, 0.0, 0.0, 0.0, 0.0, 0.6745000000000009, 0.6744999999999991]",0.1927142857142857,0.0,0.304708040254796,0.0,0.6745000000000009,7.0,6.0,1.0,0.33
2,"[0.38205702925305274, 1.9095955126384545, 1.6074976711161597, 0.6745, 0.0, 0.2339390514058503, 0.9187452428287415]",0.8180477867488942,0.6745,0.6596456450565205,0.0,1.9095955126384545,7.0,1.0,3.0,1.0
