Cluster,Dist,mean,median,std,min,max,bag_count,day_count,Cluster_Rank,Cluster_perc
0,"[0.6745, 0.6745, 0.6745, 0.6744999999999999, 0.6745, 0.6745]",0.6745,0.6745,4.5324665183683945e-17,0.6744999999999999,0.6745,6.0,3.0,2.0,0.67
1,"[0.0, 0.0, 0.0]",0.0,0.0,0.0,0.0,0.0,3.0,3.0,1.0,0.33
2,"[0.0, 0.887500000000896, 0.6034999999959176, 0.6745, 1.4199999999927313]",0.717099999997909,0.6745,0.458706158666093,0.0,1.4199999999927313,5.0,1.0,3.0,1.0
