Cluster,Dist,mean,median,std,min,max,bag_count,day_count,Cluster_Rank,Cluster_perc
0,"[0.0, 0.0]",0.0,0.0,0.0,0.0,0.0,2.0,2.0,1.5,0.5
1,[0.0],0.0,0.0,0.0,0.0,0.0,1.0,1.0,1.5,0.5
2,"[0.6745000000000099, 0.6744999999999902]",0.6745000000000001,0.6745000000000001,9.825630577842999e-15,0.6744999999999902,0.6745000000000099,2.0,1.0,3.0,1.0
