Cluster,Dist,mean,median,std,min,max,bag_count,day_count,Cluster_Rank,Cluster_perc
0,"[0.0, 0.0, 0.0, 0.6745000000000011, 0.6744999999999989]",0.2698,0.0,0.33043616630145073,0.0,0.6745000000000011,5.0,4.0,1.0,0.33
1,"[0.6295333333333334, 0.08993333333333332, 0.1349, 0.6295333333333334, 0.08993333333333332, 3.417466666666966, 0.3597333333333333, 2.023500000000299, 0.17986666666666665, 1.7087333333336328, 0.7194666666666666, 0.17986666666666665, 1.6637666666668165, 1.0792000000001496, 0.4047, 1.6188000000001497, 0.9443000000001498, 0.8094000000001498]",0.9268129629630545,0.6745,0.8509596161328231,0.08993333333333332,3.417466666666966,18.0,1.0,3.0,1.0
2,"[0.6745, 0.6745]",0.6745,0.6745,0.0,0.6745,0.6745,2.0,1.0,2.0,0.67
