Cluster,Dist,mean,median,std,min,max,bag_count,day_count,Cluster_Rank,Cluster_perc
0,"[0.0, 0.0, 0.0, 0.0, 0.0, 0.0, 0.0, 0.0, 1.1803749999999298, 0.6744999999999999, 0.0]",0.1686249999999936,0.0,0.37361344799500235,0.0,1.1803749999999298,11.0,9.0,1.0,0.12
1,"[0.6744999999999999, 1.061978723404262, 0.9471702127659524, 0.0, 0.028702127659571416, 1.541714285714303, 0.5299642857143029, 1.7585178571428486, 0.0, 0.6745]",0.721704749240124,0.6744999999999999,0.5896784902883637,0.0,1.7585178571428486,10.0,2.0,4.0,0.5
2,"[0.6745, 0.6745, 0.6745, 0.6745, 0.6745, 0.6745]",0.6745,0.6745,0.0,0.6745,0.6745,6.0,3.0,3.0,0.38
3,"[0.761532258064543, 0.04351612903225339, 0.08703225806454301, 0.0, 0.6962580645161267, 4.939080645161303, 0.6745, 1.1096612903225702, 0.5439516129032398]",0.983948028673842,0.6745,1.442894114755076,0.0,4.939080645161303,9.0,1.0,7.0,0.88
4,"[0.5028090909091117, 0.38017272727272206, 0.968827272727278, 1.5084272727272534, 0.38017272727272206, 0.8461909090908883]",0.7644333333333293,0.6745000000000001,0.40119567887208446,0.38017272727272206,1.5084272727272534,6.0,1.0,5.0,0.62
5,"[0.6745, 0.0, 8.318833333334268, 4.119267857142809, 0.6745, 0.0, 0.6745, 0.8781226415094328, 0.0]",1.7044137591096122,0.6745,2.6280975263071387,0.0,8.318833333334268,9.0,3.0,8.0,1.0
6,"[0.47037500000000754, 0.47037500000000754, 0.8786249999999923, 2.0678750000000097]",0.9718125000000043,0.6744999999999999,0.654392093258126,0.47037500000000754,2.0678750000000097,4.0,1.0,6.0,0.75
7,"[0.3497407407407392, 0.0, 0.8743518518518272, 0.5246111111111088, 0.99925925925924, 1.5238703703703487, 0.6745, 0.9492962962962832, 0.062453703703696]",0.6620092592592491,0.6745,0.4592789489506776,0.0,1.5238703703703487,9.0,1.0,2.0,0.25
