Cluster,Dist,mean,median,std,min,max,bag_count,day_count,Cluster_Rank,Cluster_perc
0,"[0.6745, 0.0, 28.016426829266916, 28.065780487803384, 0.24676829268277714, 0.1974146341463094, 27.967073170730227, 0.04935365853646776, 0.7732073170731547, 0.18280841121479316, 347.7961542055807, 0.18280841121496114, 0.7753598130840933, 0.5736401869159067, 21.111219626166505, 0.3507399999999137, 1.8616200000006757, 47.107080000017945, 0.32376000000008626, 0.6745, 0.0, 0.026979999999827465, 47.56574000001789, 1.4299400000005607, 0.40470000000028755, 45.75808000001722, 0.040878787878787876, 1.0015303030304392, 0.7971363636364998, 0.4701060606061967, 35.50322727273122, 0.040878787878787876, 0.5723030303030303, 0.6131818181818182, 12.57022727272877, 0.7358181818181818]",18.179470636757344,0.6745,57.7038286441752,0.0,347.7961542055807,36.0,4.0,6.0,1.0
1,"[1.059928571428449, 1.0278095238091978, 0.6745, 0.0, 0.44966666666652405, 1.0195930232557604, 0.3294069767442395, 1.9293837209302471, 0.3294069767442395, 0.7419500000004493, 0.5396, 0.0, 0.6745, 1.4164499999995508, 0.2360749999996181, 1.1129249999994832, 0.2360750000005167, 1.7199749999986296, 0.6745, 1.0911029411766027, 0.9125588235294118, 0.3769264705883674, 0.0]",0.7196666823857081,0.6745,0.5164910201093393,0.0,1.9293837209302471,23.0,5.0,3.0,0.5
2,"[0.6745, 0.6745000000003208, 0.0, 0.6745000000000001, 0.0, 47.15879166664535, 0.6745, 2.518133333332814, 0.0, 0.0, 2.3472599999995545, 0.6745]",4.616390416664837,0.6745,12.85283458343982,0.0,47.15879166664535,12.0,4.0,5.0,0.83
3,"[0.6745, 0.6745, 0.6745, 0.6745]",0.6745,0.6745,0.0,0.6745,0.6745,4.0,2.0,2.0,0.33
4,"[0.7869166666667706, 0.8056527777775039, 0.09368055555541341, 31.98254166666412, 32.226111111108644, 0.8431249999999687, 0.5058749999997816, 0.24356944444427453, 0.5808194444442121, 0.8431249999999687, 0.7494444444445554, 0.7494444444445554, 0.09368055555566303, 0.13115277777787832, 0.11241666666689548, 0.5995555555554446]",4.459194444444103,0.6745,10.45265330957979,0.09368055555541341,32.226111111108644,16.0,1.0,4.0,0.67
5,"[0.6744999999955069, 0.6745000000044931, 0.0, 0.0, 0.6744999999999949, 0.674500000000005, 0.6744999999910138, 0.6745000000089861, 0.6744999999997753, 0.6745000000002247, 0.0]",0.49054545454545456,0.6744999999997753,0.30039651481950064,0.0,0.6745000000089861,11.0,7.0,1.0,0.17
