Cluster,Dist,mean,median,std,min,max,bag_count,day_count,Cluster_Rank,Cluster_perc
0,"[0.6745, 0.0, 0.4684027777773617, 3610.017680547937, 3615.788402770147, 41183.1129350659, 41183.4633246763, 0.4905454545458789, 0.5080649350650078, 0.4905454545449453, 0.8409350649349921]",8145.077757886105,0.6745,15633.49373354189,0.0,41183.4633246763,11.0,2.0,3.0,1.0
1,"[2622.5309444427935, 0.4496666666653354, 0.4496666666653354, 2.4731666666633383, 0.7119722222214456, 0.6370277777785543, 0.7119722222214456, 0.5995555555551118]",328.5704965275705,0.6745,867.0357752917945,0.4496666666653354,2622.5309444427935,8.0,1.0,2.0,0.67
2,"[0.6745, 0.6745]",0.6745,0.6745,0.0,0.6745,0.6745,2.0,1.0,1.0,0.33
