Cluster,Dist,mean,median,std,min,max,bag_count,day_count,Cluster_Rank,Cluster_perc
0,"[0.6744999999999168, 0.6745000000000831, 1.011750000000321, 0.0, 0.6745, 0.6745000000000051, 0.674499999999995, 0.0, 0.0, 0.6745000000014977, 0.6744999999985023, 1.3490000000009983, 0.6745, 0.0]",0.5540535714286657,0.6744999999999974,0.3950936617999865,0.0,1.3490000000009983,14.0,7.0,1.0,0.33
1,"[0.6745, 0.6745]",0.6745,0.6745,0.0,0.6745,0.6745,2.0,1.0,2.0,0.67
2,"[0.5995555555556942, 0.4496666666668331, 0.8993333333331669, 1.3864722222219656, 0.6932361111111076, 0.5058749999997816, 0.5808194444442121, 0.6744999999998752, 0.6745000000001248, 32.82566666666409, 32.50715277777513, 33.162916666664024, 0.44966666666658345, 0.4496666666668331, 32.58209722221956, 1.180375000000156, 1.0117500000000623, 0.13115277777787832, 0.6932361111111076, 0.4684027777778159, 0.1311527777776287, 0.28104166666673946]",6.469919823231835,0.6745,12.401623239158681,0.1311527777776287,33.162916666664024,22.0,1.0,3.0,1.0
