Cluster,Dist,mean,median,std,min,max,bag_count,day_count,Cluster_Rank,Cluster_perc
0,"[0.0, 0.0, 0.0, 0.0, 0.0, 0.0, 0.0, 0.0, 0.0, 0.0, 1.9110833333337076, 0.6745, 0.0]",0.19889102564105443,0.0,0.5257185877736021,0.0,1.9110833333337076,13.0,11.0,2.0,0.67
1,"[1.9897749999995618, 0.0, 1.956049999999573, 0.6745, 0.20235000000015724]",0.9645349999998585,0.6745,0.8520085791232404,0.0,1.9897749999995618,5.0,1.0,3.0,1.0
2,[0.0],0.0,0.0,0.0,0.0,0.0,1.0,1.0,1.0,0.33
