Cluster,Dist,mean,median,std,min,max,bag_count,day_count,Cluster_Rank,Cluster_perc
0,"[0.6745000000000012, 0.6744999999999988, 0.0, 0.0, 0.0, 0.6744999999999987, 0.6745000000000013, 0.0, 0.0, 0.0, 0.0, 0.0]",0.22483333333333333,0.0,0.3179623492735508,0.0,0.6745000000000013,12.0,10.0,1.0,0.25
1,"[0.6745, 0.6745, 0.6745, 0.6744999999999999]",0.6744999999999999,0.6745,9.614813431917819e-17,0.6744999999999999,0.6745,4.0,2.0,3.0,0.75
2,"[0.6745, 0.6745, 0.0]",0.44966666666666666,0.6745,0.3179623492735509,0.0,0.6745,3.0,1.0,2.0,0.5
3,"[169.01042857144716, 0.0, 0.6745, 171.4193571428761, 0.48178571428571426]",68.3172142857218,0.6745,83.20288360159098,0.0,171.4193571428761,5.0,1.0,4.0,1.0
