Cluster,Dist,mean,median,std,min,max,bag_count,day_count,Cluster_Rank,Cluster_perc
0,"[8.228899999989935, 0.0, 7.554399999991733, 0.6744999999982028, 0.6745, 2.0656562499987596, 0.8009687500000233, 0.5480312499999765, 0.5480312499996022]",2.343887499997581,0.6745,3.014014317216806,0.0,8.228899999989935,9.0,2.0,9.0,1.0
1,"[2.197564516128705, 0.6745, 0.7397741935482282, 0.3916451612902384, 0.0, 0.5439516129032539, 0.6745, 2.449499999999378, 0.2484999999996764, 0.9584999999994276, 0.2484999999996764, 0.7454999999999751, 0.6035000000000249]",0.8058411910668142,0.6745,0.6937104595338025,0.0,2.449499999999378,13.0,2.0,5.0,0.56
2,"[0.8723533333334356, 0.6745, 0.0, 0.8190357142860353, 0.0, 0.9635714285720705, 0.0, 0.5299642857139648, 1.4935357142853933, 0.0, 0.9461736111111735, 0.6745, 0.8253749999999145, 0.0, 0.6745, 0.0, 0.8728823529408344, 0.6745, 0.6745, 0.0, 17.986666666629723, 0.0, 0.6745, 13.393642857130754]",1.7812583735001375,0.6745,4.265660400372424,0.0,17.986666666629723,24.0,7.0,8.0,0.89
3,"[0.7848727272727956, 1.349, 0.14716363636361854, 0.14716363636361854, 1.091463636363586, 0.5641272727272044, 0.7307083333335206, 1.1241666666668537, 0.0, 0.1826770833332397, 0.6745, 0.0, 1.1629310344826465, 0.6745, 0.17443965517229626, 0.7675344827585993, 0.5428902439024603, 0.6745, 0.0, 1.1022317073170036, 1.1022317073170036]",0.6189096106368783,0.6745,0.42745397838824695,0.0,1.349,21.0,4.0,2.0,0.22
4,"[0.6745, 0.6745, 0.6745, 0.6745, 0.6745, 0.6745]",0.6745,0.6745,0.0,0.6745,0.6745,6.0,3.0,3.0,0.33
5,"[3.1195624999974023, 1.3068437499991925, 5.269531249995893, 0.0, 0.21078124999954367, 0.6745, 0.3794062499999649]",1.5658035714274283,0.6745,1.8003417410040896,0.0,5.269531249995893,7.0,1.0,7.0,0.78
6,"[1.1484729729730945, 0.21875675675675677, 1.0755540540541755, 0.2734459459458245, 0.10937837837837838, 1.6224459459463103, 0.10937837837837838, 1.1302432432434861]",0.7109594594595505,0.6745,0.5577224857166175,0.10937837837837838,1.6224459459463103,8.0,1.0,4.0,0.44
7,"[0.0, 0.0, 0.7119722222222222, 0.6745, 0.26230555555580515, 1.1241666666669161, 0.6745000000001797, 0.6744999999998202]",0.515243055555618,0.6744999999999102,0.3675096671773032,0.0,1.1241666666669161,8.0,3.0,1.0,0.11
8,"[2.1057560975608527, 0.0, 0.6745, 0.04935365853646776, 1.9741463414633131]",0.9607512195121266,0.6745,0.9136338461953384,0.0,2.1057560975608527,5.0,1.0,6.0,0.67
