Cluster,Dist,mean,median,std,min,max,bag_count,day_count,Cluster_Rank,Cluster_perc
0,"[0.6745, 0.6745, 1.2424999999999098, 0.10650000000009023, 1.4199999999997448, 0.10649999999997199, 1.9441470588237937, 0.8332058823529411, 0.5157941176470588, 0.5157941176470588, 0.6745, 0.6745, 0.8277954545455567, 0.6744999999999999, 0.18395454545454545, 0.9810909090910112, 0.0]",0.708810710915393,0.6745,0.48533059243077903,0.0,1.9441470588237937,17.0,5.0,2.0,0.67
1,"[0.6744999999997753, 0.6745000000002247, 0.6745000000000642, 0.6744999999999358, 0.0, 0.0, 0.0, 0.0, 0.6745000000000249, 0.674499999999975, 0.0, 0.6745, 1.4076521739131411, 0.0, 1.0264130434783585, 0.527869565217489, 0.6744999999999168, 0.6745000000000831, 1.6019374999999736, 0.0, 0.6745, 0.0, 0.6745000000000458, 0.6744999999999541]",0.5274113451087068,0.674499999999945,0.44080210807255277,0.0,1.6019374999999736,24.0,13.0,1.0,0.33
2,"[0.3868455882353223, 0.3868455882352562, 1.6763308823529752, 0.9621544117646776, 2.2793448275858386, 0.9768620689654478, 0.37213793103439724, 0.37213793103455217, 0.18885999999997485, 2.5361199999999315, 0.6745, 0.13489999999998203, 1.6457799999999605, 0.0, 0.7284599999999929]",0.8880852819472207,0.6745,0.7664335481335242,0.0,2.5361199999999315,15.0,3.0,3.0,1.0
