Cluster,Dist,mean,median,std,min,max,bag_count,day_count,Cluster_Rank,Cluster_perc
0,"[0.7235545454545449, 0.625445454545455, 22.24623636363629, 0.625445454545455, 0.577112299465239, 15.192481283422511, 0.26691443850267527, 0.3751229946524084, 0.4328342245989323, 12.1698556149733, 0.26691443850267527, 0.771887700534761, 12.573834224598974, 12.82632085561502]",5.690997135217732,0.6744999999999999,7.2982813812728295,0.26691443850267527,22.24623636363629,14.0,2.0,4.0,0.8
1,"[0.37213793103448056, 0.32562068965517205, 0.6745, 6.84578735632184, 7.0977557471264365, 0.0, 6.59769540229885, 7.912926174496631, 7.650369127516763, 0.17202013422818754, 0.7786174496644291, 0.5386946308724834, 7.921979865771797, 0.17202013422818754, 0.5703825503355708, 14.203715116279124, 13.827250000000047, 0.47058139534883936, 0.6745, 0.0, 0.0705872093023246, 14.572337209302379, 0.549864130434784, 0.4252282608695679, 12.426929347826105, 0.0, 12.272967391304364, 12.844826086956543, 0.6745]",4.504958391074997,0.6745,5.301473909530882,0.0,14.572337209302379,29.0,4.0,3.0,0.6
2,"[0.6745, 0.6745, 0.6745, 0.6745, 0.6745, 0.6745, 0.6745, 0.6745]",0.6745,0.6745,0.0,0.6745,0.6745,8.0,4.0,2.0,0.4
3,"[0.0, 0.0, 0.0, 0.0, 0.0]",0.0,0.0,0.0,0.0,0.0,5.0,5.0,1.0,0.2
4,"[0.0, 147.8841250000009, 0.6745, 40.7622833333333, 0.0, 0.6745]",31.66590138888903,0.6745,54.03056574051051,0.0,147.8841250000009,6.0,2.0,5.0,1.0
