Cluster,Dist,mean,median,std,min,max,bag_count,day_count,Cluster_Rank,Cluster_perc
0,"[0.0, 0.0, 0.6745000000000024, 0.6744999999999977, 0.0, 0.0, 0.0, 0.0, 0.0, 0.0, 0.0, 0.0, 0.0]",0.10376923076923078,0.0,0.24336041769237715,0.0,0.6745000000000024,13.0,12.0,1.0,0.33
1,"[0.6745, 0.6745, 0.6745, 0.6745, 0.6745, 0.6745]",0.6745,0.6745,0.0,0.6745,0.6745,6.0,3.0,2.0,0.67
2,"[0.6745, 0.0, 85.75785714286646]",28.810785714288816,0.6745,40.26860187773383,0.0,85.75785714286646,3.0,1.0,3.0,1.0
