Cluster,Dist,mean,median,std,min,max,bag_count,day_count,Cluster_Rank,Cluster_perc
0,"[0.0, 0.0, 0.0, 0.0, 0.6745000000000099, 0.6744999999999902, 0.0, 0.0, 0.0, 0.6744999999999901, 0.6745000000000099, 0.0, 0.0]",0.20753846153846156,0.0,0.3113076923076923,0.0,0.6745000000000099,13.0,11.0,1.0,0.33
1,"[0.6745, 0.0, 52.552347826108424, 0.0, 136.09911111102636, 0.6745, 0.0, 0.6745, 155.7251875000174]",38.488905159683576,0.6745,59.81810743727215,0.0,155.7251875000174,9.0,3.0,3.0,1.0
2,"[0.6745, 0.6745]",0.6745,0.6745,0.0,0.6745,0.6745,2.0,1.0,2.0,0.67
