Cluster,Dist,mean,median,std,min,max,bag_count,day_count,Cluster_Rank,Cluster_perc
0,"[13.697538461532826, 0.6745, 0.0, 2.2483333333337328, 1.663766666667705, 1.8886000000014378, 0.4496666666674654, 0.26979999999952076, 0.0, 0.6745, 0.6745, 0.0, 2.698]",1.9184003944771295,0.6745,3.5091984413416655,0.0,13.697538461532826,13.0,3.0,3.0,1.0
1,"[0.0, 0.0, 0.0, 0.0, 0.0, 0.0, 1.8704219858157376, 0.6745, 0.0, 0.0, 0.6745000000003825, 0.6744999999996176, 0.6744999999985023, 0.6745000000014977, 0.0]",0.34952813238771585,0.0,0.5125544475185844,0.0,1.8704219858157376,15.0,11.0,1.0,0.33
2,"[0.6745, 0.6745]",0.6745,0.6745,0.0,0.6745,0.6745,2.0,1.0,2.0,0.67
