Cluster,Dist,mean,median,std,min,max,bag_count,day_count,Cluster_Rank,Cluster_perc
0,"[0.3779846423713038, 0.3779846423713038, 1.344991730507625, 0.9710153576286962, 0.6745, 0.0, 3.925544366380431]",1.096002962751337,0.6745,1.224389627617718,0.0,3.925544366380431,7.0,2.0,2.0,0.67
1,"[0.0, 0.0]",0.0,0.0,0.0,0.0,0.0,2.0,2.0,1.0,0.33
2,"[7.768732593340062, 0.4367467204843591, 0.9122532795156407, 0.43674672048435936]",2.3886198284561053,0.6745000000000001,3.1122696223553743,0.4367467204843591,7.768732593340062,4.0,1.0,3.0,1.0
