Cluster,Dist,mean,median,std,min,max,bag_count,day_count,Cluster_Rank,Cluster_perc
0,"[0.0, 0.0, 0.0]",0.0,0.0,0.0,0.0,0.0,3.0,3.0,1.0,0.33
1,"[0.6745, 0.6745, 0.6745, 0.6745]",0.6745,0.6745,0.0,0.6745,0.6745,4.0,2.0,2.0,0.67
2,"[1.0396153373604995, 0.4592773881437492, 0.45927738814374935, 0.8897226118562506]",0.7119731813760621,0.6745,0.2581930335276193,0.4592773881437492,1.0396153373604995,4.0,1.0,3.0,1.0
