Cluster,Dist,mean,median,std,min,max,bag_count,day_count,Cluster_Rank,Cluster_perc
0,"[0.0, 0.6744999999997753, 0.6745000000002247, 0.0, 2.0235, 0.6745, 0.0, 0.0, 0.0, 0.0, 0.0]",0.3679090909090909,0.0,0.6007930296390013,0.0,2.0235,11.0,8.0,1.0,0.25
1,"[0.6745, 0.0, 16.32888114316239, 0.6745, 12616.18525000139, 0.0, 0.0, 1042.4139096267213, 0.6745]",1519.6612823079192,0.6745,3936.5903365734935,0.0,12616.18525000139,9.0,3.0,4.0,1.0
2,"[0.0980309785755642, 0.6745, 17.754933410538506, 0.718633468442386, 0.0]",3.8492195715112913,0.6745,6.95896828917699,0.0,17.754933410538506,5.0,1.0,3.0,0.75
3,"[0.6745, 0.6745]",0.6745,0.6745,0.0,0.6745,0.6745,2.0,1.0,2.0,0.5
