Cluster,Dist,mean,median,std,min,max,bag_count,day_count,Cluster_Rank,Cluster_perc
0,"[0.0, 0.0, 0.0]",0.0,0.0,0.0,0.0,0.0,3.0,3.0,1.0,0.33
1,"[89.87378575040012, 0.6729085278503389, 0.6729085278503409, 0.676091472149659]",22.973923569562615,0.6745,38.62465346071349,0.6729085278503389,89.87378575040012,4.0,1.0,3.0,1.0
2,"[1.5111233680355327, 0.02497724575265136, 0.024977245752653796, 0.11088799213265947, 6.747333039438427, 1.2381120078673407]",1.6095684831632109,0.6745000000000001,2.3738926535334963,0.02497724575265136,6.747333039438427,6.0,1.0,2.0,0.67
