Cluster,Dist,mean,median,std,min,max,bag_count,day_count,Cluster_Rank,Cluster_perc
0,"[0.0, 0.0, 0.0, 1.3490000000005615, 0.6745, 0.0, 0.0, 0.6745000000000219, 0.6744999999999781, 0.0, 0.0]",0.30659090909096015,0.0,0.44217169732747685,0.0,1.3490000000005615,11.0,8.0,2.0,0.67
1,"[1.2365833333328342, 0.1124166666656682, 0.11241666666716589, 1100.67158333101]",275.5332499994189,0.6745000000000001,476.39405992958643,0.1124166666656682,1100.67158333101,4.0,1.0,3.0,1.0
2,"[0.0, 0.0, 0.0]",0.0,0.0,0.0,0.0,0.0,3.0,1.0,1.0,0.33
