Cluster,Dist,mean,median,std,min,max,bag_count,day_count,Cluster_Rank,Cluster_perc
0,"[1.1803750000011233, 24.282000000002245, 0.5058749999988768, 0.33725, 0.6745, 0.0, 0.0, 0.6745, 0.8431250000011232, 1.349, 114.76135714297854, 115.14678571441006, 116.30307142869687, 0.2890714285736293, 0.2890714285710618, 0.48178571428424716, 0.09635714285787642, 1.0599285714289384, 1.0599285714289384, 1.2526428571421235, 0.8672142857157529, 0.6745, 0.09635714285530894, 0.09635714285530894, 1.6380714285710618, 2.4089285714315056, 0.09635714285787642, 0.09635714285787642, 0.6745, 0.09635714285787642, 31.731814606741676, 31.729649277688708, 31.71773996789737, 31.725318619582772, 0.6745, 0.6604253611556997, 0.008661316211877082, 0.0, 0.005413322632423177]",13.22013198646894,0.6745,31.122409693675003,0.0,116.30307142869687,39.0,3.0,3.0,1.0
1,"[1.5738333333313363, 0.0, 1.573833333328341, 0.6745, 0.6745, 1.5738333333313363, 0.2248333333313364, 0.4496666666656682, 0.6744999999970046, 0.0, 1.3489999999970046, 0.6745, 0.6745, 2.4731666666486944, 2.922833333315361, 2.922833333315361, 0.22483333332734257, 0.6744999999940092, 1.1241666666546852, 0.6745, 0.6744999999940092, 0.2248333333333333, 0.6745, 0.6745, 1.01175, 0.0, 0.6744999999955069, 0.6745000000044931, 5.396000000008986, 0.6744999999955069]",1.060463888885644,0.6745,1.1013327720768176,0.0,5.396000000008986,30.0,5.0,2.0,0.67
2,[0.0],0.0,0.0,0.0,0.0,0.0,1.0,1.0,1.0,0.33
