Cluster,Dist,mean,median,std,min,max,bag_count,day_count,Cluster_Rank,Cluster_perc
0,"[0.6745, 0.6745, 0.6745, 0.0, 0.16862500000056163, 0.6745, 1.0117500000005617, 0.6745, 0.6744999999999999]",0.5808194444445692,0.6745,0.28782960038541383,0.0,1.0117500000005617,9.0,3.0,2.0,0.67
1,"[0.0, 0.0, 0.6744999999999973, 0.6745000000000027, 0.0, 0.0, 0.6744999999999979, 0.674500000000002]",0.33724999999999994,0.33724999999999866,0.33725,0.0,0.6745000000000027,8.0,6.0,1.0,0.33
2,"[1.6862499999971918, 0.5058749999991575, 0.0, 102.18674999984106, 0.6745]",21.01067499996748,0.6745,40.59173279027846,0.0,102.18674999984106,5.0,1.0,3.0,1.0
