Cluster,Dist,mean,median,std,min,max,bag_count,day_count,Cluster_Rank,Cluster_perc
0,"[21.18686448598098, 0.17020093457946003, 22.498042056074443, 2.1243598130840575, 0.422350467289709, 0.11977102803741024, 0.09455607476638536, 0.05673364485984801, 21.552481308410925, 0.05673364485984801, 22.157640186915607, 0.422350467289709, 20.92210747663522, 0.9266495327102909, 0.3302963917525891, 0.107780927835071, 0.2746675257732096, 12.22792010309373, 12.012358247423634, 12.547786082475207, 0.6640695876288663, 0.03129123711342415, 0.4137396907216584, 11.796796391753492, 11.963682989691677, 0.16340979381440424, 12.540832474227786, 0.03129123711337783, 11.87328608247514, 12.429574742269027, 1.3802912371134706, 0.05215206185564515, 0.5528118556701073, 0.6849304123711336, 13.08099468085157, 0.6745, 0.5525159574468171, 0.4592340425532067, 0.2439680851063657, 12.736569148936653, 12.61458510638347, 0.8682393617021618, 0.0]",5.953963176201087,0.6745,7.645894369256145,0.0,22.498042056074443,43.0,3.0,5.0,0.83
1,"[0.0, 0.0, 0.6745, 1.7705624999996958, 0.0, 0.0, 0.6744999999999521, 0.6745000000000477, 0.0]",0.4215624999999662,0.0,0.5676763400770215,0.0,1.7705624999996958,9.0,6.0,1.0,0.17
2,"[20.49794067796607, 0.6745, 20.246432203389826, 0.44585593220333947, 0.0, 15.288666666665724, 0.6745, 14.951416666665725, 0.40642948717947536, 0.0]",7.318574163407017,0.6745,8.677732266416065,0.0,20.49794067796607,10.0,2.0,6.0,1.0
3,"[0.0, 25.387031914892788, 0.6745, 0.6733826615129763, 0.6614643843180578, 0.6614643843180578, 0.6785969077857532, 0.7039232468249603, 0.6756173384870235]",3.3462200931266235,0.6745,7.795458895009151,0.0,25.387031914892788,9.0,2.0,3.0,0.5
4,"[0.6745, 0.6745, 0.6894241770102495, 0.6639438747976242, 0.6850561252023758, 0.6639438747976242]",0.6752280086346456,0.6745,0.009607691518303183,0.6639438747976242,0.6894241770102495,6.0,2.0,2.0,0.33
5,"[0.9120000000000409, 0.0, 0.6745, 0.2279999999999786, 16.938500000000246]",3.7506000000000532,0.6745,6.601764289945627,0.0,16.938500000000246,5.0,1.0,4.0,0.67
