Cluster,Dist,mean,median,std,min,max,bag_count,day_count,Cluster_Rank,Cluster_perc
0,"[3.801727272727681, 0.6744999999999999, 0.0, 0.0, 0.6745, 0.8175757575757432, 0.020439393939391873, 2.534484848484865]",1.06540340909096,0.6744999999999999,1.2930011938693176,0.0,3.801727272727681,8.0,2.0,3.0,1.0
1,"[0.0, 0.0, 0.0, 0.0, 0.0, 0.0]",0.0,0.0,0.0,0.0,0.0,6.0,6.0,1.0,0.33
2,"[0.6745, 0.6745, 0.6745, 0.6745, 0.6745, 0.6745, 0.6745, 0.6745]",0.6745,0.6745,0.0,0.6745,0.6745,8.0,4.0,2.0,0.67
