Cluster,Dist,mean,median,std,min,max,bag_count,day_count,Cluster_Rank,Cluster_perc
0,"[1.0792, 1.0792, 0.6745, 0.0, 0.5396, 0.0, 0.6745, 27.654500000002994]",3.962687500000374,0.6745,8.962969976582064,0.0,27.654500000002994,8.0,2.0,5.0,0.83
1,"[0.0, 0.0, 0.0, 0.0, 0.0, 0.0, 0.0, 0.0, 0.0]",0.0,0.0,0.0,0.0,0.0,9.0,3.0,1.0,0.17
2,"[0.0, 0.0, 0.0, 0.0, 0.6745000000008986, 0.6744999999991014, 0.0, 0.0, 0.0, 0.6745000000000074, 0.6744999999999925]",0.24527272727272728,0.0,0.32446531987510296,0.0,0.6745000000008986,11.0,9.0,2.0,0.33
3,"[1.0424090909094994, 0.6745000000004084, 0.6744999999995915, 0.6744999999995915, 167.2760000000188, 0.24527272727272725, 0.24527272727272725, 1.1037272727272727, 0.08993333333333332, 0.08993333333333332, 132.47180000001435, 1.2590666666666668]",25.487242929295693,0.6745,56.08047400036231,0.08993333333333332,167.2760000000188,12.0,3.0,6.0,1.0
4,"[2.698, 0.0, 3.03525, 0.33725, 0.33725, 0.0, 0.33725, 13.490000000002246, 1.349, 1.01175, 1.68625, 0.0]",2.0235000000001873,0.6745,3.5982114813595416,0.0,13.490000000002246,12.0,1.0,4.0,0.67
5,"[0.6745, 0.6745]",0.6745,0.6745,0.0,0.6745,0.6745,2.0,1.0,3.0,0.5
