Cluster,Dist,mean,median,std,min,max,bag_count,day_count,Cluster_Rank,Cluster_perc
0,"[0.0, 0.0, 0.0]",0.0,0.0,0.0,0.0,0.0,3.0,3.0,1.5,0.5
1,"[0.33725000000003513, 2.149968749999987, 0.46371875000002194, 0.6745, 0.16862500000005265, 0.9695937500000396, 0.0, 1.686249999999965, 0.9695937499999692]",0.8243888888888967,0.6745,0.6701270766445825,0.0,2.149968749999987,9.0,1.0,3.0,1.0
2,[0.0],0.0,0.0,0.0,0.0,0.0,1.0,1.0,1.5,0.5
