Cluster,Dist,mean,median,std,min,max,bag_count,day_count,Cluster_Rank,Cluster_perc
0,"[0.09635714285769302, 0.6745, 3.8061071428538416, 1.7344285714269208, 0.04817857142884651, 2.890714285711535, 0.0, 0.6744999999999999, 1.3643295454548519, 0.06131818181818181, 1.9161931818182838, 0.0, 1.3489999999997604, 0.5036266666668615, 0.08993333333320552, 0.08993333333344516, 1.7806800000002012, 0.5216133333334069, 1.2051066666664398, 0.8273866666665931, 0.7810000000007468, 0.14200000000004978, 1.171500000000647, 1.9170000000006722, 0.0, 0.14200000000004978, 1.384500000000249, 1.1360000000003982, 0.6035000000004481, 1.5265000000007716, 0.24849999999985065, 0.49700000000017425, 0.21300000000007469, 0.6745, 2.094500000000971, 0.07100000000002489, 2.520500000001593]",0.939375854685859,0.6745,0.90765906676113,0.0,3.8061071428538416,37.0,4.0,3.0,0.6
1,"[1.0117499999998678, 2.479779411764838, 1.0117499999998678, 0.05951470588222079, 0.05951470588222079, 0.33725000000013217, 0.6745, 0.6745]",0.7885698529411433,0.6745,0.7290888847736504,0.05951470588222079,2.479779411764838,8.0,2.0,2.0,0.4
2,"[0.026625000000177357, 0.665624999999941, 0.02662499999994088, 0.8608750000002956, 0.7366249999999408, 0.23962499999994089, 0.3993750000000591, 0.4526249999999409, 0.647875000000059, 193.57262500002145, 0.6833750000000591, 0.8431250000001774, 3.0086250000004138, 1.4821250000001773]",14.546125000001613,0.6745000000000001,49.65818931365964,0.02662499999994088,193.57262500002145,14.0,1.0,4.0,0.8
3,"[0.0, 0.0, 0.0, 0.6745000000000831, 0.6744999999999168, 0.6744999999999002, 0.6745000000000998, 0.0, 1.9764418604650191, 0.6745, 0.0]",0.4862674418604563,0.6744999999999002,0.570490809634348,0.0,1.9764418604650191,11.0,7.0,1.0,0.2
4,"[0.6120462962962285, 0.7369537037037716, 0.5620833333332778, 3.634805555554908, 23713.23412036713, 0.5620833333332778]",3953.2236820982257,0.6745000000000001,8836.945384053988,0.5620833333332778,23713.23412036713,6.0,1.0,5.0,1.0
