Cluster,Dist,mean,median,std,min,max,bag_count,day_count,Cluster_Rank,Cluster_perc
0,"[0.0, 0.0, 0.6745000000000001, 0.6744999999999999, 0.0, 0.0]",0.22483333333333333,0.0,0.3179623492735508,0.0,0.6745000000000001,6.0,5.0,1.0,0.25
1,"[0.6745, 0.6745, 0.6744999999999999, 0.6744999999999999]",0.6744999999999999,0.6744999999999999,7.850462293418876e-17,0.6744999999999999,0.6745,4.0,2.0,2.0,0.5
2,"[1.6068970588235605, 0.8927205882350764, 0.4562794117649235, 0.4562794117649235]",0.8530441176471208,0.6744999999999999,0.47029590230679735,0.4562794117649235,1.6068970588235605,4.0,1.0,4.0,1.0
3,"[0.6743818325157676, 0.6746181674842324, 0.674381832515767, 0.8184331335120807]",0.7104537415069619,0.6745,0.06234200570215818,0.674381832515767,0.8184331335120807,4.0,1.0,3.0,0.75
