Cluster,Dist,mean,median,std,min,max,bag_count,day_count,Cluster_Rank,Cluster_perc
0,"[0.6745000000044931, 0.6744999999955069, 0.0]",0.44966666666666666,0.6744999999955069,0.3179623492735509,0.0,0.6745000000044931,3.0,2.0,1.0,0.33
1,"[0.0, 2.9055384615452673, 0.6745, 0.9577900000000144, 0.0, 0.6745]",0.8687214102575469,0.6745,0.9782087885330428,0.0,2.9055384615452673,6.0,2.0,2.0,0.67
2,"[0.0, 0.6745, 3942.007241831014]",1314.2272472770048,0.6745,1858.121074019176,0.0,3942.007241831014,3.0,1.0,3.0,1.0
