Cluster,Dist,mean,median,std,min,max,bag_count,day_count,Cluster_Rank,Cluster_perc
0,"[0.8932113654618472, 0.0, 0.7043513654618474, 0.08028987951807239, 0.6745, 0.46043484997887024, 1.0487577123538525, 0.6745, 0.0, 3.36271362163685, 0.181950626848852, 3.89079799971827, 0.9208696999577403, 0.6213875193689251]",0.9652689028789376,0.6745,1.139897928896912,0.0,3.89079799971827,14.0,2.0,5.0,0.71
1,"[0.6745, 0.6745, 0.6745, 0.6745, 0.6745, 0.6745]",0.6745,0.6745,0.0,0.6745,0.6745,6.0,3.0,2.0,0.29
2,"[1.307107835583398, 0.7531551371813339, 0.22053264547251364, 1.3767473451475667, 1.043462865565643, 0.22053264547251347, 0.5699503534219958, 0.595844862818666, 1.5216300626444679, 0.41756591068975907, 0.6745, 2.2375727289789813, 0.0, 1.1141049633848654, 0.6745, 0.0, 2.5066446975861134, 0.052503797125033905, 0.36588011933821496, 0.9864128017358285, 0.6745, 0.7969424414927261, 0.0, 1.2707847353995358, 0.5865433797174783, 0.5037063040269871, 0.7378543643263755]",0.7855177776707407,0.6745,0.6165844481170979,0.0,2.5066446975861134,27.0,4.0,3.0,0.43
3,"[0.0, 0.0]",0.0,0.0,0.0,0.0,0.0,2.0,2.0,1.0,0.14
4,"[2.2419507874015765, 0.2355019685039373, 0.009643700787401451, 10.04580118110237, 5.413470472440948, 0.5220177165354336, 0.8269822834645663, 0.009643700787401451]",2.413126476377954,0.6744999999999999,3.348072981283939,0.009643700787401451,10.04580118110237,8.0,1.0,7.0,1.0
5,"[6.8312099787685785, 0.3361043524416135, 0.0, 4.693861252653928, 0.6745, 1.5635727617680235, 0.028775715311250064, 0.13799892318736573, 0.6610805558404265, 0.9218604758486306, 1.510102502307455, 0.6828006871090143, 1.646648805250743, 0.9832163880627629, 0.028775715311250182, 0.5278545277407445, 0.6661993128909856]",1.2879154090878102,0.6745,1.74839245047301,0.0,6.8312099787685785,17.0,2.0,6.0,0.86
6,"[0.7590553422027152, 0.0, 0.922522836373611, 0.45968872582636133, 0.6745, 0.13071848854752455, 3.5473463859552856]",0.9276902541293569,0.6745,1.1129090979924896,0.0,3.5473463859552856,7.0,1.0,4.0,0.57
