Cluster,Dist,mean,median,std,min,max,bag_count,day_count,Cluster_Rank,Cluster_perc
0,"[0.6745, 0.6745, 1.0476276595742666, 7.964840425530326, 0.22961702127653064, 0.3013723404257333, 8.96941489361572, 0.22961702127672184, 0.6745, 0.6745]",2.1440489361699298,0.6745,3.178572416740921,0.22961702127653064,8.96941489361572,10.0,3.0,2.0,0.67
1,"[0.0, 0.0, 0.6745000000000002, 0.6744999999999998, 0.0, 0.0, 0.0, 0.0, 0.6745000000001695, 0.6744999999998303]",0.2698,0.0,0.33043616630145073,0.0,0.6745000000001695,10.0,8.0,1.0,0.33
2,"[0.6745, 0.7675344827589519, 0.9768620689654318, 0.7210172413797857, 0.290732758620524, 0.7326465517245386, 0.046517241378856225, 0.4535431034484575, 0.23258620689614035, 0.0, 0.3488793103449077, 1.7095086206898156, 5.093637931036272, 1.0233793103449078, 740.9847672416314, 0.30236206896589657, 0.4651724137936751, 0.325620689655712, 1.0350086206902802, 0.895456896552627, 0.6163534482765458, 1.8490603448282434, 0.45354310344814763, 1.1280431034490772, 0.38376724137901114, 0.3605086206895056, 0.5000603448282434, 1.8025431034484574, 0.3023620689651219, 0.8256810344836455, 0.5000603448271588, 0.8954568965515425, 0.02325862068919571, 0.534948275861727, 0.6977586206899703, 0.6628706896552472, 0.5465775862066348, 1.3490000000009295, 0.6512413793101846, 0.290732758620524, 1.5699568965518524, 0.7442758620689816, 0.1279224137927455, 0.03488793103456824, 1.1861896551728413, 0.6745, 0.02325862068919571, 0.7326465517245386, 0.5930948275862656, 0.9419741379316382, 0.8605689655180587, 1.000120689656022, 0.6279827586208339, 6.7798879310372016, 1.069896551724074, 0.6512413793101846, 0.6977586206899703, 0.523318965517439, 0.7559051724146639, 0.38376724137947593, 0.02325862068919571, 0.10466379310354978, 1.6281034482770107, 0.8140517241385828, 0.2791034482759262, 0.8605689655171291, 0.7907931034487674, 0.7326465517243838, 1143.010025862458]",28.111245377320873,0.6745,161.56468676474677,0.0,1143.010025862458,69.0,1.0,3.0,1.0
