Cluster,Dist,mean,median,std,min,max,bag_count,day_count,Cluster_Rank,Cluster_perc
0,"[0.6744999999999999, 0.6745000000000001, 0.0, 0.0, 0.0, 0.0]",0.22483333333333333,0.0,0.3179623492735508,0.0,0.6745000000000001,6.0,5.0,1.0,0.2
1,"[6.07049999995507, 0.6745, 0.0, 0.0, 0.6745, 16029.829750001763]",2672.8748750002865,0.6745,5973.412187776564,0.0,16029.829750001763,6.0,2.0,5.0,1.0
2,"[0.015373219373217681, 0.6745000000000001, 0.6764216524216496, 0.0, 33.1915492877493]",6.911568831908832,0.6745000000000001,13.143384331044736,0.0,33.1915492877493,5.0,1.0,4.0,0.8
3,"[0.6671284153005473, 0.6671284153005473, 0.6848202185792338, 0.6818715846994527]",0.6752371584699453,0.6745000000000001,0.008175482921936924,0.6671284153005473,0.6848202185792338,4.0,1.0,2.0,0.4
4,"[0.19271428571318536, 0.19271428571318536, 0.0, 0.0, 0.38542857142893816, 1.3490000000025675, 1.3490000000025675, 1.7344285714289382, 0.9635714285710618, 2.1198571428604436]",0.8286714285720886,0.6745,0.7366123867876766,0.0,2.1198571428604436,10.0,1.0,3.0,0.6
