Cluster,Dist,mean,median,std,min,max,bag_count,day_count,Cluster_Rank,Cluster_perc
0,"[114.17084214501504, 1.3377922960725022, 0.01120770392748442, 0.011207703927497993, 4.642147058822239, 4.642147058822239, 0.0, 0.6745, 0.03967647058821974]",13.94772449301947,0.6745,35.48000305627544,0.0,114.17084214501504,9.0,2.0,5.0,1.0
1,"[0.6744999999999376, 0.6745000000000624, 0.0, 0.6744999999998752, 0.6745000000001248, 0.0, 0.0, 0.0, 0.0, 1.2672424242423046, 0.6745, 0.6745000000000075, 0.6744999999999924, 0.0, 0.6745000000000001, 0.6745, 0.6744999999999584, 0.6745000000000416, 0.0, 0.0, 0.6745000000002643, 0.6744999999997356]",0.456170110192832,0.6744999999999479,0.36570298953870534,0.0,1.2672424242423046,22.0,14.0,1.0,0.2
2,"[31.25183333333633, 0.0, 0.6745, 3.4264599999997505, 0.0, 0.6745]",6.004548888889347,0.6745,11.350477017669466,0.0,31.25183333333633,6.0,2.0,4.0,0.8
3,"[0.0, 3.537818627451146, 0.23805882352944027, 0.6745, 0.7406274509803878, 3.9720555555560546, 0.0, 0.0, 0.6745, 9.817722222223221]",1.965528267974025,0.6745,2.959107017538499,0.0,9.817722222223221,10.0,2.0,3.0,0.6
4,"[0.6745, 0.6745, 0.6745, 0.6745]",0.6745,0.6745,0.0,0.6745,0.6745,4.0,2.0,2.0,0.4
