Cluster,Dist,mean,median,std,min,max,bag_count,day_count,Cluster_Rank,Cluster_perc
0,"[1.0117500000022466, 0.0, 0.9274375000016849, 0.33725, 0.6745, 0.6745, 0.0, 0.8672142857098843]",0.5615814732142269,0.6745,0.3769096460515328,0.0,1.0117500000022466,8.0,2.0,2.0,0.67
1,"[23.980766990289315, 23.941475728153137, 23.954572815531865, 0.40600970873769804, 23.993864077667688, 0.3012330097085922, 0.03929126213582746, 0.2619417475727647, 0.2881359223302157, 0.06548543689327842, 0.20955339805821174, 0.36671844660187064, 0.013097087378725478, 0.48459223300970194, 0.40600970873769804, 0.0916796116503804, 1.1001553398056116, 0.026194174757450957, 0.052388349514552936, 0.6417572815533608, 23.784310679609476, 0.812019417475745, 23.758116504852374, 23.74501941747365, 0.17026213592238432, 0.3143300970873177, 0.36671844660187064, 1.6764271844660432, 0.6941456310679137, 23.823601941745654, 23.849796116502755, 0.995378640776506, 1.16564077669889, 0.432203883495149, 1.2180291262134433, 23.889087378638582, 23.92837864077476, 0.06548543689327842, 0.14406796116493337, 23.849796116502755, 0.013097087378725478, 0.3143300970873177, 23.823601941745654, 0.5762718446600823, 0.10477669902910587, 24.02005825242514, 23.941475728153137, 23.83669902912403, 0.6548543689320863, 23.73192233009493, 0.0916796116503804, 23.771213592231103, 23.915281553396035, 23.915281553396035]",9.111449658395465,0.6745,11.326011358796004,0.013097087378725478,24.02005825242514,54.0,1.0,3.0,1.0
2,"[0.0, 0.0]",0.0,0.0,0.0,0.0,0.0,2.0,2.0,1.0,0.33
