Cluster,Dist,mean,median,std,min,max,bag_count,day_count,Cluster_Rank,Cluster_perc
0,"[0.0, 0.6745000000000003, 0.6744999999999995, 0.0, 0.0, 0.0, 0.0]",0.19271428571428567,0.0,0.304708040254796,0.0,0.6745000000000003,7.0,6.0,2.0,0.67
1,"[0.6745000000000001, 0.6745000000000001, 0.6745, 0.6745, 0.6745, 0.6745]",0.6745000000000001,0.6745,9.064933036736789e-17,0.6745,0.6745000000000001,6.0,3.0,3.0,1.0
2,[0.0],0.0,0.0,0.0,0.0,0.0,1.0,1.0,1.0,0.33
