Cluster,Dist,mean,median,std,min,max,bag_count,day_count,Cluster_Rank,Cluster_perc
0,"[0.8768499999998561, 2.900349999999497, 0.17537000000004313, 0.28329000000001436, 2.7924299999995252, 0.33725, 0.4451699999999712, 0.8768499999998561, 0.14839000000023006, 0.4721500000001438, 1.848129999999957, 0.17537000000004313, 49.09010999999222, 49.41386999999213, 1.1736299999995974, 0.31026999999982746, 0.1483899999998706, 47.76808999999239, 17.998829781420785, 18.004358469945373, 0.6899803278688557, 0.6686027322404378, 0.6803972677595621, 0.008845901639343297, 0.008108743169398022, 0.6807658469945372, 0.011794535519124395, 0.008108743169398022, 16.999242896174877, 0.031329234972676624]",7.167544149361651,0.6744999999999999,14.781121288261287,0.008108743169398022,49.41386999999213,30.0,2.0,4.0,0.67
1,"[0.6832700945626414, 0.6657299054373585, 0.6657299054373479, 0.7103776595744694, 0.0, 0.6745, 32.102554054051794]",5.071737374151945,0.6745,11.037786878019544,0.0,32.102554054051794,7.0,2.0,3.0,0.5
2,"[0.6730019433647925, 0.7089553026096623, 0.6759980566351974, 0.6730019433648026, 0.07506893687707003, 1.27393106312292, 110.55413538205892, 0.07506893687708, 0.4262840000000397, 19.355451999999026, 0.9227159999999603, 0.4262839999998959]",11.319991463742445,0.6745,30.364258536300813,0.07506893687707003,110.55413538205892,12.0,3.0,5.0,0.83
3,"[0.0, 0.0, 0.0, 0.0, 0.0, 0.0, 0.0, 0.0]",0.0,0.0,0.0,0.0,0.0,8.0,8.0,1.0,0.17
4,"[0.004040021780562849, 23.167688537979842, 0.004040021780562849, 99.81791995643884, 0.004407296487884076, 0.6581562755240953, 0.6908437244759047, 207.59247917233856]",41.49244687585078,0.6745,70.55398788373054,0.004040021780562849,207.59247917233856,8.0,1.0,6.0,1.0
5,"[0.6745, 0.6745, 0.6745, 0.6745]",0.6745,0.6745,0.0,0.6745,0.6745,4.0,2.0,2.0,0.33
