Cluster,Dist,mean,median,std,min,max,bag_count,day_count,Cluster_Rank,Cluster_perc
0,"[0.6745, 0.0, 16.37983027522941, 1.3450639257294426, 0.003936074270556593, 0.003936074270557388, 3.047117860300616, 2.8695343977652406, 0.1851300597031276, 0.1851300597031276, 1.1638699402968724, 1.1402831795599715, 0.20871682044002832, 1.4854318665720365, 0.20871682044002848]",1.9267464902854006,0.6745,3.9783908882035752,0.0,16.37983027522941,15.0,4.0,4.0,1.0
1,"[0.048703519543410664, 0.6689588810100312, 0.7092049031476998, 0.6012989017640956, 2.8073641905914917, 0.680041118989969, 0.04508721030785195, 0.04508721030785195, 1.090900510204082, 4.377425674507092, 0.5610340325117985, 2.423106764551651, 0.6922555846879915, 1.6463176192973257, 1.3896044048243315, 2.931227739905611, 0.47041688515993707, 0.5497157315154693, 0.6745, 0.0, 0.19050115364446774, 0.051215312008390156, 0.17366518091242783, 1.0069750917671734, 2.794488515993707, 0.9512834595959596, 0.6412859848484849, 0.6412859848484849, 0.7077140151515151]",1.0196781235033896,0.6745,1.0481416753694441,0.0,4.377425674507092,29.0,3.0,3.0,0.75
2,"[0.6745, 0.6745, 0.6745, 0.6745, 0.34788161835626186, 1.1257531346768872, 0.3478816183562617, 1.0011183816437383, 0.8154943217271934, 0.7362007987021092, 0.5592634468987895, 0.0, 0.10303107450393112, 0.6745, 1.1827529639336078]",0.6394584905865853,0.6745,0.32476282537201934,0.0,1.1827529639336078,15.0,4.0,2.0,0.5
3,"[0.0, 0.0, 0.0, 0.6745, 0.6745000000000001, 0.0, 0.0, 0.0]",0.16862500000000002,0.0,0.29206706742630195,0.0,0.6745000000000001,8.0,7.0,1.0,0.25
