Cluster,Dist,mean,median,std,min,max,bag_count,day_count,Cluster_Rank,Cluster_perc
0,"[1.4333125000001874, 0.7869166666666667, 1.2646875000001871, 0.3653541666668539, 0.028104166666479455, 0.39345833333333335, 0.6745, 47.55225000000524, 0.0, 2.730119047618395, 54.21695238094117, 0.5781428571426738, 0.38542857142887704, 0.0, 0.6745, 0.9956904761899463]",7.004963541666251,0.6745,16.639527435468786,0.0,54.21695238094117,16.0,2.0,6.0,0.75
1,"[0.6745, 0.0, 19.26195081967209, 0.30960655737701537, 1.1057377049180592, 119.52140000001258, 118.17240000001259, 0.0, 0.1349, 0.8768500000004493, 0.1349, 0.6745]",21.7388954234994,0.6745,43.73517149925816,0.0,119.52140000001258,12.0,2.0,7.0,0.88
2,"[0.6905595238096257, 0.20877380952385027, 0.20877380952385027, 0.27301190476192516, 0.9153928571426738, 0.786916666666524, 1.6541309523807486, 0.6584404761903743, 0.2248333333333333, 0.0, 2.1921249999996255, 0.2248333333333333, 0.6745, 1.4614166666674155, 0.8431249999996255]",0.7344555555555271,0.6745,0.5990070822490754,0.0,2.1921249999996255,15.0,2.0,3.0,0.38
3,"[0.0, 0.6745, 5.544618644067856, 7.5881250000011224, 0.0, 0.6745, 0.6745, 8.054898550724706, 0.0, 0.0, 5.227375000001123, 0.6745, 35.155757575754286, 0.6745, 0.0, 1.3395000000001906, 0.028500000000187174, 1.396500000000059, 0.028499999999934043, 0.636499999999877, 0.7125000000001229]",3.2897749890737837,0.6745,7.547043556754849,0.0,35.155757575754286,21.0,6.0,5.0,0.62
4,"[0.0, 0.6745000000000002, 0.6744999999999998, 0.0, 0.0, 0.0, 0.0]",0.1927142857142857,0.0,0.304708040254796,0.0,0.6745000000000002,7.0,6.0,1.0,0.12
5,"[1.244077777777893, 1.1541444444443734, 0.19485555555562656, 0.19485555555562656, 0.6745, 0.6745, 0.6745, 0.6745, 0.6745, 0.6745]",0.683493333333352,0.6745,0.3184001293581725,0.19485555555562656,1.244077777777893,10.0,4.0,2.0,0.25
6,"[0.6745, 0.7004423076924805, 0.05188461538461538, 0.0, 0.6745, 0.4496666666666666, 0.0, 206.6218333333558, 188.07308333335354, 0.6745]",39.79204102564531,0.6745,78.88730047161332,0.0,206.6218333333558,10.0,2.0,8.0,1.0
7,"[1.0045744680851552, 0.3444255319148448, 1.2341914893617183, 2.03785106382969, 0.0861063829789024, 0.0861063829789024]",0.798875886524869,0.6745,0.7058655355521735,0.0861063829789024,2.03785106382969,6.0,1.0,4.0,0.5
