Cluster,Dist,mean,median,std,min,max,bag_count,day_count,Cluster_Rank,Cluster_perc
0,"[0.6873641752577189, 0.6741523195876312, 0.6748476804123688, 0.674152319587622, 0.6745, 0.6745]",0.6765860824742235,0.6745,0.0048259577552573875,0.674152319587622,0.6873641752577189,6.0,2.0,2.0,0.67
1,[0.0],0.0,0.0,0.0,0.0,0.0,1.0,1.0,1.0,0.33
2,"[0.5164140625000702, 0.2213203125000702, 0.8747421875002106, 0.2213203125000702, 41.04964843750442, 0.8325859374999298]",7.286005208334129,0.6745,15.10177377854883,0.2213203125000702,41.04964843750442,6.0,1.0,3.0,1.0
