Cluster,Dist,mean,median,std,min,max,bag_count,day_count,Cluster_Rank,Cluster_perc
0,"[72.84600000030194, 0.6745, 0.0, 0.6745, 0.6745]",14.973900000060386,0.6745,28.937229171898778,0.0,72.84600000030194,5.0,2.0,2.0,0.67
1,"[0.0, 0.0, 0.0]",0.0,0.0,0.0,0.0,0.0,3.0,3.0,1.0,0.33
2,"[0.4862674418605526, 61.4108720930013, 0.8627325581394474, 0.10980232558082187, 0.10980232558165778, 60.50108139532709, 0.17254651162855822, 58.08543023253731, 0.0, 0.7588125000005617, 0.08431250000056163, 155.89381250001853, 156.0624375000174, 0.0, 0.6745]",33.01416065891292,0.6745,53.61405840804927,0.0,156.0624375000174,15.0,2.0,3.0,1.0
