Cluster,Dist,mean,median,std,min,max,bag_count,day_count,Cluster_Rank,Cluster_perc
0,"[54.02404943710138, 53.82364733235346, 0.6745, 0.0036316691140453076, 0.0, 0.33724999999101385, 0.33725000000898614, 1.0117499999910138, 56157.85824963212, 0.0, 2075.783118055784, 0.6745, 0.6745, 0.6745, 0.6745, 0.6745]",3646.701621632904,0.6745,13567.527443373792,0.0,56157.85824963212,16.0,5.0,3.0,1.0
1,"[0.0, 0.6744999999999998, 0.6745000000000001, 0.0, 0.674500000000001, 0.674499999999999, 0.0, 0.0, 0.0, 0.0]",0.26979999999999993,0.0,0.33043616630145073,0.0,0.674500000000001,10.0,8.0,1.0,0.33
2,"[2.350495777027081, 0.005696790540547617, 0.00227871621623119, 0.0, 2.3220118243244037, 2.3288479729730365, 0.6688032094594524, 0.6745, 0.012532939189180472, 2.385815878378452, 223.82348226351797]",21.324951397420577,0.6745,64.0437327866612,0.0,223.82348226351797,11.0,1.0,2.0,0.67
