Cluster,Dist,mean,median,std,min,max,bag_count,day_count,Cluster_Rank,Cluster_perc
0,"[0.16862500000037442, 1.4052083333329588, 1.0679583333337077, 0.3934583333329589, 233.32079166669325, 1.5176249999996256, 1.067958333332959, 0.2810416666662922, 1.067958333332959, 1.967291666666292, 0.3934583333337077, 0.28104166666704106, 0.3934583333329589, 0.16862499999962557, 0.28104166666704106, 0.6182916666662923, 6652.762125000733, 6628.030458334064, 0.7307083333337078, 0.28104166666704106, 0.5480694234832485, 17.205552369453628, 18.879077875037684, 18.860754603078735, 17.997524901901553, 18.842431331119787, 18.57287564141257, 0.25041805010564605, 0.2504180501056434, 130.74835375792298, 0.5521412616963479, 0.5537699969815877, 0.5488837911258684, 0.5480694234832485, 0.5505125264111081, 0.7952300030184123, 0.843125, 101.84950000001123, 0.6745, 0.0, 0.6745, 101.51225000001124, 0.0, 0.168625, 0.0, 1.349, 102.35537500001122, 0.6745, 1.349, 1.517625, 0.843125, 0.6745, 0.33725, 0.33725, 346.52437500003816, 0.0, 0.168625, 102.18675000001123, 0.168625, 101.68087500001123]",243.96319374457653,0.6745,1189.2893915156608,0.0,6652.762125000733,60.0,4.0,4.0,1.0
1,"[0.29509375, 84.64975000000926, 0.6745, 61.379500000006736, 0.0, 0.6758205106843842, 0.6743969814359702, 0.6743969814359702, 0.67460301856403, 2.698, 0.0, 0.6745]",12.755880103511364,0.6745,27.371778499528116,0.0,84.64975000000926,12.0,3.0,2.0,0.5
2,"[0.0, 0.0, 0.0, 0.0, 0.0, 0.4046999999985622, 0.4046999999985622, 562.6678999993142, 2.293299999996046, 0.9442999999996405, 0.40470000000035944, 0.0843125, 0.7588125, 177.73075000001964, 0.6745, 0.4215625, 171.4073125000191, 0.0, 74.55000000000828, 0.6745, 2012.4595000002214, 0.1065, 0.0, 0.0, 0.0, 0.0]",115.61489807690675,0.4046999999985622,396.40626967847527,0.0,2012.4595000002214,26.0,5.0,3.0,0.75
3,"[0.6745000000008986, 0.6744999999991014, 0.0, 0.0, 0.0, 0.6745, 2.0235, 0.0, 0.0, 0.0, 0.6744999999995915, 0.6745000000004084]",0.44966666666666666,0.3372499999995507,0.5732147769863888,0.0,2.0235,12.0,8.0,1.0,0.25
