Cluster,Dist,mean,median,std,min,max,bag_count,day_count,Cluster_Rank,Cluster_perc
0,"[0.7609743589743191, 0.5880256410256234, 0.8388012820512899, 0.5880256410256809, 0.5974142857143003, 1.2140999999998974, 0.5974142857143003, 0.7515857142856996, 1.4068142857141464, 0.2890714285712452, 0.2890714285715019, 1.3682714285712967, 0.0, 1.2847619047617111, 1.3811190476186095, 0.6745, 1.5417142857137967, 0.6423809523809626, 0.25695238095229944, 0.7387380952378608, 0.2890714285715508, 1.7312166666669662, 0.6520166666666666, 1.0792000000001496, 1.9785333333336328, 1.641283333333483, 0.629533333333483, 1.169133333333483, 0.15738333333333335, 0.38221666666666665, 0.06745, 2.405716666666966, 0.0, 0.42718333333333336, 0.5396000000001497, 0.7194666666668165, 2.158400000000299, 0.5171166666666667, 0.8318833333333333, 0.2698, 1.169133333333483, 1.8886000000001497, 0.629533333333483, 1.6188000000001497, 0.49463333333333326, 0.5396000000001497, 0.6745, 0.7194666666668165, 1.297772151898629, 1.810050632911201, 0.6830379746835428, 0.5122784810126856, 0.06830379746845665, 1.2977721518987428, 0.0683037974683429, 0.27321518987348536, 0.6659620253164571, 0.4781265822784004, 0.7684177215188578, 1.0587088607594288]",0.8362026207091219,0.6745,0.5655792143562843,0.0,2.405716666666966,60.0,5.0,3.0,0.75
1,"[0.7166562499999912, 0.6323437499998683, 1.2646874999997366, 0.6323437500000088, 3.5832812500005615, 0.46371874999999996, 1.8970312500002806, 0.6745, 0.0, 4.002033333331855, 0.0, 0.17986666666658677, 1.7986666666661673, 0.6745, 0.8543666666665868, 0.6744999999997005]",1.128030989583209,0.6745,1.1342886036310045,0.0,4.002033333331855,16.0,3.0,4.0,1.0
2,"[0.14806097560984163, 1.2009390243901583, 1.2009390243903775, 0.14806097560962245, 0.9796309523809816, 0.9475119047619366, 0.40148809523806345, 0.40148809523806345]",0.6785148809523807,0.6745,0.42206851191150846,0.14806097560962245,1.2009390243903775,8.0,2.0,2.0,0.5
3,"[0.0, 0.0, 0.2698, 1.4569200000001798, 1.1331600000001798, 0.9443000000001798, 0.62054, 0.0, 0.6745000000000001, 0.6744999999998271, 0.6745000000001729]",0.5862018181818672,0.6744999999998271,0.46133446312786947,0.0,1.4569200000001798,11.0,4.0,1.0,0.25
