Cluster,Dist,mean,median,std,min,max,bag_count,day_count,Cluster_Rank,Cluster_perc
0,"[0.0, 0.6744999999998897, 0.6745000000001102, 0.67450000000001, 0.67449999999999, 0.6745000000000002, 0.6744999999999999, 0.0, 0.0, 0.0]",0.40470000000000006,0.6744999999999399,0.33043616630145073,0.0,0.6745000000001102,10.0,7.0,2.0,0.33
1,"[0.0, 0.6745, 72.36988235292128, 0.0, 398.4046666640547, 0.6745]",78.68725816949599,0.6745,145.38138383952668,0.0,398.4046666640547,6.0,2.0,6.0,1.0
2,"[13.270219101123965, 13.399056179775693, 0.159151685393297, 0.7351292134831414, 0.14399438202241066, 0.26525280898889564, 0.12125842696628306, 13.33842696629255, 0.0, 0.6745, 13.376320224719564]",5.043937180796892,0.6745,6.279440946296131,0.0,13.399056179775693,11.0,1.0,5.0,0.83
3,"[0.0, 0.0, 0.0]",0.0,0.0,0.0,0.0,0.0,3.0,1.0,1.0,0.17
4,"[0.6744999999999999, 0.6744999999999999, 0.6745, 0.6745, 0.6745, 0.6745]",0.6745,0.6745,6.409875621278546e-17,0.6744999999999999,0.6745,6.0,3.0,3.0,0.5
5,"[0.6745, 0.9742777777779995, 0.11241666666749872, 0.0, 3.5973333333369943]",1.0717055555564987,0.6745,1.3126193711278835,0.0,3.5973333333369943,5.0,1.0,4.0,0.67
