Cluster,Dist,mean,median,std,min,max,bag_count,day_count,Cluster_Rank,Cluster_perc
0,"[0.0, 0.0]",0.0,0.0,0.0,0.0,0.0,2.0,2.0,1.0,0.33
1,"[1.2256711222301642, 0.12332887776983566, 9.36691987133667, 0.1233288777698355]",2.7098121872766265,0.6744999999999999,3.8697399537579695,0.1233288777698355,9.36691987133667,4.0,1.0,3.0,1.0
2,"[0.3570091324200913, 0.6755410958904111, 0.4632009132420091, 1.7280456621004565, 2.2079041095890415, 1.3178538812785388, 0.11495433789954329, 0.11495433789954343, 0.2506438356164385, 0.5801073059360731, 0.8729589041095891, 1.065041095890411, 1.0803972602739724, 0.673458904109589]",0.8215764840182649,0.6745000000000001,0.5909560939410401,0.11495433789954329,2.2079041095890415,14.0,1.0,2.0,0.67
