Cluster,Dist,mean,median,std,min,max,bag_count,day_count,Cluster_Rank,Cluster_perc
0,"[0.0, 0.0, 0.6745000000000001, 0.6745]",0.33725000000000005,0.33725,0.33725,0.0,0.6745000000000001,4.0,3.0,2.0,0.67
1,"[0.0, 0.6745, 347.1988750000382]",115.9577916666794,0.6745,163.51236997742512,0.0,347.1988750000382,3.0,1.0,3.0,1.0
2,[0.0],0.0,0.0,0.0,0.0,0.0,1.0,1.0,1.0,0.33
