Cluster,Dist,mean,median,std,min,max,bag_count,day_count,Cluster_Rank,Cluster_perc
0,"[0.0, 0.6745, 2.059959459459331, 0.6745, 0.0, 7514.199800000825, 0.17254651162788023, 0.0, 0.3607790697674904, 0.6745, 1.4274302325581274, 1.6470348837207796, 0.4862674418603898, 0.17254651162788023, 1.1450813953487642, 1.066651162790637, 0.7372441860465019, 0.17254651162788023, 1.490174418604629, 0.2529375000002808, 0.843125, 0.6745, 0.9274375000002808, 0.0, 0.0, 0.6745, 3.687266666666966, 0.0, 3.9345833333333333, 0.6745]",251.2943470595289,0.6745,1348.68802017274,0.0,7514.199800000825,30.0,6.0,4.0,1.0
1,"[0.0, 0.6745000000004493, 0.6744999999995507, 0.0, 0.6745000000000391, 0.6744999999999609, 0.6745, 0.0, 1.2080597014925514, 0.0, 0.0, 1.7986666666666664, 0.0, 0.6745, 0.6745, 0.0, 1.1331599999999389, 0.0, 0.0]",0.46638875621890297,0.6744999999995507,0.5145494906956047,0.0,1.7986666666666664,19.0,11.0,1.0,0.25
2,"[7.034071428570732, 0.6745, 0.6744999999997432, 0.6745, 0.5039803370786203, 5.036014044943835, 0.5039803370786708, 0.8450196629213292, 0.4893431372549261, 0.8596568627450738, 0.4893431372549261, 2.8434803921567555, 0.4215625000002106, 0.9274374999997893, 5.648937499995858, 0.4215625000002106]",1.7529930837500425,0.6745,2.1019055757458793,0.4215625000002106,7.034071428570732,16.0,4.0,3.0,0.75
3,"[1.2740555555554516, 0.07494444444454844, 0.07494444444442364, 1.5925694444441272]",0.7541284722221377,0.6745,0.6884564842930506,0.07494444444442364,1.5925694444441272,4.0,1.0,2.0,0.5
