Cluster,Dist,mean,median,std,min,max,bag_count,day_count,Cluster_Rank,Cluster_perc
0,"[0.0, 0.0]",0.0,0.0,0.0,0.0,0.0,2.0,2.0,1.0,0.33
1,"[16.2078960727148, 1.347650460184072, 1.3491156748413629, 0.0013495398159280199, 0.0001156748413669027, 0.0001156748413648479]",3.1510405162064825,0.6745,5.870233297610227,0.0001156748413648479,16.2078960727148,6.0,1.0,2.0,0.67
2,"[0.0, 20.90949999928111, 0.6745]",7.194666666427036,0.6745,9.701760238000588,0.0,20.90949999928111,3.0,1.0,3.0,1.0
