Cluster,Dist,mean,median,std,min,max,bag_count,day_count,Cluster_Rank,Cluster_perc
0,"[0.6745, 0.6745, 0.6745, 0.6745]",0.6745,0.6745,0.0,0.6745,0.6745,4.0,2.0,2.0,0.67
1,"[0.674500000000034, 0.6744999999999661]",0.6745000000000001,0.6745000000000001,3.3917358828742114e-14,0.6744999999999661,0.674500000000034,2.0,1.0,3.0,1.0
2,[0.0],0.0,0.0,0.0,0.0,0.0,1.0,1.0,1.0,0.33
