Cluster,Dist,mean,median,std,min,max,bag_count,day_count,Cluster_Rank,Cluster_perc
0,"[0.6729994438264728, 0.6729994438264728, 0.6760005561735247, 0.6729994438264753, 0.6962580645161304, 26.13893826473862, 0.0, 0.6745, 0.8318833333333533, 19.571741666666668, 0.04496666666666167, 0.3161718749999671, 0.021078124999997803, 36.085750000000246, 1.0328281250000328, 1.686250000000035, 0.021078124999997803]",5.283320184327921,0.6745,10.575804952822228,0.0,36.085750000000246,17.0,3.0,6.0,1.0
1,"[0.6744999999999988, 0.6745000000000012, 0.0, 0.6744999999998595, 0.6745000000001404, 0.6744999999998271, 0.6745000000001729, 0.0, 0.0, 0.0, 0.0, 0.6745000000000448, 0.6744999999999551]",0.41507692307692307,0.6744999999998595,0.32814712027439563,0.0,0.6745000000001729,13.0,9.0,1.0,0.17
2,"[2.731725000000337, 0.6745, 0.0, 0.8094000000000449, 1.3827250000000533, 0.10117499999999158, 0.6745, 0.0, 0.4552875000000183, 0.9611625000000323, 0.6745, 0.0, 32.90061111111169, 0.7869166666670411, 0.0, 0.6745, 0.6745, 0.0, 35.673555555556185]",4.1671083333334415,0.6745,10.35980708994895,0.0,35.673555555556185,19.0,5.0,5.0,0.83
3,"[0.6744999999999999, 0.6744999999999999, 0.6745, 0.6745]",0.6745,0.6744999999999999,7.850462293418876e-17,0.6744999999999999,0.6745,4.0,2.0,2.0,0.33
4,"[1.16293103448278, 1.81417241379305, 0.0, 0.1395517241379925, 0.6745, 0.6745, 1.686249999999663, 2.6979999999995505, 0.0, 0.47214999999984275, 0.6745, 0.7515857142856996, 1.6958857142855839, 0.0, 0.21198571428567392]",0.8437341543513225,0.6745,0.78234952944109,0.0,2.6979999999995505,15.0,3.0,3.0,0.5
5,"[0.5395999999999487, 0.8094000000000513, 0.0, 0.0, 3.700114285714319, 0.9250285714286116, 0.4625142857142417, 1.9271428571429303, 3.926553571429053, 0.024089285714285712, 1.6139821428574639, 1.0358392857142857, 0.024089285714285712, 0.3131607142857143]",1.0929653061225137,0.6745,1.2504727525776291,0.0,3.926553571429053,14.0,2.0,4.0,0.67
