Cluster,Dist,mean,median,std,min,max,bag_count,day_count,Cluster_Rank,Cluster_perc
0,"[22.595750000022182, 0.6745, 0.0, 1.1370142857142198, 0.23125714285710985, 0.0, 0.6745, 3.873557142857039, 0.2674741379310542, 1.4536637931033751, 0.09303448275864606, 0.9768620689654545, 0.5233189655172243, 0.023258620689632466, 0.6279827586206963, 0.26747413793099606, 0.8721982758620406, 1.267594827586141, 0.38376724137931334, 1.6048448275861702, 1.3606293103447678, 0.34887931034481623, 0.011629310344787182, 0.0, 1.8606896551723209, 2.1397931034482394, 1.1513017241378625, 0.9419741379310348, 0.38376724137931334, 0.6745, 1.0233793103447582, 0.7559051724137427, 0.9652327586206867, 0.023258620689632466, 1.5001810344826787, 0.6744999999999419, 0.7675344827585686, 2.697999999999942, 0.65124137931029, 1.8141724137930753, 0.5000603448275919, 0.465172413793056, 0.8140517241378723, 0.139551724137911, 0.10466379310347199, 0.9768620689654545, 1.3257413793103288, 0.3721379310344293, 1.0815258620689459, 2.9771034482758028, 1.3373706896550965, 0.290732758620706, 0.47680172413794003, 0.32562068965518376, 1.7211379310344488, 0.22095689655169243, 0.08140517241382014, 0.6745, 4.316800000000195, 0.0, 0.3597333333332934, 1.2140999999997903]",1.2430750251605611,0.6745,2.8698416007493326,0.0,22.595750000022182,62.0,4.0,3.0,1.0
1,"[0.0, 1.6412833333333383, 0.6745, 0.0, 0.7494444444444353, 0.0, 0.6745, 0.27479629629626234, 1.249074074074045, 0.0, 0.0, 0.674499999999983, 0.674500000000017, 1.9391874999999181, 0.6744999999999999, 0.0, 0.0]",0.5427226851851765,0.674499999999983,0.5900678869954707,0.0,1.9391874999999181,17.0,8.0,1.0,0.33
2,"[0.6745, 0.6745, 0.6745, 0.6745, 0.6745, 0.6745]",0.6745,0.6745,0.0,0.6745,0.6745,6.0,3.0,2.0,0.67
