Cluster,Dist,mean,median,std,min,max,bag_count,day_count,Cluster_Rank,Cluster_perc
0,"[0.0, 0.0, 0.0, 0.0]",0.0,0.0,0.0,0.0,0.0,4.0,4.0,1.0,0.33
1,"[0.0, 0.6338674698794606, 0.6745, 0.6094879518072237, 236.87139759040664, 927.7544337351164, 915.507789156801]",297.4359251291444,0.6745,402.79650687060786,0.0,927.7544337351164,7.0,1.0,3.0,1.0
2,"[0.6745, 0.6745]",0.6745,0.6745,0.0,0.6745,0.6745,2.0,1.0,2.0,0.67
