Cluster,Dist,mean,median,std,min,max,bag_count,day_count,Cluster_Rank,Cluster_perc
0,"[0.0, 0.0, 0.0, 0.0, 0.0, 0.0, 0.1983823529409899, 36.56186764707725, 36.5817058823715, 0.6745, 0.0, 196.71243149946108, 0.6941456310679542, 0.6548543689320457, 0.6548543689320457]",18.182182783385525,0.1983823529409899,49.270497817973784,0.0,196.71243149946108,15.0,4.0,2.0,0.67
1,"[0.6744999999999896, 0.6745000000000104, 0.0, 0.6744999999991014, 0.6745000000008986, 0.0, 0.0, 0.6744999999970046, 0.6745000000029954, 0.0, 0.6745000000013824, 0.6744999999986175, 0.0]",0.415076923076923,0.6744999999986175,0.32814712027439563,0.0,0.6745000000029954,13.0,9.0,1.0,0.33
2,"[1197.2375000240647, 0.6745, 0.0, 25705.194999983803, 0.6745, 0.0, 0.6745, 21.871287037034218, 0.0, 0.6745, 0.0, 0.6745000000059908]",2243.973023920409,0.6745,7081.466003246399,0.0,25705.194999983803,12.0,4.0,3.0,1.0
