Cluster,Dist,mean,median,std,min,max,bag_count,day_count,Cluster_Rank,Cluster_perc
0,"[0.0, 0.0, 0.6745000000000936, 0.2248333333333021, 0.22483333333348934, 2.473166666666511, 0.2248333333333021, 1.1241666666665107, 1.1241666666666978, 0.2248333333333021, 1.573833333333302, 0.2248333333333021, 0.6744999999999064, 0.22483333333348934, 0.2248333333333021, 2.0235000000000936, 1.573833333333302, 0.6744999999999064, 2.0235000000000936, 2.473166666666698, 0.0]",0.8565079365079333,0.6744999999999064,0.8227883349421603,0.0,2.473166666666698,21.0,3.0,1.0,0.33
1,"[2.0235000000002805, 0.6745, 1.349, 2.6980000000002806, 1.349, 0.0, 0.0, 0.6745, 0.6745, 0.6745, 0.6745, 0.6745, 0.6745, 1.3490000000002809, 1.3490000000002809, 5.396000000000561, 5.396000000000561, 1.3490000000002809, 1.3490000000002809, 0.6745, 0.6745, 0.0, 0.0, 1.349, 1.349, 2.0235000000002805, 2.0235000000002805, 2.0235000000002805, 2.0235000000002805, 0.0, 0.0, 0.6745, 0.6745, 62.15776923076911, 0.5188461538461605, 62.98792307692295, 62.365307692307546, 0.0, 0.41507692307691973, 0.41507692307691973, 0.41507692307691973, 0.41507692307691973, 62.46907692307681, 0.7263846153846203, 0.0, 0.6226153846153797, 2.0753846153846203, 61.950230769230636, 0.0, 0.10376923076924074, 106.674769230769, 106.25969230769208, 62.05399999999989]",11.97066182873735,0.6745,26.95175813793321,0.0,106.674769230769,53.0,2.0,2.0,0.67
2,"[0.5396000000000112, 0.6745, 80.8051000000022, 0.13490000000001684, 0.40469999999999434, 80.53530000000217, 0.6745, 0.40469999999999434, 81.3447000000022, 0.2698000000000056, 0.6745000000000281, 80.8051000000022, 0.8094000000000169, 0.0, 81.07490000000217, 0.13490000000001684, 0.5396000000000112, 80.67020000000215, 0.2698000000000056, 0.2698000000000056, 80.8051000000022, 0.2698000000000056, 0.2698000000000056, 80.67020000000215, 0.0, 0.0, 80.8051000000022, 1.0792000000000224, 1.0792000000000224, 80.8051000000022, 1.2141000000000113, 0.40469999999999434, 80.40040000000218, 0.0, 0.13490000000001684, 80.67020000000215, 0.2698000000000056, 0.13490000000001684, 1.0792000000000224, 80.8051000000022, 1.0792000000000224, 1.0792000000000224, 0.5396000000000112, 80.67020000000215, 0.5396000000000112, 0.2698000000000056, 0.0, 80.94000000000219, 0.2698000000000056]",25.04735102040884,0.6745,37.024415702406614,0.0,81.3447000000022,49.0,1.0,3.0,1.0
