Cluster,Dist,mean,median,std,min,max,bag_count,day_count,Cluster_Rank,Cluster_perc
0,"[0.0, 0.6745000000000002, 0.6744999999999998, 0.0, 0.0]",0.2698,0.0,0.33043616630145073,0.0,0.6745000000000002,5.0,4.0,1.0,0.33
1,"[0.6733795681063117, 0.6726326135105201, 0.6726326135105201, 0.6703917497231449, 0.6696447951273532, 0.6703917497231449, 0.6696447951273532, 0.6733795681063117, 0.7480750276854927, 0.741352436323366, 0.6733795681063117, 0.6703917497231449, 0.7189437984496119, 0.6741265227021042, 0.6733795681063117, 0.7428463455149494, 0.6726326135105201, 0.7159559800664449, 0.6718856589147284, 0.7316420265780723, 0.7697367109634551, 0.7450872093023246, 0.6696447951273532, 0.70998034330011, 0.8309869878183826, 0.775712347729789, 0.6711387043189365, 1.087192414174972, 1.1200584163898115, 0.6718856589147284, 0.7301481173864889, 0.6718856589147284, 0.7316420265780723, 0.7338828903654475, 0.6696447951273532, 0.7338828903654475, 0.6718856589147284, 0.8451791251384266, 0.6696447951273532, 0.7443402547065329, 0.6726326135105201, 0.7219316168327787, 0.6703917497231449, 0.6808491140642303, 0.6741265227021042, 0.712968161683278, 0.6726326135105201, 0.6920534330011073, 0.6733795681063117, 0.7069925249169431, 0.6726326135105201, 0.6860777962347724, 0.6718856589147284, 0.7069925249169431, 0.6733795681063117, 0.8055905315614615, 0.6733795681063117, 0.70998034330011, 0.6786082502768546, 0.7144620708748615, 0.7308950719822807, 0.6718856589147284, 0.712968161683278, 0.6748734772978958, 1.1163236434108517, 0.6718856589147284, 0.701016888150608, 0.6696447951273532, 0.8003618493909183, 0.6733795681063117, 0.7286542081949055, 0.6718856589147284, 0.7301481173864889, 0.6703917497231449, 0.6741265227021036, 0.6726326135105201]",0.7171353820598004,0.6745,0.08876463791873902,0.6696447951273532,1.1200584163898115,76.0,1.0,2.0,0.67
2,"[0.0, 422.6866666667131, 0.0, 410.9953333333786, 0.2248333333333333, 0.6745, 0.2248333333333333, 427.85783333338054, 0.8993333333333332, 412.56916666671196, 0.6745, 407.62283333337825, 0.0]",160.34075641027403,0.6745,202.4458071688699,0.0,427.85783333338054,13.0,1.0,3.0,1.0
