Cluster,Dist,mean,median,std,min,max,bag_count,day_count,Cluster_Rank,Cluster_perc
0,"[0.0, 0.0]",0.0,0.0,0.0,0.0,0.0,2.0,2.0,1.0,0.33
1,"[0.49054545454597437, 1.2263636363637107, 232.64118181806626, 0.24527272727257873, 0.24527272727339564, 0.12263636363628937, 15.942727272720068, 0.8584545454540257, 238.1598181817001, 0.12263636363710628]",49.00549090906696,0.6745,93.31850812038732,0.12263636363628937,238.1598181817001,10.0,1.0,3.0,1.0
2,"[0.6744999999999998, 0.6745000000000002]",0.6745,0.6745,2.220446049250313e-16,0.6744999999999998,0.6745000000000002,2.0,1.0,2.0,0.67
