Cluster,Dist,mean,median,std,min,max,bag_count,day_count,Cluster_Rank,Cluster_perc
0,"[0.0, 0.6745000000000011, 0.6744999999999989, 0.0, 0.0, 0.0, 0.0, 0.0, 0.0, 0.0, 0.6744999999999988, 0.6745000000000012]",0.2248333333333333,0.0,0.3179623492735508,0.0,0.6745000000000012,12.0,10.0,1.0,0.33
1,"[193.8063333333547, 0.0, 0.6745]",64.82694444445157,0.6745,91.20261621312801,0.0,193.8063333333547,3.0,1.0,3.0,1.0
2,"[0.6745, 0.6745]",0.6745,0.6745,0.0,0.6745,0.6745,2.0,1.0,2.0,0.67
