Cluster,Dist,mean,median,std,min,max,bag_count,day_count,Cluster_Rank,Cluster_perc
0,"[1.4907427536231694, 0.7478152173913027, 0.6011847826086972, 0.3176992753623092, 0.034213768115953766, 20.9046123188401, 22.087431159419783, 0.5816340579709861, 20.318090579709676, 0.03421376811593749, 0.09286594202898946, 1.1095036231883888, 0.8162427536231615, 0.48388043478260956, 1.2628936170212408, 1.0906808510638186, 3.013723404255203, 0.6314468085105966, 0.2583191489361814, 0.33007446808510743, 0.6745, 32.706074468084054, 29.390978723403315, 0.0, 0.1865638297872076]",5.566615430157111,0.6745,10.030303514481865,0.0,32.706074468084054,25.0,2.0,5.0,0.83
1,"[0.6745, 0.6745, 0.6745, 0.6745, 0.6745, 0.6745]",0.6745,0.6745,0.0,0.6745,0.6745,6.0,3.0,2.0,0.33
2,"[0.5090566037735793, 0.0, 28.329000000000455, 0.6745, 27.209075471698547, 3.051309523809603, 0.9956904761905041, 0.35330952380949576, 0.35330952380949576, 0.6612745098039232, 0.6877254901960766, 56.57864705882237, 0.6612745098039232]",9.235705591670612,0.6745,16.750993423347115,0.0,56.57864705882237,13.0,3.0,6.0,1.0
3,"[0.0, 0.0, 0.0, 0.6744999999999999, 0.0, 1.5786170212765953, 0.0, 1.1803750000002808, 0.6745]",0.45644355791965296,0.0,0.5696149621935358,0.0,1.5786170212765953,9.0,5.0,1.0,0.17
4,"[0.7263846153846086, 0.0, 0.6745, 0.0, 0.6745, 15.027569892472883]",2.8504924179762483,0.6745,5.454563071914872,0.0,15.027569892472883,6.0,2.0,3.0,0.5
5,"[0.08275378151260734, 4.864335294117652, 0.03967647058823474, 4.7713789915966425, 1.2095655462184876, 5.0343773109243735, 0.13943445378151248, 0.03967647058823474, 0.0, 0.6745, 29.284541666666847, 1.9251354166666768, 0.16862500000000583]",3.7103077232816366,0.6745,7.62625114615705,0.0,29.284541666666847,13.0,2.0,4.0,0.67
