Cluster,Dist,mean,median,std,min,max,bag_count,day_count,Cluster_Rank,Cluster_perc
0,"[0.0, 0.6744999999998573, 0.6745000000001427]",0.44966666666666666,0.6744999999998573,0.3179623492735509,0.0,0.6745000000001427,3.0,2.0,1.0,0.33
1,"[0.5944745762711193, 0.5944745762711193, 1.2118135593220494, 0.685932203389753, 0.663067796610247, 0.8002542372881976]",0.758336158192081,0.6745,0.21425005178509032,0.5944745762711193,1.2118135593220494,6.0,1.0,2.0,0.67
2,"[0.4946333333328142, 0.13489999999964056, 0.04496666666694623, 1.3939666666669464, 1.5738333333323349, 5.261099999997963, 0.04496666666694623, 0.13489999999964056, 0.5845666666667066, 1.124166666666467, 0.3147666666662273, 48.33916666665089, 0.7644333333332934, 1.0342333333325746]",4.374614285712814,0.6745000000000001,12.260553604328742,0.04496666666694623,48.33916666665089,14.0,1.0,3.0,1.0
