Cluster,Dist,mean,median,std,min,max,bag_count,day_count,Cluster_Rank,Cluster_perc
0,"[0.0, 0.0, 0.0]",0.0,0.0,0.0,0.0,0.0,3.0,3.0,1.0,0.33
1,"[0.6745, 0.6745]",0.6745,0.6745,0.0,0.6745,0.6745,2.0,1.0,2.5,0.83
2,"[0.3688671875010531, 0.7482734375002106, 1.0433671875010528, 0.6007265624997894, 0.36886718749880654, 0.9168984374990874]",0.6745,0.6745,0.25577590348830004,0.36886718749880654,1.0433671875010528,6.0,1.0,2.5,0.83
