Cluster,Dist,mean,median,std,min,max,bag_count,day_count,Cluster_Rank,Cluster_perc
0,"[0.6745, 0.549592592592457, 2043.0105370367578, 0.47464814814819745, 0.9492962962963949, 0.5246111111111481, 0.8993333333334442, 0.3497407407406545, 0.12490740740721018, 0.6245370370367165, 1.0991851851852468, 0.0, 0.6745, 13.24018518518325, 0.799407407407543, 12.041074074072435, 12.640629629627842, 13.165240740738657, 0.2997777777780366, 1.1241666666660426, 0.30914583333334894, 0.758812499999766, 0.6745000000000001, 0.6745000000000001, 0.5620833333333958, 0.6463958333327873, 0.44966666666679145, 1.2365833333326468, 0.7869166666662298, 0.2248333333332085, 0.927437499999298, 1.3208958333327872, 0.42156249999957873, 14.9233124999934, 0.3653541666662766, 0.758812499999766, 0.0, 0.5901874999994852, 0.08431249999976599, 1.3771041666660895]",53.25895717591844,0.6745000000000001,318.6426332565059,0.0,2043.0105370367578,40.0,2.0,2.0,0.67
1,"[0.0, 0.6745, 1.9716153846143745, 0.0]",0.6615288461535936,0.33725,0.8049434479630958,0.0,1.9716153846143745,4.0,2.0,1.0,0.33
2,"[2553.3197500002816, 0.0, 0.6745]",851.3314166667606,0.6745,1203.4875235027366,0.0,2553.3197500002816,3.0,1.0,3.0,1.0
