Cluster,Dist,mean,median,std,min,max,bag_count,day_count,Cluster_Rank,Cluster_perc
0,"[0.0, 0.0, 0.0, 0.6745, 1.5682125000001124]",0.4485425000000225,0.0,0.6177845617406204,0.0,1.5682125000001124,5.0,3.0,1.0,0.33
1,"[0.6745, 0.6745]",0.6745,0.6745,0.0,0.6745,0.6745,2.0,1.0,2.0,0.67
2,"[2.36075, 0.6745, 0.0]",1.01175,0.6745,0.9928371173896887,0.0,2.36075,3.0,1.0,3.0,1.0
