Cluster,Dist,mean,median,std,min,max,bag_count,day_count,Cluster_Rank,Cluster_perc
0,"[0.0, 0.6745, 1.91369767441911, 0.07843023255825618, 1.5842906976749775, 0.87870642201827, 0.7425688073394783, 1.1262293577982059, 0.061880733945025225, 0.5321743119265904, 0.6064311926605217, 1.819293577981565, 0.06188073394486034]",0.7753910570974509,0.6745,0.6431707756111467,0.0,1.91369767441911,13.0,2.0,5.0,0.56
1,"[1.4076521739130263, 0.6744999999999999, 0.0, 0.0, 1.646573529412161, 0.6745, 0.6745, 1.218451612902964, 0.0, 0.6745000000000907, 0.6744999999999092, 0.0, 0.6745000000001427, 0.6744999999998573, 0.6745, 0.0, 1.9592619047614972]",0.6839964247640969,0.6745,0.5791552530035466,0.0,1.9592619047614972,17.0,7.0,2.0,0.22
2,"[0.6745, 0.6745, 0.4127537313433096, 0.4127537313433096, 0.9362462686566905, 1.097320895522346]",0.7013457711442759,0.6745,0.25165673200725713,0.4127537313433096,1.097320895522346,6.0,2.0,3.0,0.33
3,"[0.8482348484849166, 0.0, 0.6745, 0.6745, 0.0, 0.8017641509433803]",0.4998331665713828,0.6745,0.35898687197294893,0.0,0.8482348484849166,6.0,2.0,1.0,0.11
4,"[1.3490000000009459, 0.0, 0.6745, 1.881500000000896, 0.49700000000017425, 0.8993333333332283, 1.4673333333333194, 0.0, 0.011833333333410776, 0.6745, 0.0, 0.3497407407406545, 1.498888888888519, 0.6745, 1.5988148148147532]",0.7717962962963935,0.6745,0.6284299503644069,0.0,1.881500000000896,15.0,3.0,4.0,0.44
5,"[315.9826859755933, 0.028789634146418976, 1.3202103658535809, 0.02878963414630939, 0.5101987179485732, 0.5101987179488037, 0.8388012820511963, 2.0494423076922454, 0.4138977272730336, 0.9351022727269663, 0.4138977272726252, 3.6637613636370787]",27.22464797719084,0.6745,87.06926818762241,0.02878963414630939,315.9826859755933,12.0,3.0,8.0,0.89
6,"[1.645371212120948, 2.4629469696968127, 0.1737348484848815, 0.29637121212122036, 0.1737348484848815, 1.0526287878787797]",0.9674646464645872,0.6745,0.8576769014673159,0.1737348484848815,2.4629469696968127,6.0,1.0,7.0,0.78
7,"[0.1541714285713992, 1538.997014285591, 0.32761428571435175, 2.1005857142854425, 1.0792000000000512, 0.6745, 0.0]",220.47615510202317,0.6745,538.284288720474,0.0,1538.997014285591,7.0,1.0,9.0,1.0
8,"[1.3864722222214456, 0.5620833333336661, 0.5620833333326677, 0.7869166666663339]",0.8243888888885283,0.6745,0.3372499999997504,0.5620833333326677,1.3864722222214456,4.0,1.0,6.0,0.67
