Cluster,Dist,mean,median,std,min,max,bag_count,day_count,Cluster_Rank,Cluster_perc
0,"[0.0, 0.0]",0.0,0.0,0.0,0.0,0.0,2.0,2.0,1.0,0.33
1,"[0.449666666666417, 0.0, 1.1241666666660426, 0.0, 0.44966666666716587, 0.2248333333332085, 0.899333333332834, 3.3724999999958816, 0.22483333333245967, 0.22483333333245967, 0.0, 1.5738333333324597, 2.248333333332085, 1.3489999999992512, 1.3489999999992512, 0.899333333332834, 1.5738333333324597, 0.22483333333245967]",0.8993333333326261,0.6745,0.8803978793276248,0.0,3.3724999999958816,18.0,1.0,3.0,1.0
2,"[0.0, 0.6745, 0.6745000000005617]",0.44966666666685384,0.6745,0.3179623492736832,0.0,0.6745000000005617,3.0,1.0,2.0,0.67
