Cluster,Dist,mean,median,std,min,max,bag_count,day_count,Cluster_Rank,Cluster_perc
0,"[0.0, 0.0, 0.0, 0.0, 0.0, 0.0, 0.67449999999994, 0.6745000000000599, 0.6745000000000352, 0.6744999999999649, 0.0, 0.0]",0.22483333333333333,0.0,0.3179623492735509,0.0,0.6745000000000599,12.0,10.0,1.0,0.25
1,"[0.6721181658465974, 0.6768818341534025, 0.6880233063089878, 0.6721181658465974, 1.3478814262022847, 4.408299336649778, 0.0011185737975961268, 0.001118573797715346]",1.05844492282537,0.6745,1.3286494736638332,0.0011185737975961268,4.408299336649778,8.0,2.0,3.0,0.75
2,"[0.6745, 0.6745]",0.6745,0.6745,0.0,0.6745,0.6745,2.0,1.0,2.0,0.5
3,"[0.6745, 0.0, 804.6784999947251, 0.0, 0.6745, 154652.73250310763]",25909.793333850394,0.6745,57576.34183623656,0.0,154652.73250310763,6.0,2.0,4.0,1.0
