Cluster,Dist,mean,median,std,min,max,bag_count,day_count,Cluster_Rank,Cluster_perc
0,"[3.237599999999928, 1.151146666666633, 0.19785333333330696, 0.19785333333336688, 1.3490000000001665, 0.6745, 2.0734629629632955, 0.0, 0.12490740740740741]",1.0007026337449003,0.6745,1.0253689964403523,0.0,3.237599999999928,9.0,2.0,3.0,0.5
1,"[0.0, 0.6745, 0.0, 1.655590909090711, 0.0, 0.6745000000000263, 0.6744999999999737, 0.0, 0.6745000000001123, 0.6744999999998876, 1.2348538461538578, 0.0, 0.6745, 0.0, 1.8886, 0.0, 0.6745]",0.5588555738379158,0.6744999999999737,0.5794457087017972,0.0,1.8886,17.0,9.0,1.0,0.17
2,"[7.419500000000898, 0.0, 0.6745, 0.0, 0.6745, 4.890125000000562, 0.0443749999999331, 0.9496250000000109, 0.7188749999999331, 0.6301250000000669, 0.04437500000005134, 1.038374999999877]",1.4236979166667778,0.6745,2.206939840486854,0.0,7.419500000000898,12.0,3.0,6.0,1.0
3,"[0.6745, 0.6745, 0.6745, 0.6745, 1.2740555555551119, 1.5738333333326677, 0.0749444444448882, 0.07494444444388974, 0.6745, 0.6745]",0.7044777777776557,0.6745,0.43338370590396863,0.07494444444388974,1.5738333333326677,10.0,4.0,2.0,0.33
4,"[0.18823255813955797, 0.0, 0.7372441860464497, 3.984255813953289, 0.6745]",1.1168465116278594,0.6745,1.4609226176733008,0.0,3.984255813953289,5.0,1.0,5.0,0.83
5,"[0.37472222222222223, 0.37472222222222223, 0.9742777777777777, 2.847888888888889, 0.5225000000000143, 0.8264999999999858, 0.5225000000000143, 2.3845000000000924]",1.1034513888889022,0.6745000000000001,0.9024021455437969,0.37472222222222223,2.847888888888889,8.0,2.0,4.0,0.67
