Cluster,Dist,mean,median,std,min,max,bag_count,day_count,Cluster_Rank,Cluster_perc
0,"[0.6744999999999902, 0.6745000000000098, 0.6745, 0.0, 1.5545619047618786, 0.674500000000012, 0.674499999999988, 0.0]",0.6158827380952347,0.6744999999999951,0.45509910858342323,0.0,1.5545619047618786,8.0,4.0,3.0,1.0
1,[0.0],0.0,0.0,0.0,0.0,0.0,1.0,1.0,1.5,0.5
2,[0.0],0.0,0.0,0.0,0.0,0.0,1.0,1.0,1.5,0.5
