Cluster,Dist,mean,median,std,min,max,bag_count,day_count,Cluster_Rank,Cluster_perc
0,"[7.33031290149893, 0.6745, 0.0, 0.0, 1.9242580051232794, 0.6745000000000001, 0.5334662183797635, 2.29520060838937, 0.4880028017931476, 2.27673447006084, 0.4297560692803826, 0.4297560692803824, 0.9192439307196174, 1.8278319443437927, 3.7067816167387275, 0.6745, 0.0]",1.4226379197416608,0.6745,1.7767223283735225,0.0,7.33031290149893,17.0,4.0,3.0,1.0
1,"[0.0, 0.0, 0.6745000000000001, 0.6745, 0.0, 0.6745, 0.6745000000000001]",0.3854285714285715,0.6745,0.3337909342014879,0.0,0.6745000000000001,7.0,5.0,1.0,0.33
2,"[0.6745, 0.6745]",0.6745,0.6745,0.0,0.6745,0.6745,2.0,1.0,2.0,0.67
