Cluster,Dist,mean,median,std,min,max,bag_count,day_count,Cluster_Rank,Cluster_perc
0,"[0.0, 0.0, 0.0, 0.0, 0.0, 0.0, 0.0]",0.0,0.0,0.0,0.0,0.0,7.0,7.0,1.0,0.2
1,"[0.6745, 0.6745, 0.6745, 0.6745]",0.6745,0.6745,0.0,0.6745,0.6745,4.0,2.0,2.0,0.4
2,"[24.214851789709133, 0.6797813199105139, 0.02301146532438473, 0.0, 0.02678383668903755, 0.6767634228187916, 0.6745]",3.756527404921694,0.6745,8.357672853773304,0.0,24.214851789709133,7.0,1.0,3.0,0.6
3,"[0.0, 0.6745, 31.524000000000722, 100.66912500001123, 0.6745, 0.0]",22.25702083333533,0.6745,36.87070957303551,0.0,100.66912500001123,6.0,2.0,4.0,0.8
4,"[0.6755902478448275, 0.6734097521551725, 0.6734097521551725, 297.9374797952583]",74.98997238685337,0.6745,128.7188034204768,0.6734097521551725,297.9374797952583,4.0,1.0,5.0,1.0
