Cluster,Dist,mean,median,std,min,max,bag_count,day_count,Cluster_Rank,Cluster_perc
0,"[0.7367097030752914, 0.0, 0.6745, 0.6745, 0.6745, 0.013356435643648922, 1.1887227722769247, 0.34726732673238075, 0.04006930693059089, 0.013356435643648922, 0.8548118811878369, 0.6811782178218244, 0.6678217821781756, 1.1887227722769247, 1.0017326732672633, 0.6745, 0.6745, 0.5716101694914532, 0.5716101694916562, 644.8220000000467, 0.7773898305083438]",31.278517117932033,0.6745,137.1929162295225,0.0,644.8220000000467,21.0,5.0,3.0,1.0
1,"[0.6745000000025675, 0.6744999999974325, 0.0, 0.0, 0.0, 0.0, 0.6745000000014977, 0.6744999999985023, 0.0, 0.0, 0.0]",0.24527272727272728,0.0,0.32446531987510296,0.0,0.6745000000025675,11.0,9.0,1.0,0.33
2,"[87.12291666687135, 74.30741666684139, 1.1241666666706605, 0.0, 0.7869166666706605, 0.5620833333323348, 0.6745000000029954, 0.0, 0.11241666666466973, 0.0, 0.6745]",15.033174242459456,0.6745,31.085156701334704,0.0,87.12291666687135,11.0,1.0,2.0,0.67
