Cluster,Dist,mean,median,std,min,max,bag_count,day_count,Cluster_Rank,Cluster_perc
0,"[0.0, 0.0, 0.0]",0.0,0.0,0.0,0.0,0.0,3.0,3.0,1.5,0.5
1,"[0.0, 0.0]",0.0,0.0,0.0,0.0,0.0,2.0,1.0,1.5,0.5
2,"[0.6744999999993581, 0.6745000000006418]",0.6744999999999999,0.6744999999999999,6.418754440874126e-13,0.6744999999993581,0.6745000000006418,2.0,1.0,3.0,1.0
