Cluster,Dist,mean,median,std,min,max,bag_count,day_count,Cluster_Rank,Cluster_perc
0,"[0.06131818181817453, 0.06131818181818911, 1.2876818181818108, 30.68537012986985, 0.6745, 0.0, 0.028104166666663738, 0.0983645833333348, 0.22483333333334501, 0.6885520833333436, 0.899333333333345, 1.2225312500000014, 1.6862500000000118, 0.29509374999999266, 0.744760416666671, 0.6745, 0.6745, 0.2599635416666666, 12.590666666666634, 12.597692708333298, 0.6745, 0.0, 1.0765198675496692, 0.013400662251654151, 15.665374172185428, 0.2724801324503308, 15.629639072847677, 0.013400662251654151]",3.528594596948491,0.6745,7.098770102009306,0.0,30.68537012986985,28.0,5.0,3.0,0.75
1,"[1.2263636363636967, 0.0, 3.311181818181925, 0.5518636363636457, 0.6745, 0.0, 0.6745, 28.891083333333427, 1.7956283783783735, 0.027344594594591518, 1.3216554054054086, 0.027344594594591518, 2.0235000000000936, 0.0, 0.6745, 2.9228333333334113, 0.3934583333333528, 11.36564018691581, 0.0, 0.6745, 0.681711873944851, 0.6726021384355654, 0.6726021384355654, 0.6763978615644345]",2.469133802632448,0.6745,5.9572704082950665,0.0,28.891083333333427,24.0,6.0,2.0,0.5
2,"[56.689372093022904, 0.7215581395348782, 0.501953488372087, 0.2509767441860435, 0.2509767441860435, 1.8195813953488347, 0.6274418604651217, 0.9725348837209217, 247.54149999998594, 235.80519999998668, 0.0, 0.5396000000000225, 0.0, 0.6745, 0.8093999999999775, 0.6745, 240.6615999999864]",46.384746785223285,0.6745,91.21523410931832,0.0,247.54149999998594,17.0,2.0,4.0,1.0
3,"[0.6744999999999931, 0.6745000000000069, 0.0, 0.6745000000000049, 0.674499999999995, 0.0]",0.4496666666666666,0.6744999999999941,0.3179623492735509,0.0,0.6745000000000069,6.0,4.0,1.0,0.25
