Cluster,Dist,mean,median,std,min,max,bag_count,day_count,Cluster_Rank,Cluster_perc
0,"[0.0, 0.6745000000002497, 0.6744999999997503, 0.0, 0.6745, 1.5620000000002363, 0.0, 0.0]",0.4481875000000295,0.33724999999987515,0.5241324342127816,0.0,1.5620000000002363,8.0,5.0,2.0,0.67
1,"[2.585583333333333, 0.0, 0.6745]",1.0866944444444444,0.6745,1.095061181982062,0.0,2.585583333333333,3.0,1.0,3.0,1.0
2,[0.0],0.0,0.0,0.0,0.0,0.0,1.0,1.0,1.0,0.33
