Cluster,Dist,mean,median,std,min,max,bag_count,day_count,Cluster_Rank,Cluster_perc
0,"[0.0, 0.0, 0.0]",0.0,0.0,0.0,0.0,0.0,3.0,3.0,1.5,0.5
1,"[1.2141000000000128, 1.0792000000000257, 10.136771428571587, 0.7323142857142801, 0.7901285714285925, 0.1541714285714139, 0.2505285714285797, 0.03854285714285347, 1.1755571428571594, 0.1541714285714139, 1.8500571428571595, 0.0, 0.7901285714285925, 10.136771428571587, 0.6745, 0.19271428571429947, 0.11562857142856042, 0.44324285714287914, 0.5588714285714396, 36.557900000000565, 0.05781428571428021, 0.4625142857143058, 0.9443000000000064, 0.30834285714285986, 1.0984714285714525, 1.0021142857143188, 0.6745]",2.65160582010586,0.6745,7.113823576660749,0.0,36.557900000000565,27.0,1.0,3.0,1.0
2,[0.0],0.0,0.0,0.0,0.0,0.0,1.0,1.0,1.5,0.5
