Cluster,Dist,mean,median,std,min,max,bag_count,day_count,Cluster_Rank,Cluster_perc
0,"[0.14200000000004978, 0.6389999999997511, 124.3920000000578, 0.0, 0.0, 0.07100000000049785, 0.28400000000009956, 0.7809999999998009, 0.21299999999960173, 125.67000000005824, 0.4969999999997013, 0.4969999999997013, 0.42600000000014937, 136.60400000006302, 0.9940000000003485, 126.3800000000585, 132.98300000006128, 127.3030000000593, 124.1080000000577, 1.0649999999999005, 0.7100000000002489, 0.21299999999960173, 0.14200000000004978, 131.20800000006113, 0.4970000000006472, 133.83500000006157, 0.0, 1.349, 1.349, 2.398222222223997, 0.899333333333999, 0.29977777777799963, 0.29977777777799963, 0.449666666667998, 1.1991111111119985, 1.4988888888899983, 0.0, 0.5995555555559993, 0.29977777777799963, 1.0492222222220002, 0.899333333333999, 1.798666666667998, 0.0, 273.8470000002336, 0.449666666667998, 0.449666666667998, 0.7494444444440007, 0.14988888888800136, 1.1037272727271241, 0.0, 0.24527272727287577, 217.92481818197385, 0.0, 1.471636363637255, 1.349, 0.0, 2.2932999999991015, 1.4839000000008986, 0.8094, 0.4047000000008986, 0.8094, 0.5396, 0.5396, 0.9443000000008985, 1.2140999999991013, 0.5396, 0.0, 0.0, 0.0, 0.5396, 22.663200000001797, 1.349, 304.95831250003425, 0.9274374999994385, 0.08431250000056163, 1.9391874999994385, 0.4215625000005616, 2.107812500000562, 0.2529374999994384, 0.08431250000056163, 0.08431250000056163, 2.107812500000562]",24.742453104224783,0.6745,62.09508873223265,0.0,304.95831250003425,82.0,5.0,3.0,1.0
1,"[0.6745, 47.8895000003235, 0.0, 0.6745, 0.6745, 0.6745, 0.6745, 0.0, 0.16862500000112327, 0.8431250000011232, 0.6745, 0.6745, 1.349, 2.698, 2.1921249999988763, 0.5058749999988768, 2.0235, 0.6745, 0.0, 11.466499999919124, 0.0, 2.6979999999820277, 0.0, 0.6745, 2.6979999999820277, 0.0, 3.3725000000059904, 0.0, 0.8993333333353302, 0.22483333333533023, 0.6745, 0.6745, 0.6745, 1.753700000003235, 1.6188000000021567, 0.2698000000003594, 0.5396000000007188, 0.0, 0.7494444444440007, 1.1991111111119985, 0.5995555555559993, 0.5995555555559993, 0.29977777777799963, 0.7494444444459976, 0.29977777777799963, 1.0492222222239973, 0.6745, 0.6745, 0.8094000000010784, 0.2698000000003594, 0.0, 0.9443000000021566, 0.2698000000003594, 0.6745, 1.3490000000017972]",1.8639364646507188,0.6745,6.467461789751469,0.0,47.8895000003235,55.0,11.0,2.0,0.67
2,"[0.0, 0.0]",0.0,0.0,0.0,0.0,0.0,2.0,2.0,1.0,0.33
