Cluster,Dist,mean,median,std,min,max,bag_count,day_count,Cluster_Rank,Cluster_perc
0,"[21.58400000000225, 0.4496666666666666, 0.4496666666666666, 0.8993333333333332, 0.13490000000002994, 0.0, 1.1466500000000486, 0.6745, 2.2033666666668066, 0.0, 0.6745, 11.499563725490148, 0.6745, 0.6745]",2.933224789916139,0.6745,5.897193915566666,0.0,21.58400000000225,14.0,4.0,2.0,0.67
1,"[1.2094482758620462, 0.4884310344827412, 0.8605689655172587, 0.046517241379305, 41.632931034482546, 0.0, 0.0, 1.209448275862085, 1.3722586206896523, 0.046517241379305, 0.5749836065573788, 0.24879098360655783, 0.3648934426229478, 0.7740163934426213, 9.675204918032799, 9.155508196721314, 9.393241803278693, 0.37042213114753736, 0.45335245901639, 9.719434426229515, 0.08293032786885261, 9.619918032786893, 9.813422131147547, 9.713905737704925, 9.255024590163947, 0.5196967213114738, 0.08293032786885261, 0.11610245901638996, 0.8156744186046347, 0.06274418604653045, 0.2509767441860435, 0.0, 0.8941046511627652, 0.14117441860463475, 1.537232558139513, 0.6745, 27.96822093023239, 0.13489999999999694, 0.22687727272727085, 11.288677272727409, 0.22074545454545325, 10.834922727272867, 0.024527272727270313, 0.5212045454545452, 0.024527272727280523, 0.30045909090909195, 10.393431818181949, 10.51606818181831, 10.706154545454675, 0.2330090909090884, 0.8277954545454548, 10.62030909090922, 0.4537545454545417, 10.663231818181952, 10.785868181818314, 0.2023499999999903, 10.700022727272858, 103.11052173912692, 0.29326086956517494, 0.11730434782606997, 2.2287826086955245, 0.05865217391303498, 1.4076521739130348, 0.2346086956522376, 2.05282608695642, 0.29326086956517494, 0.5865217391304475, 1.9355217391303499, 0.05865217391303498, 101.93747826086604, 0.7624782608695525, 0.11730434782606997, 0.5865217391304475, 106.16043478260494, 0.11730434782606997, 2.05282608695642, 0.2346086956522376, 2.463391304347762, 100.88173913043121, 0.4105652173912449, 0.7624782608695525, 0.5150727272727261, 20.7500727272725, 0.6745, 0.036790909090904635, 0.8216636363636185, 0.8216636363636185, 0.0, 0.4905454545454564, 1.0791999999999917]",7.920861871020683,0.6745,21.493788963010147,0.0,106.16043478260494,90.0,7.0,3.0,1.0
2,"[0.6745000000000005, 0.6744999999999994, 0.6744999999999854, 0.6745000000000145, 0.0, 0.0, 0.0]",0.38542857142857134,0.6744999999999854,0.3337909342014879,0.0,0.6745000000000145,7.0,5.0,1.0,0.33
