Cluster,Dist,mean,median,std,min,max,bag_count,day_count,Cluster_Rank,Cluster_perc
0,"[0.0, 0.6745, 1.0599285714275626, 0.0, 0.0, 0.0, 0.0, 0.0, 0.0, 0.0, 0.6745, 1.5417142857137967, 0.0, 0.6745000000000633, 0.6744999999999367, 0.0, 0.0, 0.0, 0.0, 0.0, 0.0]",0.25236394557815994,0.0,0.43549062281300127,0.0,1.5417142857137967,21.0,16.0,1.0,0.33
1,"[0.6745, 0.0, 3.1631724137934136, 0.9323970588234788, 0.6745, 0.0]",0.9074282454361488,0.6745,1.0680487169752106,0.0,3.1631724137934136,6.0,2.0,3.0,1.0
2,"[0.6745, 0.6745]",0.6745,0.6745,0.0,0.6745,0.6745,2.0,1.0,2.0,0.67
