Cluster,Dist,mean,median,std,min,max,bag_count,day_count,Cluster_Rank,Cluster_perc
0,"[1.5738333333333334, 0.2248333333333333, 134.00066666668164, 0.6745, 0.0, 0.981090909090909, 0.0, 0.0, 0.981090909090909, 0.3679090909090909, 229.69790909093442, 0.4047, 0.9443, 0.4047, 257.52410000002874, 0.6745, 0.6745, 0.33725, 2.698, 0.6745, 0.0, 0.0, 0.6745, 635.3790000000696, 0.33725, 2.698]",48.9202743589797,0.6745,135.66677039728182,0.0,635.3790000000696,26.0,4.0,3.0,1.0
1,"[0.6744999999993581, 0.6745000000006418, 0.6744999999995008, 0.6745000000004993, 0.0, 0.0, 0.6745000000008986, 0.6744999999991014, 0.0, 0.6744999999996543, 0.6745000000003456, 0.0, 0.0, 0.0]",0.3854285714285714,0.6744999999992297,0.33379093420148787,0.0,0.6745000000008986,14.0,10.0,1.0,0.33
2,"[2.698, 0.6745, 0.6745, 0.0, 0.6745, 0.1124166666674155, 0.11241666666591782, 1.686250000000749, 1.2365833333325846, 0.6745, 0.6744999999910138, 6.07049999995507, 0.6745, 0.0, 0.0, 0.6745, 0.0, 129.95366666668164]",8.1439629629608,0.6745,29.57648631483925,0.0,129.95366666668164,18.0,5.0,2.0,0.67
