Cluster,Dist,mean,median,std,min,max,bag_count,day_count,Cluster_Rank,Cluster_perc
0,"[1.548851851851852, 1.2740555555560549, 0.04996296296263014, 0.8493703703707032, 1.5238703703708694, 0.024981481481647888, 0.49962962962929686, 0.02498148148131507, 0.0, 4.18190000000647, 7.554400000011862, 0.6745, 0.1348999999992811, 3.0914583333337076, 0.0, 0.6745]",1.3817101273159806,0.6745,1.965573053444314,0.0,7.554400000011862,16.0,3.0,3.0,1.0
1,"[0.0, 0.0, 0.0, 0.0, 1.58705882352879, 0.6745, 0.0, 0.0, 0.0, 0.0]",0.226155882352879,0.0,0.4962097467918677,0.0,1.58705882352879,10.0,8.0,1.0,0.33
2,"[0.6745, 0.6745, 0.6745, 0.6745]",0.6745,0.6745,0.0,0.6745,0.6745,4.0,2.0,2.0,0.67
