Cluster,Dist,mean,median,std,min,max,bag_count,day_count,Cluster_Rank,Cluster_perc
0,"[24.69495918367286, 0.5093163265302679, 0.11012244897957686, 25.25933673469329, 0.6332040816323836, 24.69495918367286, 0.6745, 0.5093163265302679, 26.842346938774977, 24.571071428571113, 0.0, 23.711269230759502, 0.6745, 0.0, 24.1782307692208, 0.46696153846164484, 23.763153846144085, 0.20753846153835517, 23.970692307682445, 0.6096442307691776, 0.03665760869569494, 3.7589759316767943, 0.0010473602484819158, 0.13720419254660998, 3.7736389751550385, 0.1225411490683655, 3.784112577639523, 0.08274145962733644, 3.7715442546581306, 0.14558307453418623, 0.001047360248426101, 1.27463742236024, 3.7610706521736463, 3.96425854037244, 1.2034169254658138, 3.7380287267078254, 0.05551009316775547, 3.7275551242233416, 0.005236801242186321, 0.04084704968945516, 3.750597049689218, 0.08064673913048423, 8.401923913041925, 0.4692173913042119, 25.396391304343204, 0.05865217391302649, 0.6744999999999999, 0.42522826086953974, 0.5278695652176292, 26.364152173908337, 0.05865217391302649, 27.053315217386302, 0.5865217391306556, 0.7478152173913808, 0.0, 0.07331521739138079, 0.0, 26.760054347821168, 27.551858695647223, 27.62517391303821, 26.100217391299523, 0.8243888888892587, 0.5246111111114069, 0.0, 45.316407407423576, 0.47464814814809886, 0.6745000000000001, 0.1748703703702471, 1.4739074074076046, 0.6495185185190115, 48.41411111112871, 1.274055555556369, 3.8909589552237485, 0.10167835820894777, 3.697669402984969, 1.170811194029842, 0.13389328358207764, 0.021141044776123167, 3.651360447761055, 0.02516791044779122, 3.6131052238804764, 3.6694813432834534, 0.021141044776123167, 0.02919477611940563, 0.04530223880597054, 3.6694813432834534, 0.178188805970158, 3.5386082089551003]",6.698080487525162,0.6745,11.29055918472673,0.0,48.41411111112871,88.0,6.0,3.0,1.0
1,"[0.6745, 0.0, 0.04613971014492758, 27.93954956521734, 16.67363999999997, 12.506354166667975, 0.6745, 0.0, 0.6626406593406605, 0.6530049450549423, 0.7004423076923199, 0.6863593406593395, 0.6530049450549423, 0.7152664835164941, 0.6745, 11.938649999997986, 0.0, 11.810494999998067, 0.3237600000000935]",4.596463532807635,0.6745,7.60841544655437,0.0,27.93954956521734,19.0,4.0,2.0,0.67
2,[0.0],0.0,0.0,0.0,0.0,0.0,1.0,1.0,1.0,0.33
