Cluster,Dist,mean,median,std,min,max,bag_count,day_count,Cluster_Rank,Cluster_perc
0,"[0.6745, 0.5246111111102236, 0.6745, 2.1733888888877795, 0.5246111111102236, 0.9742777777775559, 0.19271428571281857, 1.349, 0.19271428571538604, 1.156285714284614, 1.01175, 0.33725, 0.33724999999101385, 3.7097499999730417]",0.9880430838973325,0.6745,0.9145801605959079,0.19271428571281857,3.7097499999730417,14.0,3.0,2.0,0.4
1,"[0.16862500000112327, 0.6745, 1.5176249999988767, 1.1803750000011233, 0.6745, 1.854874999998877, 0.16862500000112327, 0.5058749999988768, 0.0, 2.7729444444479943, 0.6745, 1.199111111112997, 0.5995555555559993, 0.0, 13.828709956709988, 0.0, 0.6745]",1.5584894745780575,0.6745,3.150147196404361,0.0,13.828709956709988,17.0,3.0,3.0,0.6
2,"[0.8431249999988767, 0.0, 307.57200000003365, 0.16862500000112327, 1.1803750000011233, 0.0, 0.6745, 0.6745, 1.1803750000011233, 0.16862499999887673, 302.68187500003484, 0.16862499999887673, 1.349, 0.0, 0.8431249999988767, 0.07494444444289128, 3.072722222220447, 3.3724999999999996, 0.0749444444448882, 0.5246111111102236, 1.423944444444888, 0.5246111111102236, 0.22483333333466463, 0.6745, 0.5246111111122205, 0.07494444444289128, 1.274055555553115, 2.4731666666633383, 2.0234999999980032, 2.623055555555112, 0.6745, 275.7206111109365, 0.5246111111102236, 0.37472222222044715, 1.7237222222204474]",26.156681746028227,0.6745,82.52211112649572,0.0,307.57200000003365,35.0,2.0,4.0,0.8
3,"[0.0, 0.0, 0.0, 0.6745, 2.0235, 0.0, 0.0, 0.6744999999982028, 0.6745000000017972, 0.6745000000014977, 0.6744999999985023, 0.0, 1.5176249999988767, 0.6745, 0.0]",0.5058749999999251,0.6744999999982028,0.5937898986593225,0.0,2.0235,15.0,9.0,1.0,0.2
4,"[0.2810416666655434, 0.9555416666670411, 199.03370833335467, 2.7542083333352054, 0.28104166666704106, 0.3934583333329589, 0.0, 157.0741875000174, 154.0389375000174, 0.7588124999994383, 0.0, 0.42156249999943834, 0.6745]",39.7436153846197,0.6745,72.05260745361568,0.0,199.03370833335467,13.0,2.0,5.0,1.0
