Cluster,Dist,mean,median,std,min,max,bag_count,day_count,Cluster_Rank,Cluster_perc
0,"[2.0234999999974326, 0.6745, 5.781428571424353, 0.6745, 0.09635714285640928, 0.0, 165.059785714146, 1.0252400000006325, 0.26979999999971244, 0.2698000000004313, 0.6475200000001725, 3743.96064000141, 0.3777200000004601, 0.7014799999998274, 2.3202800000009773, 0.24161194029848346, 0.2617462686568245, 0.8053731343282782, 1.5704776119404107, 34.167955223881094, 0.7449701492537913, 0.0402686567164139, 0.9261791044775198, 0.0402686567164139, 0.6040298507462086, 0.2248333333333333, 1.236583333334082, 0.0, 191.6704166666884, 0.6745, 0.22483333333320019, 1.07920000000004, 0.0, 25.94576666666552, 0.7794222222221068, 0.04496666666675986, 0.6744999999999999, 29.743804878047232, 0.2796707317073812, 1392.3325121950488, 1391.5757560974878, 0.6745, 0.0, 0.24676829268299633, 1043.3919852942324, 0.25789705882366154, 0.6943382352942498, 0.17854411764719097, 0.33725000000013217, 34.498691176474416, 0.6745, 0.0, 1.5473823529414408]",152.49573688074497,0.6745,579.7921878133085,0.0,3743.96064000141,53.0,7.0,3.0,1.0
1,"[0.0, 0.6745, 7.130428571423069, 0.6745, 0.0, 2.5392941176465924, 0.9485156250001403, 0.0, 0.6745, 2.4220681818187946, 0.45988636363615937, 0.45988636363615937, 0.8891136363638407, 0.0, 2.2218823529425755, 0.6745, 0.646644542772854, 0.7190687315634221, 0.7023554572271354, 0.6466445427728645, 0.7215581395347719, 0.0, 0.6745, 0.6745, 0.6745, 0.22483333333333333, 1.2141000000002995, 0.0, 0.9218166666668164, 0.9442999999999999, 0.6745, 0.6745]",0.9338405195730883,0.6745,1.2751156187761459,0.0,7.130428571423069,32.0,9.0,2.0,0.67
2,"[0.6745000000008986, 0.6744999999991014, 0.6744999999996543, 0.6745000000003456, 0.0, 0.6744999999999948, 0.6745000000000052, 0.0, 0.0, 0.0, 0.6745, 0.0, 1.7782272727257875]",0.4999790209789067,0.6744999999996543,0.4880902111620235,0.0,1.7782272727257875,13.0,8.0,1.0,0.33
