Cluster,Dist,mean,median,std,min,max,bag_count,day_count,Cluster_Rank,Cluster_perc
0,"[0.0, 0.0, 0.0, 0.0]",0.0,0.0,0.0,0.0,0.0,4.0,4.0,1.0,0.33
1,"[0.6744999999999999, 0.6745, 0.6745, 0.6745]",0.6745,0.6745,5.551115123125783e-17,0.6744999999999999,0.6745,4.0,2.0,2.0,0.67
2,"[0.6745, 1388.6562010869584, 0.0]",463.1102336956528,0.6745,654.4598877717377,0.0,1388.6562010869584,3.0,1.0,3.0,1.0
