Cluster,Dist,mean,median,std,min,max,bag_count,day_count,Cluster_Rank,Cluster_perc
0,"[2.360749999999532, 0.0, 0.6745, 0.0, 0.6745, 2.514045454543932, 0.5781428571426738, 2.1198571428566844, 1.8950238095234222, 0.6745, 0.0, 0.08875000000010268, 1.2602499999998973, 0.08875000000010268, 1.6862499999998226, 0.36192682926817504, 0.16451219512189777, 0.39482926829255466, 0.526439024390292, 1.8096341463410945, 1.316097560975401, 0.822560975609708, 1.4148048780485398, 0.16451219512189777, 1.1186829268289047, 0.0, 1.106871794871721, 0.5707307692306717, 0.6745, 0.7436794871794753, 0.8647435897435573, 0.27671794871790145, 0.7609743589743442, 0.03458974358973768]",0.8159449104815307,0.6745,0.7072577039969365,0.0,2.514045454543932,34.0,6.0,3.0,1.0
1,"[0.0, 0.0, 0.0, 0.6745000000001873, 0.6744999999998128, 0.0, 0.6745, 1.6380714285714286, 0.0, 0.0, 0.6744999999998904, 0.6745000000001096]",0.41754761904761906,0.3372499999999064,0.4886952940427206,0.0,1.6380714285714286,12.0,8.0,1.0,0.33
2,"[0.4985434782608696, 0.3812391304347826, 0.2932608695652174, 2.1994565217393256, 2.052826086956717, 0.0, 2.140804347826282, 1.378326086956717, 1.026413043478261, 2.052826086956717, 0.5571956521739131, 0.6745, 0.17595652173913043, 1.0361884057972317, 0.7624782608695652, 0.7233768115942029, 0.2346086956521739, 0.625623188405797, 1.0557391304349129, 0.19550724637681158, 0.5669710144928839, 0.19550724637681158, 1.0948405797102752, 0.6744999999999999, 0.6744999999999999, 0.8993333333333332, 1.2672424242425604, 0.0, 0.06131818181818182, 0.4087878787880149, 0.40878787878787876, 0.6745, 1.8804242424243784, 0.7153787878789241, 0.40878787878787876, 1.349000000000136, 1.0628484848484847, 0.20439393939407555, 0.7153787878789241, 0.06131818181818182, 0.14910000000003684, 2.4637000000000637, 0.14910000000003684, 0.9301000000000766, 0.660300000000001, 0.5893000000000059, 0.717099999999997, 0.688699999999999]",0.7861685084541619,0.6744999999999999,0.6180911854541715,0.0,2.4637000000000637,48.0,5.0,2.0,0.67
