Cluster,Dist,mean,median,std,min,max,bag_count,day_count,Cluster_Rank,Cluster_perc
0,"[0.6745, 0.6745, 0.6745, 0.6745, 0.6745, 0.6745]",0.6745,0.6745,0.0,0.6745,0.6745,6.0,3.0,3.0,1.0
1,"[0.0, 0.6744999999999998, 0.6745000000000002, 0.0, 0.0]",0.2698,0.0,0.33043616630145073,0.0,0.6745000000000002,5.0,4.0,2.0,0.67
2,[0.0],0.0,0.0,0.0,0.0,0.0,1.0,1.0,1.0,0.33
