Cluster,Dist,mean,median,std,min,max,bag_count,day_count,Cluster_Rank,Cluster_perc
0,"[0.0, 0.6744999999999168, 0.6745000000000831, 0.0, 0.0, 0.6745000000001498, 0.6744999999998502, 0.6745000000000725, 0.6744999999999276, 0.0, 0.0, 0.0, 0.6745000000002808, 0.6744999999997191, 0.6745, 1.6147121212120943, 0.0, 0.0]",0.4269562289562274,0.6744999999997847,0.4359280202043972,0.0,1.6147121212120943,18.0,12.0,1.0,0.2
1,"[0.6745, 0.6745, 0.6745, 0.6745, 0.6745, 0.6745]",0.6745,0.6745,0.0,0.6745,0.6745,6.0,3.0,2.0,0.4
2,"[3.285467741935421, 0.06527419354838009, 0.06527419354838009, 1.2837258064516197, 0.6455928571428599, 0.7034071428571401, 0.6455928571428599, 0.7419499999999936, 0.8530441176469995, 0.7340147058823772, 0.6149852941176227, 0.6149852941176227]",0.8544428503659397,0.6745,0.795383975417588,0.06527419354838009,3.285467741935421,12.0,3.0,3.0,0.6
3,"[0.0, 1.7536999999999998, 0.6745, 9.308100000000898, 0.5396]",2.4551800000001798,0.6745,3.4734064993320986,0.0,9.308100000000898,5.0,1.0,5.0,1.0
4,"[2.231038461538807, 0.6745, 0.31130769230769234, 2.386692307692653, 0.0]",1.1207076923078305,0.6745,0.9945618995080151,0.0,2.386692307692653,5.0,1.0,4.0,0.8
