Cluster,Dist,mean,median,std,min,max,bag_count,day_count,Cluster_Rank,Cluster_perc
0,"[0.6745000000044931, 0.6744999999955069, 0.6744999999990541, 0.6745000000009459, 0.0, 0.0, 0.6745000000000099, 0.6744999999999902, 0.0, 0.0, 0.0, 0.0, 0.0, 0.6745000000000101, 0.6744999999999898, 0.0]",0.33725000000000005,0.33724999999775346,0.33725,0.0,0.6745000000044931,16.0,12.0,2.0,0.67
1,"[0.6745, 0.0, 9.754307692324069]",3.47626923077469,0.6745,4.4477756804961865,0.0,9.754307692324069,3.0,1.0,3.0,1.0
2,[0.0],0.0,0.0,0.0,0.0,0.0,1.0,1.0,1.0,0.33
