Cluster,Dist,mean,median,std,min,max,bag_count,day_count,Cluster_Rank,Cluster_perc
0,"[0.0, 0.0]",0.0,0.0,0.0,0.0,0.0,2.0,2.0,1.5,0.5
1,"[0.0, 0.0, 0.0]",0.0,0.0,0.0,0.0,0.0,3.0,1.0,1.5,0.5
2,"[0.626888235294023, 0.8490764705880885, 0.6268882352941288, 0.7221117647058711]",0.7062411764705279,0.6745,0.09116958835501666,0.626888235294023,0.8490764705880885,4.0,1.0,3.0,1.0
