Cluster,Dist,mean,median,std,min,max,bag_count,day_count,Cluster_Rank,Cluster_perc
0,"[0.0, 1.5738333333333334, 0.6745, 0.0, 0.0, 0.0, 0.6745000000044931, 0.6744999999955069, 0.0, 0.6745000000008986, 0.6744999999991014, 0.0]",0.4121944444444445,0.33724999999775346,0.4754691972796223,0.0,1.5738333333333334,12.0,8.0,1.0,0.17
1,"[0.6745, 0.6745, 0.6745, 0.6745]",0.6745,0.6745,0.0,0.6745,0.6745,4.0,2.0,3.0,0.5
2,"[0.2248333333333333, 0.0, 0.8993333333333332, 0.4496666666666666, 0.6745, 0.8993333333333332, 0.8993333333333332, 1.1241666666666665, 0.0, 0.8993333333333332, 0.4496666666666666, 0.2248333333333333, 0.6745, 1.7986666666666664]",0.6584404761904761,0.6745,0.4690370818552929,0.0,1.7986666666666664,14.0,1.0,2.0,0.33
3,"[2.8328999999953273, 0.6745, 0.4046999999985622, 0.4046999999985622, 1.7536999999967648, 2.8328999999971245, 0.40470000000035944, 0.6745]",1.2478249999983375,0.6745,1.004416337666871,0.4046999999985622,2.8328999999971245,8.0,1.0,4.0,0.67
4,"[0.4496666666666666, 0.4496666666666666, 0.8993333333333332, 3.147666666666667, 427.9702500000487, 0.1124166666674155, 1.2365833333325846, 0.11241666666591782]",54.29725000000599,0.6744999999999999,141.23813199879143,0.11241666666591782,427.9702500000487,8.0,2.0,6.0,1.0
5,"[0.6745, 0.0, 0.2698, 0.6745, 0.5396, 259.54760000002875, 0.6745, 0.1349, 1.0792]",29.288288888892087,0.6745,81.40955004927052,0.0,259.54760000002875,9.0,1.0,5.0,0.83
