Cluster,Dist,mean,median,std,min,max,bag_count,day_count,Cluster_Rank,Cluster_perc
0,"[0.21704207920792076, 0.7209183168316832, 0.6819777227722771, 1.8776608910891088, 0.9160915841584159, 0.6670222772277229, 0.28373019801980204, 0.21704207920792085, 0.0, 5.645601629169899, 0.8215399534522885, 0.6745, 0.020407680372381623]",0.980271877808417,0.6745,1.4272154460995985,0.0,5.645601629169899,13.0,2.0,4.0,1.0
1,"[0.6744999999999998, 0.6745000000000002, 0.0, 0.0, 0.0, 0.0, 0.0, 1.1055779220779214, 0.6745, 0.0]",0.31290779220779213,0.0,0.4010037939399808,0.0,1.1055779220779214,10.0,7.0,1.0,0.25
2,"[0.019555340447634306, 0.7909402682028519, 1.124081735763528, 0.6745, 0.29211984134479174, 0.0, 0.017899187836433975, 1.0121003399754465, 0.8743848805364058, 0.43478246786111935, 0.4347824678611198, 0.9142175321388802, 2.1349949387589837, 0.6745, 3.7597025104602513, 0.0, 2.2338159964480524, 0.456312127362679, 0.0, 0.6745, 2.632030254979069]",0.9121533280941546,0.6745,0.968297519511943,0.0,3.7597025104602513,21.0,4.0,3.0,0.75
3,"[0.6745, 0.6745, 0.6745, 0.6745]",0.6745,0.6745,0.0,0.6745,0.6745,4.0,2.0,2.0,0.5
