Cluster,Dist,mean,median,std,min,max,bag_count,day_count,Cluster_Rank,Cluster_perc
0,"[0.6745, 21.41537500000337, 0.0, 102.01812500001236, 0.0, 0.6745, 0.6745, 308.9210000000314, 0.0, 0.6745, 0.6745]",39.61154545454975,0.6745,89.97017447258531,0.0,308.9210000000314,11.0,4.0,3.0,1.0
1,"[0.6745, 1.68625, 0.0, 0.0, 0.6744999999955069, 0.6745000000044931, 0.0, 0.0, 0.0, 0.0, 0.0]",0.33725,0.0,0.518492274423027,0.0,1.68625,11.0,8.0,1.0,0.33
2,"[0.6745, 0.2248333333333333, 0.6745, 0.6745, 1.1241666666681642, 3.147666666666667, 0.0, 0.8993333333333332, 1.1241666666666665, 0.8993333333333332, 1.1241666666666665, 2.0235000000014978, 0.6745, 1.1241666666681642, 0.4496666666666666, 1.1241666666681642, 0.4496666666666666, 0.4496666666666666, 0.8993333333333332, 0.4496666666666666, 0.0, 0.0, 0.2248333333333333, 0.8993333333333332, 0.8993333333333332, 1.1241666666681642, 0.8993333333333332, 0.4496666666666666, 0.2248333333333333, 0.8993333333333332, 1.1241666666666665, 0.4496666666666666, 0.6745, 0.0, 1.5738333333333334, 1.3490000000014977, 0.6745, 0.6745, 0.0, 0.4496666666666666, 0.4496666666666666, 0.8993333333333332, 1.1241666666681642, 0.4496666666666666, 1.5738333333333334, 0.4496666666666666, 0.6745, 1.7986666666666664, 0.6745, 0.2248333333333333]",0.7824200000002096,0.6745,0.5709881427453342,0.0,3.147666666666667,50.0,1.0,2.0,0.67
