Cluster,Dist,mean,median,std,min,max,bag_count,day_count,Cluster_Rank,Cluster_perc
0,"[0.0, 0.0]",0.0,0.0,0.0,0.0,0.0,2.0,2.0,1.0,0.33
1,"[0.6839171029668422, 2.859267888307154, 0.09417102966841126, 0.08475392670157113, 0.07533682373472901, 2.1470994764397897, 2.1423909249563686, 2.1494537521814996, 2.1435680628272245, 2.1435680628272245, 0.13301657940663275, 0.6615514834205928, 2.1423909249563686, 2.150630890052355, 0.060034031413613784, 0.10241099476439836, 0.028251308900524356, 2.1470994764397897, 2.1930078534031403, 0.015302792321117198, 0.005885689354275091, 0.6745, 0.0]",1.079896046741027,0.6745,1.0302483025093445,0.0,2.859267888307154,23.0,1.0,2.0,0.67
2,"[0.6745, 5.301148437500028, 0.0]",1.9918828125000092,0.6745,2.356150362364433,0.0,5.301148437500028,3.0,1.0,3.0,1.0
