Cluster,Dist,mean,median,std,min,max,bag_count,day_count,Cluster_Rank,Cluster_perc
0,"[5.978522727271529, 0.6745, 0.0, 0.18395454545448975, 1.80888636363602, 0.0, 0.6745000000000001, 0.6745000000000001, 0.5025686274510028, 0.11902941176469033, 1.6002843137254574, 0.2512843137254574, 0.6348235294117698, 1.4548039215686137, 1.0051372549019175, 0.767078431372537]",1.0206170900177178,0.6745000000000001,1.3864502446193836,0.0,5.978522727271529,16.0,2.0,4.0,0.57
1,"[0.0, 0.0, 1.027079545454492, 0.6745, 0.0, 0.6744999999999511, 0.6745000000000488, 0.0, 0.0, 0.6745000000000244, 0.6744999999999755, 0.6745000000000803, 0.6744999999999198]",0.4421984265734225,0.6744999999999511,0.3613576230591932,0.0,1.027079545454492,13.0,8.0,1.0,0.14
2,"[3.9432307692311146, 0.3631923076923077, 0.3631923076923077, 0.9858076923076924, 0.6977586206896516, 0.6512413793103484, 0.6512413793103484, 1.7986666666665978, 0.5842125984252063, 0.5842125984252063, 1.529574803149658, 0.7647874015747936]",1.0764265437062697,0.6745,0.9599384038201054,0.3631923076923077,3.9432307692311146,12.0,3.0,5.0,0.71
3,"[1.3329404761903718, 0.01605952380962824, 0.016059523809414285, 1.6220119047617545, 0.7994074074073951, 0.549592592592605, 0.8094000000000533, 0.549592592592605, 0.6745, 0.6745, 0.6745, 0.6745, 0.6745, 0.6745]",0.6958617157974162,0.6745,0.40151725299822166,0.016059523809414285,1.6220119047617545,14.0,5.0,3.0,0.43
4,"[0.8737840909091931, 0.5212045454546476, 0.6744999999999999, 0.8431250000001022, 0.0, 0.5164140625000164, 1.0539062499999605, 0.6745, 0.0, 0.8009687500000571]",0.5958402698863976,0.6744999999999999,0.33535199647299174,0.0,1.0539062499999605,10.0,2.0,2.0,0.29
5,"[0.0, 1.517625, 0.168625, 0.6745, 11.297875000001122]",2.7317250000002242,0.6745,4.315482416109912,0.0,11.297875000001122,5.0,1.0,6.0,0.86
6,"[0.6745, 0.0, 8.075770270269667, 0.6745, 0.0, 62.728500000008985]",12.025545045046442,0.6745,22.85209792129471,0.0,62.728500000008985,6.0,2.0,7.0,1.0
