Cluster,Dist,mean,median,std,min,max,bag_count,day_count,Cluster_Rank,Cluster_perc
0,"[1.2088441558439345, 0.08759740259727831, 516.4742857142982, 1.7344285714283048, 0.1401558441560654, 0.08759740259751173, 0.20932758620638367, 7.652086206895569, 1.1396724137929966, 0.2093275862070034, 0.8452594936707579, 0.8794113924051598, 0.5037405063290146, 0.503740506329242, 5.588714285708967, 4.625142857138456, 0.19271428571410232, 0.6745, 0.0, 0.6027446808506164, 0.7462553191490012, 0.6027446808509987, 1.2915957446801107, 0.6194387755101124, 1.6380714285717037, 0.7295612244897042, 0.6194387755102957, 0.0, 0.9685128205128422, 0.051884615384650834, 529.1769572649854, 0.6745]",33.76494536068169,0.6745,126.29572682443676,0.0,529.1769572649854,32.0,7.0,3.0,1.0
1,"[0.0, 1.0117500000002495, 0.6745, 0.0, 0.0, 0.0, 1.4935357142860353, 0.0, 0.6745, 0.0, 0.6744999999998047, 0.6745000000001953]",0.4336071428571904,0.33724999999990235,0.48458798137413356,0.0,1.4935357142860353,12.0,7.0,1.0,0.33
2,"[0.49463333333314163, 0.4946333333333812, 1.8796066666662257, 0.8543666666666188, 39.12100000000449, 0.6745, 0.0, 1.2192884615386343, 0.6226153846153847, 0.6745, 0.9339230769230769, 2.8017692307695765, 0.0, 0.49290384615401894, 1.8105000000002134, 0.8874999999999218, 0.46150000000007824, 0.4614999999999431, 1.2299705882355583, 0.456279411764838, 1.7259264705883677, 0.7935294117647058, 0.0, 0.6745, 0.41660294117660274, 1.5870588235296759, 0.31741176470588234, 0.8868425925926234, 0.6370277777778702, 0.7119722222221297, 0.26230555555557405, 1.7112314814811425, 0.2623055555552412, 0.304612903225688, 0.11604301075267985, 1.0298817204301305, 0.1740645161290198, 0.7542795698924191, 1.6971290322582329, 0.9863655913977788, 0.5947204301075809, 1.7406451612903913, 0.11604301075267985, 0.6745, 4.402000000002016, 0.0, 0.9882209302325096, 0.6745, 0.7999883720930039, 0.3137209302325095, 0.0, 0.5283583333334407, 0.8206416666665592, 1.405208333333096, 3.451191666666125, 0.25855833333320105, 0.25855833333320105, 0.35074000000008626, 1.6727599999995544, 0.0, 1.5108799999995974, 0.6745, 0.7284599999996262, 0.1888600000001294]",1.4495802569127527,0.6745,4.812941281124172,0.0,39.12100000000449,64.0,11.0,2.0,0.67
