Cluster,Dist,mean,median,std,min,max,bag_count,day_count,Cluster_Rank,Cluster_perc
0,"[0.0, 0.0, 0.6744999999985023, 0.6745000000014977, 0.0, 0.0, 0.0, 0.0, 0.6744999999999662, 0.6745000000000337, 0.0, 0.0, 0.6744999999999198, 0.6745000000000803, 0.6744999999999023, 0.6745000000000976, 0.0, 0.0, 0.0, 0.0, 0.0]",0.25695238095238093,0.0,0.32755130113507935,0.0,0.6745000000014977,21.0,17.0,1.0,0.33
1,"[0.6745, 0.6745]",0.6745,0.6745,0.0,0.6745,0.6745,2.0,1.0,2.0,0.67
2,"[0.6745, 13.528323863636821, 0.0]",4.734274621212274,0.6745,6.224425763133539,0.0,13.528323863636821,3.0,1.0,3.0,1.0
