Cluster,Dist,mean,median,std,min,max,bag_count,day_count,Cluster_Rank,Cluster_perc
0,"[0.0, 0.6745000000000003, 0.6744999999999997, 0.0]",0.33725,0.3372499999999998,0.33725,0.0,0.6745000000000003,4.0,3.0,2.0,0.67
1,"[0.0, 0.6745, 2.9904736396614235]",1.2216578798871411,0.6745,1.2806949822965663,0.0,2.9904736396614235,3.0,1.0,3.0,1.0
2,[0.0],0.0,0.0,0.0,0.0,0.0,1.0,1.0,1.0,0.33
