Cluster,Dist,mean,median,std,min,max,bag_count,day_count,Cluster_Rank,Cluster_perc
0,"[0.6744999999955069, 0.6745000000044931, 0.6744999999991014, 0.6745000000008986, 0.0, 0.6744999999999168, 0.6745000000000831]",0.5781428571428572,0.6744999999999168,0.23602583307246483,0.0,0.6745000000044931,7.0,4.0,2.0,0.67
1,"[0.0, 2.922833333333333, 0.6745]",1.199111111111111,0.6745,1.249573603817728,0.0,2.922833333333333,3.0,1.0,3.0,1.0
2,[0.0],0.0,0.0,0.0,0.0,0.0,1.0,1.0,1.0,0.33
