Cluster,Dist,mean,median,std,min,max,bag_count,day_count,Cluster_Rank,Cluster_perc
0,"[11.871200000017613, 6.610100000009705, 11.061800000016534, 0.0, 0.2698000000003594, 0.6745, 0.13490000000107832, 0.8543666666667465, 0.22483333333253455, 1.8436333333344515, 0.4946333333332535, 0.13489999999976038, 2.1134333333351707, 4.091966666669382, 0.13490000000095853]",2.70099777778117,0.6745,3.862371138423746,0.0,11.871200000017613,15.0,2.0,4.0,1.0
1,"[0.16451219512214366, 1.1844878048778562, 0.1645121951217053, 1.8425365853659925, 1.0615081967212583, 0.28749180327874163, 0.022114754098500722, 1.3268852459012046, 0.022114754098206096, 1.6143770491796516]",0.7690540583765261,0.6745,0.6719305419472307,0.022114754098206096,1.8425365853659925,10.0,2.0,3.0,0.75
2,"[0.0, 0.6744999999999484, 0.6745000000000516, 0.0, 0.0, 0.0]",0.22483333333333333,0.0,0.3179623492735508,0.0,0.6745000000000516,6.0,5.0,1.0,0.25
3,"[0.6745, 0.6745, 0.6745, 0.6745]",0.6745,0.6745,0.0,0.6745,0.6745,4.0,2.0,2.0,0.5
