Cluster,Dist,mean,median,std,min,max,bag_count,day_count,Cluster_Rank,Cluster_perc
0,"[0.6745, 0.6745, 0.0, 0.6745, 2.047589285714263, 0.8431249999999799, 0.7949464285714143, 0.09635714285715145, 0.6263214285714344, 1.0599285714285656, 0.4817857142856971]",0.7248685064935004,0.6745,0.5114705746459903,0.0,2.047589285714263,11.0,2.0,2.0,0.29
1,"[2.967800000000063, 0.26980000000001797, 0.26979999999997306, 1.079199999999982, 0.0, 2.99126086956521, 0.6745, 0.0, 0.6745, 101.17500000000412]",11.010186086956937,0.6745,30.07343393089061,0.0,101.17500000000412,10.0,3.0,6.0,0.86
2,"[0.4018297872340405, 0.3731276595744457, 50.86017021276524, 0.08610638297873661, 0.8897659574467937, 0.7462553191489392, 50.974978723403545, 1.2915957446808344, 0.6027446808510607, 0.05740425531914181, 2.210063829787199, 1.7795319148935873, 1.2054893617020976, 0.057404255319165716, 0.2583191489361621, 0.08610638297873661, 0.6295333333333383, 0.0, 0.15738333333333457, 0.7419500000000112, 0.47215000000000373, 0.13489999999998503, 1.4839000000000038, 0.8318833333333345, 1.6412833333333383, 0.31476666666665043, 39.99784999999996, 0.6969833333333307, 0.04496666666666167, 1.1916166666666654, 0.6745]",5.190147105925366,0.6745,13.880251090962803,0.0,50.974978723403545,31.0,2.0,3.0,0.43
3,"[0.0, 0.6745000000000155, 0.6744999999999844, 0.0, 0.0, 0.674500000000014, 0.674499999999986, 0.0, 0.0, 0.0]",0.2698,0.0,0.33043616630145073,0.0,0.6745000000000155,10.0,8.0,1.0,0.14
4,"[0.021758064516126694, 0.0, 0.6745, 38.751112903225916, 2.4369032258064434, 0.0, 0.887500000000011, 0.6745, 63.01250000000142, 0.5680000000000093]",10.702677419354993,0.6745,20.819966425420446,0.0,63.01250000000142,10.0,2.0,5.0,0.71
5,"[19.499181818181683, 0.11148760330579065, 19.599520661156884, 0.6466280991735524, 19.46573553718994, 0.17838016528926318, 0.03344628099173162, 0.033446280991740907, 19.488033057851105, 0.7023719008264476]",7.975823140495814,0.6745,9.422727773690854,0.03344628099173162,19.599520661156884,10.0,1.0,4.0,0.57
6,"[1.0492222222222176, 0.29977777777778236, 0.2997777777777408, 90.33303703703584, 0.38721296296296276, 0.9617870370370372, 0.38721296296296276, 44.729342592592694]",17.305921296296155,0.6745,31.159504722790704,0.2997777777777408,90.33303703703584,8.0,2.0,7.0,1.0
