Cluster,Dist,mean,median,std,min,max,bag_count,day_count,Cluster_Rank,Cluster_perc
0,"[0.7824199999999712, 0.9982599999999137, 0.5665800000000287, 0.5665800000000287, 4.432428571429213, 0.0, 0.6745, 0.0, 0.6745, 2.1921250000011234, 0.6745, 48.170541666672094, 0.0]",4.594802710623259,0.6745,12.630883228754715,0.0,48.170541666672094,13.0,4.0,4.0,0.57
1,"[0.38123913043481095, 0.9677608695651891, 0.38123913043468066, 34.282195652174444, 0.6745, 0.0, 5.321055555556055, 0.14988888888888888, 1.7237222222222222, 0.9796309523810594, 0.17665476190486887, 0.0, 0.5781428571429641, 0.8993333333334402, 0.6905595238095238, 0.6745]",2.992526429865509,0.6745,8.170223294545686,0.0,34.282195652174444,16.0,3.0,3.0,0.43
2,"[0.6744999999999999, 26.596761363639324, 27.470545454548517, 25.707647727275585, 26.24418181818478, 0.0, 0.16862499999999997, 0.27593181818181817, 0.4905454545454545, 0.2767179487179487, 0.0, 30.387089743593084, 0.3286025641025641, 0.6745, 30.17955128205462, 0.6053205128205128, 30.646512820516275, 30.04119230769565]",12.820456989770896,0.6744999999999999,14.005501489281956,0.0,30.646512820516275,18.0,2.0,7.0,1.0
3,"[0.26980000000008986, 0.6745, 39.05354999999552, 0.0, 1.0342333333331037, 40.04281666666212, 0.5620833333333582, 15.26499999999898, 0.0, 0.2396250000000171, 0.6745, 14.936624999998978, 15.673249999998967, 0.656750000000003]",9.220195238094368,0.6745,13.740112542322192,0.0,40.04281666666212,14.0,2.0,6.0,0.86
4,"[0.6745, 0.6745, 0.6745, 0.6745, 0.6745, 0.6745]",0.6745,0.6745,0.0,0.6745,0.6745,6.0,3.0,2.0,0.29
5,"[0.34373557692307605, 0.006485576923076092, 11.168163461538239, 0.20105288461540205, 11.122764423076706, 0.0, 10.967110576922881, 0.6355865384615434, 10.856855769230588, 10.980081730769035, 10.733629807692099, 0.6745, 11.336788461538262, 0.6745, 10.941168269230579, 0.37616346153845653, 0.4929038461538262]",5.383028846153751,0.6745,5.312833986023268,0.0,11.336788461538262,17.0,1.0,5.0,0.71
6,"[0.6744999999999629, 0.6745000000000371, 0.6744999999999606, 0.6745000000000394]",0.6744999999999999,0.6745,3.826510531447063e-14,0.6744999999999606,0.6745000000000394,4.0,2.0,1.0,0.14
