Cluster,Dist,mean,median,std,min,max,bag_count,day_count,Cluster_Rank,Cluster_perc
0,"[0.6686205811138021, 0.6745, 0.7221886198547252, 0.6738467312348669, 0.679072881355936, 0.6745, 1.0200791767554547, 0.6718869249394676, 0.6686205811138064, 1.0246520581113865, 0.6402612522529195, 2.6424619534355487, 0.6402612522529195, 0.7087387477470805, 33.0557131391202, 0.6652767538644481, 34.84903299643294, 0.6652767538644481, 0.6740989892984542, 0.6749010107015457]",4.134699520172497,0.6745,9.9526454272676,0.6402612522529195,34.84903299643294,20.0,3.0,2.0,0.67
1,"[0.0, 0.0, 0.0, 0.0, 0.0, 0.0, 1.243259916054564, 0.0, 0.6745, 0.0, 0.0, 0.0, 0.0]",0.14751999354265877,0.0,0.36350193507423384,0.0,1.243259916054564,13.0,11.0,1.0,0.33
2,"[0.0, 57.68189256678276, 0.6745, 0.8007408151947875, 0.6745000000000001, 0.0, 0.684141203583821, 0.6765347830027447, 0.672465216997255, 0.6724652169972551, 0.3873319557298962, 1.2581437727654807, 0.6745, 0.0, 1.2580492785093866]",4.407684320637559,0.6745,14.242980394688715,0.0,57.68189256678276,15.0,4.0,3.0,1.0
