Cluster,Dist,mean,median,std,min,max,bag_count,day_count,Cluster_Rank,Cluster_perc
0,"[0.0, 0.0, 0.0, 0.0, 0.0]",0.0,0.0,0.0,0.0,0.0,5.0,5.0,1.0,0.33
1,"[0.6745, 0.6745]",0.6745,0.6745,0.0,0.6745,0.6745,2.0,1.0,2.0,0.67
2,"[1.2815499999998652, 0.6745, 0.15738333333344814, 0.0, 46.94519999999467]",9.811726666665596,0.6745,18.572151153266155,0.0,46.94519999999467,5.0,1.0,3.0,1.0
