Cluster,Dist,mean,median,std,min,max,bag_count,day_count,Cluster_Rank,Cluster_perc
0,"[0.5433472222222465, 0.35598611111092043, 0.8056527777777535, 1.1054305555554758, 1.817402777777566, 0.35598611111117, 2.875499999999465, 0.958499999999664, 0.6745, 0.6034999999997884, 0.0]",0.9178005050503683,0.6745,0.7665230801775151,0.0,2.875499999999465,11.0,2.0,6.0,0.86
1,"[0.6744999999998817, 0.6745000000001182, 0.0, 0.6745000000002643, 0.6744999999997356, 0.0, 0.6744999999999393, 0.6745000000000607, 0.6745000000000384, 0.6744999999999616, 0.0, 0.6745000000000292, 0.6744999999999708, 0.0]",0.4817857142857143,0.6744999999999504,0.304708040254796,0.0,0.6745000000002643,14.0,9.0,1.0,0.14
2,"[0.41056521739130436, 0.6745, 0.7038260869565217, 1.3196739130436734, 0.0, 0.6745, 1.5565384615384614, 0.0, 3.113076923077269, 0.41507692307692307]",0.8867757525084153,0.6745,0.879659656124299,0.0,3.113076923077269,10.0,2.0,5.0,0.71
3,"[0.6745, 0.6745, 1.5911282051281639, 0.03458974358973768, 0.03458974358973768, 1.3144102564102622]",0.7206196581196503,0.6745,0.5853632117502178,0.03458974358973768,1.5911282051281639,6.0,2.0,4.0,0.57
4,"[0.6745, 0.8243888888890136, 0.0, 0.0, 0.6745, 0.8431249999999799]",0.5027523148148322,0.6745,0.361436477922607,0.0,0.8431249999999799,6.0,2.0,2.0,0.29
5,"[0.7588124999998128, 0.5901875000001872, 0.5901874999998128, 6.492062500000936]",2.107812500000187,0.6745,2.532183857056924,0.5901874999998128,6.492062500000936,4.0,1.0,7.0,1.0
6,"[0.0, 0.71665625, 1.8127187500002806, 0.6745, 0.33725]",0.7082250000000562,0.6745,0.6099704921783093,0.0,1.8127187500002806,5.0,1.0,3.0,0.43
