Cluster,Dist,mean,median,std,min,max,bag_count,day_count,Cluster_Rank,Cluster_perc
0,"[0.0, 0.0, 0.0, 0.0, 0.6745000000044931, 0.6744999999955069, 0.0, 1.1944270833327637, 0.6745000000000001, 0.0]",0.3217927083332764,0.0,0.41904669620868773,0.0,1.1944270833327637,10.0,7.0,2.0,0.67
1,"[0.6745, 0.6745]",0.6745,0.6745,0.0,0.6745,0.6745,2.0,1.0,3.0,1.0
2,[0.0],0.0,0.0,0.0,0.0,0.0,1.0,1.0,1.0,0.33
