Cluster,Dist,mean,median,std,min,max,bag_count,day_count,Cluster_Rank,Cluster_perc
0,"[0.0, 0.9274375000000439, 83.21643750000047, 0.6745, 0.21078125000004827, 0.6323437500000044, 2.276437500000044, 0.2932608695652216, 18.56341304347852, 0.058652173913037814, 18.983753623188672, 19.22813768115968, 0.23460869565218379, 0.5865217391304433, 19.110833333333588, 0.6745, 0.0, 17.703181159420534]",10.187488878824581,0.6745,19.462303708050893,0.0,83.21643750000047,18.0,2.0,7.0,0.88
1,"[0.6744999999998876, 0.6745000000001123, 0.0, 0.0, 0.6745000000000005, 0.6744999999999994, 0.6745000000000488, 0.6744999999999511]",0.505875,0.6744999999999752,0.29206706742630195,0.0,0.6745000000001123,8.0,5.0,1.0,0.12
2,"[0.014351063829785708, 0.8467127659574524, 0.5022872340425476, 0.014351063829785708, 27.955872340425643, 27.554042553191593, 10.132488888888862, 0.0, 0.6745, 0.2548111111111078, 0.7194666666666866]",6.242625789813042,0.6745,10.517329354533578,0.0,27.955872340425643,11.0,2.0,4.0,0.5
3,"[14.164500000001684, 0.6745, 0.0, 5.513304347826054, 0.6745, 0.0, 0.6745, 0.0, 446.7438333333827]",52.04945974235672,0.6745,139.61460076542303,0.0,446.7438333333827,9.0,3.0,8.0,1.0
4,"[0.0, 0.6745, 17.252572289156443, 0.20316265060241223, 15.99296385542152, 0.0, 0.5472358490566157, 0.6745, 24.485622641509817, 23.25116037735886]",8.308171766310567,0.6745,10.022882719863388,0.0,24.485622641509817,10.0,2.0,6.0,0.75
5,"[0.6745, 0.6745, 0.6745, 0.6745]",0.6745,0.6745,0.0,0.6745,0.6745,4.0,2.0,2.0,0.25
6,"[14.088713483146037, 0.40166853932584806, 14.51311797752805, 14.53585393258424, 0.6138707865168607, 0.6745000000000001, 0.0, 0.009919117647057852, 0.5157941176470578, 0.0, 18.211500000000232, 0.6745, 18.558669117647288, 19.13397794117671]",7.280863215229955,0.6745000000000001,8.115972713928688,0.0,19.13397794117671,14.0,2.0,5.0,0.62
7,"[0.647405919661733, 0.7408091966173347, 0.6787780126849889, 0.7144281183932338, 0.670221987315011, 0.6787780126849889, 0.647405919661733, 0.6531099365750528]",0.6788671379492595,0.6745,0.031263409949157266,0.647405919661733,0.7408091966173347,8.0,1.0,3.0,0.38
