Cluster,Dist,mean,median,std,min,max,bag_count,day_count,Cluster_Rank,Cluster_perc
0,"[0.03652527075810213, 0.9472220216606819, 0.40177797833931805, 8.875640794223749, 0.00730505415160745, 2.534853790613689, 0.00730505415160745, 9.070442238267047, 0.42755191256830843, 6.918232240437164, 0.6745, 6.796601092896169, 0.0, 0.5171166666668163, 40.67235000000464, 0.0, 2.0684666666669664, 0.6745, 11.511466666665674, 0.0, 11.999676190475189, 0.4111238095238169, 0.15417142857148483, 11.704180952380009, 0.6745, 0.3982761904762002, 0.12205238095240051, 0.08993333333331623, 11.042528571427624, 10.76630476190391, 11.350871428570509, 7.312775316456213, 8.132420886076545, 0.661693037974684, 0.07684177215189548, 0.034151898734175776, 0.034151898734175776, 7.180436708861253, 0.6873069620253159, 0.07869166666665793, 9.111370833333332, 0.41594166666662047, 9.56665833333332, 10.033187500000047, 1.1916166666666093, 0.14614166666665043, 0.17424583333335142, 0.6745, 9.431758333333333, 0.0, 0.7540779920589867, 0.6676134429948958, 0.6255289279636985, 0.6255289279636985, 0.6660830969937616, 0.6813865570051042, 0.7020462280204218, 0.7127586500283616, 1.1114137833238829, 0.6630224049914931, 967.2158152866897, 15.431872611466032, 0.017184713375795448, 0.017184713375795448, 1.1084140127388638, 0.2405859872611363, 1.738134615384788, 0.28536538461555744, 46.69615384615903, 0.20753846153846153, 0.0, 0.6745, 0.8560961538463265, 0.02443840579712929, 17.209525362317372, 1.285460144927516, 0.02443840579712929, 0.06353985507248405, 1.6569239130433862, 0.43842499999962925, 1.2478249999993598, 0.4384250000000786, 0.5058750000000561, 0.8431249999999438, 61.548124999986015, 0.6745, 0.19271428571425514, 0.0, 14.83899999999925, 1.0037202380952395]",15.105485932058276,0.6745,101.37693600440376,0.0,967.2158152866897,90.0,12.0,3.0,1.0
1,"[0.0, 0.6745, 24.90029166666947, 0.6745, 0.0, 41.84225862068454, 0.6503422399090393, 0.6986577600909606, 0.7738152359295072, 0.6503422399090393, 0.07105581761007516, 3.6005149371068543, 0.0710558176100469, 1.2779441823899247, 0.6745, 0.0, 4.695557692308211, 0.6745, 0.0, 237.15420000034294, 0.6745, 27.246662790696483, 0.0]",15.087182565272048,0.6745,48.52647252305402,0.0,237.15420000034294,23.0,7.0,2.0,0.67
2,"[0.0, 0.6745000000000051, 0.6744999999999949, 0.6745000000000057, 0.6744999999999944, 0.0, 0.674499999999942, 0.6745000000000579]",0.5058750000000001,0.6744999999999947,0.29206706742630195,0.0,0.6745000000000579,8.0,5.0,1.0,0.33
