Cluster,Dist,mean,median,std,min,max,bag_count,day_count,Cluster_Rank,Cluster_perc
0,"[0.0, 0.0, 0.0, 0.0, 0.674500000001997, 0.6744999999980031, 0.6744999999996093, 0.6745000000003907, 0.0]",0.2997777777777778,0.0,0.3351617446274685,0.0,0.674500000001997,9.0,7.0,2.0,0.67
1,"[0.6745, 0.6745]",0.6745,0.6745,0.0,0.6745,0.6745,2.0,1.0,3.0,1.0
2,[0.0],0.0,0.0,0.0,0.0,0.0,1.0,1.0,1.0,0.33
