Cluster,Dist,mean,median,std,min,max,bag_count,day_count,Cluster_Rank,Cluster_perc
0,"[0.7280317460317389, 0.13918253968255695, 0.06423809523808675, 0.5246111111111131, 0.6745, 17.301460317459956, 374.8399920634838, 392.6018253968167, 334.20939682538943, 0.278365079365096, 0.246246031746017, 0.5031984126983818, 0.7066190476190077, 0.6745, 0.06423809523810457, 0.4710793650793741, 0.6959126984126599, 0.32119047619045155, 0.24624603174603488, 1.5203015873015469, 1.124166666666625, 12.515722222221958, 0.7358181818181385, 0.797136363636311, 0.919772727272656, 0.6336212121212184, 0.6745, 0.3883484848484601, 0.6745, 1.0832878787878508, 0.24527272727272414, 0.24527272727269014, 0.44966666666666666, 9.708712121211706, 0.6544653465346562, 23.400475247524223, 23.507326732672745, 0.6945346534653439, 0.026712871287125187, 0.26712871287127415, 23.493970297029183, 1.0150891089108685, 0.17363366336633598, 0.3205544554455245, 0.026712871287147433, 1.0418019801980158]",26.774550844369553,0.6745,90.3590049220777,0.026712871287125187,392.6018253968167,46.0,3.0,4.0,1.0
1,"[0.8509076923076915, 0.6433692307692167, 0.23866923076924088, 0.7056307692307833, 0.8301538461538475, 0.36319230769232236, 0.7056307692307833, 0.23866923076922356, 0.6745, 0.32376000000000177, 0.0, 0.9442999999999641, 0.8903399999999713, 0.0, 0.6745, 2.7802560975610784, 0.0, 0.0, 2.6979999999999795, 0.2943272727272779, 0.6745, 0.5028090909090913, 0.8829818181818134, 0.0, 1.0914636363636268, 0.0, 0.20848181818181336, 1.066936363636357, 0.919772727272718]",0.6621776517847174,0.6745,0.6657687170520644,0.0,2.7802560975610784,29.0,5.0,2.0,0.5
2,"[0.6744999999999697, 0.6745000000000303, 0.6745, 1.3099147350993383, 0.0, 1.1129249999999271, 0.0, 0.6745, 0.6745000000000005, 0.6744999999999994, 0.6744999999999712, 0.6745000000000289, 0.6745000000000002, 0.6744999999999999, 0.0]",0.6111893156732843,0.6745,0.35596773963919287,0.0,1.3099147350993383,15.0,7.0,1.0,0.25
3,"[0.6745, 20.302450000002136, 3.3050500000004495, 0.33725000000011235, 0.4047000000001123, 0.06745, 2.9678000000002247, 0.0, 2.900350000000337, 1.034233333333331, 0.6745, 0.0, 0.44966666666665417, 5.575866666666646]",2.7638440476192856,0.6745,5.1195920668411405,0.0,20.302450000002136,14.0,2.0,3.0,0.75
