Cluster,Dist,mean,median,std,min,max,bag_count,day_count,Cluster_Rank,Cluster_perc
0,"[0.0, 0.0, 0.6744999999999339, 0.674500000000066, 0.6744999999999812, 0.6745000000000188, 0.0, 0.6744999999998978, 0.6745000000001021, 0.0, 0.6745000000002042, 0.6744999999997957]",0.44966666666666666,0.674499999999916,0.3179623492735509,0.0,0.6745000000002042,12.0,8.0,1.0,0.33
1,"[0.6745, 0.6745, 0.6745, 0.6745]",0.6745,0.6745,0.0,0.6745,0.6745,4.0,2.0,2.0,0.67
2,"[0.6745, 0.0, 100.21945833334438]",33.631319444448124,0.6745,47.08572974251472,0.0,100.21945833334438,3.0,1.0,3.0,1.0
