Cluster,Dist,mean,median,std,min,max,bag_count,day_count,Cluster_Rank,Cluster_perc
0,"[2.5965483778277005, 0.7105489786322554, 0.6384510213677446, 0.6360548038242521, 0.6360548038242516, 12.284491144663289, 0.6745, 0.0, 2.49814814814814]",2.2971996975875144,0.6745,3.6297225714477825,0.0,12.284491144663289,9.0,2.0,2.0,0.67
1,"[0.0, 0.0, 0.0]",0.0,0.0,0.0,0.0,0.0,3.0,3.0,1.0,0.33
2,"[1.5529186046511765, 131.2163934108536, 0.0, 0.01045736434108419, 0.9829922480620183, 0.3660077519379815, 1.571218992248074, 0.005228682170542095, 0.0, 1.5633759689922608]",13.726859302325675,0.6744999999999999,39.16873758312612,0.0,131.2163934108536,10.0,1.0,3.0,1.0
