Cluster,Dist,mean,median,std,min,max,bag_count,day_count,Cluster_Rank,Cluster_perc
0,"[1.195166666666665, 1.881499999999997, 0.15383333333333507, 0.15383333333331534, 6.576375000000292, 0.0, 0.6745, 0.9810909090909291, 0.0, 0.6745, 0.0, 0.6745, 16.84236567164154, 0.0, 0.7430932203389753, 0.6745]",1.9515786334003158,0.6745,4.140695638011946,0.0,16.84236567164154,16.0,5.0,3.0,0.6
1,"[0.0, 0.6745000000000003, 0.6744999999999998, 0.0, 0.6745000000000003, 0.6744999999999997, 1.2474623655913915, 0.6744999999999999, 0.0, 0.0, 0.0, 0.6744999999999894, 0.6745000000000105]",0.4591509511993378,0.6744999999999997,0.3922478960803049,0.0,1.2474623655913915,13.0,8.0,1.0,0.2
2,"[0.6247999999999938, 0.6247999999999997, 13.603599999999952, 0.7242000000000002, 42.260913793103256, 39.67920689655155, 0.6745, 0.023258620689633136, 0.0]",10.912808812260486,0.6745,16.584592477840296,0.0,42.260913793103256,9.0,2.0,4.0,0.8
3,"[168.8048666666665, 2.698, 0.44966666666661675, 0.8993333333333832, 0.44966666666661675, 0.44966666666661675]",28.95853333333329,0.6745,62.54624648772856,0.44966666666661675,168.8048666666665,6.0,1.0,5.0,1.0
4,"[0.6745, 0.6745, 0.6745, 0.6745, 0.6745, 0.6745]",0.6745,0.6745,0.0,0.6745,0.6745,6.0,3.0,2.0,0.4
