Cluster,Dist,mean,median,std,min,max,bag_count,day_count,Cluster_Rank,Cluster_perc
0,"[0.7793111934156379, 0.2488895747599451, 2.400849903978052, 1.3265351714677645, 0.5696888065843622, 0.24888957475994522, 3.1856970462004544, 0.6745, 0.0]",1.048262363462907,0.6745,1.0161730611709563,0.0,3.1856970462004544,9.0,2.0,4.0,1.0
1,"[0.0, 0.0, 0.0, 0.0, 0.0, 0.0]",0.0,0.0,0.0,0.0,0.0,6.0,6.0,1.0,0.25
2,"[0.6745000000000001, 0.6745000000000001]",0.6745000000000001,0.6745000000000001,0.0,0.6745000000000001,0.6745000000000001,2.0,1.0,2.0,0.5
3,"[1.9605810998955797, 0.6745, 0.3765156195614341, 0.1890501653324053, 1.6128250522102339, 0.0, 1.133127131917856]",0.8495141527025013,0.6745,0.6876247058519734,0.0,1.9605810998955797,7.0,1.0,3.0,0.75
