Cluster,Dist,mean,median,std,min,max,bag_count,day_count,Cluster_Rank,Cluster_perc
0,"[11.659214285726023, 0.4817857142868146, 1.156285714289382, 0.19271428571575283, 0.0, 1.4453571428578764, 0.6745, 1.1241666666656682, 3.5973333333253454, 0.0, 0.22483333333433178, 1.3489999999940092, 0.0, 21540.382333287875, 0.0]",1437.4858349176045,0.6745,5372.725840408114,0.0,21540.382333287875,15.0,2.0,6.0,0.86
1,"[0.6745000000044931, 0.6744999999955069, 0.0, 0.6745000000000002, 0.6744999999999998, 0.0, 0.6744999999955069, 0.6745000000044931, 0.6744999999999998, 0.6745000000000002, 0.0, 2.0234999999820276, 0.6745, 0.0, 0.6745000000017972, 0.6744999999982028, 0.6745, 1.1241666666656682, 0.0]",0.5916666666656681,0.6744999999999998,0.4682771615157366,0.0,2.0234999999820276,19.0,10.0,1.0,0.14
2,"[1.1241666666646697, 2.0235000000119814, 0.22483333332933947, 0.22483333333533023, 0.44966666666932925, 0.8993333333306708, 0.4496666666653354, 1.049222222224441, 0.931452380949406, 0.8029761904759867, 0.5460238095240133, 0.5460238095223017]",0.7726415343919003,0.6745,0.47595780204115223,0.22483333332933947,2.0235000000119814,12.0,3.0,3.0,0.43
3,"[0.6745, 0.6745, 1.0117499999990016, 1.0117499999990016, 0.3372500000009985, 0.33724999999900157, 0.08431250000042122, 1.4333124999981748, 1.2646874999995787, 0.08431250000042122]",0.6913624999996599,0.6745,0.45528749999939666,0.08431250000042122,1.4333124999981748,10.0,3.0,2.0,0.29
4,"[0.0, 0.6745, 108666.89633262141, 0.9742777777775559, 2.0984444444428916, 0.8993333333326677, 0.4496666666673323, 0.0, 0.0]",12074.66583942707,0.6745,34150.510601647075,0.0,108666.89633262141,9.0,2.0,7.0,1.0
5,"[0.8993333333273424, 0.6745, 0.0, 2.922833333315361, 0.22483333332734257]",0.9442999999940092,0.6745,1.0391095194063722,0.0,2.922833333315361,5.0,1.0,4.0,0.57
6,"[0.0, 2.1198571428604436, 0.6745, 0.5781428571421235, 1.3490000000025675]",0.9443000000010269,0.6745,0.7272251741239615,0.0,2.1198571428604436,5.0,1.0,5.0,0.71
