Cluster,Dist,mean,median,std,min,max,bag_count,day_count,Cluster_Rank,Cluster_perc
0,"[0.6745, 0.6745, 3.969798192770853, 0.020316265060210635, 0.020316265060210635, 1.3286837349397893, 0.6745, 0.7994074074074335, 0.34349537037032796, 0.774425925925872, 0.0, 0.28907142857197876, 0.0, 73.61685714300688, 0.6745, 74.00228571443554]",9.86641609047182,0.6745,24.18551599975155,0.0,74.00228571443554,16.0,4.0,3.0,1.0
1,"[0.2248333333333333, 1.5738333333348309, 1.7986666666666664, 1.349, 0.6745, 1.1241666666651688, 0.6745, 0.8993333333348309, 0.0, 1.5738333333348309, 0.2248333333333333, 0.4496666666666666, 0.2248333333333333, 0.6745, 0.2248333333333333, 1.7986666666681643, 0.0, 0.224833333334831, 0.2248333333333333, 0.6745, 0.224833333334831, 1.3490000000014977, 0.2248333333333333, 1.1241666666666665, 0.224833333334831, 0.8993333333333332, 1.1241666666651688, 0.44966666666516897, 0.6745, 0.224833333334831, 2.0235000000014978, 0.0, 1.3490000000014977, 0.0, 0.8993333333348309, 0.0, 2.0235000000014978, 0.6745, 1.7986666666681643, 1.7986666666681643, 0.8993333333333332, 44.96666666666966, 2.922833333336329, 0.4496666666666666, 0.0, 1.7986666666681643, 0.4496666666666666, 0.224833333334831, 0.4496666666666666, 33.94983333333782, 1.1241666666651688, 0.2248333333333333, 0.0, 1.349, 0.2248333333333333, 0.6745, 1.1241666666651688, 2.0235000000014978, 0.4496666666666666, 0.6745, 0.8993333333348309, 2.0235000000014978, 0.6745, 0.8993333333348309, 2.0235, 0.6745, 0.6745, 0.6745, 1.7986666666681643, 2.2483333333363285, 1.3490000000014977, 1.7986666666681643, 0.0, 0.6745, 0.4496666666666666, 0.8993333333348309]",1.8874166666672374,0.6745,6.27714277436232,0.0,44.96666666666966,76.0,1.0,2.0,0.67
2,"[0.0, 0.0, 0.0, 0.674500000000321, 0.674499999999679]",0.2698,0.0,0.33043616630145073,0.0,0.674500000000321,5.0,4.0,1.0,0.33
