Cluster,Dist,mean,median,std,min,max,bag_count,day_count,Cluster_Rank,Cluster_perc
0,"[0.0, 0.0]",0.0,0.0,0.0,0.0,0.0,2.0,2.0,1.5,0.5
1,"[2.697999999976037, 0.4496666666666666, 0.4496666666666666, 0.8993333333333332, 2.697999999976037, 0.4496666666606759]",1.2740555555465694,0.6744999999999999,1.0193546508943223,0.4496666666606759,2.697999999976037,6.0,1.0,3.0,1.0
2,[0.0],0.0,0.0,0.0,0.0,0.0,1.0,1.0,1.5,0.5
