Cluster,Dist,mean,median,std,min,max,bag_count,day_count,Cluster_Rank,Cluster_perc
0,"[0.6745, 238.5032000000265, 0.4047, 243.35960000002697, 0.0, 1234.335000000137, 0.0, 9.443000000002247, 0.6745, 0.6745]",172.80690000001928,0.6745,366.21837959794385,0.0,1234.335000000137,10.0,2.0,4.0,1.0
1,"[0.6744999999999319, 0.674500000000068, 0.6745000000000642, 0.6744999999999358, 0.0, 0.6744999999994383, 0.6745000000005615, 0.6745000000000012, 0.6744999999999987]",0.5995555555555554,0.6744999999999987,0.21197489951570056,0.0,0.6745000000005615,9.0,5.0,1.0,0.25
2,"[38.59404687500027, 0.6745, 0.0, 0.0, 172.5756428571618, 0.6745]",35.41978162202701,0.6745,62.909190215394176,0.0,172.5756428571618,6.0,2.0,3.0,0.75
3,"[0.6745, 0.6745, 0.6745, 0.6745, 0.6745, 0.6745, 0.6745, 0.6745]",0.6745,0.6745,0.0,0.6745,0.6745,8.0,4.0,2.0,0.5
