Cluster,Dist,mean,median,std,min,max,bag_count,day_count,Cluster_Rank,Cluster_perc
0,"[1.9110833333333332, 0.6745, 0.0, 0.6745000000008986, 0.6744999999991014, 0.6745000000008986, 0.6744999999991014, 0.0, 0.0, 0.0, 0.0, 0.6744999999993581, 0.6745000000006418, 0.0, 0.0, 0.0, 0.0, 0.0]",0.3684768518518518,0.0,0.4940162970002281,0.0,1.9110833333333332,18.0,13.0,1.0,0.33
1,"[0.6745, 0.6745]",0.6745,0.6745,0.0,0.6745,0.6745,2.0,1.0,2.0,0.67
2,"[109.85527897350993, 0.6745, 0.0]",36.84325965783664,0.6745,51.62802831135227,0.0,109.85527897350993,3.0,1.0,3.0,1.0
