Cluster,Dist,mean,median,std,min,max,bag_count,day_count,Cluster_Rank,Cluster_perc
0,"[0.0, 0.0, 0.0, 0.0, 0.0, 0.0]",0.0,0.0,0.0,0.0,0.0,6.0,6.0,1.5,0.5
1,"[0.6745, 0.0, 0.9610410842863194, 0.6745, 7.101355295566531, 0.0]",1.5685660633088083,0.6745,2.500011684298445,0.0,7.101355295566531,6.0,2.0,3.0,1.0
2,[0.0],0.0,0.0,0.0,0.0,0.0,1.0,1.0,1.5,0.5
