Cluster,Dist,mean,median,std,min,max,bag_count,day_count,Cluster_Rank,Cluster_perc
0,"[9.105750000001123, 0.0, 0.6745, 0.0, 0.6745, 9.847699999994338, 2.256980769230653, 0.0, 0.6745, 0.36319230769234756, 2.360749999999957]",2.3598066433562197,0.6745,3.4483221107669024,0.0,9.847699999994338,11.0,3.0,3.0,1.0
1,"[0.0, 0.0, 0.0, 0.0, 0.0, 0.6745000000001069, 0.674499999999893, 0.0, 0.0, 0.0, 0.6744999999999541, 0.6745000000000458, 1.8736111111113607, 0.6745, 0.0, 0.6745000000000607, 0.6744999999999393, 0.0, 0.0, 0.0, 0.6745000000000831, 0.6744999999999168]",0.36109595959597096,0.0,0.4639937509804599,0.0,1.8736111111113607,22.0,16.0,1.0,0.33
2,"[2.5361199999999315, 0.0, 1.214099999999928, 0.6745, 0.08093999999998922, 0.19524999999998285, 0.7454999999999937, 0.12424999999998912, 0.47925000000001716, 0.9585000000000343, 0.2840000000000342, 0.6922499999999985, 0.7454999999999937, 0.8520000000000435, 0.6745, 0.0]",0.641041249999996,0.6745,0.6045001602964378,0.0,2.5361199999999315,16.0,2.0,2.0,0.67
