Cluster,Dist,mean,median,std,min,max,bag_count,day_count,Cluster_Rank,Cluster_perc
0,"[0.0, 0.6744999999955069, 0.6745000000044931, 0.0, 0.0, 1.7536999999988316, 0.0, 0.6745, 0.0, 0.0, 0.0, 0.0, 0.0, 0.0]",0.26979999999991655,0.0,0.4943412557561927,0.0,1.7536999999988316,14.0,11.0,1.0,0.25
1,"[0.6745, 0.6745, 0.6745, 0.6745]",0.6745,0.6745,0.0,0.6745,0.6745,4.0,2.0,2.0,0.5
2,"[0.6745, 3.147666666669995, 0.0]",1.274055555556665,0.6745,1.3531571747252165,0.0,3.147666666669995,3.0,1.0,3.0,0.75
3,"[21.233778846153456, 1.310086538461457, 0.03891346153837015, 0.03891346153854296]",5.655423076922957,0.6745,9.009127019648169,0.03891346153837015,21.233778846153456,4.0,1.0,4.0,1.0
