Cluster,Dist,mean,median,std,min,max,bag_count,day_count,Cluster_Rank,Cluster_perc
0,"[658.1936666666622, 0.0, 0.6745, 0.008730373436725216, 0.008730373436725216, 1.3402696265632748, 9.553191470133811, 0.42922727272608446, 0.4292272727277183, 0.9197727272722817, 6.683681818170084, 0.6745, 0.6745]",52.276153661625294,0.6745,174.93578218401936,0.0,658.1936666666622,13.0,4.0,3.0,1.0
1,"[0.0, 0.0, 0.0, 0.0, 0.0, 0.0, 0.0, 0.0, 0.0, 0.0, 0.0, 1.6487777777765573, 0.6745, 0.0]",0.16594841269832553,0.0,0.4462441797147843,0.0,1.6487777777765573,14.0,12.0,1.0,0.33
2,"[2.304541666667041, 0.0, 0.2248333333333333, 0.6745, 275.7580833333633, 0.2248333333333333, 3.2038750000003744]",40.3415238095282,0.6745,96.11494792202987,0.0,275.7580833333633,7.0,1.0,2.0,0.67
