Cluster,Dist,mean,median,std,min,max,bag_count,day_count,Cluster_Rank,Cluster_perc
0,"[0.6744999999999999, 0.6745000000000001, 0.0, 0.0, 0.6744999999999995, 0.6745000000000004, 0.0, 0.0]",0.33725,0.33724999999999977,0.33725,0.0,0.6745000000000004,8.0,6.0,2.0,0.67
1,"[0.0, 0.6745, 0.9985452231793266]",0.5576817410597755,0.6745,0.41593911405391354,0.0,0.9985452231793266,3.0,1.0,3.0,1.0
2,[0.0],0.0,0.0,0.0,0.0,0.0,1.0,1.0,1.0,0.33
