Cluster,Dist,mean,median,std,min,max,bag_count,day_count,Cluster_Rank,Cluster_perc
0,"[0.0, 0.6745, 0.1025737327189021, 0.6993663594469809, 0.8112649769585086, 0.5035437788018229, 1.1252027649769447, 0.0, 2.217674242424257, 0.6745, 0.9214999999999578, 0.6392142857142814, 0.6392142857142633, 0.7097857142857186]",0.6941671529315456,0.6745,0.5297841873686789,0.0,2.217674242424257,14.0,3.0,2.0,0.67
1,"[0.0, 0.6744999999999771, 0.674500000000023, 0.0, 0.0, 0.0, 0.0]",0.19271428571428575,0.0,0.304708040254796,0.0,0.674500000000023,7.0,6.0,1.0,0.33
2,"[0.36546613545816437, 0.8814183266932409, 0.36546613545816437, 1.5908525896414443, 1.5908525896414443, 0.4675816733067591]",0.8769395750332029,0.6745,0.5338769668749852,0.36546613545816437,1.5908525896414443,6.0,1.0,3.0,1.0
