Cluster,Dist,mean,median,std,min,max,bag_count,day_count,Cluster_Rank,Cluster_perc
0,"[0.6745000000000049, 0.6744999999999951, 0.0]",0.44966666666666666,0.6744999999999951,0.3179623492735509,0.0,0.6745000000000049,3.0,2.0,2.0,0.67
1,"[0.2034206349205421, 19.84957142857161, 0.0, 0.6745, 20.18146825396833]",8.181792063492097,0.6745,9.665245678589843,0.0,20.18146825396833,5.0,1.0,3.0,1.0
2,[0.0],0.0,0.0,0.0,0.0,0.0,1.0,1.0,1.0,0.33
