Cluster,Dist,mean,median,std,min,max,bag_count,day_count,Cluster_Rank,Cluster_perc
0,"[0.6835902964959558, 0.675106019766397, 0.6738939802336029, 0.6478351302785265, 0.6478351302785259, 0.7502524707996397, 0.6745, 24.956499999992136, 0.0, 0.6745, 0.6745, 6.070499999999693, 0.6745, 0.0, 0.49054545454548243, 1.2263636363635528, 0.6279827586206951, 0.6279827586206951, 0.95360344827583, 0.7210172413793049]",2.1225504162825017,0.6745,5.376501033279466,0.0,24.956499999992136,20.0,5.0,2.0,0.4
1,"[0.31017153284671417, 20.32854379562045, 2.1613540145985333, 0.07385036496349556, 0.07385036496351197, 1.1963759124087594, 1.038828467153286, 0.31017153284671417, 0.6745, 0.0, 39.383305555554436, 0.44966666666663546, 0.2060972222221936, 1.7799305555554958, 0.5808194444444262, 41.81899999999883, 1.3489999999999376]",6.572674437049613,0.6745,13.266793034229764,0.0,41.81899999999883,17.0,2.0,4.0,0.8
2,"[0.6745000000000295, 0.6744999999999705, 0.6744999999999866, 0.6745000000000133, 0.6744999999999532, 0.6745000000000467, 0.0]",0.5781428571428572,0.6744999999999866,0.2360258330724648,0.0,0.6745000000000467,7.0,4.0,1.0,0.2
3,"[0.7226785714285765, 0.6263214285714235, 0.37338392857142977, 0.9635714285714285, 0.37338392857142977, 25.968250000000154, 28.7471900000003, 0.0539599999999946, 0.47214999999999774, 0.8768500000000021, 2.5765900000000346, 0.0539599999999946]",5.150690773809564,0.6745,9.967254011636143,0.0539599999999946,28.7471900000003,12.0,2.0,3.0,0.6
4,"[0.03137209302325338, 0.0, 2.196046511627998, 0.6745, 32.53286046511734, 0.5339791666666394, 0.0, 59.41220833333164, 0.6744999999999999, 2.0234999999999532, 3.8783749999996138, 0.5901875000000175, 189.5344999999814, 0.6745, 0.0]",19.51710193798319,0.6745,48.182793217517116,0.0,189.5344999999814,15.0,3.0,5.0,1.0
