Cluster,Dist,mean,median,std,min,max,bag_count,day_count,Cluster_Rank,Cluster_perc
0,"[0.6745, 0.0, 11.129250000001123, 2.6558437499998684, 0.0, 2.5715312499997456, 0.42156249999991224, 0.6745]",2.2658984375000815,0.6745,3.4917712941562216,0.0,11.129250000001123,8.0,2.0,5.0,0.83
1,"[0.6744999999999999, 1.208479166666686, 0.3091458333332904, 0.0, 1.039854166666616, 1.074203703703588, 0.5495925925925741, 0.7994074074074259, 0.5495925925924908]",0.6894194958847414,0.6744999999999999,0.3669115310335508,0.0,1.208479166666686,9.0,2.0,3.0,0.5
2,"[0.7999883720930039, 2.9332906976742774, 0.5490116279069962, 0.5490116279068917, 0.970621951219464, 0.6415975609756152, 0.7074024390243848, 0.6415975609756152]",0.974065229722031,0.6745,0.7518642428240875,0.5490116279068917,2.9332906976742774,8.0,2.0,4.0,0.67
3,"[0.6745, 0.6745, 0.6745, 0.6745, 0.6745, 0.6745, 0.4915847457627325, 0.4915847457627325, 0.8574152542372675, 0.8574152542372675]",0.6744999999999999,0.6745,0.1156857644357061,0.4915847457627325,0.8574152542372675,10.0,4.0,2.0,0.33
4,"[0.6744999999999198, 0.6745000000000803, 0.6744999999998396, 0.6745000000001604, 0.0, 0.0, 0.0, 0.0, 0.0, 0.0, 0.0, 0.6745000000000865, 0.6744999999999135, 0.0]",0.2890714285714286,0.0,0.3337909342014879,0.0,0.6745000000001604,14.0,11.0,1.0,0.17
5,"[8.768500000001497, 0.0, 0.0, 0.6745, 3.1476666666674156, 7.194666666667415, 0.4496666666666666]",2.8907142857147137,0.6745,3.3958203916957315,0.0,8.768500000001497,7.0,1.0,6.0,1.0
