Cluster,Dist,mean,median,std,min,max,bag_count,day_count,Cluster_Rank,Cluster_perc
0,"[0.0, 0.0, 0.6745000000000252, 0.6744999999999748, 0.0, 0.6745000000000259, 0.6744999999999742]",0.3854285714285715,0.6744999999999742,0.3337909342014879,0.0,0.6745000000000259,7.0,5.0,2.0,0.67
1,"[0.6745, 0.6745]",0.6745,0.6745,0.0,0.6745,0.6745,2.0,1.0,3.0,1.0
2,[0.0],0.0,0.0,0.0,0.0,0.0,1.0,1.0,1.0,0.33
