Cluster,Dist,mean,median,std,min,max,bag_count,day_count,Cluster_Rank,Cluster_perc
0,"[0.0, 0.6745, 11.699980769225984, 0.6745, 0.6745]",2.744696153845197,0.6745,4.485256199273231,0.0,11.699980769225984,5.0,2.0,3.0,1.0
1,"[0.6745000000000169, 0.674499999999983, 0.0, 0.6744999999999111, 0.6745000000000889, 0.0]",0.4496666666666666,0.674499999999947,0.3179623492735509,0.0,0.6745000000000889,6.0,4.0,1.0,0.33
2,"[7.824200000005272, 0.26979999999952076, 0.4496666666674654, 0.8993333333325345, 1.349, 0.2698000000007189]",1.843633333334252,0.6745,2.7018693550006714,0.26979999999952076,7.824200000005272,6.0,1.0,2.0,0.67
