Cluster,Dist,mean,median,std,min,max,bag_count,day_count,Cluster_Rank,Cluster_perc
0,"[0.0, 0.0, 0.0, 0.0, 0.0, 0.0, 0.6745000000000001, 0.6744999999999999, 0.0, 0.0]",0.1349,0.0,0.26979999999999993,0.0,0.6745000000000001,10.0,9.0,2.0,0.67
1,"[0.29977777777777775, 74.79455555556355, 1.0492222222222223, 0.29977777777777775]",19.110833333335332,0.6745,32.150467876377405,0.29977777777777775,74.79455555556355,4.0,1.0,3.0,1.0
2,[0.0],0.0,0.0,0.0,0.0,0.0,1.0,1.0,1.0,0.33
