Cluster,Dist,mean,median,std,min,max,bag_count,day_count,Cluster_Rank,Cluster_perc
0,"[0.6745, 0.6745, 1.5503432835820476, 0.06040298507461936, 0.06040298507463612, 1.2885970149253638, 0.0, 2.0484814814814576, 0.6745, 0.3609999999999893, 34.73199999999974, 0.987999999999995, 0.36100000000000515, 0.6593766816143489, 4.485576233183847, 0.6745, 5.444394618834068, 0.0]",3.0409764046538954,0.6745,7.822250885975595,0.0,34.73199999999974,18.0,5.0,2.0,0.67
1,"[0.0, 0.6744999999999997, 0.6745000000000002, 0.0, 0.0, 0.0, 0.0, 0.0, 0.6744999999999939, 0.6745000000000061]",0.26979999999999993,0.0,0.33043616630145073,0.0,0.6745000000000061,10.0,8.0,1.0,0.33
2,"[6.55659217877094, 0.6745, 7.2235558659217745, 0.21478491620111845, 0.1733351955307257, 6.5603603351955195, 0.0, 0.36561682242989535, 0.3277943925233577, 0.567336448598138, 0.8447009345794351, 0.806878504672887, 22.3404485981307, 0.3277943925233682, 0.3782242990654079, 22.8825700934578, 0.7816635514018618, 1.0383749999999972, 0.5147500000000027, 0.3106250000000029, 15.149625000000011, 0.6745, 0.1419999999999992, 0.0, 14.68812500000001, 15.194000000000011, 0.07897626582278339, 0.6595585443037972, 6.990466772151915, 0.535757911392404, 0.2625427215189874, 7.536897151898752, 0.07897626582278694, 0.6894414556962027, 7.609469936708878, 7.4557863924050825]",4.184334165186793,0.6745,6.307823520337327,0.0,22.8825700934578,36.0,4.0,3.0,1.0
