Cluster,Dist,mean,median,std,min,max,bag_count,day_count,Cluster_Rank,Cluster_perc
0,"[0.13796590909084722, 0.13796590909084722, 0.3525795454545083, 0.9964204545454917, 1903.1681780301285, 1.4052083333330156, 0.0, 0.9197727272736927, 0.6745, 0.18395454545506532, 308.0318863638562]",201.45531198347533,0.6745,545.2697873955723,0.0,1903.1681780301285,11.0,2.0,5.0,0.83
1,"[0.0, 0.0, 0.6744999999970046, 0.6745000000029954, 0.0, 0.6745000000004279, 0.6744999999995721, 0.6744999999999999, 0.6745000000000001, 0.0, 0.6744999999991014, 0.6745000000008986]",0.44966666666666666,0.6744999999993367,0.3179623492735508,0.0,0.6745000000029954,12.0,8.0,1.0,0.17
2,"[0.6745, 3586.4899428554895, 0.0, 1793.100435714142, 0.0, 0.6745, 0.6745, 4.468562500000561, 0.0, 2989.8657857136664, 0.0, 0.6745]",698.051893898608,0.6745,1263.92645910438,0.0,3586.4899428554895,12.0,4.0,6.0,1.0
3,"[53.339565716065046, 0.6743774813815296, 0.6746225186184704, 0.6743774813815296, 1356.9481621621649, 0.14583783783784637, 0.14583783783784637, 1.2031621621621535]",176.72574289968117,0.6745000000000001,446.41633780314277,0.14583783783784637,1356.9481621621649,8.0,2.0,3.0,0.5
4,"[0.6745, 0.6745, 0.6745, 0.6745]",0.6745,0.6745,0.0,0.6745,0.6745,4.0,2.0,2.0,0.33
5,"[0.6745, 494.12436023619705, 494.2863464566696, 0.32131692913389615, 0.0]",197.8813047244001,0.6745,241.94767205740104,0.0,494.2863464566696,5.0,1.0,4.0,0.67
