Cluster,Dist,mean,median,std,min,max,bag_count,day_count,Cluster_Rank,Cluster_perc
0,"[0.7307083333333249, 5.564624999999737, 0.6182916666666751, 0.6182916666666072, 0.0, 514.0071792453074, 514.0071792453074, 0.6745, 0.6745]",115.21058612858678,0.6745,213.17145464581938,0.0,514.0071792453074,9.0,2.0,4.0,0.8
1,"[0.0, 0.0, 0.6745000000000377, 0.6744999999999622, 0.0, 0.6744999999994383, 0.6745000000005615, 0.0, 0.0]",0.2997777777777777,0.0,0.33516174462746845,0.0,0.6745000000005615,9.0,7.0,1.0,0.2
2,"[0.29977777777777775, 0.5995555555555555, 0.7494444444444445, 0.44966666666666666, 0.29977777777777775, 9.742777777778775, 111572.64233334563, 2.6980000000009983]",13948.435166668205,0.6745,36898.48213673344,0.29977777777777775,111572.64233334563,8.0,1.0,5.0,1.0
3,"[1.7537000000026957, 0.1349000000008986, 1.2140999999991013, 0.13489999999910138]",0.8094000000004492,0.6745,0.7009609618239028,0.13489999999910138,1.7537000000026957,4.0,1.0,3.0,0.6
4,"[0.6745, 0.6745, 0.6745, 0.6745]",0.6745,0.6745,0.0,0.6745,0.6745,4.0,2.0,2.0,0.4
