Cluster,Dist,mean,median,std,min,max,bag_count,day_count,Cluster_Rank,Cluster_perc
0,"[0.6745, 0.6745, 0.6744999999999999, 0.8277954545456587, 0.0, 0.5203285714283441, 0.8286714285711425, 0.5203285714288575, 73.5590428571372, 0.6641120552310131, 0.6598135953266152, 0.7013653744025533, 0.6798730748805069, 0.6748582049920363, 0.627575146043555, 0.6275751460435456, 0.7185592140201733, 0.7056638343069608, 0.7242904938927165, 0.6641120552310227, 0.6354556558682972, 0.7013653744025438, 0.7271561338289977, 0.6884699946893311, 0.6669776951672847, 0.6612464152947415, 0.6977833244822091, 0.6569479553903437, 0.6605300053106689, 0.6397541157727045, 0.6977833244822091, 0.712111524163567, 0.6404705257567772, 0.7149771640998386, 0.6741417950079636, 0.6633956452469404, 0.7522304832713789]",2.6302233029653435,0.6745,11.822123505092724,0.0,73.5590428571372,37.0,4.0,2.0,0.67
1,"[0.1405208333333552, 0.4496666666666916, 10.763895833333297, 0.0, 10.274883333333316, 9.971358333333276, 0.7644333333333234, 10.139983333333332, 0.04496666666666167, 0.6745, 0.5789458333333813, 10.465991666666628, 0.567704166666716, 10.207433333333322, 10.11187916666663, 0.19672916666668228, 0.7082249999999962, 0.11803749999994946, 0.4496666666666916, 0.48339166666668787, 10.235537499999948]",4.159416666666661,0.6745,4.800903072167399,0.0,10.763895833333297,21.0,1.0,3.0,1.0
2,[0.0],0.0,0.0,0.0,0.0,0.0,1.0,1.0,1.0,0.33
