Cluster,Dist,mean,median,std,min,max,bag_count,day_count,Cluster_Rank,Cluster_perc
0,"[0.0, 0.0, 0.0, 0.0, 0.6745000000000624, 0.6744999999999376, 0.0, 0.0]",0.168625,0.0,0.2920670674263019,0.0,0.6745000000000624,8.0,7.0,1.0,0.33
1,"[0.6745, 0.6745, 0.6745, 0.6745]",0.6745,0.6745,0.0,0.6745,0.6745,4.0,2.0,2.0,0.67
2,"[0.6745, 5.555750000000591, 1.9525000000002364, 0.213, 0.0]",1.6791500000001656,0.6745,2.0533489693671023,0.0,5.555750000000591,5.0,1.0,3.0,1.0
