Cluster,Dist,mean,median,std,min,max,bag_count,day_count,Cluster_Rank,Cluster_perc
0,"[0.0, 0.0, 0.0, 0.0, 0.6745000000007814, 0.6744999999992185, 0.0, 0.0, 0.0, 0.6744999999998595, 0.6745000000001404, 0.0, 0.0, 0.0, 0.0]",0.17986666666666665,0.0,0.29827512281262897,0.0,0.6745000000007814,15.0,13.0,2.0,0.67
1,"[20174.147252379335, 0.8672142857142491, 0.48178571428566536, 0.48178571428575095]",5043.994509523404,0.6745,8735.397760385204,0.48178571428566536,20174.147252379335,4.0,1.0,3.0,1.0
2,[0.0],0.0,0.0,0.0,0.0,0.0,1.0,1.0,1.0,0.33
