Cluster,Dist,mean,median,std,min,max,bag_count,day_count,Cluster_Rank,Cluster_perc
0,"[0.6745000000089861, 0.6744999999910138, 4.721500000026959, 0.0, 3.3725000000269585, 0.0, 0.0, 0.6745, 12616.859750085436, 0.33725000000449307, 6.407750000040438]",1148.5202045532303,0.6745,3626.6079931347303,0.0,12616.859750085436,11.0,2.0,7.0,0.78
1,"[0.6745000000016339, 0.6744999999983662, 0.674500000000817, 0.6744999999991831, 0.0, 0.6745000000000003, 0.6744999999999997]",0.5781428571428572,0.6744999999999997,0.23602583307246483,0.0,0.6745000000016339,7.0,4.0,1.0,0.11
2,"[0.6745, 2.079708333333708, 0.0, 7.419500000161751, 0.0, 0.6745, 20045.465499868686, 0.0, 0.6745, 0.6745, 0.0, 0.6745]",1671.5281006835155,0.6745,5539.950920802822,0.0,20045.465499868686,12.0,4.0,8.0,0.89
3,"[4017.689909093784, 0.36790909091013063, 0.6745, 2582.9057727291206, 0.0, 0.6745, 0.16862500000112327, 3.878374999998877, 0.0, 1.6862500000022465]",660.8045840913817,0.6745,1358.1835815453405,0.0,4017.689909093784,10.0,2.0,6.0,0.67
4,"[0.5188461538459411, 0.8301538461595888, 0.20753846153782346, 0.8301538461540587, 31791.986769348307, 17.018153846217654, 0.3113076923108827, 0.20753846154058841]",3976.488807707009,0.6744999999999999,10513.271424062032,0.20753846153782346,31791.986769348307,8.0,1.0,9.0,1.0
5,"[0.6745, 0.6745, 0.6745, 0.6745, 0.6745, 0.6745199988325367]",0.6745033331387561,0.6745,7.453124837105445e-06,0.6745,0.6745199988325367,6.0,1.0,3.0,0.33
6,"[0.6745, 0.6745]",0.6745,0.6745,0.0,0.6745,0.6745,2.0,1.0,2.0,0.22
7,"[0.6745, 0.6745, 1.2140999999956867, 0.6744999999964055, 0.9956904761908022, 0.3533095238091978, 0.3533095238091978, 9503.415928569459, 0.44966666667066046, 0.8993333333293394, 0.4496666666646697, 4.047000000017972, 8.543666666606759, 0.4496666666666666, 0.8993333333333332, 0.4496666666666666, 1.1991111111102235, 0.1498888888897764, 0.1498888888877795, 4.496666666663338, 0.0, 0.19271428571501925, 1.7344285714249037, 0.3854285714300385, 1.927142857139923, 1.7344285714249037, 0.9635714285699615, 0.0]",340.62418242623113,0.6745,1763.3809591158335,0.0,9503.415928569459,28.0,6.0,5.0,0.56
8,"[1.349, 0.6745, 0.0, 2.0235000000059906, 0.22483333333533023]",0.8543666666682641,0.6745,0.7443307762324108,0.0,2.0235000000059906,5.0,1.0,4.0,0.44
