Cluster,Dist,mean,median,std,min,max,bag_count,day_count,Cluster_Rank,Cluster_perc
0,"[0.0, 0.0]",0.0,0.0,0.0,0.0,0.0,2.0,2.0,1.5,0.5
1,"[0.29678000000010063, 3.804179999999526, 0.29678000000010063, 1.0522199999998993]",1.3624899999999065,0.6745,1.4430517261343507,0.29678000000010063,3.804179999999526,4.0,1.0,3.0,1.0
2,[0.0],0.0,0.0,0.0,0.0,0.0,1.0,1.0,1.5,0.5
