Cluster,Dist,mean,median,std,min,max,bag_count,day_count,Cluster_Rank,Cluster_perc
0,"[0.0, 0.0, 0.0]",0.0,0.0,0.0,0.0,0.0,3.0,3.0,1.5,0.5
1,"[0.2684234693877827, 0.0, 440.04242346940634, 439.81529591838586, 0.6745000000000001, 0.23401020408161674, 0.41295918367348716, 0.06882653061224021, 0.7089132653061201, 0.9222755102041106, 0.8052704081633022]",80.35935435992918,0.6745000000000001,169.5029373457319,0.0,440.04242346940634,11.0,1.0,3.0,1.0
2,[0.0],0.0,0.0,0.0,0.0,0.0,1.0,1.0,1.5,0.5
