Cluster,Dist,mean,median,std,min,max,bag_count,day_count,Cluster_Rank,Cluster_perc
0,"[0.025452830188677642, 46.3241509433984, 0.4581509433961976, 0.8908490566038023, 2.545283018868019, 0.025452830188677642, 0.3372500000000281, 3.7434750000001373, 30.622300000000816, 0.0, 0.6745, 0.4581509433962112, 22.322132075471348, 0.13999056603776064, 0.8526698113207323, 0.0, 1.1453773584905493, 0.6745, 2.114648648648199, 0.5104324324322946, 0.510432432432416, 0.8385675675675839]",5.236989384474629,0.6745,11.695067913410288,0.0,46.3241509433984,22.0,4.0,4.0,1.0
1,"[0.0, 0.6745000000000725, 0.6744999999999276, 0.0, 1.160140000000025, 0.6745, 0.0, 0.0, 0.0]",0.3537377777777806,0.0,0.41960322935358246,0.0,1.160140000000025,9.0,6.0,1.0,0.25
2,"[0.6745, 0.0, 2.4599411764703705, 0.6745, 1.4008846153846088, 0.0, 0.20753846153843494, 0.9858076923076524, 0.18159615384620534, 1.7900192307690597, 1.1674038461537946, 0.18159615384611896]",0.8103156108596871,0.6745,0.74678176524519,0.0,2.4599411764703705,12.0,3.0,3.0,0.75
3,"[0.6745, 0.6745, 0.6745, 0.6745, 0.6745, 0.6745, 0.3519130434782269, 0.997086956521708, 1.192594202898631, 0.351913043478292, 0.6745, 0.6745, 0.6745, 0.6745, 0.6745, 0.6745]",0.6867192028985536,0.6745,0.1901018960188536,0.3519130434782269,1.192594202898631,16.0,7.0,2.0,0.5
