Cluster,Dist,mean,median,std,min,max,bag_count,day_count,Cluster_Rank,Cluster_perc
0,"[1.2450363620880522, 0.06203355190326157, 1.0766267563654943, 5.199215788129099, 0.062033551903261375, 0.27237324363450566, 0.6113844419391208, 0.6113844419391206, 1.1453221750065044, 0.7376155580608793]",1.1023025870969296,0.6745000000000001,1.4239269843108366,0.062033551903261375,5.199215788129099,10.0,2.0,5.0,0.71
1,"[0.0, 0.0, 0.0, 0.0, 0.0, 0.0, 0.6745, 1.3115525446133507]",0.24825656807666885,0.0,0.4585397663420412,0.0,1.3115525446133507,8.0,6.0,1.0,0.14
2,"[2.003491657010429, 1.2394230590961761, 0.10957694090382394, 0.10957694090382361, 0.08875325747843622, 2.5413304887746984, 0.7793864623478314, 0.5696135376521686, 1.6220266409738782, 1.1527195509879482, 0.40151462041964875, 0.08875325747843622, 0.5710478258673803, 0.7779521741326195, 0.5710478258673803, 0.9839027321852429]",0.8506323107549951,0.6744999999999999,0.6959430321609238,0.08875325747843622,2.5413304887746984,16.0,3.0,4.0,0.57
3,"[0.1927142857142857, 5.854791396103873, 0.0, 19.79372808441552, 0.6745, 0.5860452112406805, 0.6745, 0.0, 1.3914221946090615, 0.6960334544064232]",2.986373462648984,0.6745,5.836068846118686,0.0,19.79372808441552,10.0,2.0,7.0,1.0
4,"[0.5351521041214752, 0.6745, 0.0, 0.39223418655097597, 1.064568763557484, 0.9047371366594364, 0.9041518872017358]",0.6393348682987297,0.6745,0.33875586211281106,0.0,1.064568763557484,7.0,1.0,2.0,0.29
5,"[2.5166431252681254, 0.6745, 0.3637265122265123, 0.0, 2.39012012012012]",1.1889979515229516,0.6745,1.0549723589393158,0.0,2.5166431252681254,5.0,1.0,6.0,0.86
6,"[0.6465471786466869, 0.11710179114961362, 0.7679919222664477, 1.2837767501756026, 0.327932392882229, 2.327901486771247, 0.702452821353313, 0.11710179114961378]",0.7863507667993442,0.6744999999999999,0.6852616266094993,0.11710179114961362,2.327901486771247,8.0,1.0,3.0,0.43
