Cluster,Dist,mean,median,std,min,max,bag_count,day_count,Cluster_Rank,Cluster_perc
0,"[0.293605882352971, 14.78345294117695, 0.0, 0.2301235294116938, 0.6745, 14.823129411765128, 1901.2726647059462, 74.98852941174378, 0.833205882352879, 73.24276470586157, 0.07935294117643948, 0.515794117647121, 0.07935294117643948]",160.13972895927776,0.6745,503.2879466396256,0.0,1901.2726647059462,13.0,2.0,5.0,1.0
1,"[13.67010209424089, 0.19422774869105563, 0.39904973821987705, 13.034447643979174, 0.4767408376963558, 13.51471989528812, 0.024719895287932003, 0.5968089005235213, 13.415840314136108, 13.415840314136108, 12.956756544502696, 0.25779319371708587, 12.589489528795834, 0.3778612565445337, 13.557096858638806, 13.154515706806341, 13.415840314136108, 13.401714659685943, 13.408777486911026, 0.19422774869105563, 12.985007853403406, 0.024719895287932003, 0.39198691099479394, 0.4767408376963558, 0.09534816753923352, 0.3284214659685756, 0.4273010471203977, 0.5685575916230007, 0.7521910994764787, 12.68836910994775, 17.169867088608026, 0.14514556962041156, 17.716297468354814, 16.486829113924426, 0.256139240506535, 16.734430379747245, 15.940398734177634, 0.6915759493670871, 0.6488860759494262, 0.49520253164564165, 16.20507594936743, 0.6147341772152518, 16.14531012658268, 0.6232721518987384, 0.0, 0.07684177215194914, 0.6745]",6.625951510400083,0.6745,7.042561365330025,0.0,17.716297468354814,47.0,2.0,3.0,0.6
2,"[0.6745000000001045, 0.6744999999998955, 0.0, 0.0, 0.0]",0.2698,0.0,0.33043616630145073,0.0,0.6745000000001045,5.0,4.0,1.0,0.2
3,"[0.6745, 0.6745, 0.6745, 0.6745]",0.6745,0.6745,0.0,0.6745,0.6745,4.0,2.0,2.0,0.4
4,"[0.0, 0.6745, 23.313172727278246, 26.05772448980249, 0.6744999999999999, 0.0]",8.45331620284679,0.6744999999999999,11.508457757568925,0.0,26.05772448980249,6.0,2.0,4.0,0.8
