Cluster,Dist,mean,median,std,min,max,bag_count,day_count,Cluster_Rank,Cluster_perc
0,"[0.0, 0.0, 0.0, 0.0, 0.0]",0.0,0.0,0.0,0.0,0.0,5.0,5.0,1.0,0.33
1,"[0.9606515151515203, 0.0, 0.6745, 0.0, 0.6745, 0.8124659090909496, 7.768379310344788, 0.6745, 0.0]",1.284999637176362,0.6745,2.3198300569582058,0.0,7.768379310344788,9.0,3.0,3.0,1.0
2,"[0.9292062937062797, 2.0234999999999843, 0.41979370629368884, 0.4197937062937202]",0.9480734265734182,0.6745,0.6548009638913677,0.41979370629368884,2.0234999999999843,4.0,1.0,2.0,0.67
