Cluster,Dist,mean,median,std,min,max,bag_count,day_count,Cluster_Rank,Cluster_perc
0,"[0.0, 0.0, 0.0, 0.5995555555555555, 1.0492222222222223, 0.14988888888888888, 279.8425555555865, 0.14988888888888888, 0.7494444444444445, 1.349, 0.33725, 0.0, 0.33725, 0.6745, 101.00637500001123, 0.6745]",24.18246440972486,0.4684027777777777,70.33957920455275,0.0,279.8425555555865,16.0,3.0,4.0,1.0
1,"[0.0, 0.0, 0.0, 0.0, 0.0, 0.0, 1.68625, 0.6745, 0.0, 0.0, 0.6744999999991014, 0.6745000000008986]",0.3091458333333333,0.0,0.5050937254024962,0.0,1.68625,12.0,9.0,1.0,0.25
2,"[0.6745, 2.0235, 0.0, 5.396, 0.6745, 3.3725, 3.3725, 0.0, 0.6745, 0.0, 17.312166666629725, 0.6745, 0.6745, 0.2248333333313364, 0.22483333333433178, 3.3724999999910135]",2.4169583333304003,0.6745,4.152955285379433,0.0,17.312166666629725,16.0,3.0,3.0,0.75
3,"[4.207277227722769, 0.004452145214520962, 1.344547854785479, 0.004452145214520962, 4.047, 0.0, 1.349, 0.0, 0.22483333333183564, 3.372500000001498, 0.224833333334831, 1.1241666666651688]",1.3252552255225518,0.6744999999999999,1.564449591566355,0.0,4.207277227722769,12.0,3.0,2.0,0.5
