Cluster,Dist,mean,median,std,min,max,bag_count,day_count,Cluster_Rank,Cluster_perc
0,"[0.6745, 0.6745, 0.6745, 0.0, 2.7461785714236657, 0.807831395348785, 27.866261627910163, 0.5411686046512151, 0.5411686046512151, 0.6745, 0.6745, 0.6745, 0.6745]",2.863392984921927,0.6745,7.242533301336654,0.0,27.866261627910163,13.0,5.0,2.0,0.67
1,"[0.6745000000000051, 0.6744999999999948, 0.0, 0.0, 0.0, 0.6744999999999952, 0.6745000000000048, 0.0, 0.0, 0.0, 0.6744999999997572, 0.6745000000002428, 0.6745000000000049, 0.6744999999999951, 0.0, 0.0]",0.33725,0.3372499999998786,0.33725,0.0,0.6745000000002428,16.0,12.0,1.0,0.33
2,"[0.11327480916032209, 18.607961832054542, 0.11327480916032209, 0.8547099236639367, 0.49429007633606326, 0.42220610687010435, 568.5056717555275, 538.5908244272936, 0.4080308641974857, 347.1593209876067, 331.02961111106555, 15.904876543207616, 0.9076604938271029, 0.6745, 0.06661728395060085, 1504.526376543004, 15.213722222220076, 0.31643209876546496, 437.9753333332733, 0.6078827160493991, 0.0, 0.14156172839508227, 0.03330864197541136, 0.0, 0.012044642857220225, 22.258499999997433, 22.43916964285429, 0.06022321428578019, 0.6745, 0.8310803571427396]",127.6314322054914,0.6745,306.15581070368756,0.0,1504.526376543004,30.0,3.0,3.0,1.0
