Cluster,Dist,mean,median,std,min,max,bag_count,day_count,Cluster_Rank,Cluster_perc
0,"[1.1037272727271241, 0.6131818181813726, 1.3490000000016338, 1.471636363637255, 1.3490000000016338, 0.49054545454575155, 1.5942727272745096, 0.12263636363562097, 0.49054545454575155, 1.7169090909101308, 0.49054545454575155, 223.5660909092516, 0.0, 0.49054545454575155, 0.7358181818186275, 2.0848181818186275, 0.24527272727287577, 0.0, 220.3775454547042, 0.36790909091013063, 1.471636363637255, 0.0, 4.181899999993529, 0.40470000000215667, 0.6744999999964055, 0.4046999999985622, 1.483900000000719, 0.6745, 0.6745, 12.545699999984185, 1.3489999999970046, 0.22483333333433178, 0.0, 0.8993333333313364, 1.1241666666626728, 0.6745, 2.4731666666596777, 413.4684999991283, 0.4496666666656682, 0.6745, 422.012166665776, 0.4496666666656682, 0.0]",30.813384566561904,0.6745,97.28677517397327,0.0,422.012166665776,43.0,3.0,3.0,1.0
1,"[0.6745159832500008, 0.6744840167499991, 0.6745205498928581, 0.6744840167499991, 0.40470000000107836, 1.4838999999931706, 0.9442999999989217, 0.4046999999974839, 0.0, 0.6745, 7.419500000053916, 0.0, 0.6745, 2.6980000000179722, 0.8728823529409899, 0.4761176470590101, 0.4761176470590101, 139.66117647065883, 0.0, 0.6745000000012837, 0.6745, 0.6745, 0.6745, 0.0, 0.6745, 0.6745]",6.266746103247097,0.6745,26.71544753170698,0.0,139.66117647065883,26.0,8.0,2.0,0.67
2,"[0.0, 0.0, 1.0960624999994382, 0.6745, 0.0, 0.0, 0.0, 0.6744999999999997, 0.6745000000000003]",0.3466180555554932,0.0,0.40618920960165844,0.0,1.0960624999994382,9.0,6.0,1.0,0.33
