Cluster,Dist,mean,median,std,min,max,bag_count,day_count,Cluster_Rank,Cluster_perc
0,"[0.0, 0.6745000000011981, 0.6744999999988018, 0.0, 0.0, 0.6745, 0.0, 1.3490000000035944, 0.0, 0.0, 0.0, 0.6745000000000103, 0.6744999999999896, 0.0, 0.0]",0.3147666666669063,0.0,0.4170037116813845,0.0,1.3490000000035944,15.0,11.0,1.0,0.33
1,"[0.7971363636372548, 0.0, 0.6745, 5.395999999964055, 0.0, 0.6745, 151.0036875000174, 0.0, 0.6745, 0.0, 98.70183333334381, 0.6745]",21.54972143308021,0.6745,47.43684543617585,0.0,151.0036875000174,12.0,4.0,3.0,1.0
2,"[0.6745000000000098, 0.6744999999999903]",0.6745000000000001,0.6745000000000001,9.714610067464652e-15,0.6744999999999903,0.6745000000000098,2.0,1.0,2.0,0.67
