Cluster,Dist,mean,median,std,min,max,bag_count,day_count,Cluster_Rank,Cluster_perc
0,"[2.2932999999991015, 0.2698, 3.372499999999101, 0.5396, 0.8094, 0.2698, 0.6745, 0.0, 4.3733709677435995, 0.9919117647065353, 0.0, 0.6745, 0.6348235294120134, 2.6980000000010573]",1.257250447275815,0.6745,1.317403509708807,0.0,4.3733709677435995,14.0,3.0,2.0,0.5
1,"[0.0, 0.0, 0.0, 0.0, 0.0, 0.0, 0.0, 0.6745000000000007, 0.6744999999999993]",0.14988888888888888,0.0,0.2804164341532248,0.0,0.6745000000000007,9.0,8.0,1.0,0.25
2,"[0.9851250000001772, 0.20412499999994088, 1.002875000000059, 2.4406250000004137, 0.3638750000000591, 8.830625000001124, 0.008875000000059119, 0.647875000000059, 0.967375000000059, 1.1981250000001773, 0.5591249999999408, 0.6301249999999409, 0.20412499999994088, 1.4111250000001774, 0.20412499999994088, 0.7011249999999408, 1.0383750000000591, 0.008875000000059119, 0.2751249999999409, 0.008875000000059119, 1.0738750000000592, 0.008875000000059119, 2.0678750000002957, 0.13312499999994087, 0.3638750000000591, 0.3638750000000591, 0.9851250000001772, 0.4526249999999409, 0.008875000000059119, 8.848375000001004, 0.860875000000059, 0.2218750000000591, 1.0738750000000592, 4.020375000000532, 8.830625000001124, 9.150125000001124, 0.13312499999994087, 1.1448750000000592, 0.8253750000000591, 0.09762499999994088]",1.5588937500001685,0.6744999999999999,2.5647318520827107,0.008875000000059119,9.150125000001124,40.0,1.0,3.0,0.75
3,"[0.7025069204152077, 0.6464930795847731, 0.6464930795847923, 66.64731447963862, 280.6447541899367, 0.7134376163873402, 0.6355623836126264, 0.6355623836126599, 42.30765075772481, 0.22102784884865284, 0.22102784884865284, 1.1279721511513472, 0.6740888883360492, 0.6749111116639507, 0.681981113612711, 0.674088888336049]",24.865929546330932,0.6744999999999999,68.513727810866,0.22102784884865284,280.6447541899367,16.0,4.0,4.0,1.0
