Cluster,Dist,mean,median,std,min,max,bag_count,day_count,Cluster_Rank,Cluster_perc
0,"[1.3244727272727297, 0.2452727272727217, 1.2876818181818248, 0.40469999999999795, 0.944300000000002, 0.2452727272727217, 0.0, 0.6994814814814367, 0.6745, 1.8486296296296094, 3.097703703703696, 0.1748703703703488, 0.4246851851851744, 0.3786666666666618, 0.5680000000000124, 1.2306666666666806, 2.1299999999999875, 0.7809999999999876, 0.35499999999999793, 0.35499999999999793, 2.2483333333333073, 0.6060724637681225, 0.19550724637682526, 0.44966666666668836, 1.2316956521739244, 2.737101449275391, 0.7624782608695893, 1.700913043478292, 0.6647246376811604, 0.19550724637682526, 0.6842753623188396, 1.5836086956521838, 0.19550724637682526, 10.707687500001263, 0.168625, 0.6745, 0.0, 2.529375000000281]",1.1711969081066607,0.6745,1.7560974328663197,0.0,10.707687500001263,38.0,5.0,4.0,1.0
1,"[0.8533729281767882, 0.4956270718231993, 0.49562707182321175, 1.6732071823204435, 0.36133928571428287, 1.0840178571428485, 0.9394821428571514, 0.0, 0.6745, 2.0052702702703025, 0.20052702702703934, 0.20052702702700895, 0.5833513513513595, 0.8567972972973111, 0.7656486486486405]",0.7459530107653058,0.6745,0.5213993120945764,0.0,2.0052702702703025,15.0,3.0,3.0,0.75
2,"[0.6744999999999999, 0.6744999999999999, 0.6745, 0.6745, 0.6744999999999999, 0.6744999999999999, 0.6745, 0.6745]",0.6744999999999999,0.6744999999999999,7.850462293418876e-17,0.6744999999999999,0.6745,8.0,4.0,2.0,0.5
3,"[0.6744999999999862, 0.6745000000000138, 0.0, 0.0, 0.0, 0.0, 0.0, 0.6744999999999788, 0.6745000000000212, 0.6745000000001404, 0.6744999999998595]",0.36790909090909096,0.6744999999998595,0.3358535136702132,0.0,0.6745000000001404,11.0,8.0,1.0,0.25
