Cluster,Dist,mean,median,std,min,max,bag_count,day_count,Cluster_Rank,Cluster_perc
0,"[0.0, 0.6744999999999791, 0.6745000000000209, 0.0, 0.0, 0.0, 0.0, 0.0, 0.0]",0.14988888888888888,0.0,0.28041643415322487,0.0,0.6745000000000209,9.0,8.0,2.0,0.67
1,"[0.0, 0.7543749999999912, 0.6745]",0.4762916666666637,0.6745,0.3383640226229052,0.0,0.7543749999999912,3.0,1.0,3.0,1.0
2,[0.0],0.0,0.0,0.0,0.0,0.0,1.0,1.0,1.0,0.33
