Cluster,Dist,mean,median,std,min,max,bag_count,day_count,Cluster_Rank,Cluster_perc
0,"[1.2365833333332772, 0.11241666666664794, 0.11241666666672283, 4.89012499999971, 0.0, 0.0, 0.0, 1.8267708333335204, 0.6745, 0.11241666666666665, 16.21610416666835, 0.0]",2.0984444444445747,0.11241666666669474,4.466475312550213,0.0,16.21610416666835,12.0,3.0,3.0,1.0
1,"[0.0, 0.0, 0.6745000000044931, 0.6744999999955069, 0.0, 0.0, 0.0, 0.0, 0.0, 0.0, 0.0]",0.12263636363636364,0.0,0.26015101304199617,0.0,0.6745000000044931,11.0,10.0,1.0,0.33
2,"[0.6745, 0.6745, 0.6745, 0.6745, 1.9233789062500102, 0.6955781249999978, 0.0, 0.6745, 0.03688671874999616]",0.6698159722222227,0.6745,0.5186999020210827,0.0,1.9233789062500102,9.0,3.0,2.0,0.67
