Cluster,Dist,mean,median,std,min,max,bag_count,day_count,Cluster_Rank,Cluster_perc
0,"[0.6745, 0.0, 0.5620833333355798, 8.880916666668913, 0.6745, 0.6745000000014977, 1.9110833333325845, 9.609705170777955, 0.6745, 0.0, 0.7538529411760586, 0.6149852941173943, 0.5157941176466934, 1.3291617647062828, 0.7340147058826055, 0.5157941176469577]",1.7578369653307826,0.6745,2.865192801550684,0.0,9.609705170777955,16.0,3.0,2.0,0.67
1,"[0.0, 0.0, 0.0, 0.0]",0.0,0.0,0.0,0.0,0.0,4.0,4.0,1.0,0.33
2,"[0.8106376146789075, 0.5383623853210926, 0.10519724770630479, 5.773472477065109, 0.16707798165151003, 1.095288990825961, 0.24133486238545948, 0.10519724770646967, 673.2933256881888, 10.315518348625762]",69.24454128441553,0.6745000000000001,201.3747340801417,0.10519724770630479,673.2933256881888,10.0,1.0,3.0,1.0
