Cluster,Dist,mean,median,std,min,max,bag_count,day_count,Cluster_Rank,Cluster_perc
0,"[0.0, 0.0, 0.0, 0.0, 0.0, 0.0, 0.0, 0.0, 0.0, 0.0]",0.0,0.0,0.0,0.0,0.0,10.0,10.0,1.0,0.33
1,"[0.6745, 0.6745, 0.6745, 0.6745, 0.6745, 0.6745, 0.6745, 0.6745, 0.6745, 0.6745, 0.6745, 0.6745]",0.6745,0.6745,0.0,0.6745,0.6745,12.0,6.0,2.0,0.67
2,"[0.0355, 15.495750000001774, 0.6745, 0.0, 4.943375000000532]",4.229825000000462,0.6745,5.925442385173292,0.0,15.495750000001774,5.0,1.0,3.0,1.0
