Cluster,Dist,mean,median,std,min,max,bag_count,day_count,Cluster_Rank,Cluster_perc
0,"[0.0, 0.0, 0.0, 0.0, 0.0, 0.0, 0.0, 0.0]",0.0,0.0,0.0,0.0,0.0,8.0,8.0,1.0,0.33
1,"[1.3152750000000029, 0.03372499999999719, 0.03372499999999719, 6.40775000000014]",1.9476187500000344,0.6745,2.6276704491797496,0.03372499999999719,6.40775000000014,4.0,1.0,3.0,1.0
2,"[3.478553459119514, 0.0, 0.6745]",1.384351153039838,0.6745,1.5062093782278025,0.0,3.478553459119514,3.0,1.0,2.0,0.67
