Cluster,Dist,mean,median,std,min,max,bag_count,day_count,Cluster_Rank,Cluster_perc
0,"[0.0, 0.6745000000000936, 0.6744999999999064]",0.44966666666666666,0.6744999999999064,0.3179623492735509,0.0,0.6745000000000936,3.0,2.0,1.0,0.33
1,"[0.37097499999993816, 0.6745, 62.020274999996516, 0.0, 0.7756749999999831]",12.768284999999288,0.6745,24.627477525217273,0.0,62.020274999996516,5.0,1.0,3.0,1.0
2,"[40.339451612901144, 1.1531774193547977, 0.19582258064512972, 0.1958225806452022]",10.471068548386567,0.6744999999999999,17.24894751409663,0.19582258064512972,40.339451612901144,4.0,1.0,2.0,0.67
