Cluster,Dist,mean,median,std,min,max,bag_count,day_count,Cluster_Rank,Cluster_perc
0,"[0.2248333333333333, 0.33725, 0.0, 0.6745, 0.8993333333333332, 0.7869166666666667, 3.147666666666667, 0.33725, 2.248333333333333, 1.115519230769058, 96.42755769231857, 0.23348076923094205, 0.23348076923059644]",8.20508629191404,0.6745,25.482341367425015,0.0,96.42755769231857,13.0,2.0,5.0,1.0
1,"[0.6745, 1.0599285714285713, 0.1927142857142857, 0.7708571428571428, 0.0, 4.047, 0.6745, 0.0]",0.9274374999999999,0.6745,1.2329737971614023,0.0,4.047,8.0,2.0,3.0,0.6
2,"[0.6745, 0.6745, 0.4496666666666666, 0.8993333333333332, 0.4496666666666666, 0.8993333333333332, 0.6745, 0.6745]",0.6744999999999999,0.6745,0.1589811746367754,0.4496666666666666,0.8993333333333332,8.0,3.0,2.0,0.4
3,"[0.0, 0.0, 0.6744999999996256, 0.6745000000003744, 0.6745, 0.0, 1.124166666667166, 0.0, 0.0]",0.3497407407407962,0.0,0.4120051473303431,0.0,1.124166666667166,9.0,6.0,1.0,0.2
4,"[0.0, 0.0, 1.1241666666666665, 2.4731666666666663, 2.4731666666666663, 0.6745, 0.0, 0.4496666666666666, 3.3725, 0.6745, 0.5396, 0.5396, 0.5396, 0.2698, 2.9677999999999995, 0.2698, 0.8094, 1.0792, 1.349, 1.0792]",1.0342333333333333,0.6745,0.9803352121142599,0.0,3.3725,20.0,2.0,4.0,0.8
