Cluster,Dist,mean,median,std,min,max,bag_count,day_count,Cluster_Rank,Cluster_perc
0,"[1.1041178343949019, 0.7862006369426776, 0.9064936305732667, 16.226665605095594, 15.169805732484125, 0.16755095541399495, 0.5284299363057336, 0.07303503184712601, 0.5627993630573224, 0.07303503184712601, 0.8893089171974724, 0.22769745222930382, 25.823714285713617, 0.0, 24.28199999999936, 0.6745, 0.6194387755101657, 1.885846938775483, 0.22024489795919958]",4.748467632912973,0.6745,8.366840605391815,0.0,25.823714285713617,19.0,2.0,5.0,1.0
1,"[0.8993333333333332, 0.6745, 0.0, 2.1921249999990873, 1.7705624999995437, 0.08431249999996489, 0.0, 0.6745, 0.563623287671243, 2.115897260274026, 0.17555479452059347, 0.8962534246575139, 0.17555479452053194, 0.7853767123287569, 0.6745, 0.8156744186046925, 0.0, 0.6359571428571478, 0.8158238095237916, 0.28907142857143464, 0.28907142857143464, 0.918604761904731, 0.7130428571428522]",0.7025799762817687,0.6745,0.6006871920666782,0.0,2.1921249999990873,23.0,5.0,3.0,0.6
2,"[1.3864722222220904, 0.6745, 0.0, 2.2108611111109515, 0.3372499999999376, 4.646555555555195, 0.03747222222221529, 1.939187500000281, 0.33725, 0.6745, 0.0, 5.564625000000562, 0.33725, 0.0843125, 0.6745, 2.0235000000002805, 4.047000000000561, 2.276437500000281, 0.18736111111107645, 0.11241666666689548, 7.38202777777716, 4.084472222221966, 0.11241666666664586, 1.1616388888889235, 20.6441229508197, 1.0393934426229476, 0.30960655737701537, 0.30960655737705217]",2.235526301880062,0.6745,4.01160108192483,0.0,20.6441229508197,28.0,4.0,4.0,0.8
3,"[0.6745000000001604, 0.6744999999998396, 0.0, 0.0, 0.6745000000001069, 0.674499999999893, 0.0, 0.0, 0.6745, 1.324910714285717, 0.6744999999999477, 0.6745000000000522, 0.0]",0.46510851648351664,0.674499999999893,0.4045703355657911,0.0,1.324910714285717,13.0,8.0,1.0,0.2
4,"[0.6745, 0.6745, 0.6745, 0.6745, 0.6745000000000001, 0.6745000000000001, 0.6745, 0.6745, 0.6745, 0.6745, 0.6745, 0.6745]",0.6745000000000001,0.6745,1.013490324081353e-16,0.6745,0.6745000000000001,12.0,6.0,2.0,0.4
