Cluster,Dist,mean,median,std,min,max,bag_count,day_count,Cluster_Rank,Cluster_perc
0,"[2.0551171874982184, 0.03161718749990347, 0.17916406249907857, 0.6428828124995348, 0.03161718749990347, 0.15808593749951733, 0.7061171875004651, 1.3384609374996577, 0.32671093749937696, 1.2541484374991663, 1.2963046874982886, 0.7271953125000262, 1.8232578124996752, 1.1909140624982362, 0.36886718749962266, 0.6007265625004125, 0.9097906976742048, 0.6117558139535175, 0.015686046511307145, 1.0039069767437194, 0.25097674418592986, 0.7372441860464826, 0.25097674418592986, 1.9136976744179242, 0.5803837209300673, 0.7686162790699327, 0.7843023255812398, 0.01568604651214307]",0.7347932412786958,0.6745,0.569501339914044,0.015686046511307145,2.0551171874982184,28.0,2.0,4.0,0.67
1,"[0.6744999999995008, 0.6745000000004993, 0.0, 0.0, 0.0]",0.26980000000000004,0.0,0.33043616630145073,0.0,0.6745000000004993,5.0,4.0,1.0,0.17
2,"[0.6745808440832909, 0.6744191559167092, 0.6746520964956835, 0.6744191559167089, 0.5509999999999715, 0.7980000000000285, 0.9500000000009982, 0.5509999999999715]",0.6935089065516702,0.6745000000000001,0.12184330845131149,0.5509999999999715,0.9500000000009982,8.0,2.0,3.0,0.5
3,"[0.6745, 0.0, 2142.584958822254, 11.635124999923617, 0.0, 0.6745]",359.26151397036296,0.6745,797.5372069987247,0.0,2142.584958822254,6.0,2.0,6.0,1.0
4,"[0.6745, 0.6745, 0.6745, 0.6745]",0.6745,0.6745,0.0,0.6745,0.6745,4.0,2.0,2.0,0.33
5,"[2116.6275172411256, 2.2095689655171986, 0.1628103448280136, 0.5582068965515959, 0.9070862068955686, 0.0, 0.6745]",303.01995566498823,0.6745,740.402486111116,0.0,2116.6275172411256,7.0,1.0,5.0,0.83
