Cluster,Dist,mean,median,std,min,max,bag_count,day_count,Cluster_Rank,Cluster_perc
0,"[0.0, 0.0, 0.0]",0.0,0.0,0.0,0.0,0.0,3.0,3.0,1.0,0.33
1,"[18557.542589287757, 1.5658035714287317, 1.8548750000001606, 0.6745, 1.011749999999679, 0.0, 0.5781428571428572, 0.3372500000003209, 0.14453571428603523]",2062.6343829367356,0.6745,5831.8307532782865,0.0,18557.542589287757,9.0,1.0,3.0,1.0
2,"[9.168203703703378, 0.21983703703700447, 8.573644444444108, 8.98833703703674, 0.21983703703700447, 0.0, 8.813466666666294, 0.27479629629635544, 0.3047740740740622, 9.403029629629236, 0.6745]",4.240038720538562,0.6745,4.342291990851045,0.0,9.403029629629236,11.0,1.0,2.0,0.67
