Cluster,Dist,mean,median,std,min,max,bag_count,day_count,Cluster_Rank,Cluster_perc
0,"[9.173200000004403, 0.8262624999999382, 0.43842500000037066, 0.43842499999992135, 0.5227375000000617, 9.156337500004286, 0.6745, 0.0, 0.0013463073852383479, 52.779288423153176, 52.196337325348814, 52.14921656686575, 0.6368033932135774, 4.991299999994249, 0.0, 0.6745, 74.59969999990871, 0.6745]",14.440715528659918,0.6745,23.848084169800757,0.0,74.59969999990871,18.0,3.0,4.0,0.8
1,"[0.0, 0.0, 0.0, 0.0, 0.6745000000009459, 0.6744999999990541, 0.0, 0.0]",0.168625,0.0,0.2920670674263019,0.0,0.6745000000009459,8.0,7.0,1.0,0.2
2,"[1.132650943396169, 755.8854245282902, 0.2163490566038312, 0.2163490566038312, 1.2141000000061106, 0.6744999999982028, 0.6744999999982028, 0.6745000000017972]",95.08604669811228,0.6745,249.75891881033422,0.2163490566038312,755.8854245282902,8.0,2.0,5.0,1.0
3,"[0.0, 0.6745, 33.72500000068295, 0.0, 0.6745, 2.0235000000004493, 0.6745, 0.0, 19.992641634980906]",6.418293515073811,0.6745,11.410474343923811,0.0,33.72500000068295,9.0,3.0,3.0,0.6
4,"[0.6745, 0.6745, 0.6745, 0.6745]",0.6745,0.6745,0.0,0.6745,0.6745,4.0,2.0,2.0,0.4
