Cluster,Dist,mean,median,std,min,max,bag_count,day_count,Cluster_Rank,Cluster_perc
0,"[0.0, 0.0, 0.0]",0.0,0.0,0.0,0.0,0.0,3.0,3.0,1.0,0.33
1,"[0.0, 248.8905000000274, 0.6745]",83.18833333334247,0.6745,117.16944927778138,0.0,248.8905000000274,3.0,1.0,3.0,1.0
2,"[0.6745000000000725, 0.6744999999999276]",0.6745000000000001,0.6745000000000001,7.244207362542866e-14,0.6744999999999276,0.6745000000000725,2.0,1.0,2.0,0.67
