Cluster,Dist,mean,median,std,min,max,bag_count,day_count,Cluster_Rank,Cluster_perc
0,"[0.6745, 1.7986666666666664, 0.6745, 3.3725, 1.7986666666666664, 0.6745, 0.2248333333333333, 0.6745, 0.0, 0.6745, 0.6745, 2.1198571428571427, 0.0, 0.0, 1.349, 0.0, 0.0, 0.0, 0.7708571428571428, 0.0, 0.3854285714285714, 0.9635714285714285, 0.7708571428571428, 0.0, 1.1562857142857144, 0.5781428571428572, 2.5052857142857143, 0.9635714285714285, 0.9635714285714285, 0.4496666666666666, 0.8993333333333332, 0.6745, 0.6745, 0.0, 2.0234999999991015, 0.13489999999910138, 0.1349000000008986, 0.1349000000008986, 0.4047000000008986, 0.9443000000008985, 1.4838999999991014, 0.4047000000008986, 1.4838999999991014, 0.9442999999991013, 0.6745, 0.0, 0.8672142857142857, 0.0, 1.349, 0.0, 0.0, 2.698, 2.0235, 1.517625, 0.505875, 1.349, 2.0235, 1.01175, 0.33725, 0.0, 0.33725, 3.5411249999999996, 0.0, 0.6745, 1.7344285714285714, 0.0, 0.48178571428571426, 0.3854285714285714, 0.9635714285714285, 1.2526428571428572, 0.6745, 3.2376, 2.9677999999999995, 1.349, 1.349, 0.2698, 0.2698, 0.0, 0.2698, 0.2698, 0.0, 2.1584, 0.5396, 1.0792, 0.0, 0.2698, 1.0792, 0.8094, 3.5073999999999996, 0.7869166666659178, 0.1124166666674155, 0.11241666666591782, 0.5620833333325844, 2.3607500000007486, 0.5620833333340821, 1.236583333334082, 0.7869166666659178]",0.8753433848797252,0.6745,0.869042396921662,0.0,3.5411249999999996,97.0,11.0,2.0,0.67
1,"[0.0, 0.0, 0.0, 2.0235, 0.6745, 0.0, 0.6745000000004084, 0.6744999999995915, 0.6745000000044931, 0.6744999999955069, 0.0]",0.49054545454545456,0.6744999999955069,0.5817153495773377,0.0,2.0235,11.0,7.0,1.0,0.33
2,"[0.843125, 0.6745, 1.349, 0.168625, 75.03812500000785, 2.0235, 0.33725, 0.0, 0.168625, 1.349, 0.505875, 10.11749999992811, 0.6745, 2.0234999999820276, 0.6744999999910138, 0.6745, 0.6745]",5.723330882347589,0.6745,17.475132019243965,0.0,75.03812500000785,17.0,2.0,3.0,1.0
