Cluster,Dist,mean,median,std,min,max,bag_count,day_count,Cluster_Rank,Cluster_perc
0,"[1.8970312500002806, 1.7705624999994385, 0.505875, 1.0960625000005617, 0.0, 78.15768750000844, 0.168625, 0.6745, 0.29509374999971916, 0.0, 0.0, 14.462534883720153, 0.7764593023256178, 0.3137209302325095, 0.17254651162798473, 0.34509302325576047, 14.556651162790114, 0.6745, 14.501749999999268, 14.148813953487643, 0.3137209302325095, 0.0627441860465019, 14.807627906976121, 0.2980348837209885, 0.2588197674418726, 0.1411744186047338, 0.05490116279063692, 14.4311627906969, 0.02352906976738597, 0.0627441860465019, 14.635081395348136, 0.18823255813950573, 0.7607732558138878, 0.8470465116279847, 14.752726744185276, 14.666453488371388, 0.3058779069768535, 14.274302325580647, 0.0627441860465019, 0.3137209302325095, 0.4705813953487643, 14.53312209302252, 14.062540697673755, 0.21176162790710068, 14.556651162790114, 0.6666569767441349, 14.407633720929516, 0.43920930232551336, 0.3215639534883745, 0.2823488372092586, 14.752726744185276, 13.9056802325575, 14.423319767441246, 14.650767441859868, 14.227244186045874, 14.61155232558075, 0.8313604651162337, 0.2980348837208719, 19.476841085276597, 0.3607790697678112, 0.03660077519362997, 0.15163178294551613, 19.10037596899747, 0.4967248062014532, 19.309523255819208, 19.863763565896885, 1.0614224806202845, 0.24574806201536778, 0.17254651162782922, 19.81147674419138, 0.4653527131782622, 19.35135271318356, 19.874220930238042, 0.1202596899223251, 0.413065891472758, 19.14220542636182, 20.282058139540357, 0.5176395348837662, 19.518670542640947, 0.08888759689913409, 19.487298449617757, 0.036600775193908607]",7.351423514606428,0.6745,11.094376135878708,0.0,78.15768750000844,82.0,3.0,2.0,0.67
1,"[0.0, 0.0, 0.0, 0.0]",0.0,0.0,0.0,0.0,0.0,4.0,4.0,1.0,0.33
2,"[55.00240909094852, 0.0, 0.6745, 0.5825227272728758, 54.08263636367565]",22.06841363637941,0.6745,26.5176033709675,0.0,55.00240909094852,5.0,1.0,3.0,1.0
