Cluster,Dist,mean,median,std,min,max,bag_count,day_count,Cluster_Rank,Cluster_perc
0,"[0.0, 0.0, 0.0, 0.0, 0.6744999999999998, 0.6745000000000002, 0.6744999999999999, 0.6745000000000001, 0.0, 0.0]",0.2698,0.0,0.33043616630145073,0.0,0.6745000000000002,10.0,8.0,3.0,1.0
1,[0.0],0.0,0.0,0.0,0.0,0.0,1.0,1.0,1.5,0.5
2,[0.0],0.0,0.0,0.0,0.0,0.0,1.0,1.0,1.5,0.5
