Cluster,Dist,mean,median,std,min,max,bag_count,day_count,Cluster_Rank,Cluster_perc
0,"[0.6745, 0.6745, 9.516684873949634, 0.6745, 0.0, 9.80575630252106, 0.5441344537815122, 0.6663881539386654, 0.7848211064341551, 0.6663881539386654, 0.6826118460613347]",2.244571353693184,0.6745,3.502363149921027,0.0,9.80575630252106,11.0,3.0,2.0,0.67
1,"[0.0, 0.0, 0.6745000000000108, 0.6744999999999891, 0.0, 0.0, 0.6744999999999901, 0.6745000000000099, 0.0, 0.0, 1.5077058823529585, 0.6745, 0.0]",0.3754004524886891,0.0,0.4570723542460588,0.0,1.5077058823529585,13.0,9.0,1.0,0.33
2,"[0.6745, 0.0, 7.914133333333371, 0.6745, 5.530900000000157, 0.0, 0.6745, 0.0, 14.797364197530822]",3.362877503429372,0.6745,4.850781073926878,0.0,14.797364197530822,9.0,3.0,3.0,1.0
