Cluster,Dist,mean,median,std,min,max,bag_count,day_count,Cluster_Rank,Cluster_perc
0,"[0.5058750000003744, 2.6417916666662924, 10462.95641666782, 0.0, 0.6745, 0.7964840425532219, 1334.541303191447, 1335.007712765915, 0.8825904255319332, 0.31572340425527434, 0.5525159574467781, 0.3372499999999044, 0.31572340425527434]",1010.7329143481454,0.6745,2770.117457491667,0.0,10462.95641666782,13.0,2.0,4.0,0.8
1,"[7849.472671875865, 0.6112656250001405, 0.6112656250001405, 0.7377343749998596, 1.3441952841459834, 0.00027368634611419246, 5.658343567548064, 5.657340050945643, 0.0048047158540165955, 0.00027368634611500274, 0.6743550755777102, 2.1580260949904924, 0.6746449244222898, 0.6743550755777102, 2056.7274180327886, 0.32066393442626817, 1.028336065573732, 0.32066393442626817]",551.4820350905462,0.6745000000000001,1831.363175854267,0.00027368634611419246,7849.472671875865,18.0,4.0,3.0,0.6
2,"[0.6745000000000001, 0.6745000000000001, 0.6745, 0.6745, 0.6745, 0.6745, 0.6745, 0.6745, 0.6745, 0.6745]",0.6745000000000001,0.6745,9.930136612989092e-17,0.6745,0.6745000000000001,10.0,5.0,2.0,0.4
3,"[0.0, 0.6745, 0.0, 1.0424090909087937, 0.0, 0.0, 0.0, 0.0]",0.2146136363635992,0.0,0.3829319227198942,0.0,1.0424090909087937,8.0,6.0,1.0,0.2
4,"[0.0, 0.6745, 1037.4701900826444, 2852.997034091223, 0.0, 0.6744999999999999, 13947.08616666304, 0.0, 0.6745, 0.6745000000000001, 0.0, 0.7462553191486189]",1486.7498038463382,0.6745,3842.8727496281945,0.0,13947.08616666304,12.0,4.0,5.0,1.0
