Cluster,Dist,mean,median,std,min,max,bag_count,day_count,Cluster_Rank,Cluster_perc
0,"[0.6744999999985023, 0.6745000000014977, 0.0, 0.0]",0.33725,0.33724999999925115,0.33725,0.0,0.6745000000014977,4.0,3.0,1.0,0.33
1,"[0.0, 1.517625, 1.517625, 0.843125, 0.505875, 0.168625, 1.180375, 0.0, 0.33725, 89.53987500001011, 7.419500000001123, 2.192125, 0.0, 0.0, 0.0, 0.6745, 0.0, 0.6745, 0.505875, 0.0, 0.6745, 0.0, 1.517625, 101.34362500001123, 0.505875, 1.349, 0.6745, 0.505875, 100.16325000001123, 0.6745, 5.0587500000011225, 0.505875, 1.349, 0.168625, 0.843125, 1.349, 1.01175, 0.33725, 0.505875]",8.34909935897525,0.6745,25.674367516901373,0.0,101.34362500001123,39.0,1.0,3.0,1.0
2,"[0.6745, 0.6745]",0.6745,0.6745,0.0,0.6745,0.6745,2.0,1.0,2.0,0.67
