Cluster,Dist,mean,median,std,min,max,bag_count,day_count,Cluster_Rank,Cluster_perc
0,"[0.6745, 0.6745, 0.6745000000039939, 0.3747222222235535, 0.6745, 2.3232777777804405, 0.0]",0.770857142858284,0.6745,0.6759429639603488,0.0,2.3232777777804405,7.0,2.0,2.0,0.67
1,[0.0],0.0,0.0,0.0,0.0,0.0,1.0,1.0,1.0,0.33
2,"[2.3832333333316718, 0.17087333333316718, 0.17087333333316718, 1.1781266666668329]",0.9757766666662098,0.6745,0.9107165507256624,0.17087333333316718,2.3832333333316718,4.0,1.0,3.0,1.0
