Cluster,Dist,mean,median,std,min,max,bag_count,day_count,Cluster_Rank,Cluster_perc
0,"[1.5022954545454996, 0.6745, 0.0, 0.0, 0.0, 0.0, 0.0, 0.0, 0.6744999999999547, 0.6745000000000453, 0.0]",0.32052685950413634,0.0,0.4759326001220838,0.0,1.5022954545454996,11.0,8.0,1.0,0.33
1,"[0.0, 5.153180000000141, 0.6745]",1.9425600000000471,0.6745,2.2868899041858066,0.0,5.153180000000141,3.0,1.0,3.0,1.0
2,"[0.6745, 0.0, 1.03327659574463]",0.56925886524821,0.6745,0.4283471358304976,0.0,1.03327659574463,3.0,1.0,2.0,0.67
