Cluster,Dist,mean,median,std,min,max,bag_count,day_count,Cluster_Rank,Cluster_perc
0,"[1.7536999999999998, 0.0, 2.7654500000004494, 0.6745, 0.3372500000004493, 0.6745, 0.0, 8.864857142848706]",1.8837821428562005,0.6745,2.78261177502736,0.0,8.864857142848706,8.0,2.0,5.0,0.83
1,"[0.7263846153846154, 0.31130769230769234, 0.6355865384616248, 0.24645192307700947, 0.01297115384606744, 6.693115384616076, 1.0247211538462402, 6.628259615385393, 0.10376923076923077, 6.070500000000691, 0.8560961538463265, 0.8820384615384615, 0.15565384615384617, 0.10376923076923077, 6.693115384616076, 0.05188461538461538, 6.654201923077701, 6.53746153846223, 0.6745, 0.6615288461539326, 0.0, 6.809855769231548, 0.6745, 1.1025480769231633, 1.7121923076924805, 0.6615288461539326, 1.1803750000000863, 0.11674038461547102, 0.6355865384616248, 1.8548750000002592, 0.01297115384624025, 6644.267640622965, 6629.97667187297, 0.0, 0.29509374999987714, 0.5901875000000351, 0.7588124999999649, 2.381828124999149, 0.0]",342.01935191680906,0.6745,1463.584432418513,0.0,6644.267640622965,39.0,2.0,6.0,1.0
2,"[0.0, 0.0, 0.0]",0.0,0.0,0.0,0.0,0.0,3.0,3.0,1.0,0.17
3,"[0.43644117647049496, 1.0315882352950505, 2.4996176470600675, 0.5554705882355118, 0.6745, 1.904470588236569, 0.5157941176475253, 0.5157941176475253, 1.071264705883037, 0.0, 0.0, 1.3093235294120136, 0.43644117647102354, 2.3805882352950505, 21.30626470589308, 1.2559655172410908, 0.09303448275859931, 0.6745, 1.4420344827585994, 11.140879310343353, 0.27910344827579797, 0.11629310344840409, 0.8605689655171986, 0.37213793103439724, 0.0, 0.6745, 0.16281034482770373, 0.7210172413792997, 1.1629310344824917, 0.16281034482770373]",1.7918715010147197,0.6745,4.124593731268679,0.0,21.30626470589308,30.0,2.0,4.0,0.67
4,"[0.4705813953489733, 0.9254767441862166, 0.4705813953487643, 0.8784186046510267, 0.6745, 0.6745]",0.6823430232558302,0.6745,0.17671476075308248,0.4705813953487643,0.9254767441862166,6.0,2.0,2.0,0.33
5,"[0.6745, 0.0, 0.11902941176439495, 0.27773529411727393, 1.58705882352879, 4.126352941175382, 3.7692647058816693]",1.5077058823525016,0.6745,1.6207104561269057,0.0,4.126352941175382,7.0,1.0,3.0,0.5
