Cluster,Dist,mean,median,std,min,max,bag_count,day_count,Cluster_Rank,Cluster_perc
0,"[3811.7600952364987, 3388.7094126969946, 0.6423809523808981, 0.06423809523791864, 0.06423809523820391, 1.6701904761895932, 0.4282539682540271, 0.7066190476191019, 0.542564835164807, 0.0, 0.6745, 6.752412087911781, 141.6034923076851]",565.6629536768596,0.6745,1297.1358623702486,0.0,3811.7600952364987,13.0,2.0,3.0,1.0
1,"[0.0, 0.0, 0.0, 1.0618366336633558, 0.6745, 0.0, 0.5329217821782168, 1.6274816831683059, 0.0]",0.4329711221122088,0.0,0.560552664619672,0.0,1.6274816831683059,9.0,5.0,1.0,0.33
2,"[0.6745, 0.6745, 0.43842499999985396, 7.470087499998074, 0.4384250000000786, 0.9105749999999213, 55.439361807388124, 0.6745, 0.0, 0.23185937499976308, 0.3161718750002896, 2.9298593749986397, 1.7916406249993944, 0.3161718750002896, 0.6112656249998859, 2.4239843749988506, 1.9181093749990612, 0.23185937500032472, 0.6955781249998507, 2.887703124998938, 2.128890624999254, 0.4426406249999561, 0.6534218750001491, 2.719078124999008, 2.044578124999289, 0.40048437500025447, 0.4426406249999561]",3.3298634002733047,0.6745,10.328790139502066,0.0,55.439361807388124,27.0,4.0,2.0,0.67
