Cluster,Dist,mean,median,std,min,max,bag_count,day_count,Cluster_Rank,Cluster_perc
0,"[0.0, 0.0, 0.0, 0.0, 0.6744999999999998, 0.6745000000000003]",0.22483333333333336,0.0,0.3179623492735509,0.0,0.6745000000000003,6.0,5.0,1.0,0.33
1,"[0.6745, 0.6745, 0.6745, 0.6745]",0.6745,0.6745,0.0,0.6745,0.6745,4.0,2.0,2.0,0.67
2,"[0.6745134421459604, 0.6744865578540395, 0.6811807465423091, 0.6744865578540393]",0.6761668260990871,0.6745,0.002894809124020411,0.6744865578540393,0.6811807465423091,4.0,1.0,3.0,1.0
