Cluster,Dist,mean,median,std,min,max,bag_count,day_count,Cluster_Rank,Cluster_perc
0,"[0.6745000000001873, 0.6744999999998128, 0.0, 0.6745000000000099, 0.6744999999999901]",0.5396000000000001,0.6744999999999901,0.2698,0.0,0.6745000000001873,5.0,3.0,1.0,0.33
1,"[0.6745, 0.6745]",0.6745,0.6745,0.0,0.6745,0.6745,2.0,1.0,2.0,0.67
2,"[0.47680172413792865, 0.47680172413792865, 1.0350086206896822, 0.8721982758620713]",0.7152025862069027,0.6745,0.2452516505206248,0.47680172413792865,1.0350086206896822,4.0,1.0,3.0,1.0
