Cluster,Dist,mean,median,std,min,max,bag_count,day_count,Cluster_Rank,Cluster_perc
0,"[0.0, 1.3627653061223555, 0.6745, 0.0]",0.5093163265305889,0.33725,0.5644614795732973,0.0,1.3627653061223555,4.0,2.0,2.0,0.67
1,"[0.6744999999999198, 0.6745000000000803]",0.6745000000000001,0.6745000000000001,8.021363273717607e-14,0.6744999999999198,0.6745000000000803,2.0,1.0,3.0,1.0
2,[0.0],0.0,0.0,0.0,0.0,0.0,1.0,1.0,1.0,0.33
