Cluster,Dist,mean,median,std,min,max,bag_count,day_count,Cluster_Rank,Cluster_perc
0,"[0.0, 0.0, 0.0, 0.6745000000000001, 0.6745, 0.6745000000000001, 0.6745, 0.6745000000000004, 0.6744999999999995]",0.44966666666666666,0.6745,0.3179623492735509,0.0,0.6745000000000004,9.0,6.0,2.0,0.67
1,"[0.6744999999999993, 0.6745000000000007]",0.6745,0.6745,6.661338147750939e-16,0.6744999999999993,0.6745000000000007,2.0,1.0,3.0,1.0
2,[0.0],0.0,0.0,0.0,0.0,0.0,1.0,1.0,1.0,0.33
