Cluster,Dist,mean,median,std,min,max,bag_count,day_count,Cluster_Rank,Cluster_perc
0,"[0.6745, 0.6745, 0.5058750000011233, 0.5058749999988768, 0.8431249999988767, 142.99400000001796]",24.366312500002806,0.6745,53.05203971293226,0.5058749999988768,142.99400000001796,6.0,2.0,3.0,0.75
1,"[0.0, 0.0, 0.0, 0.6744999999999716, 0.6745000000000284, 0.0, 0.0, 0.0, 0.674499999999281, 0.6745000000007189, 0.6745000000000106, 0.6744999999999893]",0.33725,0.3372499999996405,0.33725,0.0,0.6745000000007189,12.0,9.0,1.0,0.25
2,"[0.0, 21.511886112725115, 0.6752838466008082, 0.6745, 0.018028471818713247, 0.07681696687972292, 0.6772434631028442]",3.3762512658753145,0.6745,7.409873518860544,0.0,21.511886112725115,7.0,1.0,2.0,0.5
3,"[0.6745, 0.0, 13001.08385714429, 0.6745, 2.922833333341321, 0.0]",2167.5592817462716,0.6745,4844.899577116237,0.0,13001.08385714429,6.0,2.0,4.0,1.0
