Cluster,Dist,mean,median,std,min,max,bag_count,day_count,Cluster_Rank,Cluster_perc
0,"[0.6745, 0.6745, 92.52962301587124, 1.2014902998236205, 0.1475097001763478, 0.14750970017637946, 0.28478888888908416, 0.7944111111112354, 0.5545888888887646, 0.28478888888908416, 55.56381111117578, 66.8654333334107]",18.310246244867685,0.6745,31.75475144221942,0.1475097001763478,92.52962301587124,12.0,3.0,2.0,0.67
1,"[0.0, 0.0, 0.0, 0.0]",0.0,0.0,0.0,0.0,0.0,4.0,4.0,1.0,0.33
2,"[0.0, 0.0, 0.6744999999640554, 0.6745000000359446, 1284.2480000258083, 4.047000000071889]",214.94066667098002,0.6745,478.21077510270806,0.0,1284.2480000258083,6.0,1.0,3.0,1.0
