Cluster,Dist,mean,median,std,min,max,bag_count,day_count,Cluster_Rank,Cluster_perc
0,"[0.0, 0.0, 0.0, 0.0, 0.0]",0.0,0.0,0.0,0.0,0.0,5.0,5.0,1.0,0.33
1,"[0.0, 0.6745, 11.743526785714291]",4.139342261904764,0.6745,5.384016732676342,0.0,11.743526785714291,3.0,1.0,3.0,1.0
2,"[0.8991433440369558, 0.7118898935271252, 0.33601506957354527, 1.0806971156554561, 0.8211717368035605, 0.33601506957354516, 0.5021417103261789, 0.6371101064728748, 0.5652941524421161, 0.9265777984338912]",0.6816055996845249,0.6745,0.23949635693389268,0.33601506957354516,1.0806971156554561,10.0,1.0,2.0,0.67
