Cluster,Dist,mean,median,std,min,max,bag_count,day_count,Cluster_Rank,Cluster_perc
0,"[0.6745000000000001, 0.6745000000000001, 1.6355132743362324, 0.2626371681417055, 0.3820176991149767, 0.9669823008850232, 0.2626371681415464, 1.0147345132742362]",0.7341902654867152,0.6745000000000001,0.436055671949867,0.2626371681415464,1.6355132743362324,8.0,2.0,2.0,0.67
1,"[0.0, 0.0, 0.0, 0.6745000000002139, 0.674499999999786, 0.0, 0.0, 0.0, 0.0]",0.14988888888888888,0.0,0.2804164341532248,0.0,0.6745000000002139,9.0,8.0,1.0,0.33
2,"[0.6745, 0.0, 10.348250000000215, 0.0, 0.6745, 4.2397142857149275]",2.656160714285857,0.6745,3.733635791609084,0.0,10.348250000000215,6.0,2.0,3.0,1.0
