Cluster,Dist,mean,median,std,min,max,bag_count,day_count,Cluster_Rank,Cluster_perc
0,"[0.6745000000011981, 0.6744999999988018, 0.0, 0.0, 0.6745000000005446, 0.6744999999994554, 0.0, 0.6744999999996847, 0.6745000000003153, 0.0, 0.0, 0.0, 0.0, 0.0]",0.28907142857142853,0.0,0.3337909342014879,0.0,0.6745000000011981,14.0,11.0,1.0,0.33
1,"[0.6745, 0.6745, 0.6745, 0.6745]",0.6745,0.6745,0.0,0.6745,0.6745,4.0,2.0,2.0,0.67
2,"[0.24089285714287548, 0.3661571428572015, 0.9057571428570989, 1.0888357142855711, 0.4528785714284211, 0.6745, 0.0, 1.5995285714283953, 1.3971785714283698]",0.7473031746031036,0.6745,0.510179727069542,0.0,1.5995285714283953,9.0,1.0,3.0,1.0
