Cluster,Dist,mean,median,std,min,max,bag_count,day_count,Cluster_Rank,Cluster_perc
0,"[0.0, 0.0, 0.0, 0.0, 0.0, 0.0, 0.0, 0.0, 0.0]",0.0,0.0,0.0,0.0,0.0,9.0,9.0,1.0,0.33
1,"[0.6745, 0.6745]",0.6745,0.6745,0.0,0.6745,0.6745,2.0,1.0,2.0,0.67
2,"[0.6745, 8.064459854015125, 8.153080291971325, 0.6006496350365327, 0.0]",3.498537956204596,0.6745,3.771607669506499,0.0,8.153080291971325,5.0,1.0,3.0,1.0
