Cluster,Dist,mean,median,std,min,max,bag_count,day_count,Cluster_Rank,Cluster_perc
0,"[0.0, 0.0, 0.6744999999998128, 0.6745000000001873]",0.33725000000000005,0.3372499999999064,0.33725,0.0,0.6745000000001873,4.0,3.0,1.0,0.33
1,"[0.6744999999999999, 0.6744999999999999]",0.6744999999999999,0.6744999999999999,0.0,0.6744999999999999,0.6744999999999999,2.0,1.0,2.0,0.67
2,"[1.7031124999999276, 1.163512499999995, 0.3878375000000077, 0.28666250000002036, 0.15176250000000913, 0.9611624999999924, 16.845637499999803, 0.15176250000000913, 2.2089874999999206, 0.1854875000000049, 0.15176250000000913, 2.3438874999999317, 63.487312499999035, 0.28666250000002036]",6.45111071428562,0.6745000000000001,16.36142813827031,0.15176250000000913,63.487312499999035,14.0,1.0,3.0,1.0
