Cluster,Dist,mean,median,std,min,max,bag_count,day_count,Cluster_Rank,Cluster_perc
0,"[25.18582999999572, 0.6745, 0.0, 0.3500569620250573, 31.240449367084288, 0.9989430379744877, 0.3500569620255123, 14.043241573029917, 0.0, 0.6745, 13.421792134827802, 0.4319831460673046]",7.28094609858584,0.6745,10.621684624836366,0.0,31.240449367084288,12.0,3.0,2.0,0.67
1,"[18.133297101456545, 0.29326086956517206, 0.263934782608707, 18.17239855073192, 0.6745, 0.15640579710175503, 18.04531884058715, 0.6745, 17.458797101456284, 0.4887681159420403, 17.527224637688384, 0.0586521739131907, 0.7820289855074729, 17.048231884064993, 0.6745, 0.05865217391293023, 17.624978260876688, 0.27371014492761553, 17.145985507246674, 0.22483333333350697, 0.05865217391316805, 18.53408695652203, 5.396, 18.81757246376845, 0.42034057971003924, 0.6549492753621905, 18.133297101449543, 0.0, 0.42034057971003924, 18.03554347826128, 0.16618115942033893, 0.5278695652172102, 17.28284057971056, 0.3910144927535854, 0.4105652173911345, 17.654304347826336, 0.3714637681157759, 0.02932608695671426, 18.543862318840937, 0.30303623188396356, 0.7624782608696219, 17.673855072464143, 18.407007246377052, 18.328804347826335, 0.3714637681157759, 0.30303623188396356, 0.3910144927535854, 17.13621014492777, 0.3714637681157759, 0.7527028985507171, 17.527224637681357, 0.8015797101449804, 17.585876811594524, 0.2639347826088655, 17.7031811594206, 0.6745, 17.478347826087354, 0.10752898550717088, 0.508318840579661, 17.683630434783048, 0.24438405797105603, 0.15640579710143415, 18.221275362319165, 0.048876811594002825, 0.2932608695650588, 17.83026086956558, 5.894543478260756, 0.23460869565215126, 17.292615942029204, 0.3714637681157759, 19.14015942029022]",7.415369565218184,0.6745,8.48317743401836,0.0,19.14015942029022,71.0,2.0,3.0,1.0
2,"[0.0, 0.0]",0.0,0.0,0.0,0.0,0.0,2.0,2.0,1.0,0.33
