Cluster,Dist,mean,median,std,min,max,bag_count,day_count,Cluster_Rank,Cluster_perc
0,"[0.0, 0.0, 0.0, 0.6745000000002643, 0.6744999999997356, 0.6744999999997356, 6753.054323530156]",965.011117647165,0.6744999999997356,2362.958764561367,0.0,6753.054323530156,7.0,2.0,4.0,1.0
1,"[1.68625, 1.8548749999999998, 0.0, 0.6745, 0.0, 1.8885999999999998, 0.0, 1.349, 0.0, 2.698, 0.6745, 0.0, 3.3725, 0.33725, 0.33725, 0.6745, 0.0, 4.047, 1.349, 0.0, 0.6745, 2.698]",1.1052602272727272,0.6745,1.186531574941393,0.0,4.047,22.0,5.0,2.0,0.5
2,"[2.922833333333333, 0.2248333333333333, 0.6745, 6.969833333334831, 0.2248333333333333, 1.1241666666666665, 0.0, 2.248333333333333, 135.7993333333483, 3.597333333333333, 0.6745, 0.6745, 0.0]",11.933461538462804,0.6745,35.80718494809281,0.0,135.7993333333483,13.0,1.0,3.0,0.75
3,"[0.0, 0.6745000000014977, 0.6744999999985023, 0.0, 0.0, 0.0, 0.6745000000004993, 0.6744999999995008, 0.0, 0.6744999999999924, 0.6745000000000075, 0.0, 0.0, 0.6744999999985023, 0.6745000000014977, 0.6744999999996543, 0.6745000000003456]",0.39676470588235296,0.6744999999985023,0.3319571693513141,0.0,0.6745000000014977,17.0,12.0,1.0,0.25
