Cluster,Dist,mean,median,std,min,max,bag_count,day_count,Cluster_Rank,Cluster_perc
0,"[0.5396, 0.8094, 0.5396, 2.4282, 0.6745, 0.0, 0.701479999999813, 0.0, 0.6745]",0.7074755555555348,0.6745,0.6692366841760199,0.0,2.4282,9.0,2.0,3.0,0.38
1,"[0.5000603448275087, 0.5000603448275087, 0.8489396551724913, 1.0582672413795426, 2.8963823529431045, 1.5870588235305623, 0.0, 0.3967647058825084, 0.6745]",0.9402259409514695,0.6745,0.8099852079936921,0.0,2.8963823529431045,9.0,2.0,6.0,0.75
2,"[0.3211904761908022, 2.1198571428560427, 0.25695238095229944, 1.0278095238091978, 0.25695238095229944, 2.5052857142844918, 0.6624553571426194, 1.0719732142855396, 0.5660982142854994, 0.8069910714282992, 1.65011607142858, 0.08431250000022064, 0.0843124999998997, 0.37338392857125946, 1.9150982142858202, 0.08431250000022064, 0.6865446428573806, 1.3369553571427797]",0.8783667328040695,0.6745,0.7281652624747975,0.0843124999998997,2.5052857142844918,18.0,2.0,5.0,0.62
3,"[0.0, 0.6745, 1.1241666666666665, 0.0, 0.6744999999998716, 0.6745000000001283, 0.0, 0.0]",0.39345833333333335,0.3372499999999358,0.41685215662883535,0.0,1.1241666666666665,8.0,5.0,1.0,0.12
4,"[0.6745, 0.6745, 0.6745, 0.6745]",0.6745,0.6745,0.0,0.6745,0.6745,4.0,2.0,2.0,0.25
5,"[1.0264130434780654, 0.6158478260867611, 0.0, 1.1143913043482168, 1.1437173913041525, 1378.0035000001517, 0.2346086956521739, 0.7331521739132388, 0.0, 0.14663043478280405]",138.30182608697172,0.6745,413.2341094133354,0.0,1378.0035000001517,10.0,1.0,8.0,1.0
6,"[1.4895208333335204, 0.168625, 0.8431250000003745, 0.5620833333333333, 0.7869166666666667, 0.30914583333314616, 0.11241666666666665, 0.7588124999998128, 0.5620833333333333, 1.5738333333333334, 0.6745, 0.19672916666685386, 0.6745, 3.653541666667041, 0.39345833333333335, 1.2927916666666666, 0.8150208333335206, 0.7588124999998128, 0.11241666666666665, 0.2248333333333333]",0.7981583333333707,0.6745,0.7763772862462422,0.11241666666666665,3.653541666667041,20.0,1.0,4.0,0.5
7,"[0.6745, 0.0, 15.513500000002248, 7.419500000010784, 0.6745, 0.0]",4.047000000002172,0.6745,5.749758096362609,0.0,15.513500000002248,6.0,2.0,7.0,0.88
