Cluster,Dist,mean,median,std,min,max,bag_count,day_count,Cluster_Rank,Cluster_perc
0,"[0.6885296000000056, 0.6633482666666607, 0.6482394666666575, 0.6633482666666607, 0.7137109333333314, 0.7230640000000018, 0.6482394666666768, 0.6856517333333393, 2.315949261992576, 0.6745, 0.0]",0.7658709995750826,0.6745,0.5277151244456074,0.0,2.315949261992576,11.0,2.0,3.0,0.75
1,"[0.0, 0.6744999999999912, 0.6745000000000088]",0.44966666666666666,0.6744999999999912,0.3179623492735509,0.0,0.6745000000000088,3.0,2.0,1.0,0.25
2,"[1.198542488619095, 0.023540971168453908, 0.003070561456799916, 3.706167678300282, 3.734826251896663, 0.003070561456745372, 3.8658368740514235, 0.06038770864950745, 1.2128717754172582, 3.8371783004550415, 0.029682094081944655, 0.15045751138090502]",1.4854693980778435,0.6745,1.678518848214297,0.003070561456745372,3.8658368740514235,12.0,1.0,4.0,1.0
3,"[0.6825471800433782, 0.6664528199566218, 0.6664528199566218, 0.7308302603037063]",0.6865707700650819,0.6745,0.026384444214245965,0.6664528199566218,0.7308302603037063,4.0,1.0,2.0,0.5
