Cluster,Dist,mean,median,std,min,max,bag_count,day_count,Cluster_Rank,Cluster_perc
0,"[0.0, 0.7387380952380952, 0.6745, 1.8637499999997915, 1.1182499999999223, 0.23075000000007778, 0.23074999999984128, 0.6745, 0.8920806451614353, 0.0, 0.6745, 5.299642857143499, 0.0]",0.9536508921186664,0.6745,1.3530675960030545,0.0,5.299642857143499,13.0,4.0,3.0,1.0
1,"[0.0, 1.3490000000004991, 0.6745, 0.0, 0.0, 0.0, 0.0, 0.0, 0.0, 0.6744999999998876, 0.6745000000001123, 0.6745000000008986, 0.6744999999991014, 0.0]",0.33725000000003563,0.0,0.4227652485212272,0.0,1.3490000000004991,14.0,10.0,1.0,0.33
2,"[0.6745, 0.6745, 0.6745, 0.6745, 0.6745, 0.6745]",0.6745,0.6745,0.0,0.6745,0.6745,6.0,3.0,2.0,0.67
