Cluster,Dist,mean,median,std,min,max,bag_count,day_count,Cluster_Rank,Cluster_perc
0,"[0.0, 0.0, 0.6745000000000082, 0.6744999999999918, 0.0, 0.0]",0.22483333333333333,0.0,0.3179623492735508,0.0,0.6745000000000082,6.0,5.0,1.0,0.33
1,"[0.0, 4948.979942857374, 0.6745]",1649.8848142857914,0.6745,2332.8125534443216,0.0,4948.979942857374,3.0,1.0,3.0,1.0
2,"[0.6745, 0.6745]",0.6745,0.6745,0.0,0.6745,0.6745,2.0,1.0,2.0,0.67
