Cluster,Dist,mean,median,std,min,max,bag_count,day_count,Cluster_Rank,Cluster_perc
0,"[3.574850000005212, 0.40469999999964057, 0.13490000000107832, 2.0909500000041334, 0.13489999999748387, 0.9443000000003594, 2.0848181818168947, 0.3474696969689378, 0.0, 0.5927424242419622, 1.6555909090888297, 0.5109848484839242, 0.6745, 1.3898787878779297, 1.3081212121198917]",1.0565804040404183,0.6745,0.9457483657327432,0.0,3.574850000005212,15.0,2.0,3.0,0.6
1,"[0.6745000000013314, 0.6744999999986687, 0.0, 0.0, 0.0, 0.0, 0.0]",0.19271428571428575,0.0,0.304708040254796,0.0,0.6745000000013314,7.0,6.0,1.0,0.2
2,"[10578.629450411476, 0.03902066115712545, 0.03902066115653133, 1.3099793388428744, 0.020439393937875618, 1.2059242424239782, 0.7562575757558594, 0.02043939394005408, 0.5927424242441406, 4.680621212115534]",1058.729389531505,0.6745,3173.3002986197102,0.020439393937875618,10578.629450411476,10.0,2.0,5.0,1.0
3,"[0.6745, 0.6745, 0.0, 0.0]",0.33725,0.33725,0.33725,0.0,0.6745,4.0,2.0,2.0,0.4
4,"[0.6258247422675217, 0.01390721649531143, 0.013907216494570303, 1.3907216494844519, 0.8483402061865756, 0.7231752577324783, 5.403371452630073, 0.0, 0.6745, 0.6744999999999999, 0.0, 243.34461111110213]",21.142738237699426,0.6744999999999999,67.0112492619763,0.0,243.34461111110213,12.0,3.0,4.0,0.8
