Cluster,Dist,mean,median,std,min,max,bag_count,day_count,Cluster_Rank,Cluster_perc
0,"[0.0, 0.0, 2.0235, 2.0235, 0.6745, 4.7215, 0.6745, 0.6745, 0.6745, 3.3725, 0.0, 0.0, 0.6745, 4.047, 0.6745, 0.6745, 0.6745, 0.6745, 0.0, 0.6745, 0.0, 0.843125, 1.180375, 0.6745, 0.6745, 0.505875, 0.168625, 0.843125, 0.6745, 0.6745, 0.0, 1.01175, 1.01175, 0.6745, 0.33725, 0.0, 0.0, 0.2698, 0.6745, 0.9443, 79.86080000000898, 0.6745, 0.0, 0.0, 1.349, 4.047, 0.6745, 0.6745, 0.0, 0.0, 0.0]",2.3799269607844895,0.6745,11.008179900593124,0.0,79.86080000000898,51.0,10.0,2.0,0.67
1,"[0.843125, 1.180375, 1.349, 0.843125, 0.6745, 0.505875, 0.168625, 0.505875, 0.168625, 0.168625, 1.517625, 0.843125, 0.843125, 0.168625, 0.6745, 0.505875, 0.505875, 0.0, 0.168625, 1.180375, 0.6745, 0.843125, 1.180375, 0.6745, 0.505875, 0.6745, 0.843125, 0.843125, 0.6745, 0.6745, 0.6745, 0.6745, 0.505875, 0.33725, 0.843125, 1.180375, 1.01175, 0.6745, 1.180375, 0.6745, 0.0, 100.66912500001123, 101.51225000001124, 0.505875, 0.168625, 0.168625, 0.168625, 259.6825000000287, 0.1349, 0.2698, 0.8094, 1.2141, 0.9443, 0.0, 0.1349, 2.1584, 79.18630000000898, 0.5396, 0.5396, 1.0792, 0.9443, 0.6745, 0.6745, 0.4047, 0.1349, 1.8886, 0.8094, 0.0, 7759.9876000008535, 7751.623800000854, 0.2698, 0.9443, 0.1349, 0.1349, 13562.171500001494, 0.1349, 0.9443, 0.1349, 1.4838999999999998, 251.72340000002785, 0.9443, 0.5396, 0.8094, 0.2698, 0.6745, 0.1349, 0.4047, 251.58850000002786, 0.6745, 2.698, 16.457800000001797, 2.1584, 83.09840000000898, 0.4047, 0.8094, 0.4047, 0.0, 0.2698, 0.6745, 0.0, 6887.994000000758, 0.9443, 0.8094, 0.1349, 260.08720000002876, 0.4047, 0.9443, 1.4838999999999998, 79.05140000000898, 0.9443, 0.4047, 0.4047, 81.20980000000898, 0.1349, 0.8094, 0.1349, 0.4047, 0.4047, 0.9443, 0.2698, 254.28650000002784, 0.1349, 0.0, 0.9443]",305.2384475806787,0.6745,1657.1012789947429,0.0,13562.171500001494,124.0,2.0,3.0,1.0
2,"[0.0, 0.0, 0.0, 2.0235, 0.6745, 0.0, 0.0, 0.6745, 2.0235]",0.5995555555555554,0.0,0.8071763694249384,0.0,2.0235,9.0,5.0,1.0,0.33
