Cluster,Dist,mean,median,std,min,max,bag_count,day_count,Cluster_Rank,Cluster_perc
0,"[0.5620833333328341, 0.22483333333433178, 0.3372500000014977, 207.63358333289253, 0.6745, 0.22483333333433178, 0.6745, 0.2248333333313364, 202.91208333290447, 0.6745, 216.5144999995417, 267.21441666610104, 204.2610833329015, 0.5620833333298387, 1.2365833333328342, 266.42749999943686, 0.37097499999977535, 63.133200000007186, 68.39430000000718, 0.6745, 0.5396, 62.15517500000697, 0.5733250000002247, 0.1349, 62.89712500000651, 62.96457500000697, 79.45610000000899, 0.1349, 0.0, 26.55209139785831, 0.07977956989282846, 0.4569193548385663, 0.07977956989244195, 0.6454892473118218, 26.537586021514123, 0.42790860215058124, 26.50857526882614, 26.55209139785831, 0.7035107526881783, 1.3381033925686652, 0.007990845449644303, 0.005085083467953706, 0.0108966074313349, 1.7267490576198357, 0.005085083467953706, 188.63916208939247, 1475.2655282714145, 0.0, 0.33724999999775346, 0.8431250000011232, 0.0, 0.6745, 16.8625, 9.443]",66.21278793106411,0.6745,207.29683547843132,0.0,1475.2655282714145,54.0,5.0,2.0,0.67
1,"[0.0, 659.9982500044706, 0.6745, 0.6745, 1.1803749999988766, 1.0117500000022466, 0.0, 0.33724999999775346]",82.98457812555868,0.6745,218.0910385930649,0.0,659.9982500044706,8.0,2.0,3.0,1.0
2,"[0.0, 0.6745000000000095, 0.6744999999999904]",0.44966666666666666,0.6744999999999904,0.3179623492735509,0.0,0.6745000000000095,3.0,2.0,1.0,0.33
