Cluster,Dist,mean,median,std,min,max,bag_count,day_count,Cluster_Rank,Cluster_perc
0,"[10.183159292035397, 0.6745, 0.0, 0.6745, 0.9419741379310328, 0.0, 3.1174006410256436, 0.0, 0.6745]",1.807337118999119,0.6745,3.0960347183446064,0.0,10.183159292035397,9.0,3.0,3.0,1.0
1,"[0.6744999999999968, 0.6745000000000031, 0.6745, 0.0, 1.4380849056603782, 0.0, 0.0, 0.6745000000000001, 0.0, 1.5565384615385347, 0.0, 0.0, 0.0, 1.2386272727272742, 0.0, 0.6745]",0.4753594149953867,0.3372499999999984,0.5410859320665176,0.0,1.5565384615385347,16.0,9.0,1.0,0.33
2,"[1.1669920634920647, 0.1820079365079351, 1.188404761904761, 0.1820079365079351, 0.6745, 0.6745, 0.6745, 0.6745, 0.6745, 0.6745]",0.6766412698412696,0.6745,0.3149122975926907,0.1820079365079351,1.188404761904761,10.0,4.0,2.0,0.67
