Cluster,Dist,mean,median,std,min,max,bag_count,day_count,Cluster_Rank,Cluster_perc
0,"[0.0, 0.0, 0.0, 0.0, 0.0, 0.0, 0.0, 0.0, 0.0, 0.0, 0.0, 0.0, 1.9826212121214846, 0.6745, 0.0, 0.0]",0.16607007575759278,0.0,0.4965171698793471,0.0,1.9826212121214846,16.0,14.0,1.0,0.25
1,"[0.6745, 0.6745, 0.6745, 0.6745, 0.6745, 0.6745]",0.6745,0.6745,0.0,0.6745,0.6745,6.0,3.0,2.0,0.5
2,"[0.6745, 0.0, 6.35957142857207, 0.0, 0.6745, 0.7277499999999907]",1.4060535714286768,0.6745,2.2368783845367393,0.0,6.35957142857207,6.0,2.0,3.0,0.75
3,"[0.2950937499995963, 6.112656249997736, 0.295093750000158, 1.053906249999842]",1.9391874999993328,0.6745,2.4293853552075904,0.2950937499995963,6.112656249997736,4.0,1.0,4.0,1.0
