Cluster,Dist,mean,median,std,min,max,bag_count,day_count,Cluster_Rank,Cluster_perc
0,"[0.6745, 0.6745, 0.8156744186046608, 0.6745, 0.0]",0.5678348837209322,0.6745,0.2891343048876175,0.0,0.8156744186046608,5.0,2.0,2.0,0.5
1,"[0.0, 79.04296875000051, 0.16862500000005265, 0.9695937499999692, 0.33725000000003513, 0.6323437500000044, 1.4333124999999913, 1.138218750000022, 0.33724999999996486, 4.595031250000012, 0.6745, 0.6745, 1.349, 2.6980000000005617, 0.3372500000002808, 0.6745, 0.0, 0.6745, 1.349, 52245.08375000575, 0.0, 644.484750000071, 1.1373921568627285, 0.3438627450980383, 0.26450980392153406, 0.449666666666652, 0.05290196078430681, 1.348999999999956, 0.899333333333348, 13.463549019607584, 0.05290196078430681, 0.9522352941176108, 49.33107843137152, 0.05290196078430681]",1560.4412846202695,0.6745,8823.737745586732,0.0,52245.08375000575,34.0,3.0,4.0,1.0
2,"[0.0, 0.0, 0.6745, 0.0, 1.3490000000002809, 0.0]",0.33725000000004685,0.0,0.515157884374711,0.0,1.3490000000002809,6.0,4.0,1.0,0.25
3,"[0.0, 0.5480312499998858, 1.0539062499998508, 0.9274374999998771, 0.6745, 0.6745, 7.335187499999315]",1.601937499999847,0.6745,2.3610726023198225,0.0,7.335187499999315,7.0,1.0,3.0,0.75
