Cluster,Dist,mean,median,std,min,max,bag_count,day_count,Cluster_Rank,Cluster_perc
0,"[0.26980000000002247, 0.0, 161.87999999999758, 1.0791999999999775, 0.0, 1.0791999999999775, 0.0, 0.0, 0.19271428571430865, 0.38542857142857717, 0.5781428571428456, 0.0, 0.7708571428571543, 0.19271428571430865, 0.7708571428571543, 1.7344285714286174, 0.9635714285714629, 0.7708571428571543, 1.9271428571429259, 2.312571428571463, 0.38542857142857717, 0.19271428571430865, 0.0, 0.7708571428571543, 1.7344285714286174, 1.7344285714286174, 1.5417142857143087, 0.5781428571428456]",6.494471428571356,0.6745,29.911413215864712,0.0,161.87999999999758,28.0,2.0,2.0,0.67
1,"[0.8431250000000526, 0.0, 0.0, 0.8431250000000526, 0.16862499999998243, 0.16862499999998243, 0.0, 0.6745, 0.16862500000005265, 2.0235, 100.66912500000059, 100.66912500000059, 0.5058750000000175, 0.5058750000000175, 0.6745, 0.6745, 100.66912500000059, 100.66912500000059, 0.33724999999996486, 101.1750000000006, 0.0, 100.66912500000059, 0.0]",26.61342391304364,0.6745,44.047911959588596,0.0,101.1750000000006,23.0,1.0,3.0,1.0
2,"[0.6745, 0.6745]",0.6745,0.6745,0.0,0.6745,0.6745,2.0,1.0,1.0,0.33
