Cluster,Dist,mean,median,std,min,max,bag_count,day_count,Cluster_Rank,Cluster_perc
0,"[0.0, 1.180375, 0.505875, 0.6745, 437.2446250000483, 0.0, 0.0, 0.0, 708.5622500000786, 0.0, 0.33725, 0.6745, 403.35100000004496, 0.6745, 0.0, 2.698, 1.3340111111110136, 0.014988888888986515, 0.014988888888786822, 62.24885555555323]",80.97578597223071,0.5901875,190.8770418595641,0.0,708.5622500000786,20.0,4.0,3.0,0.75
1,"[0.6745, 0.6745, 0.6745, 0.6745, 0.6745, 0.6745, 0.6745, 0.6745, 0.6745, 0.0, 4.167805970149308, 0.0, 0.0, 0.6745, 0.6745]",0.7724870646766206,0.6745,0.9460097032068152,0.0,4.167805970149308,15.0,7.0,2.0,0.5
2,"[81.47960000000899, 81.07490000000898, 6739.738900000742, 6657.4499000007345, 6150.091000000678, 1.0792, 0.5396, 2.0235, 0.0, 0.6745, 80.940000000009, 0.1349, 0.1349, 0.6745, 0.5396, 79.32120000000899, 0.5396, 0.4047, 0.1349, 0.1349, 81.07490000000898, 0.4047, 0.0, 4832.7925000005325, 4752.661900000524, 80.80510000000898, 0.1349, 81.07490000000898, 0.6745, 0.1349, 0.0, 0.4047, 0.4047, 80.940000000009, 0.4047, 0.4047, 80.53530000000899, 2.0235, 1.2141, 1.2141, 0.1349, 0.1349, 0.2698, 80.40040000000899, 1.0792, 1.0792, 0.4047, 0.6745, 0.0, 0.4047, 0.6745, 0.0, 80.40040000000899, 0.5396, 0.9443, 0.0, 0.8094, 1.0792, 0.5396, 81.61450000000899]",502.09330333338863,0.6745,1625.1437701911332,0.0,6739.738900000742,60.0,2.0,4.0,1.0
3,"[0.0, 0.0, 0.0, 0.0, 0.0, 0.6744999999995008, 0.6745000000004993]",0.19271428571428575,0.0,0.30470804025479603,0.0,0.6745000000004993,7.0,6.0,1.0,0.25
