Cluster,Dist,mean,median,std,min,max,bag_count,day_count,Cluster_Rank,Cluster_perc
0,"[0.0, 0.0]",0.0,0.0,0.0,0.0,0.0,2.0,2.0,1.0,0.33
1,"[0.16862499999971917, 0.16862499999971917, 1.011749999998315, 0.6744999999988767, 1.011749999998315, 0.0, 1.517624999998596, 1.0117499999994384, 1.6862499999971918, 0.0, 1.3489999999977533, 0.5058749999991575, 1.011749999998315, 0.6745, 16688.647624974048, 0.16862499999971917, 0.16862499999971917, 1.517624999998596, 0.0]",879.0154999986335,0.6745,3726.3660685413074,0.0,16688.647624974048,19.0,1.0,3.0,1.0
2,"[0.6745, 0.6745]",0.6745,0.6745,0.0,0.6745,0.6745,2.0,1.0,2.0,0.67
