Cluster,Dist,mean,median,std,min,max,bag_count,day_count,Cluster_Rank,Cluster_perc
0,"[0.6745000000008986, 0.6744999999991014, 0.0, 0.0, 0.6744999999998716, 0.6745000000001283, 0.6744999999995008, 0.6745000000004993, 0.0, 0.0, 0.0, 0.0]",0.33725000000000005,0.3372499999995507,0.33725,0.0,0.6745000000008986,12.0,9.0,1.0,0.25
1,"[0.953603448276017, 0.0, 0.6745, 0.0, 0.8672142857142857, 0.6745]",0.5283029556650505,0.6745,0.3865868975457479,0.0,0.953603448276017,6.0,2.0,2.0,0.5
2,"[0.0249814814814784, 0.0249814814814784, 1.3240185185185216, 2.023499999999917]",0.8493703703703488,0.6745,0.8606836428039935,0.0249814814814784,2.023499999999917,4.0,1.0,4.0,1.0
3,"[0.9402121212122574, 0.0, 0.6745, 0.08175757575757575, 1.5942727272728634]",0.6581484848485394,0.6745,0.5867779430844555,0.0,1.5942727272728634,5.0,1.0,3.0,0.75
