Cluster,Dist,mean,median,std,min,max,bag_count,day_count,Cluster_Rank,Cluster_perc
0,"[0.0, 0.0, 0.0, 0.0, 0.0]",0.0,0.0,0.0,0.0,0.0,5.0,5.0,1.0,0.33
1,"[0.6745000000000001, 0.6745000000000001, 0.6745, 0.6745, 0.6745, 0.6745, 0.6744999999999999, 0.6745]",0.6745,0.6745,6.798699777552591e-17,0.6744999999999999,0.6745000000000001,8.0,4.0,2.0,0.67
2,"[0.6745, 0.0, 239.8522000000265]",80.1755666666755,0.6745,112.90876600768594,0.0,239.8522000000265,3.0,1.0,3.0,1.0
