Cluster,Dist,mean,median,std,min,max,bag_count,day_count,Cluster_Rank,Cluster_perc
0,"[0.2459941176470439, 0.29360588235320983, 29.16220588233528, 29.14633529409989, 0.13490000000016916, 0.13489999999974628, 29.082852941158762, 0.15077058823471204, 8.990688235289097, 0.9284294117645269, 1.309323529411317, 0.4205705882354732, 29.14633529409989, 0.38882941176427305, 0.039632483370287956, 0.009721175166300807, 0.006730044345882166, 0.005234478935712696, 0.005234478935712696, 0.6812300443459021, 0.6887078713968691, 0.6737522172948953, 0.6752477827051047, 0.6692655210642674, 2.4175814855875255, 2.4011302660753424, 2.4175814855875255, 0.3806213968957814, 2.3921568736141263, 1.1777577605321288, 0.3402411308204087, 2.3996347006651337, 0.6745, 0.0, 16.75008333332888, 0.5246111111111665, 0.47777083333334375, 0.27167361111107297, 16.8906041666621, 16.909340277773328, 16.75008333332888]",5.272338269277587,0.6745,9.246976772934914,0.0,29.16220588233528,41.0,3.0,2.0,0.67
1,"[0.0, 189.24542857162922, 0.6745, 19.468522727271043, 5.007651515150912, 0.0, 0.14307575757559254, 0.6745]",26.901709821453345,0.6745,61.67378558468952,0.0,189.24542857162922,8.0,2.0,3.0,1.0
2,"[0.0, 0.674499999999999, 0.674500000000001, 0.0, 0.0]",0.2698,0.0,0.33043616630145073,0.0,0.674500000000001,5.0,4.0,1.0,0.33
