Cluster,Dist,mean,median,std,min,max,bag_count,day_count,Cluster_Rank,Cluster_perc
0,"[0.0, 0.0, 0.0, 0.0, 0.0, 0.0, 0.0, 0.0, 0.0, 0.0]",0.0,0.0,0.0,0.0,0.0,10.0,10.0,1.0,0.33
1,"[253.8047142857295, 0.0, 0.6745, 41.26079310344345, 0.0, 0.6745]",49.402417898195495,0.6745,92.62523286210788,0.0,253.8047142857295,6.0,2.0,3.0,1.0
2,"[0.6745, 0.6745]",0.6745,0.6745,0.0,0.6745,0.6745,2.0,1.0,2.0,0.67
