Cluster,Dist,mean,median,std,min,max,bag_count,day_count,Cluster_Rank,Cluster_perc
0,"[0.6745, 0.3653541666667291, 0.515243055555618, 0.0, 15.897590277779589, 16.899972222224093, 16.4222013888907, 49.264950980365356, 0.8596568627449771, 0.4893431372550229, 0.17193137254864302, 0.17193137254899543, 0.9390098039208673]",7.897821895423122,0.6745,13.663418562182446,0.0,49.264950980365356,13.0,2.0,5.0,1.0
1,"[0.0, 0.0, 0.6745000000000002, 0.6744999999999999, 0.6745000000001069, 0.674499999999893, 0.0, 0.0, 0.0, 0.0, 0.0, 0.6745, 1.1691333333344516, 0.0]",0.3244023809524608,0.0,0.3935468146382668,0.0,1.1691333333344516,14.0,10.0,1.0,0.2
2,"[0.6745, 0.6745, 0.6745, 0.6745, 0.6745, 0.6745]",0.6745,0.6745,0.0,0.6745,0.6745,6.0,3.0,2.0,0.4
3,"[0.7012800423504495, 0.6862832186341943, 0.6627167813658057, 0.6627167813658057, 0.7223079670329692, 0.6667173076923111, 0.6822826923076889, 0.6667173076923111]",0.681377762305192,0.6745,0.020070460533816035,0.6627167813658057,0.7223079670329692,8.0,2.0,3.0,0.6
4,"[0.4669615384615597, 0.4669615384615597, 37.13900769230797, 0.8820384615384402, 0.6733606418918895, 0.6946286599099052, 0.6756393581081105, 0.6733606418918895]",5.208994816571416,0.6745,12.069055477784376,0.4669615384615597,37.13900769230797,8.0,2.0,4.0,0.8
