Cluster,Dist,mean,median,std,min,max,bag_count,day_count,Cluster_Rank,Cluster_perc
0,"[0.6745, 0.6745, 0.8864857142855456, 0.0, 0.6745, 0.6745, 0.6745]",0.6084265306122207,0.6745,0.25893415311966544,0.0,0.8864857142855456,7.0,3.0,2.0,0.5
1,"[0.0, 0.0, 0.0, 0.6745000000000049, 0.6744999999999952, 0.0, 0.0, 0.0, 0.0]",0.1498888888888889,0.0,0.28041643415322487,0.0,0.6745000000000049,9.0,8.0,1.0,0.25
2,"[0.7766969696969698, 36.99530303030712, 0.18395454545468162, 0.18395454545468162, 0.5723030303030303, 1074.7237727273914, 0.6745, 451.98244999999963, 0.0, 9.369929166666637, 0.40470000000003, 0.21023376623374804, 1.068688311688336, 0.28031168831166403, 0.21023376623374804, 31.535064935065705, 31.254753246754042, 0.012236668499176451, 0.0, 0.6745, 25.474148158328664, 25.359939252336364]",76.90671244585116,0.6745,236.8275549845525,0.0,1074.7237727273914,22.0,4.0,4.0,1.0
3,"[0.6611925028184932, 0.6862866403607679, 0.0019010710259324342, 0.0, 0.7018754227733955, 0.696552423900792, 0.001520856820743921, 0.007604284103719606, 0.6745000000000001, 102.50232779030492, 102.5297032130783, 102.47191065389003, 0.01596899661781624]",23.91933414274576,0.6745000000000001,43.04215453295988,0.0,102.5297032130783,13.0,1.0,3.0,0.75
