Cluster,Dist,mean,median,std,min,max,bag_count,day_count,Cluster_Rank,Cluster_perc
0,"[0.0, 0.0]",0.0,0.0,0.0,0.0,0.0,2.0,2.0,1.0,0.33
1,"[0.6744999999999999, 0.6744999999999999]",0.6744999999999999,0.6744999999999999,0.0,0.6744999999999999,0.6744999999999999,2.0,1.0,2.0,0.67
2,"[0.530989361702032, 1.5068617021279462, 0.18656382978732963, 5.12332978723452, 0.8180106382979679, 0.18656382978713842]",1.3920531914894891,0.6745,1.727858549489664,0.18656382978713842,5.12332978723452,6.0,1.0,3.0,1.0
