Cluster,Dist,mean,median,std,min,max,bag_count,day_count,Cluster_Rank,Cluster_perc
0,"[0.6745000000044931, 0.6744999999955069, 0.0, 0.0, 0.0, 0.0, 0.0, 0.0, 0.6745000000008986, 0.6744999999991014, 0.0, 0.0, 0.0, 0.6744999999993581, 0.6745000000006418, 0.6745000000005615, 0.6744999999994383, 0.6745000000044931, 0.6744999999955069]",0.355,0.6744999999955069,0.3367825708079324,0.0,0.6745000000044931,19.0,14.0,1.0,0.25
1,"[0.6745, 0.6745, 0.6745, 0.6745]",0.6745,0.6745,0.0,0.6745,0.6745,4.0,2.0,2.0,0.5
2,"[0.6745, 2.3607500000022466, 0.33725, 0.6745, 605.0265000000674, 0.6745, 0.0, 1.01175, 1.349, 1.01175, 0.33725, 0.6745, 580.4072500000651, 0.33725, 1.68625, 2.0235, 0.33725, 0.0, 2.0235, 0.33725, 0.6745]",57.23614285714928,0.6745,173.7756436332064,0.0,605.0265000000674,21.0,1.0,4.0,1.0
3,"[1.0792000000003594, 0.26979999999964055, 2.6979999999964055, 0.26979999999964055]",1.0791999999990114,0.6745,0.9913084989030315,0.26979999999964055,2.6979999999964055,4.0,1.0,3.0,0.75
