Cluster,Dist,mean,median,std,min,max,bag_count,day_count,Cluster_Rank,Cluster_perc
0,"[0.6745, 0.6745, 0.6745, 0.6745]",0.6745,0.6745,0.0,0.6745,0.6745,4.0,2.0,2.0,0.4
1,"[111.01145833328368, 0.6745000000000001, 0.0, 0.0, 0.6745, 1345.627500000148]",242.99799305557198,0.6745000000000001,494.7641988469888,0.0,1345.627500000148,6.0,2.0,4.0,0.8
2,"[0.4046999999991014, 0.4047000000008986, 0.9442999999991013, 3.912100000000899, 0.6745, 0.6744999999970046, 1.1241666666626728, 0.6745]",1.1016833333324598,0.6745,1.0864359845900151,0.4046999999991014,3.912100000000899,8.0,2.0,3.0,0.6
3,"[0.0, 0.6744999999955069, 0.6745000000044931, 0.6744999999995915, 0.6745000000004084, 0.0, 0.6744999999955069, 0.6745000000044931, 0.6744999999991014, 0.6745000000008986]",0.5396,0.6744999999993464,0.2698,0.0,0.6745000000044931,10.0,6.0,1.0,0.2
4,"[0.6745, 0.6745, 0.843125, 0.0, 11184.727625001231]",2237.383950000246,0.6745,4473.671846875504,0.0,11184.727625001231,5.0,1.0,5.0,1.0
