Cluster,Dist,mean,median,std,min,max,bag_count,day_count,Cluster_Rank,Cluster_perc
0,"[0.0, 0.0, 0.0, 0.0, 0.67450000000003, 0.67449999999997, 0.0]",0.1927142857142857,0.0,0.304708040254796,0.0,0.67450000000003,7.0,6.0,1.0,0.33
1,"[0.6745, 0.6745]",0.6745,0.6745,0.0,0.6745,0.6745,2.0,1.0,2.0,0.67
2,"[0.6035000000000063, 34.55925000000075, 0.6745, 0.0, 35.23375000000081]",14.214200000000313,0.6745,16.890000911338426,0.0,35.23375000000081,5.0,1.0,3.0,1.0
