Cluster,Dist,mean,median,std,min,max,bag_count,day_count,Cluster_Rank,Cluster_perc
0,"[0.0, 0.0, 0.0, 0.0, 0.0, 0.0, 0.0, 0.6744999999996405, 0.6745000000003595, 0.0]",0.1349,0.0,0.26979999999999993,0.0,0.6745000000003595,10.0,9.0,2.0,0.67
1,"[0.3912099999999856, 13.179729999997656, 0.9577900000000144, 0.3912099999999856]",3.72998499999941,0.6745,5.460713842627533,0.3912099999999856,13.179729999997656,4.0,1.0,3.0,1.0
2,[0.0],0.0,0.0,0.0,0.0,0.0,1.0,1.0,1.0,0.33
