Cluster,Dist,mean,median,std,min,max,bag_count,day_count,Cluster_Rank,Cluster_perc
0,"[0.0, 0.0, 0.0, 0.0, 0.0, 0.6744999999999903, 0.6745000000000096, 0.0, 0.0]",0.14988888888888888,0.0,0.28041643415322487,0.0,0.6745000000000096,9.0,8.0,1.0,0.33
1,"[0.0, 5.764579234972637, 0.6745]",2.146359744990879,0.6745,2.5732433193362407,0.0,5.764579234972637,3.0,1.0,3.0,1.0
2,"[0.6745, 0.6745]",0.6745,0.6745,0.0,0.6745,0.6745,2.0,1.0,2.0,0.67
