Cluster,Dist,mean,median,std,min,max,bag_count,day_count,Cluster_Rank,Cluster_perc
0,"[0.3042857142856838, 17.75000000000018, 0.3651428571428206, 0.30428571428575135, 0.8519999999999822, 17.831142857143032, 0.49700000000001776, 18.105000000000214, 11.786365979381122, 0.0, 0.6745, 0.22251546391754154, 11.675108247422328, 11.577757731958423, 0.3129123711340239, 0.0, 0.6745, 97.57766666667753, 0.6745, 1.9672916666666667, 0.7253551587301582, 0.6603523242630401, 0.6618818027210898, 4.4389288548752885, 0.660352324263035, 0.6871181972789101]",7.730229382005648,0.6745,18.980246993079,0.0,97.57766666667753,26.0,4.0,5.0,1.0
1,"[1.234677966101708, 0.0, 0.04572881355931687, 0.8688474576270967, 0.6745, 0.6139679487179539, 0.8215064102563977, 0.6139679487179539, 0.7350320512820461]",0.6231365106958303,0.6745,0.3667777321094555,0.0,1.234677966101708,9.0,2.0,2.0,0.4
2,"[0.7191303222094363, 0.6686786536248568, 0.6803213463751432, 0.6686786536248568, 0.0, 0.15628658536584097, 13.93418292682967, 0.6745, 14.50997560975651]",3.556861566420702,0.6745,5.707627370409226,0.0,14.50997560975651,9.0,2.0,4.0,0.8
3,"[0.0, 0.0, 0.6745000000000562, 0.6744999999999438, 0.0, 0.6745000000001953, 0.6744999999998047, 0.0, 0.6744999999998202, 0.6745000000001797]",0.40469999999999995,0.6744999999998125,0.33043616630145073,0.0,0.6745000000001953,10.0,7.0,1.0,0.2
4,"[0.6745, 0.6745, 0.6745, 0.6745]",0.6745,0.6745,0.0,0.6745,0.6745,4.0,2.0,3.0,0.6
