Cluster,Dist,mean,median,std,min,max,bag_count,day_count,Cluster_Rank,Cluster_perc
0,"[20.726298209718767, 0.6745, 0.0, 0.6745, 0.6745]",4.549959641943753,0.6745,8.092386848286562,0.0,20.726298209718767,5.0,2.0,2.0,0.67
1,"[0.25084710743803984, 21.121326446282243, 0.6522024793388442, 0.1059132231404529, 20.887202479340033, 0.39578099173547826, 0.1282107438016087, 21.199367768596215, 0.9197727272727138, 0.1951033057850761, 20.753417355373095, 0.26199586776869205, 0.819433884297587, 21.054433884298774, 0.1505082644627645, 0.2842933884298478, 20.7645661157036, 0.10591322314060143, 0.6967975206611557, 0.21740082644623188, 21.11017768595159, 0.20625206611572824, 21.243962809918525, 1.0424090909091448]",7.273637052342003,0.6745,9.721624139281385,0.1059132231404529,21.243962809918525,24.0,1.0,3.0,1.0
2,[0.0],0.0,0.0,0.0,0.0,0.0,1.0,1.0,1.0,0.33
