Cluster,Dist,mean,median,std,min,max,bag_count,day_count,Cluster_Rank,Cluster_perc
0,"[0.5564625000000196, 0.5564625000000196, 0.7925374999999804, 1.5344874999998566, 0.14008004326662568, 3.922241211465675, 0.002918334234721166, 0.002918334234721166, 1.2519653866955165, 1.2147566252028166, 0.00510708491075718, 1.2089199567333744]",0.932404748062007,0.6745,1.0439390682540133,0.002918334234721166,3.922241211465675,12.0,2.0,3.0,0.75
1,"[0.6745, 0.6745, 0.6745, 0.6745, 1.0264130434782524, 0.32258695652135694, 0.3225869565217476, 1.11439130434679, 0.6745, 0.6745, 0.0, 0.0]",0.5694148550723456,0.6745,0.33446706090149103,0.0,1.11439130434679,12.0,5.0,2.0,0.5
2,"[9.842924778761555, 0.6745, 0.0, 27.96782917082871, 0.0, 0.6745, 7.014800000011143, 0.6745, 0.0, 1.1531774193547357, 0.19582258064526414, 3.5030483870961664, 0.19582258064526414]",3.9920711474879105,0.6745,7.525119723260882,0.0,27.96782917082871,13.0,4.0,4.0,1.0
3,"[0.0, 0.0, 0.0, 0.0, 0.6745000000000062, 0.6744999999999938, 0.0]",0.1927142857142857,0.0,0.304708040254796,0.0,0.6745000000000062,7.0,6.0,1.0,0.25
