Cluster,Dist,mean,median,std,min,max,bag_count,day_count,Cluster_Rank,Cluster_perc
0,"[0.43442372881356445, 0.40012711864416073, 21.744050847452545, 0.18291525423722615, 0.5373135593217757, 0.7087966101694038, 22.1213135593169, 21.28676271185948, 0.6745, 21.046686440673046, 20.154974576266415, 20.38361864406295, 7.225152542371348, 0.10288983050821127, 0.32010169491514584, 0.0, 0.022864406779805578, 0.8231186440675178, 0.2972372881353402, 6.722135593218976, 0.3086694915255476, 0.08002542372901492, 0.3543983050848542, 21.023822033893545, 21.4468135593169, 0.0, 11.918349514562015, 11.852864077668913, 11.682601941746528, 11.787378640775634, 11.970737864076742, 0.026194174757276468, 0.05893689320391568, 0.08513106796119216, 0.17681067961157257, 0.14406796116510784, 0.3601699029126823, 1.1132524271843371, 15.362883495144308, 0.3798155339805961, 0.07203398058246668, 0.5042378640776157, 0.6745, 0.41255825242723526, 0.07858252427182942, 0.07203398058246668, 15.506951456309414, 0.14406796116510784, 11.545082524270782, 11.833218446600998, 11.708796116503803, 0.7137912621358274, 11.695699029125253, 0.2946844660194039, 15.592082524270609, 0.3405242718445941, 15.585533980581245, 11.892155339804738, 0.10586812297736894, 0.08513106796116858, 0.029468446601959745, 0.6373915857605226, 0.043656957928826026, 1.990757281553344, 1.9809344660193577, 1.9667459546925201, 0.034925566343066636, 1.9962144012944512, 2.002762944983756, 0.0, 1.9023519417475232, 0.7116084142394774, 0.11896521035600802, 0.0, 0.05238834951458542, 1.9438260517798946, 1.9307289644012555, 1.9449174757280927, 0.08622249190939578, 0.06221116504854292, 1.9885744336569187, 1.9285461165048012]",4.847958993057204,0.6745,7.117242902691453,0.0,22.1213135593169,82.0,3.0,1.0,0.33
1,"[7.694806122448575, 0.5093163265306346, 24.419653061223922, 0.6745, 0.0, 26.5532755102035, 0.11012244897957686]",8.565953352769458,0.6745,11.004567361164645,0.0,26.5532755102035,7.0,1.0,2.0,0.67
2,"[0.49054545454582593, 18.58962878788465, 24.690787878795586, 0.17373484848467932, 0.030659090909029022, 0.28615151515157294, 0.6745, 0.6745, 24.312659090916654, 0.03065909090930133, 0.2452727272727768, 0.10219696969685417, 18.70204545455127, 18.548750000005853, 19.080174242430203, 1217.3396439397736]",83.998244318208,0.6745,292.79152709222575,0.030659090909029022,1217.3396439397736,16.0,1.0,3.0,1.0
