Cluster,Dist,mean,median,std,min,max,bag_count,day_count,Cluster_Rank,Cluster_perc
0,"[0.0, 0.0, 0.0]",0.0,0.0,0.0,0.0,0.0,3.0,3.0,1.0,0.33
1,"[0.6744999999999999, 0.6745]",0.6744999999999999,0.6744999999999999,7.850462293418876e-17,0.6744999999999999,0.6745,2.0,1.0,2.0,0.67
2,"[0.11668565400837867, 0.0597658227848274, 10.618394514768829, 0.6289641350210983, 10.299643459916515, 10.322411392405968, 0.3386729957805622, 0.34436497890296286, 0.05976582278475157, 10.02642827004303, 0.7200358649789017, 0.23052531645570867, 0.441128691983091, 10.493170886076848, 10.976989451477717, 10.69239029535958, 0.3386729957805622, 0.5606603375527458, 10.555782700422876, 10.584242616034652]",4.92043481012698,0.6745,5.059271570114753,0.05976582278475157,10.976989451477717,20.0,1.0,3.0,1.0
