Cluster,Dist,mean,median,std,min,max,bag_count,day_count,Cluster_Rank,Cluster_perc
0,"[0.0, 0.6744999999999989, 0.6745000000000011, 0.6744999999999102, 0.6745000000000899, 0.0, 0.0]",0.3854285714285714,0.6744999999999102,0.3337909342014879,0.0,0.6745000000000899,7.0,5.0,2.0,0.67
1,"[0.4496666666667023, 0.0, 4.079119047618828, 59.8699047619019, 0.6745]",13.014638095237483,0.6745,23.47252792101834,0.0,59.8699047619019,5.0,1.0,3.0,1.0
2,[0.0],0.0,0.0,0.0,0.0,0.0,1.0,1.0,1.0,0.33
