Cluster,Dist,mean,median,std,min,max,bag_count,day_count,Cluster_Rank,Cluster_perc
0,"[0.0, 0.0, 0.6745000000002365, 0.6744999999997635, 0.6745000000000098, 0.6744999999999902, 0.6745000000013824, 0.6744999999986175, 0.6745, 0.0, 1.1284903846141416, 0.0, 0.0]",0.449999260354934,0.6744999999997635,0.3747461655786522,0.0,1.1284903846141416,13.0,8.0,1.0,0.14
1,"[0.6745, 25.29375000000262, 0.5339791666664795, 1.4895208333335204, 0.0, 0.057268867924393944, 11.135613207546871, 0.9163018867925072, 0.6745, 0.0, 0.03645945945950147, 0.0, 154.0339243243135, 6.40592702702648, 0.6745000000000001]",13.461749651537724,0.6745,38.13807697840487,0.0,154.0339243243135,15.0,3.0,7.0,1.0
2,"[0.6745, 0.6745, 0.6745, 0.6745, 0.6745, 0.6745, 0.6665177514793053, 0.68393356643358, 0.6665177514792858, 0.6824822485206947, 0.7125371300949378, 0.6394757118927983, 0.6394757118927983, 0.7095242881072016, 0.6745, 0.6745, 0.6744999999999999, 0.6744999999999999]",0.6747480088833667,0.6745,0.017330062891453793,0.6394757118927983,0.7125371300949378,18.0,7.0,2.0,0.29
3,"[0.17310176991168882, 18.677084070779532, 1.1758982300879932, 0.1731017699120069, 0.5329382716048944, 0.5329382716048944, 31.64320987654416, 0.8160617283951056]",6.715541748605035,0.6745,11.135612135734737,0.17310176991168882,31.64320987654416,8.0,2.0,6.0,0.86
4,"[0.6745000000000001, 11.936004901960326, 0.0]",4.203501633986775,0.6745000000000001,5.4746350048452985,0.0,11.936004901960326,3.0,1.0,4.0,0.57
5,"[17.913926470572406, 0.0, 0.3074926470592491, 0.0, 0.07935294117718575, 16.287191176455558, 1.0415073529407508, 17.130316176455064]",6.594973345582527,0.6745,8.161382305320215,0.0,17.913926470572406,8.0,1.0,5.0,0.71
6,"[5.900061827954393, 6.048741935481418, 0.15230645161316506, 8.166526881716916, 0.6745, 0.15955913978515612, 0.0]",3.014528033793007,0.6745,3.2728781925779353,0.0,8.166526881716916,7.0,1.0,3.0,0.43
