Cluster,Dist,mean,median,std,min,max,bag_count,day_count,Cluster_Rank,Cluster_perc
0,"[0.0, 0.6745, 1.8395454545429295, 0.0, 0.0, 0.0]",0.4190075757571549,0.0,0.6813557120523543,0.0,1.8395454545429295,6.0,4.0,2.0,0.67
1,"[1.1650454545457516, 0.18395454545424839, 7.296863636369281, 0.18395454545424839]",2.2074545454558825,0.6745,2.965544052425172,0.18395454545424839,7.296863636369281,4.0,1.0,3.0,1.0
2,[0.0],0.0,0.0,0.0,0.0,0.0,1.0,1.0,1.0,0.33
