Cluster,Dist,mean,median,std,min,max,bag_count,day_count,Cluster_Rank,Cluster_perc
0,"[0.0, 0.0, 0.0, 0.0, 0.0, 0.0, 0.0, 0.0, 0.0, 0.0, 0.0]",0.0,0.0,0.0,0.0,0.0,11.0,11.0,1.0,0.33
1,"[38.97759233383644, 0.6745, 0.0, 0.0, 0.6745, 1.01175]",6.889723722306074,0.6745,14.35488584006042,0.0,38.97759233383644,6.0,2.0,3.0,1.0
2,"[0.6745, 0.6744999999999999]",0.6744999999999999,0.6744999999999999,7.850462293418876e-17,0.6744999999999999,0.6745,2.0,1.0,2.0,0.67
