Cluster,Dist,mean,median,std,min,max,bag_count,day_count,Cluster_Rank,Cluster_perc
0,"[0.6745000000000001, 0.6744999999999999, 0.0, 0.0]",0.33725,0.33724999999999994,0.33725,0.0,0.6745000000000001,4.0,3.0,1.0,0.33
1,"[2.1233877862595376, 0.01647633587786075, 0.0, 0.6745, 126.44352061068678]",25.851576946564837,0.6745,50.30190403695439,0.0,126.44352061068678,5.0,1.0,3.0,1.0
2,"[0.6745, 0.6745]",0.6745,0.6745,0.0,0.6745,0.6745,2.0,1.0,2.0,0.67
