Cluster,Dist,mean,median,std,min,max,bag_count,day_count,Cluster_Rank,Cluster_perc
0,"[0.0, 0.0, 0.0, 0.0, 0.0, 0.6745000000000739, 0.674499999999926, 0.0, 0.6744999999999999, 0.6745000000000001]",0.2698,0.0,0.33043616630145073,0.0,0.6745000000000739,10.0,8.0,1.0,0.2
1,"[1.0599285714282045, 0.2890714285705116, 394.5824999996675, 0.28907142857179535, 0.6655809917355382, 0.6655809917355234, 236.07834462809652, 0.6834190082644617]",79.28918713100876,0.6744999999999999,141.92285588127316,0.2890714285705116,394.5824999996675,8.0,2.0,5.0,1.0
2,"[0.0, 13.494261281588448, 0.6744999999999999, 4.047, 0.6745, 0.0]",3.1483768802647414,0.6744999999999999,4.828897996345609,0.0,13.494261281588448,6.0,2.0,4.0,0.8
3,"[0.6688128161888708, 0.6710876897133224, 0.6779123102866774, 0.6961112984822909, 0.6938364249578393, 0.6847369308600326, 0.659713322091064, 0.6892866779089359, 0.6665379426644191, 0.659713322091064]",0.6767748735244516,0.6744999999999999,0.012918798243648739,0.659713322091064,0.6961112984822909,10.0,1.0,3.0,0.6
4,"[0.6745, 0.6745]",0.6745,0.6745,0.0,0.6745,0.6745,2.0,1.0,2.0,0.4
