Cluster,Dist,mean,median,std,min,max,bag_count,day_count,Cluster_Rank,Cluster_perc
0,"[0.0, 0.6744999999998631, 0.674500000000137, 0.0, 0.0, 0.0, 0.0, 0.6744999999999912, 0.6745000000000088]",0.2997777777777778,0.0,0.3351617446274685,0.0,0.674500000000137,9.0,7.0,2.0,0.67
1,"[0.0, 0.0, 0.6745, 0.6745, 0.6745, 0.6745]",0.44966666666666666,0.6745,0.3179623492735508,0.0,0.6745,6.0,3.0,3.0,1.0
2,[0.0],0.0,0.0,0.0,0.0,0.0,1.0,1.0,1.0,0.33
