Cluster,Dist,mean,median,std,min,max,bag_count,day_count,Cluster_Rank,Cluster_perc
0,"[0.09806560283688609, 8.354710992907952, 8.220767730496584, 0.29898049645388836, 0.09806560283688609, 8.163363475177443, 0.5429485815602801, 0.2654946808510547, 0.09806560283688609, 8.531707446808644, 8.196849290780277, 0.8060514184397198, 7.176167721519178, 7.244471518987527, 0.41409177215189225, 0.2646772151898795, 0.0, 7.2572784810128415, 0.3628639240506307, 0.6745, 7.29996835443056, 0.14851376146792206, 0.7178165137614653, 0.6249954128440397, 0.6311834862385347, 10.278389908257406, 10.482596330275783, 0.14851376146788084, 10.402151376147307]",3.7173534641306674,0.6745,4.069399403470367,0.0,10.482596330275783,29.0,3.0,5.0,0.62
1,"[0.4985434782608696, 0.4692173913043478, 1.3490000000001954, 0.43989130434802143, 1.1143913043480214, 0.6745, 0.0, 52.78695652174499, 1.026413043478261, 0.17894897959183673, 1.0048673469389588, 0.28907142857152024, 24.4058877551047, 0.2064795918368264, 0.9085102040818159, 0.17894897959192843, 23.827744897961754, 0.6194387755102041, 0.729561224489796]",5.826756433008634,0.6745,13.204812829594527,0.0,52.78695652174499,19.0,2.0,7.0,0.88
2,"[15.025375000001056, 0.3816249999999833, 15.58450000000109, 0.05324999999999767, 0.9673750000000166, 0.05325000000005678, 0.033426548672567995, 20.27519144542773, 0.7258336283185837, 0.6745, 0.0]",4.888575147492825,0.6745,7.500982425270047,0.0,20.27519144542773,11.0,2.0,6.0,0.75
3,"[0.0, 2.0235, 0.6745, 0.0, 0.0, 0.6744999999999564, 0.6745000000000436]",0.5781428571428571,0.6744999999999564,0.6675818684029757,0.0,2.0235,7.0,4.0,1.0,0.12
4,"[0.6745, 0.6745, 0.6745, 0.6745]",0.6745,0.6745,0.0,0.6745,0.6745,4.0,2.0,2.0,0.25
5,"[0.5349482758621009, 0.534948275861946, 40.30718965516749, 0.814051724137899, 0.694939393939526, 1.2672424242421685, 0.654060606060474, 0.654060606060474, 0.41890000000001787, 0.41890000000001787, 24.118700000001006, 0.930099999999982]",5.945670080111092,0.6745,12.20507001823582,0.41890000000001787,40.30718965516749,12.0,3.0,8.0,1.0
6,"[0.13490000000023963, 3.012766666665628, 1.2140999999997604, 0.13489999999964056]",1.1241666666663173,0.6745,1.1760309349668774,0.13489999999964056,3.012766666665628,4.0,1.0,3.0,0.38
7,"[7.6758099999998155, 0.6745, 0.3597333333333453, 7.56788999999983, 0.0, 0.6745, 9.530219827586158, 9.774435344827548, 0.48261637931032814, 0.0]",3.6739704885057023,0.6745,4.109103674977141,0.0,9.774435344827548,10.0,2.0,4.0,0.5
