Cluster,Dist,mean,median,std,min,max,bag_count,day_count,Cluster_Rank,Cluster_perc
0,"[4.938303571428546, 0.5540535714285858, 0.7949464285714143, 0.5540535714285858, 0.6599424460431751, 0.6890575539568249, 0.2329208633093597, 0.23292086330934356, 0.9219784172661847, 2.6106546762590024, 0.7691666666666556, 1.4554999999999876, 0.20116666666664315, 0.24850000000001038, 0.5798333333333444, 0.20116666666668256, 2.7571666666666204, 1.313500000000004]",1.095268442388943,0.6745,1.184162454676589,0.20116666666664315,4.938303571428546,18.0,3.0,4.0,0.8
1,"[0.0, 0.0, 0.0, 0.6744999999999697, 0.6745000000000303, 0.6745000000002247, 0.6744999999997753, 0.0, 0.6745000000000562, 0.6744999999999438, 0.0, 0.0, 0.0]",0.31130769230769234,0.0,0.3362507385443155,0.0,0.6745000000002247,13.0,10.0,1.0,0.2
2,"[0.6745, 0.6745, 0.6745, 0.6745, 0.6745, 0.6745, 0.6745, 0.6745]",0.6745,0.6745,0.0,0.6745,0.6745,8.0,4.0,2.0,0.4
3,"[0.6263214285714344, 6.022321428571434, 0.0, 4.625142857142788, 0.6745, 0.2890714285714744, 4.191535714285616]",2.3469846938775354,0.6745,2.317686792650243,0.0,6.022321428571434,7.0,1.0,5.0,1.0
4,"[0.1826770833333377, 1.5457291666666697, 0.6042395833333406, 0.0, 1.4333125000000146, 0.37940625000000733, 1.2225312500000132, 0.6745, 3.02119791666668]",1.0070659722222293,0.6745,0.8778522895205326,0.0,3.02119791666668,9.0,1.0,3.0,0.6
