Cluster,Dist,mean,median,std,min,max,bag_count,day_count,Cluster_Rank,Cluster_perc
0,"[0.0, 0.0, 0.0, 0.0, 0.0]",0.0,0.0,0.0,0.0,0.0,5.0,5.0,1.0,0.33
1,"[235.51291666669138, 0.4496666666666666, 18346.73725000202, 0.0, 66.8879166666734, 67.67483333334083, 0.6745, 0.0, 0.5620833333325844, 0.6745, 0.33725000000074884, 0.4496666666666666, 0.8993333333333332]",1440.0661474360563,0.6745,4880.952097119518,0.0,18346.73725000202,13.0,1.0,3.0,1.0
2,"[842.9754915397515, 0.0, 0.6745]",281.2166638465838,0.6745,397.2235718970397,0.0,842.9754915397515,3.0,1.0,2.0,0.67
