Cluster,Dist,mean,median,std,min,max,bag_count,day_count,Cluster_Rank,Cluster_perc
0,"[0.0, 0.0, 0.6744999999998047, 0.6745000000001953, 0.0, 0.0, 0.0, 0.0, 0.6745000000000083, 0.6744999999999917]",0.2698,0.0,0.33043616630145073,0.0,0.6745000000001953,10.0,8.0,1.0,0.33
1,"[0.6745, 0.0, 7.014800000000899, 0.0, 3.074926470587897, 0.6745]",1.9064544117647992,0.6745,2.508820499581093,0.0,7.014800000000899,6.0,2.0,3.0,1.0
2,"[1.3341213235295122, 0.01487867647055374, 0.014878676470619816, 1.3341213235293803]",0.6745000000000165,0.6745000000000001,0.6596213235294297,0.01487867647055374,1.3341213235295122,4.0,1.0,2.0,0.67
