Cluster,Dist,mean,median,std,min,max,bag_count,day_count,Cluster_Rank,Cluster_perc
0,"[0.31617187499993415, 0.6745, 0.0, 1251.2923515623772, 476.11268749995327, 2.321073529412425, 0.33725000000013217, 0.3372499999996036, 1.0117499999998678, 2.905538461536973, 0.0, 0.6745, 0.46696153846164484, 7.886461538458188, 0.6817526881720908, 0.2320860215053597, 0.812301075268759, 1.8131720430109126, 0.6672473118279092, 1.3925161290323513, 0.5657096774194109, 0.2320860215053597, 1.3490000000004085, 1.103727272726864, 0.0919772727270685, 2.4527272727272726, 0.2452727272731357, 0.09197727272747697, 0.694939393939438, 0.0, 0.6745, 0.6745, 0.03747222222247183, 0.0, 0.6745, 2.323277777778277, 0.6745, 0.6745, 0.7066190476192513, 0.6423809523807485, 1.284761904761497, 0.6423809523807485, 0.3221492537313112, 1.0268507462686889, 1.0671194029851025, 0.3221492537313112, 1.2977721518988523, 0.307367088607569, 0.08537974683554958, 1.7246708860759177, 1.041632911392431, 0.08537974683532208, 0.9765020200058273, 0.6736877440031077, 0.6736877440031075, 0.6753122559968923]",31.715215035617454,0.6745,176.0785402418443,0.0,1251.2923515623772,56.0,12.0,2.0,0.67
1,"[0.674499999999893, 0.6745000000001069, 0.0, 0.0, 0.6745000000001341, 0.6744999999998659, 0.6745, 1.2646875000001871, 0.0, 0.0, 0.0]",0.42156250000001694,0.6744999999998659,0.41771253351250753,0.0,1.2646875000001871,11.0,7.0,1.0,0.33
2,"[0.6745, 617.9744910714968, 4377.866339286196, 0.0, 0.614276785714366, 0.0, 1.8548750000001606, 0.28716336633657025, 0.6277524752474832, 0.6745, 655.7208514851775, 655.3869405940883, 0.4340841584158574, 199.48504455446428, 0.0, 0.7746732673267706, 0.8993333333333332, 56554.80150000623, 0.0, 8.768500000001497, 0.0, 0.4496666666666666, 1.3193516483516505, 0.0, 0.2371868131867958, 1.1118131868132042, 1828.4138461539137, 0.0, 0.16306593406602088, 1.5268901098902943, 2.284102272727579, 0.7051590909090909, 0.0, 6.346431818182635, 0.21461363636363637, 0.21461363636363637, 0.6744999999999999]",1754.6082720635532,0.6745,9165.631531984118,0.0,56554.80150000623,37.0,5.0,3.0,1.0
