Cluster,Dist,mean,median,std,min,max,bag_count,day_count,Cluster_Rank,Cluster_perc
0,"[0.6745, 0.6746358418367343, 14.856750000000018, 2.6737748724489836, 0.6742283163265312, 0.6743641581632669, 0.6742283163265312, 0.6745, 0.2698000000002396, 0.6745, 0.0, 0.40469999999976036, 11341.312799986139, 1.4838999999983224, 25495.110733302172, 0.5188461538455158, 6850.118230752433, 6848.769230752436, 5.292230769216519, 0.20753846153931227, 0.8301538461544842, 0.10376923076689118, 0.10376923076965613, 13581.11881817509, 0.12263636363547244, 0.4292272727266043, 0.3065909090911319, 0.4292272727266043, 0.9197727272733957, 0.12263636363710628, 2319.912090907942, 2321.0158181806673, 31364.924499984463]",3035.0326818832673,0.6745,7276.8905347021,0.0,31364.924499984463,33.0,4.0,5.0,1.0
1,"[0.46696153846212335, 0.6226153846157036, 6037.501384619143, 6036.826884619143, 0.7263846153842963, 0.46696153846212335, 4904.424400002718, 0.0, 12423.435633340217, 12423.300733340218, 0.4047000000004793, 0.6745, 0.3147666666665069, 608.1263297872723, 0.5644751773048742, 0.5405567375885314, 0.6745, 0.0, 608.1885177305346, 608.1645992908184, 1.3222607928601073, 1.324710720215856, 0.6737066901895667, 0.6746866611318665, 0.6743133388681334, 0.6737066901895667, 39762.7867497395, 0.6744999999910138, 0.0, 0.6745, 1.0117499999910138]",2691.158573839403,0.6745,7541.935794909809,0.0,39762.7867497395,31.0,5.0,4.0,0.8
2,"[0.6745, 0.6745, 2.248333333341321, 0.0, 0.0, 1.349, 0.0, 2.698, 0.6743935246574476, 0.919883074445918, 0.6743935246574476, 0.6746064753425524, 0.1349000000007189, 0.9442999999978433, 0.6745, 0.2698000000014378, 0.1349000000007189, 0.9443000000014378, 0.6745, 2.6979999999964055]",0.8531404966221625,0.6745,0.7999851154142142,0.0,2.698,20.0,4.0,2.0,0.4
3,"[0.674500000001997, 0.6744999999980031, 1.3489999999910138, 0.6745, 0.0, 0.6745000000000002, 0.6744999999999998, 0.0, 0.0, 0.0, 1.1241666666706605, 0.6745, 0.0]",0.501551282050898,0.6744999999999998,0.44228908433455477,0.0,1.3489999999910138,13.0,7.0,1.0,0.2
4,"[0.6745, 0.0, 9425.041437501039, 0.6745, 12.14099999992811, 0.0, 0.9858076923102446, 0.6745, 0.0, 0.0, 2.6979999999820277, 0.6745]",786.9636870994381,0.6745,2604.4804573970337,0.0,9425.041437501039,12.0,4.0,3.0,0.6
