Cluster,Dist,mean,median,std,min,max,bag_count,day_count,Cluster_Rank,Cluster_perc
0,"[0.4496666666646697, 0.44966666667066046, 398.1798333342639, 0.8993333333293394, 0.6745, 0.6745, 0.48178571428424716, 173.92464285732956, 0.0, 0.6745, 177.00807142876104]",68.49240909102758,0.6745,123.77704202349733,0.0,398.1798333342639,11.0,3.0,3.0,1.0
1,"[0.0, 0.0, 0.0, 0.0, 0.6744999999999998, 0.6745000000000002, 0.6744999999999992, 0.6745000000000007]",0.33724999999999994,0.3372499999999996,0.33725,0.0,0.6745000000000007,8.0,6.0,1.0,0.33
2,"[152.85856250001626, 0.6745, 0.0]",51.17768750000542,0.6745,71.89976352830085,0.0,152.85856250001626,3.0,1.0,2.0,0.67
