Cluster,Dist,mean,median,std,min,max,bag_count,day_count,Cluster_Rank,Cluster_perc
0,"[0.6745, 0.0, 2.6413625954198703, 0.6785389221557017, 0.6745, 1.284377245509002, 0.46043712574849743, 0.0]",0.8017144861041339,0.6745,0.7958305604114577,0.0,2.6413625954198703,8.0,2.0,3.0,1.0
1,"[0.0, 0.6745, 1.2306666666666541, 0.0, 0.0, 0.0, 0.0]",0.2721666666666649,0.0,0.45528136250852136,0.0,1.2306666666666541,7.0,5.0,1.0,0.33
2,"[0.6745, 0.6745, 0.6745, 0.6745, 0.6745, 0.6745]",0.6745,0.6745,0.0,0.6745,0.6745,6.0,3.0,2.0,0.67
