Cluster,Dist,mean,median,std,min,max,bag_count,day_count,Cluster_Rank,Cluster_perc
0,"[2.3012352941172742, 0.0, 0.6745, 0.6045518518519287, 0.8943370370371375, 0.6045518518516625, 0.7444481481480711]",0.8319463118580107,0.6745,0.6536380750892131,0.0,2.3012352941172742,7.0,2.0,3.0,1.0
1,"[0.0, 0.0, 0.0, 0.0, 0.0, 0.0, 0.0, 0.0]",0.0,0.0,0.0,0.0,0.0,8.0,8.0,1.0,0.33
2,"[0.6745, 0.6745]",0.6745,0.6745,0.0,0.6745,0.6745,2.0,1.0,2.0,0.67
