Cluster,Dist,mean,median,std,min,max,bag_count,day_count,Cluster_Rank,Cluster_perc
0,"[0.0, 0.0, 0.0, 0.0, 0.0, 1.578687438665449, 0.6745, 0.0]",0.2816484298331811,0.0,0.5376566719083036,0.0,1.578687438665449,8.0,6.0,1.0,0.33
1,"[3.565214285731891, 0.6745, 0.0, 18.167270491803578, 0.6745, 0.0]",3.8469141295892446,0.6745,6.517641196564694,0.0,18.167270491803578,6.0,2.0,3.0,1.0
2,"[0.6745, 0.6745]",0.6745,0.6745,0.0,0.6745,0.6745,2.0,1.0,2.0,0.67
