Cluster,Dist,mean,median,std,min,max,bag_count,day_count,Cluster_Rank,Cluster_perc
0,"[0.0, 0.0, 0.0, 0.6744999999999987, 0.6745000000000013]",0.2698,0.0,0.33043616630145073,0.0,0.6745000000000013,5.0,4.0,1.0,0.33
1,"[1.349, 0.0, 0.0, 0.0, 1.349, 0.0, 1.349, 0.33725, 2.0235, 0.6745, 1.349, 0.6745, 0.33725, 1.01175, 6.407750000001124, 0.0, 1.68625, 0.0, 1.01175]",1.0295000000000591,0.6745,1.4202218576689476,0.0,6.407750000001124,19.0,1.0,2.0,0.67
2,"[1225.566500000135, 0.6745, 4.7215, 0.0, 0.6745, 1334.835500000146, 0.0]",366.63892857146874,0.6745,578.5268894649248,0.0,1334.835500000146,7.0,1.0,3.0,1.0
