Cluster,Dist,mean,median,std,min,max,bag_count,day_count,Cluster_Rank,Cluster_perc
0,"[0.0, 0.0, 0.0, 0.6745000000007488, 0.6744999999992511, 0.6744999999999648, 0.6745000000000351, 0.0, 0.6744999999999988, 0.6745000000000012, 0.0, 0.0, 0.0, 0.0]",0.28907142857142853,0.0,0.3337909342014879,0.0,0.6745000000007488,14.0,11.0,1.0,0.33
1,"[0.6745, 0.6745, 0.6745, 0.6745, 0.6745, 0.6745]",0.6745,0.6745,0.0,0.6745,0.6745,6.0,3.0,2.0,0.67
2,"[3.3725000000134795, 0.6745, 0.0, 0.6745000000000001, 0.0, 2.7882203705243884]",1.2516200617563114,0.6745000000000001,1.3328236261631947,0.0,3.3725000000134795,6.0,2.0,3.0,1.0
