Cluster,Dist,mean,median,std,min,max,bag_count,day_count,Cluster_Rank,Cluster_perc
0,"[0.0, 0.0, 0.0, 0.6744999999999974, 0.6745000000000025, 0.0, 0.0, 0.6744999999997356, 0.6745000000002643, 0.0, 0.6744999999955069, 0.6745000000044931]",0.33725,0.33724999999775346,0.33725,0.0,0.6745000000044931,12.0,9.0,2.0,0.67
1,"[0.0, 200.10166666668837, 0.6745, 194.3684166666876, 0.4496666666666666]",79.11885000000852,0.6745,96.45875120904626,0.0,200.10166666668837,5.0,1.0,3.0,1.0
2,[0.0],0.0,0.0,0.0,0.0,0.0,1.0,1.0,1.0,0.33
