Cluster,Dist,mean,median,std,min,max,bag_count,day_count,Cluster_Rank,Cluster_perc
0,"[0.0, 0.0, 0.0, 0.0]",0.0,0.0,0.0,0.0,0.0,4.0,4.0,1.0,0.33
1,"[587.0177185792356, 0.7555874316939312, 0.5934125683059707, 0.5934125683060689]",147.24003278688542,0.6745000000000001,253.9057739078405,0.5934125683059707,587.0177185792356,4.0,1.0,3.0,1.0
2,"[0.6745, 0.6745]",0.6745,0.6745,0.0,0.6745,0.6745,2.0,1.0,2.0,0.67
