Cluster,Dist,mean,median,std,min,max,bag_count,day_count,Cluster_Rank,Cluster_perc
0,"[0.0, 0.0]",0.0,0.0,0.0,0.0,0.0,2.0,2.0,1.0,0.33
1,"[0.9018595505617467, 0.7313398876404114, 0.45850842696621447, 0.49261235955050164, 965.3800196628109, 0.22357022471902568, 0.8336516853931722, 0.2008342696629015, 0.6745000000000001, 0.0, 4.278148876403963]",88.56136772215535,0.6745000000000001,277.2766344104742,0.0,965.3800196628109,11.0,1.0,3.0,1.0
2,"[0.6745, 0.6745]",0.6745,0.6745,0.0,0.6745,0.6745,2.0,1.0,2.0,0.67
