Cluster,Dist,mean,median,std,min,max,bag_count,day_count,Cluster_Rank,Cluster_perc
0,"[0.6745000000000024, 0.6744999999999974, 0.0, 0.0, 0.0]",0.26979999999999993,0.0,0.3304361663014507,0.0,0.6745000000000024,5.0,4.0,2.0,0.67
1,[0.0],0.0,0.0,0.0,0.0,0.0,1.0,1.0,1.0,0.33
2,"[0.6745, 1.309323529412029, 0.0]",0.6612745098040097,0.6745,0.5346108936171466,0.0,1.309323529412029,3.0,1.0,3.0,1.0
