Cluster,Dist,mean,median,std,min,max,bag_count,day_count,Cluster_Rank,Cluster_perc
0,"[0.5121203703702472, 2.760453703704468, 4648.816379631288, 2.4107129629639736, 0.8368796296297529, 0.1623796296297529, 0.1873611111107413, 0.1623796296297529, 0.9402121212125832, 2.2687727272735936, 0.20439393939425296, 0.20439393939425296, 0.22483333333324257, 1263.8699242428181, 0.7971363636363884, 0.5518636363636117, 0.0, 0.6943382352947862, 3691.3797941195, 0.6745, 0.5554705882355118, 0.0, 1.527544117648318]",418.2496453927144,0.6745,1194.4021108060522,0.0,4648.816379631288,23.0,3.0,5.0,0.83
1,"[0.6745, 0.6745, 0.6744999999999999, 0.6744999999999999, 0.6745, 0.6745]",0.6745,0.6745,6.409875621278546e-17,0.6744999999999999,0.6745,6.0,3.0,2.0,0.33
2,"[1.3759800000001725, 0.43167999999988493, 1.348999999999281, 0.3777200000002588, 0.0, 0.7554399999997987, 0.6745, 0.6743658332034126, 0.6743658332034126, 0.6750620500938114, 0.6746341667965873]",0.6966134439360564,0.6745,0.37540126607426755,0.0,1.3759800000001725,11.0,2.0,3.0,0.5
3,"[0.0, 0.6745000000008557, 0.6744999999991441, 0.6744999999999048, 0.6745000000000951, 0.0, 0.0, 0.6744999999999999, 0.6745000000000001, 0.0, 0.0, 0.0, 0.0, 0.6744999999980031, 0.674500000001997, 0.0]",0.33725,0.33724999999900157,0.33725,0.0,0.674500000001997,16.0,12.0,1.0,0.17
4,"[0.7387380952385028, 0.6102619047614972, 0.6102619047614972, 12597.893452378345]",3149.9631785707766,0.6745,5454.76508711978,0.6102619047614972,12597.893452378345,4.0,1.0,6.0,1.0
5,"[0.9555416666670411, 0.6745, 0.0, 0.6745, 0.0, 5.947863636369281, 0.6745000000005991, 0.6745, 0.0, 11.888062500000562, 0.0, 0.6745, 0.6745, 0.0, 3.2881875000005616]",1.741777020202536,0.6745,3.116100580651795,0.0,11.888062500000562,15.0,5.0,4.0,0.67
