Cluster,Dist,mean,median,std,min,max,bag_count,day_count,Cluster_Rank,Cluster_perc
0,"[0.0, 0.0, 0.6744999999999409, 0.6745000000000592, 1.573833333333583, 0.0, 0.6745]",0.5139047619047976,0.6744999999999409,0.5336016948132367,0.0,1.573833333333583,7.0,4.0,2.0,0.67
1,"[1.0424090909092272, 1.328560606060742, 0.6745, 0.0, 0.020439393939393938]",0.6131818181818727,0.6745,0.5342468165309292,0.0,1.328560606060742,5.0,1.0,3.0,1.0
2,[0.0],0.0,0.0,0.0,0.0,0.0,1.0,1.0,1.0,0.33
