Cluster,Dist,mean,median,std,min,max,bag_count,day_count,Cluster_Rank,Cluster_perc
0,"[0.0, 0.0, 0.0]",0.0,0.0,0.0,0.0,0.0,3.0,3.0,1.5,0.5
1,[0.0],0.0,0.0,0.0,0.0,0.0,1.0,1.0,1.5,0.5
2,"[0.674500000000005, 0.674499999999995]",0.6745,0.6745,4.9960036108132044e-15,0.674499999999995,0.674500000000005,2.0,1.0,3.0,1.0
