Cluster,Dist,mean,median,std,min,max,bag_count,day_count,Cluster_Rank,Cluster_perc
0,"[0.0, 0.0, 0.0, 0.6745, 1.5781642936906752, 0.0]",0.37544404894844585,0.0,0.5915802825956042,0.0,1.5781642936906752,6.0,4.0,1.0,0.33
1,"[5.042878356819997, 0.6745, 0.0]",1.9057927856066657,0.6745,2.235280291646688,0.0,5.042878356819997,3.0,1.0,3.0,1.0
2,"[0.019698324418989877, 2.246726392767549, 0.19292864580868088, 1.1674370000473329, 0.9219901311118474, 1.8564633170824063, 0.019698324418989877, 0.42700986888815257]",0.8564940005679935,0.6745,0.7952114213353579,0.019698324418989877,2.246726392767549,8.0,1.0,2.0,0.67
