Cluster,Dist,mean,median,std,min,max,bag_count,day_count,Cluster_Rank,Cluster_perc
0,"[66.77550000000748, 0.0, 0.6745, 0.1349000000007189, 0.13489999999892166, 3.3724999999946084, 1.2140999999992812]",10.329485714285855,0.6745,23.069517970471992,0.0,66.77550000000748,7.0,2.0,4.0,1.0
1,"[0.0, 0.0, 0.0, 0.0, 0.0, 0.0, 0.0, 0.0]",0.0,0.0,0.0,0.0,0.0,8.0,8.0,1.5,0.38
2,"[0.6745, 0.6745, 0.6745, 0.6745, 0.6745, 0.6745, 0.0, 0.0]",0.505875,0.6745,0.29206706742630195,0.0,0.6745,8.0,4.0,3.0,0.75
3,"[0.0, 0.0, 0.0]",0.0,0.0,0.0,0.0,0.0,3.0,1.0,1.5,0.38
