Cluster,Dist,mean,median,std,min,max,bag_count,day_count,Cluster_Rank,Cluster_perc
0,"[19.9811184323866, 0.005228682170530636, 0.66171877691646, 0.005228682170592556, 400.1202553833045, 0.6872812230835399, 8799.409695645496, 8860.906499993274, 0.0, 0.35191304347873653, 0.6745, 0.0, 0.0, 0.6745, 1.0117500000179722, 360.8575000072608, 62.303285697286555, 61.47308246073254, 0.6669556163731533, 0.0062602332222775805, 0.0062602332222775805, 0.6820443836268466, 0.6745, 0.6744999999999999]",773.826419937251,0.6745,2431.3257541147436,0.0,8860.906499993274,24.0,5.0,3.0,0.75
1,"[0.0, 0.0, 0.0, 0.6744999999856222, 0.6745000000143778, 0.0, 0.0, 0.0, 0.0, 0.0, 0.0]",0.12263636363636364,0.0,0.26015101304199617,0.0,0.6745000000143778,11.0,10.0,1.0,0.25
2,"[0.22483333334132102, 0.8993333333173579, 1.573833333341321, 0.22483333334132102, 0.6745, 1.349000000023963, 0.8993333333173579, 0.0, 0.6745, 0.44966666668264205, 0.44966666665867894, 0.22483333334132102, 0.6745, 1.573833333317358, 80196.7010001869, 0.6745, 0.09635714286007711, 0.5781428571399229, 0.09635714286007711, 0.0, 195.6049999994608, 0.4817857142798458, 2.119857142849807, 200.61557142802053, 19009.818928519253, 19010.58978566211]",4562.58730586394,0.6745,15948.375657296212,0.0,80196.7010001869,26.0,2.0,4.0,1.0
3,"[1.01175, 0.0, 0.6745, 71.16826641414062, 0.6745, 0.0, 0.0, 0.6745, 24.48630805958755]",10.965536052636464,0.6745,22.570145195468054,0.0,71.16826641414062,9.0,3.0,2.0,0.5
