Cluster,Dist,mean,median,std,min,max,bag_count,day_count,Cluster_Rank,Cluster_perc
0,"[0.6778281249999971, 0.7377343750000054, 0.671171874999993, 0.6711718750000029, 0.6745, 0.6745, 0.0, 7.661628205128414, 0.6745, 7.5189455128207054, 0.3631923076922767, 206.7342500000232, 0.0, 0.6745, 0.11241666666591782, 273.39733333336403]",31.327729517230907,0.6745,79.80500841561988,0.0,273.39733333336403,16.0,4.0,3.0,1.0
1,"[0.20684666666664828, 8.098496666666817, 0.2832900000000048, 7.918630000000165, 0.2832900000000048, 0.30127666666666986, 0.40919666666666027, 0.49013666666671296, 0.643023333333366, 8.04453666666682, 0.557586666666677, 0.5620833333333732, 7.9006433333335, 0.6745, 7.761246666666816, 7.558896666666803, 0.3957066666666914, 7.864670000000171, 0.0, 0.26080666666670344, 0.3102700000000024, 8.111986666666844, 7.981583333333493, 8.031046666666851, 7.954603333333495, 7.905140000000136, 0.026979999999997603, 10.553676666666897, 8.013060000000188, 8.076013333333515, 7.770240000000148, 0.25181333333337086, 0.19785333333331573]",4.103003939394026,0.6745,3.9029611535083886,0.0,10.553676666666897,33.0,1.0,2.0,0.67
2,[0.0],0.0,0.0,0.0,0.0,0.0,1.0,1.0,1.0,0.33
