Cluster,Dist,mean,median,std,min,max,bag_count,day_count,Cluster_Rank,Cluster_perc
0,"[0.0, 0.6745000000000624, 0.6744999999999376, 0.0]",0.33725,0.3372499999999688,0.33725,0.0,0.6745000000000624,4.0,3.0,1.0,0.33
1,"[0.6748812888637649, 0.6741187111362351, 0.7061469756924857, 0.6741187111362351]",0.6823164217071802,0.6745,0.013762098503278534,0.6741187111362351,0.7061469756924857,4.0,1.0,3.0,1.0
2,"[0.6745, 0.6745]",0.6745,0.6745,0.0,0.6745,0.6745,2.0,1.0,2.0,0.67
