Cluster,Dist,mean,median,std,min,max,bag_count,day_count,Cluster_Rank,Cluster_perc
0,"[117.47486829268442, 0.09541707317073336, 0.6876609756097548, 0.2632195121951182, 0.6745, 1.0430073170731895, 202.67902439024644, 31.4744731707321, 0.5297292682926861, 0.07896585365852889, 0.0, 1.4117747594104038, 39.57817115361187, 0.12341320501888231, 0.2180683396272395, 1.1309316603727604, 0.12341320501888123, 2.0790281979256697, 85.01017318496112, 10.97723973638721, 0.6583224935177185, 0.6618203327571305, 0.6536587078651684, 0.6871796672428696, 0.6536587078651684]",19.958708768209803,0.6745,46.83457492666117,0.0,202.67902439024644,25.0,3.0,3.0,0.5
1,"[0.0, 0.0, 0.0, 0.6745000000000005, 0.6744999999999994, 0.0, 1.5153700180713, 0.6745, 0.0, 0.6744999999999778, 0.6745000000000222, 0.6744999999999477, 0.6745000000000522, 0.0, 0.6744999999999999, 0.6745000000000002]",0.4741168761294563,0.6744999999999886,0.417904709980139,0.0,1.5153700180713,16.0,10.0,1.0,0.17
2,"[2.450391951462662, 0.3741490311224649, 0.47510654537524527, 0.0, 2.6182131997881553, 2.597462748060687, 1.9639908564129722, 1.8987136125736002, 3.4432406539144518, 0.6745, 0.6740061917816754, 0.6762861148322378, 0.08034364777718936, 0.1685356942583881, 0.3679396554409794, 0.20183454987834556, 0.1367907542579074, 0.5969282238442822, 0.5684744525547445, 1.5912615571776147, 3.515832116788321, 3.05839902676399, 0.0, 3.771569343065693, 0.6775048661800486, 0.6057810218978101, 0.6745, 0.6834683698296837, 349.32319312169466, 333.65623544973687, 0.0, 0.1927142857142891, 0.3497407407407394, 0.6745000000000001, 116.04255026455078]",23.85097594421361,0.6745,80.53234195830413,0.0,349.32319312169466,35.0,3.0,4.0,0.67
3,"[0.6745, 0.6745, 0.6745, 0.6745, 0.6745, 0.6745]",0.6745,0.6745,0.0,0.6745,0.6745,6.0,3.0,2.0,0.33
4,"[164.37790909090884, 0.6745, 0.0]",55.01746969696961,0.6745,77.32999855980468,0.0,164.37790909090884,3.0,1.0,6.0,1.0
5,"[2.8582431625786846, 0.41999471818247597, 0.9290052818175241, 0.41999471818247597, 0.7159175604229607, 3.500420657099697, 0.6330824395770392, 0.6330824395770389, 0.5790671462829735, 0.7699328537170266, 278.96155395683405, 0.5790671462829735]",24.249946840046245,0.6745,76.80442989859976,0.41999471818247597,278.96155395683405,12.0,3.0,5.0,0.83
