Cluster,Dist,mean,median,std,min,max,bag_count,day_count,Cluster_Rank,Cluster_perc
0,"[3.388882203576948, 0.0, 0.6745, 1.747587932145158, 0.4717299763796434, 0.6233729869014387, 1.702544019755207, 1.0599078806098348, 0.3836698518359458, 0.0, 0.6745, 4.292496564311788]",1.2515992846263304,0.6745,1.2863511267278196,0.0,4.292496564311788,12.0,2.0,3.0,1.0
1,"[0.0, 0.0, 0.0, 0.0, 0.0, 0.0]",0.0,0.0,0.0,0.0,0.0,6.0,6.0,1.0,0.33
2,"[1.417683983431136, 0.4130352088367277, 0.9359647911632724, 0.4130352088367277, 1.953160170023668, 0.0, 0.8896897068057767, 0.054766676327102394, 0.6745]",0.7502039717138236,0.6745,0.5987145679680272,0.0,1.953160170023668,9.0,2.0,2.0,0.67
