Cluster,Dist,mean,median,std,min,max,bag_count,day_count,Cluster_Rank,Cluster_perc
0,"[0.0, 0.8452594936709286, 0.6745, 0.6745, 0.6860299145299132, 0.0]",0.4800482347001403,0.6745,0.3445584878842363,0.0,0.8452594936709286,6.0,2.0,2.0,0.33
1,"[0.6745, 0.6745, 0.6745, 0.6745, 0.6745, 0.6745]",0.6745,0.6745,0.0,0.6745,0.6745,6.0,3.0,3.0,0.5
2,"[0.6745, 0.1514183673469182, 1.0736938775510119, 2.718647959183579, 0.0]",0.9236520408163018,0.6745,0.9753027815107447,0.0,2.718647959183579,5.0,1.0,4.0,0.67
3,"[0.0, 4.150769230769576, 0.6745, 0.20753846153846153, 23.866923076925843]",5.779946153846776,0.6745,9.168620802750825,0.0,23.866923076925843,5.0,1.0,5.0,0.83
4,"[0.6744999999995008, 0.6745000000004993, 0.0, 1.2705697674418888, 0.0, 0.6745, 0.0, 0.0]",0.41175872093023613,0.3372499999997504,0.45039376242357404,0.0,1.2705697674418888,8.0,5.0,1.0,0.17
5,"[0.5428902439024498, 1.1762621951219652, 0.7403048780487751, 0.016451219512193783, 1.6204451219512521, 1.11045731707319, 0.6991768292682906, 0.4524085365853839, 0.09870731707316271, 3.6603963414635556, 0.48531097560977143, 0.6498231707317093, 3.8249085365854936, 0.016451219512193783, 0.13983536585364717, 1.102231707317093, 0.4030548780488025, 231.5097865853725]",13.7916056910573,0.6744999999999999,52.8151401864636,0.016451219512193783,231.5097865853725,18.0,1.0,6.0,1.0
