Cluster,Dist,mean,median,std,min,max,bag_count,day_count,Cluster_Rank,Cluster_perc
0,"[0.0, 0.0, 0.0, 0.6744999999999998, 0.6745000000000002, 0.6745000000044931, 0.6744999999955069, 0.0, 0.6745000000000098, 0.6744999999999902]",0.40469999999999995,0.6744999999977486,0.33043616630145073,0.0,0.6745000000044931,10.0,7.0,2.0,0.67
1,"[3.878374999998877, 0.0, 0.6745]",1.5176249999996256,0.6745,1.6918614963745997,0.0,3.878374999998877,3.0,1.0,3.0,1.0
2,[0.0],0.0,0.0,0.0,0.0,0.0,1.0,1.0,1.0,0.33
