Cluster,Dist,mean,median,std,min,max,bag_count,day_count,Cluster_Rank,Cluster_perc
0,"[0.67377238403452, 0.67377238403452, 1.0674126213592223, 0.67522761596548, 0.6991275204359683, 0.6763378746594003, 0.6726621253405997, 0.6726621253405997]",0.7263718313962888,0.6745,0.12916707652868156,0.6726621253405997,1.0674126213592223,8.0,2.0,2.0,0.67
1,"[2.0201331114808636, 0.0, 0.6745]",0.8982110371602879,0.6745,0.8397497318192834,0.0,2.0201331114808636,3.0,1.0,3.0,1.0
2,"[0.6695740740740743, 0.6695740740740743, 0.7146111111111111, 0.6730925925925925, 0.6977222222222229, 0.6759074074074075]",0.6834135802469138,0.6745,0.01695067573025453,0.6695740740740743,0.7146111111111111,6.0,1.0,1.0,0.33
