Cluster,Dist,mean,median,std,min,max,bag_count,day_count,Cluster_Rank,Cluster_perc
0,"[0.0, 0.0, 0.0, 0.0, 0.0, 57.236142857149275, 2.7943571428571428, 0.9635714285714285, 0.6745, 0.0, 0.7708571428571428, 0.48178571428571426, 0.2890714285714286, 1.0599285714285713, 0.3854285714285714, 0.48178571428571426]",4.071089285714686,0.43360714285714286,13.74409335708506,0.0,57.236142857149275,16.0,2.0,4.0,0.8
1,"[0.843125, 0.6745, 0.168625, 0.0, 0.6745, 0.505875, 0.843125, 0.168625, 0.6745, 1.01175, 0.6745, 0.0, 0.5995555555555555, 0.8993333333333333, 0.14988888888888888, 0.7494444444444445, 0.8993333333333333, 0.14988888888888888, 0.6745, 2.36075, 0.0, 0.6745, 0.8993333333333332, 0.0, 3.3724999999910135, 0.2248333333313364, 0.22483333333433178, 1.1241666666656682, 1.6188, 0.1349, 0.0, 0.6745, 2.4282]",0.7302541245787918,0.6745,0.7504326947916146,0.0,3.3724999999910135,33.0,7.0,3.0,0.6
2,"[0.6745000000004084, 0.6744999999995915, 0.6745, 1.349, 0.0, 0.6744999999999923, 0.6745000000000075, 0.0, 0.0, 1.7986666666666664, 0.6745, 0.0]",0.5995555555555555,0.6744999999999961,0.537827567426541,0.0,1.7986666666666664,12.0,6.0,2.0,0.4
3,"[0.0843125, 1.01175, 0.6745, 49.99731250000562, 0.0, 0.7869166666665418, 0.5620833333334582, 0.5620833333319605, 1.9110833333304627]",6.176671296296449,0.6745,15.501823878733232,0.0,49.99731250000562,9.0,2.0,5.0,1.0
4,"[0.6745, 0.6745, 0.6745, 0.6745, 0.0, 0.0]",0.44966666666666666,0.6745,0.3179623492735509,0.0,0.6745,6.0,3.0,1.0,0.2
