Cluster,Dist,mean,median,std,min,max,bag_count,day_count,Cluster_Rank,Cluster_perc
0,"[0.0, 0.6745, 1.0960625000005617, 0.0, 0.0, 0.0, 0.0, 0.0, 0.6744999999998769, 0.6745000000001231, 0.0, 0.0, 0.6745000000000325, 0.6744999999999675, 0.0, 0.0, 0.0, 0.674499999999999, 0.6745000000000011, 0.0]",0.29087812500002813,0.0,0.3670015723288418,0.0,1.0960625000005617,20.0,15.0,1.0,0.33
1,"[0.0, 0.6745, 0.6745, 0.6745, 0.9274374999994385, 0.0, 63.527635869563, 0.6745, 0.0, 14.245439999997641, 0.0, 0.6745, 3.372500000005135, 0.6745, 0.0]",5.74133422463768,0.6745,15.830798880348862,0.0,63.527635869563,15.0,5.0,3.0,1.0
2,"[0.6745, 0.6745, 0.6745, 0.6745]",0.6745,0.6745,0.0,0.6745,0.6745,4.0,2.0,2.0,0.67
