Cluster,Dist,mean,median,std,min,max,bag_count,day_count,Cluster_Rank,Cluster_perc
0,"[0.0, 0.861861111111125, 0.7119722222222187, 0.6745, 0.3185138888889218, 0.13490000000003144, 3.9390800000000556, 0.13489999999998653, 1.2140999999999684]",0.887758580246923,0.6745,1.1421159102812912,0.0,3.9390800000000556,9.0,2.0,4.0,0.8
1,"[0.6744999999999896, 0.6745000000000104, 1.1182499999999713, 0.0, 0.6745, 0.0, 0.0, 0.6745000000000239, 0.6744999999999761]",0.4989722222222191,0.6744999999999896,0.3777822426206693,0.0,1.1182499999999713,9.0,5.0,1.0,0.2
2,"[0.6745, 0.6745, 0.6745, 0.6745, 0.6745, 0.6745, 0.6745, 0.6745, 0.6745, 0.6745, 0.6745, 0.6745]",0.6745,0.6745,0.0,0.6745,0.6745,12.0,6.0,2.0,0.4
3,"[0.0, 0.6745, 0.6983058823529251, 0.6745, 4.625142857142868, 0.0]",1.1120747899159655,0.6745,1.6004799292768694,0.0,4.625142857142868,6.0,2.0,5.0,1.0
4,"[0.29977777777779857, 0.9368055555555503, 1.0866944444444184, 0.2997777777777362, 1.0866944444444184, 0.41219444444444964]",0.6869907407407286,0.6745,0.355273205913684,0.2997777777777362,1.0866944444444184,6.0,1.0,3.0,0.6
