Cluster,Dist,mean,median,std,min,max,bag_count,day_count,Cluster_Rank,Cluster_perc
0,"[0.5941457956385106, 0.7548542043614894, 0.5941457956385107, 1.772802590229502, 0.6745, 0.6031468020304568, 1.8925716751269037, 2.7704488324873098, 0.3545747208121828, 5.045944771573604, 0.0, 0.506827683615819, 0.2258274379759275, 4.606018177352001, 0.7719222549742079, 0.23609985261606475, 0.23593416850896604, 0.0, 0.6745, 0.8327283222795383, 2.8090083517563245, 5.4922624662245125, 0.0, 0.6745, 16.369845942228334, 26.671975240715263, 0.21107118294360394, 1.679415191700979, 2.8770755841933586, 0.5949348965295972, 0.22127466445644609, 0.6993145018982944, 0.6584138548740708, 1.425932169402706, 0.22127466445644633, 0.2850421635206672, 0.6905861451259292, 1.0924512325544087, 0.9251697502807334, 0.30798115074060234, 0.4963982407357895, 0.08940520134228186, 0.39739237775647185, 0.6745, 0.054807166826462146, 2.4459517018216683, 2.7511904362416106, 0.2602936241610738, 0.9773136385426653, 0.0, 1.9420167785234896, 0.9559727948226271, 0.17153511505273245, 2.0100811361457334]",1.8570626009406643,0.6745,4.169024406829566,0.0,26.671975240715263,54.0,6.0,3.0,0.75
1,"[0.6745000000000001, 0.6744999999999999, 0.0, 0.0, 0.0, 0.0, 0.0, 0.0]",0.168625,0.0,0.2920670674263019,0.0,0.6745000000000001,8.0,7.0,1.0,0.25
2,"[0.0, 0.7096302083333333, 0.6745, 0.9932156655934274, 0.6745, 0.0, 0.0, 3.6803449946178715, 0.6745, 0.0, 85.00627142857118, 0.6745, 0.6745, 3.985350845627923, 0.0]",6.516487542849581,0.6745,21.01156792186838,0.0,85.00627142857118,15.0,5.0,4.0,1.0
3,"[1.0518700083692014, 0.9213892575322812, 0.4276107424677187, 0.4276107424677187, 0.6745, 0.6745]",0.6962467918061535,0.6745,0.23181655892390915,0.4276107424677187,1.0518700083692014,6.0,2.0,2.0,0.5
