Cluster,Dist,mean,median,std,min,max,bag_count,day_count,Cluster_Rank,Cluster_perc
0,"[0.6745, 0.0161304267843969, 0.0, 44.6122935982341, 36.01155003679182, 10.948092899190602, 0.5231221486387047, 7.372102702702732, 0.16406756756752555, 0.0, 0.6745, 7.507002702702693, 101.89076223490711, 0.0, 0.02585766721041848, 0.6745, 147.49048327895136, 0.0, 0.6166857142858463, 0.6745, 12.642057142857709, 10.631404761905243, 0.6745, 0.6745, 4385.003852939939, 4523.07797058696, 0.515794117647121, 0.19838235294030584, 0.19838235294136303, 0.833205882352879, 0.0, 0.6745, 13.197061395126507]",282.0665988639587,0.6745,1060.261062369253,0.0,4523.07797058696,33.0,7.0,3.0,1.0
1,"[0.0, 0.0, 0.0, 0.6745000000000002, 0.6744999999999999, 0.0, 0.6745000000000009, 0.6744999999999991]",0.33725,0.33724999999999955,0.33725,0.0,0.6745000000000009,8.0,6.0,1.0,0.33
2,"[0.33725000000014976, 1.3490000000002995, 0.08993333333363286, 0.0, 12.320866666668163, 0.6745, 46.045866666671756, 1.6188000000002996, 0.022483333333183562, 38.602153846217334, 7.575153846166182, 0.6226153846163417, 0.6745, 30.66380769235863, 0.0, 0.570730769231301, 0.10376923077008152, 1383.7626923099722, 8.681458940129469, 28.737465412621418, 27.56964178802595, 0.26494316343041946, 0.042838389967649285, 0.028649878640782698, 0.0237384708737893, 0.01991848705502312, 0.01991848705502312, 0.023738470873774762, 0.023192758899675692, 1.1277137944983784, 1.1157081310679662, 1.0916968042071273, 1.0840568365695806, 0.16180360032361624, 27.24330602750815, 27.69297269417482, 0.6198750935739332, 0.6163671939639889, 0.6731579626492258, 0.6176162188251055, 0.6732376876403607, 0.6733439876285409, 12.291693520743872, 0.6757888873566852, 0.6757623123596399, 0.6757091623655502, 0.6756560123714591, 0.7136582581458585, 0.6793233619636737, 0.6163671939639892]",33.41728884137628,0.6745,193.23879404016466,0.0,1383.7626923099722,50.0,4.0,2.0,0.67
