Cluster,Dist,mean,median,std,min,max,bag_count,day_count,Cluster_Rank,Cluster_perc
0,"[142.8798438104477, 0.7116823017408134, 0.6373176982591866, 0.42661798839460646, 0.42661798839460646, 1.0645880077369523, 0.7442758620687945, 0.18606896551719862, 0.0, 11.838637931032848, 0.6745, 519.8801855828368, 519.787079754616, 0.41380368098161635, 0.41380368098161635, 0.6124294478527659, 0.7365705521472342]",70.67258960311815,0.6745,167.35047385769067,0.0,519.8801855828368,17.0,3.0,3.0,0.6
1,"[1.9530298507458201, 0.7651044776119803, 0.5838955223877514, 0.5838955223880197, 960.6624396551678, 957.9702543103405, 0.0, 0.6745, 0.34887931034478753]",213.7268887387763,0.6745,398.535143107225,0.0,960.6624396551678,9.0,2.0,5.0,1.0
2,"[790.2891666667538, 793.0032261905634, 782.1791071429433, 770.9053214286564, 719.0491190476979, 13.82725000000139, 10.759880952382023, 5.861726190476725, 3.6776309523814867, 1.991380952381166, 7.403440476191225, 1.349000000000214, 2.8264761904764044, 1.67019047619069, 0.4496666666666667, 0.25695238095238093, 0.5781428571428571, 1.686250000000107, 0.06423809523809523, 1.5417142857144994, 0.8190357142858213, 0.4657261904762975, 0.4496666666666667, 0.33725000000010696, 0.48178571428571426, 0.6423809523809524, 0.24089285714275016, 0.12847619047619047, 0.3051309523808454, 0.7066190476190476, 0.12847619047619047, 0.7708571428573567, 0.4657261904762975, 1.429297619047726, 1.2044642857143926, 0.17665476190486887, 0.11241666666677363, 0.38542857142857145, 0.48178571428571426, 0.4657261904762975, 0.06423809523809523, 0.12847619047619047]",93.32762840137082,0.6745,249.34005758620506,0.06423809523809523,793.0032261905634,42.0,1.0,4.0,0.8
3,"[0.6745, 0.6745, 0.6745, 0.6745, 0.6745, 0.6745, 0.6745, 0.6745]",0.6745,0.6745,0.0,0.6745,0.6745,8.0,4.0,2.0,0.4
4,"[0.6744999999999453, 0.6745000000000547, 0.0, 0.6745000000000004, 0.6744999999999995, 0.0, 0.0, 0.0]",0.33725,0.3372499999999726,0.33725,0.0,0.6745000000000547,8.0,6.0,1.0,0.2
