Cluster,Dist,mean,median,std,min,max,bag_count,day_count,Cluster_Rank,Cluster_perc
0,"[0.016318548387155997, 0.6255443548387253, 18.626716397850217, 0.7234556451612747, 1.3870766129033318, 0.016318548387059373, 0.4804905913978755, 0.48411693548382423, 1.3145497311828103, 1.4197137096775472, 0.37532661290323516, 0.19400940860212454, 0.7887298387097055, 83.24816801075596, 0.3723802083331734, 0.13349479166617134, 0.16159895833338403, 0.03513020833298621, 0.8642031249994734, 1.4684427083323777, 1.5527552083325182, 1.1733489583331969, 0.17565104166680315, 1.1452447916663586, 1.1311927083329394, 1.1592968749997776, 447.6080364581339, 448.77435937480016, 448.9429843748, 0.11944270833350105, 0.11944270833350105, 0.02107812500031592, 0.822046874999965, 0.3864322916662181, 0.07728645833324363, 0.1334947916669202, 1.3841302083326117, 0.5269531250000351, 0.30211979166645214, 0.021078124999941498, 0.9063593749997308, 1.370078124999567, 0.0, 1.3490000000010571, 0.6745, 0.0, 20.86982352943894, 0.11902941176458151, 23011.003941206058]",500.0939773794469,0.6745,3250.942525316564,0.0,23011.003941206058,49.0,3.0,3.0,1.0
1,"[0.0, 0.0, 0.0, 0.0, 0.0, 0.0, 0.0, 0.6745, 0.0, 1.551349999997484, 0.0]",0.2023499999997713,0.0,0.46819152306733425,0.0,1.551349999997484,11.0,9.0,1.0,0.33
2,"[0.6745, 0.6745, 0.6745, 4.047000000005392, 0.0, 0.6745, 0.6745, 0.6745, 0.6745, 0.4402425149700341, 0.9087574850298582, 55.38573952095751, 0.4402425149701417]",5.07257554122561,0.6745,14.55454773248989,0.0,55.38573952095751,13.0,5.0,2.0,0.67
