Cluster,Dist,mean,median,std,min,max,bag_count,day_count,Cluster_Rank,Cluster_perc
0,"[0.0, 0.6745, 31.36220606060602, 0.0, 0.6855573770491791, 1.3324139344262314, 0.6745, 0.4754672131147574]",4.400580573149524,0.6745,10.198335521803862,0.0,31.36220606060602,8.0,2.0,4.0,1.0
1,"[0.0, 0.0, 0.0, 0.0, 0.6744999999999933, 0.6745000000000066, 0.0, 0.0, 0.0, 0.0, 0.0]",0.12263636363636364,0.0,0.26015101304199617,0.0,0.6745000000000066,11.0,10.0,1.0,0.25
2,"[0.6745, 0.6745, 0.6745, 0.6745, 0.6745, 0.6745]",0.6745,0.6745,0.0,0.6745,0.6745,6.0,3.0,2.0,0.5
3,"[1.9446623376623187, 0.5781428571428696, 0.5781428571428405, 0.7708571428571303]",0.9679512987012897,0.6744999999999999,0.5693662709795614,0.5781428571428405,1.9446623376623187,4.0,1.0,3.0,0.75
