Cluster,Dist,mean,median,std,min,max,bag_count,day_count,Cluster_Rank,Cluster_perc
0,"[0.6253177083333618, 0.723682291666685, 0.625317708333315, 0.7236822916666381, 0.011241666666665418, 0.011241666666665418, 1.3377583333333347, 40.70607499999997, 0.9788475609756001, 0.37015243902439987, 31.956493902438634, 29.702676829267958, 0.32079878048782057, 0.32079878048782057, 0.6745, 0.0, 12.351781250000071, 12.485276041666726, 0.5550572916666792, 0.08874999999999222, 1.1715000000000155, 0.6745, 0.0, 30.79625000000073, 0.2866624999999761, 30.251325000000797, 0.0, 0.6745, 0.9105750000000365, 0.6131818181818367, 0.18395454545448975, 0.6745, 0.0, 3.3724999999991834, 0.6745, 3.12722727272653]",5.77723960219572,0.6745,11.257411557204783,0.0,40.70607499999997,36.0,7.0,3.0,0.75
1,"[0.6348235294117064, 1.0514264705880954, 0.0, 0.6745, 0.9720735294117064, 0.13886764705879634, 37.018147058820375, 0.018736111111107644, 0.3934583333332605, 67.65609722221718, 2.079708333333198, 0.730708333333323, 0.618291666666677, 1.667513888888705, 0.018736111111107644, 0.1686249999999688, 1.7424583333331358]",6.799068915801079,0.6745,17.449078402174468,0.0,67.65609722221718,17.0,2.0,4.0,1.0
2,"[0.6745, 0.0, 0.8584545454542856, 0.0, 0.6745, 3.2931470588239256, 0.8864857142857142, 3.1219714285718134, 0.1927142857142857, 2.0427714285716854, 0.1927142857142857, 0.4625142857142857, 1.3183409090909137, 4.01634090909071, 0.030659090909086265, 0.030659090909086265, 0.6745, 2.2804523809527018, 0.0, 0.8431250000002808, 0.6745, 0.0]",1.0121977460819573,0.6745,1.160671498153139,0.0,4.01634090909071,22.0,6.0,2.0,0.5
3,"[0.6745000000000899, 0.6744999999999102, 0.0, 0.6745000000000138, 0.6744999999999862, 0.0, 0.0, 1.3939666666668162, 0.0, 0.8993333333334831, 0.6745, 0.3597333333333333, 0.0, 0.0, 0.0]",0.4017022222222423,0.3597333333333333,0.4270544620427786,0.0,1.3939666666668162,15.0,9.0,1.0,0.25
