Cluster,Dist,mean,median,std,min,max,bag_count,day_count,Cluster_Rank,Cluster_perc
0,"[0.0, 0.0, 0.0, 0.0, 0.0, 0.0, 0.0, 0.0]",0.0,0.0,0.0,0.0,0.0,8.0,8.0,1.0,0.33
1,"[0.6744999999999999, 0.6744999999999999, 0.6745, 0.6745, 0.6745, 0.6745, 0.03967647058795545, 0.039676470588484045, 1.4680294117638664, 1.3093235294115158]",0.690370588235182,0.6745,0.4285058823527576,0.03967647058795545,1.4680294117638664,10.0,4.0,3.0,1.0
2,"[0.22977472527464224, 0.8375659340659596, 0.5855549450550075, 0.8968626373625554, 0.8820384615383817, 0.7634450549449925, 0.229774725274741, 0.229774725274741]",0.5818489010988777,0.6745,0.2871406887053504,0.22977472527464224,0.8968626373625554,8.0,1.0,2.0,0.67
