Cluster,Dist,mean,median,std,min,max,bag_count,day_count,Cluster_Rank,Cluster_perc
0,"[3.3484107142861954, 0.2649821428569824, 1.0840178571430175, 0.2649821428569824, 0.0, 0.6745, 0.27344594594577526, 1.8047432432432824, 2.461013513513192, 0.875552884615402, 1.5241105769230114, 0.47344711538459794, 0.47344711538459794]",1.0402040963194643,0.6745,0.9544341723636101,0.0,3.3484107142861954,13.0,3.0,7.0,0.78
1,"[0.6745000000004729, 0.674499999999527, 0.0, 0.6745000000000719, 0.674499999999928, 0.0, 0.6745000000000619, 0.674499999999938, 0.6745, 0.6745000000000001, 0.6744999999990016, 0.6745000000009985, 0.0, 0.0, 0.3065909090908645, 0.7480818181819905, 0.4047000000001307, 0.6745, 0.9320363636366399, 1.2754181818184998]",0.5543163636364064,0.674499999999969,0.3295383083940461,0.0,1.2754181818184998,20.0,9.0,3.0,0.33
2,"[0.0, 0.5058750000005616, 0.6745, 1.2646875, 6.955781250000842, 0.6745, 0.5116896551725313, 1.2327068965521621, 7982.079517244092, 0.0]",799.3899257545818,0.6745,2394.2306450122637,0.0,7982.079517244092,10.0,2.0,9.0,1.0
3,"[0.6745, 0.6745, 0.6744999999999999, 0.6744999999999999, 1.14424107142854, 0.2047589285714601, 1.3610446428568992, 0.2047589285714601, 0.6745, 0.6745]",0.696180357142836,0.6745,0.33594838745521555,0.2047589285714601,1.3610446428568992,10.0,4.0,5.0,0.56
4,"[0.7907931034480942, 0.0, 0.6745, 0.6745, 0.0, 0.7391780821918364, 0.9858076923074398, 0.6745, 0.0]",0.5043643197719301,0.6745,0.3680210172644694,0.0,0.9858076923074398,9.0,3.0,2.0,0.22
5,"[0.0, 1.1803750000011233, 4.215625000001124, 0.6745, 0.16862499999887673]",1.247825000000225,0.6745,1.5403134595762606,0.0,4.215625000001124,5.0,1.0,8.0,0.89
6,"[0.0, 0.0, 0.0]",0.0,0.0,0.0,0.0,0.0,3.0,1.0,1.0,0.11
7,"[0.7175531914894512, 2.2100638297871122, 0.63144680851074, 0.63144680851074, 0.6314468085105487, 0.7175531914892601]",0.923251773049642,0.6745000000000001,0.5767667775721117,0.6314468085105487,2.2100638297871122,6.0,1.0,6.0,0.67
8,"[1.2205238095234223, 0.6745, 1.0278095238091978, 0.0, 0.06423809523807486]",0.5974142857141389,0.6745,0.4940907661249294,0.0,1.2205238095234223,5.0,1.0,4.0,0.44
