Cluster,Dist,mean,median,std,min,max,bag_count,day_count,Cluster_Rank,Cluster_perc
0,"[106.20309090903804, 0.6745, 0.0, 1.3297285714284468, 0.9057571428568422, 0.44324285714264444, 0.44324285714315786, 0.0, 2.2687727272717617, 0.6745, 0.0, 0.8754148936169928, 0.6745]",8.807134612192144,0.6745,28.121991793775305,0.0,106.20309090903804,13.0,4.0,6.0,0.75
1,"[0.0, 0.0, 0.6744999999990016, 0.6745000000009985, 0.6744999999997432, 0.6745000000002568, 0.6744999999999944, 0.6745000000000054, 1.2740555555555555, 0.6745, 0.0, 0.0]",0.4996296296296296,0.6744999999998689,0.3886206491121177,0.0,1.2740555555555555,12.0,7.0,1.0,0.12
2,"[0.5691093749998596, 0.6745, 0.35832812500014044, 35.49556250000393, 1.0328281250001403, 1.3279218750001405, 0.0, 0.0, 0.7419500000000898, 0.08094, 23.796360000002515, 0.9308100000000898, 0.33725000000008987, 0.6745000000000001]",4.715718571429071,0.6745000000000001,10.421814911812161,0.0,35.49556250000393,14.0,2.0,4.0,0.5
3,"[0.19918120805366454, 15.364114093959298, 1.1498187919463354, 0.19918120805366454, 1.988, 0.568, 0.568, 0.7809999999999999]",2.6021619127516202,0.6744999999999999,4.854055153842941,0.19918120805366454,15.364114093959298,8.0,2.0,3.0,0.38
4,"[0.6745, 0.6745, 0.21078124999963144, 1.3911562499991401, 1.1382187499998069, 0.21078125000019307, 0.6745, 0.6745, 0.6745, 0.6745, 0.6745, 0.6745]",0.6955781249998977,0.6745,0.3100228445514628,0.21078124999963144,1.3911562499991401,12.0,5.0,2.0,0.25
5,"[0.6745, 0.0, 0.7436794871794753, 649.3532564102172, 0.3113076923076391]",130.21654871794087,0.6745,259.5684914362307,0.0,649.3532564102172,5.0,1.0,8.0,1.0
6,"[0.8385675675674166, 31.70149999999781, 0.6745, 0.27344594594577526, 0.0, 31.026999999997816, 0.4922027027027355, 0.8567972972972644, 0.4192837837838297, 33.43332432432195, 0.5286621621621884]",9.11320761670698,0.6745,14.060116025289847,0.0,33.43332432432195,11.0,1.0,7.0,0.88
7,"[0.6745, 0.0, 20.484814814811923, 21.459092592589627, 0.32475925925917914]",8.588633333332146,0.6745,10.117881191720205,0.0,21.459092592589627,5.0,1.0,5.0,0.62
