Cluster,Dist,mean,median,std,min,max,bag_count,day_count,Cluster_Rank,Cluster_perc
0,"[0.0, 0.6744999999999951, 0.6745000000000048, 0.0, 0.0, 0.0, 0.0, 0.0, 0.0, 0.0]",0.13489999999999996,0.0,0.26979999999999993,0.0,0.6745000000000048,10.0,9.0,1.0,0.2
1,"[0.0, 1.349, 30686.377500003382, 0.0, 0.6748763950892882, 0.6741236049107018, 0.6741236049107119, 262.96654715401564]",3869.089521345288,0.6745000000000001,10136.346043251415,0.0,30686.377500003382,8.0,2.0,5.0,1.0
2,"[32.442848715259636, 0.6783906659674901, 0.6745, 0.6691945464079688, 0.0]",6.89298678552702,0.6745,12.777598241614792,0.0,32.442848715259636,5.0,1.0,3.0,0.6
3,"[0.6745, 0.6745]",0.6745,0.6745,0.0,0.6745,0.6745,2.0,1.0,2.0,0.4
4,"[55.98350000000613, 0.0, 0.3065909090909091, 0.6744999999999999, 17.690295454547698]",14.930977272728947,0.6744999999999999,21.600821105512043,0.0,55.98350000000613,5.0,1.0,4.0,0.8
