Cluster,Dist,mean,median,std,min,max,bag_count,day_count,Cluster_Rank,Cluster_perc
0,"[0.16129347826072518, 53.74005434781648, 0.19061956521743376, 1.1583804347825661, 0.19061956521743376, 56.20344565216359, 0.16129347826072518, 53.38814130433832, 0.8047508205689033, 0.6667513676148782, 0.6667513676148585, 0.6866764223194463, 0.6667513676148782, 0.7523553063457007, 0.6719171225382862, 0.7375960065645211, 0.67265508752735, 0.6697032275711141, 0.6970079321662819, 0.6763449124726499]",8.678155438348806,0.6745,19.23308594263612,0.16129347826072518,56.20344565216359,20.0,2.0,2.0,0.67
1,"[0.0, 0.0]",0.0,0.0,0.0,0.0,0.0,2.0,2.0,1.0,0.33
2,"[124.17545000018026, 0.8094000000010784, 129.50400000018692, 0.4721500000001797, 0.06744999999874193, 0.4721500000001797, 0.40469999999964057, 124.98485000018134, 0.20234999999982028, 0.0, 129.03185000018672, 122.48920000017758, 127.95265000018529, 124.44525000018062, 0.2698000000003594, 0.5396000000007188, 0.6745, 0.48178571428589767, 0.38542857142820464, 0.7708571428564093, 178.06799999985108, 176.04449999985235, 0.9635714285717953, 182.21135714270363, 0.0, 0.48178571428589767, 181.44049999984722, 0.19271428571281857, 185.39114285698696, 0.0, 181.1514285712767, 0.48178571428589767, 178.8388571427075, 0.09635714285769302, 179.89878571413442, 0.2890714285705116, 0.48178571428589767, 0.5781428571435907, 186.0656428569857, 0.48178571428589767, 1.252642857142307, 0.19271428571538604, 0.9635714285717953, 0.5626317073171061, 12.12454878049041, 0.6350170731707279, 12.131129268295334, 12.05216341463679, 0.5494707317074363, 0.2138658536584917, 12.104807317075819, 0.5363097560975914, 0.009870731707296118, 0.4639243902439696, 12.078485365856304, 0.5363097560975914, 3.6752024390251212, 0.7139829268292721, 0.5889536585366208, 0.14806097560979242, 12.06532439024646, 0.352056097560988, 12.091646341465973, 12.045582926831868, 0.009870731707296118, 0.14148048780504527, 12.131129268295334, 12.144290243905003, 12.045582926831868, 0.19412439024389944, 12.05216341463679]",37.7196837979086,0.6745,65.76302241753325,0.0,186.0656428569857,71.0,3.0,3.0,1.0
