Cluster,Dist,mean,median,std,min,max,bag_count,day_count,Cluster_Rank,Cluster_perc
0,"[0.0, 0.0, 0.0, 0.674500000000007, 0.674499999999993, 0.0, 0.0, 0.0, 0.0, 1.689234513274316, 0.0, 0.6745]",0.30939454277285966,0.0,0.5057720331059565,0.0,1.689234513274316,12.0,9.0,1.0,0.33
1,"[0.6745, 0.6745, 0.6745, 0.6745]",0.6745,0.6745,0.0,0.6745,0.6745,4.0,2.0,2.0,0.67
2,"[0.4122822014051598, 0.4122822014051493, 0.9367177985948401, 1.1673430913349039]",0.7321563231850132,0.6744999999999999,0.3301029490793227,0.4122822014051493,1.1673430913349039,4.0,1.0,3.0,1.0
