Cluster,Dist,mean,median,std,min,max,bag_count,day_count,Cluster_Rank,Cluster_perc
0,"[0.6745, 0.0, 1.01175, 2.698000000003851, 0.0, 0.6745, 0.0, 0.7358181818181818, 0.6744999999999999]",0.7187853535357814,0.6745,0.785935376838535,0.0,2.698000000003851,9.0,3.0,3.0,0.75
1,"[0.25097674418592986, 0.3137209302324123, 0.26666279069723703, 1.3019418604648247, 0.6745, 2.337220930231576, 1.1293953488371025, 1.0509651162784768, 0.5646976744187602, 0.0, 0.21960465116247965, 0.5646976744187602, 0.9097906976742048, 1.082337209301927, 0.3294069767437195, 0.2196046511628976, 0.9097906976737868, 0.9097906976742048, 0.8941046511624797, 1.2705697674413745, 0.2980348837206872, 0.12548837209296493, 2945.7611046501183, 2944.255244185002, 0.4392093023253773]",236.24315441852087,0.6745,798.7714106579518,0.0,2945.7611046501183,25.0,1.0,4.0,1.0
2,"[0.6745, 0.6745]",0.6745,0.6745,0.0,0.6745,0.6745,2.0,1.0,1.0,0.25
3,"[0.9720735294115159, 1.0117499999994715, 0.694338235294242, 0.6745, 0.5951470588235606, 0.5356323529408344, 0.07935294117643948, 0.29757352941151594, 0.17854411764712103, 0.0, 0.059514705882197476, 0.0, 1.1902941176465924, 1.3688382352937134, 1.0712647058821974, 0.33725, 1.2299705882350764, 0.8927205882350764, 1.9441470588230318, 0.9720735294115159, 0.019838235294242022, 0.853044117647121, 0.47611764705863696, 0.11902941176492354, 1.1902941176465924, 0.991911764705758, 1.4283529411759108, 0.21822058823507648, 0.17854411764712103, 1.2299705882350764, 0.059514705882197476, 0.9125588235293184, 0.45627941176439496, 0.7141764705879554, 0.45627941176439496, 0.5753088235293186, 0.4364411764706815, 0.07935294117643948, 1.2299705882350764, 0.019838235294242022, 0.7141764705879554, 0.6546617647057579, 0.4166029411764395, 1.0712647058821974, 1.130779411764395, 1.3489999999994715, 0.793529411764395]",0.6782988110135997,0.6745,0.47114332903000816,0.0,1.9441470588230318,47.0,1.0,2.0,0.5
