Cluster,Dist,mean,median,std,min,max,bag_count,day_count,Cluster_Rank,Cluster_perc
0,"[0.0, 0.347469696969763, 0.2248333333334241, 0.8175757575755925, 2.8410757575753203, 0.7153787878787796, 0.7562575757575593, 0.6745, 0.4292272727273222, 1.45350000000018, 0.7504999999998663, 0.5984999999998806, 0.5985000000001337, 0.6745, 0.6745]",0.7704212121211882,0.6745,0.6342076562737811,0.0,2.8410757575753203,15.0,3.0,2.0,0.67
1,"[0.0, 0.0, 0.0, 0.0, 0.0, 0.0, 0.0, 0.0, 0.0, 0.0]",0.0,0.0,0.0,0.0,0.0,10.0,10.0,1.0,0.33
2,"[0.0, 2.266320000000963, 0.9443000000004313, 0.6745, 1.8076600000006613, 0.6205399999999857, 0.21584000000005749, 5.9478636363604425, 0.0, 0.6745, 0.6745, 5.877785714280763, 0.0]",1.5156776423571772,0.6745,1.9836422307096357,0.0,5.9478636363604425,13.0,3.0,3.0,1.0
