Cluster,Dist,mean,median,std,min,max,bag_count,day_count,Cluster_Rank,Cluster_perc
0,"[0.0, 0.0, 0.0]",0.0,0.0,0.0,0.0,0.0,3.0,3.0,1.5,0.5
1,"[0.5058749999980343, 1.011749999998315, 0.8431249999997191, 0.5058750000002809]",0.7166562499990873,0.6745,0.21905030056952376,0.5058749999980343,1.011749999998315,4.0,1.0,3.0,1.0
2,[0.0],0.0,0.0,0.0,0.0,0.0,1.0,1.0,1.5,0.5
