Cluster,Dist,mean,median,std,min,max,bag_count,day_count,Cluster_Rank,Cluster_perc
0,"[1.0492222222239973, 1.0492222222220002, 0.29977777777799963, 0.29977777777799963, 0.6745, 3.8221666666596774, 0.0, 0.0, 0.0, 0.0, 0.6745, 6.07049999995507, 0.0, 0.9274374999997893, 0.4215625000002106, 0.42156249999908735, 355.03993749974427, 0.0674500000004493, 0.6070500000004493, 0.7419499999995507, 1.4164500000004492, 0.7419499999995507, 0.0674500000004493]",16.277933333320046,0.6070500000004493,72.23707147537883,0.0,355.03993749974427,23.0,6.0,2.0,0.67
1,"[0.6744999999982028, 0.6745000000017972, 0.0, 0.0, 0.0, 0.0, 0.0, 0.0]",0.168625,0.0,0.2920670674263019,0.0,0.6745000000017972,8.0,7.0,1.0,0.33
2,"[2.697999999994009, 0.0, 1.5738333333313363, 0.0, 0.6745, 462.032499999025, 0.6744999999970046, 0.5246111111119987, 11241.06711112067, 160.0063888890248, 0.0, 3220.512666669405, 0.14988888888899982, 0.6745, 6.74500000000599, 0.6745, 0.14988888888899982, 0.0, 12.815499999985622, 0.0, 0.9442999999996405, 0.40470000000035944, 1.214099999997484, 1.3489999999982027, 0.0, 0.13489999999892166]",581.3469380346279,0.6745,2220.4081648575125,0.0,11241.06711112067,26.0,3.0,3.0,1.0
