Cluster,Dist,mean,median,std,min,max,bag_count,day_count,Cluster_Rank,Cluster_perc
0,"[0.0, 0.0, 0.08431250000252735, 1.2646874999974727, 8.85281249996883, 0.08431249999803428]",1.714354166661144,0.08431250000028082,3.223659400305711,0.0,8.85281249996883,6.0,2.0,2.0,0.67
1,"[0.0, 0.0, 0.0, 0.6744999999998337, 0.6745000000001664, 0.0, 0.6744999999991014, 0.6745000000008986]",0.33725,0.3372499999995507,0.33725,0.0,0.6745000000008986,8.0,6.0,1.0,0.33
2,"[19.897750000139286, 0.6745, 0.0, 0.0, 2.023500000017972, 0.6745]",3.878375000026209,0.6745,7.195764401983825,0.0,19.897750000139286,6.0,2.0,3.0,1.0
