Cluster,Dist,mean,median,std,min,max,bag_count,day_count,Cluster_Rank,Cluster_perc
0,"[0.0, 0.0, 0.0, 0.0, 0.6745, 0.0, 1.4076521739132386, 0.0, 0.0]",0.2313502415459154,0.0,0.46603868274741195,0.0,1.4076521739132386,9.0,7.0,1.0,0.33
1,"[0.6745, 0.6745]",0.6745,0.6745,0.0,0.6745,0.6745,2.0,1.0,2.0,0.67
2,"[0.0, 0.6745, 11.972374999981186]",4.215624999993729,0.6745,5.49175839989519,0.0,11.972374999981186,3.0,1.0,3.0,1.0
