Cluster,Dist,mean,median,std,min,max,bag_count,day_count,Cluster_Rank,Cluster_perc
0,"[2.900350000000449, 0.3372500000004493, 0.0, 0.6745, 0.8094000000008985, 1.6188, 0.30352499999932603, 0.11537500000005912, 1.6418750000002957, 1.162624999999941, 0.9318750000002956, 0.5591250000001773, 2.1211250000001773, 0.13312500000017735, 0.7898749999998227, 0.04437500000005912, 0.04437500000005912, 0.16862499999994088, 0.8608750000002956, 0.6744999999996732, 0.6745000000003267, 0.748081818181337, 1.43484545454571, 1.8518090909095601, 0.5273363636369993, 0.5273363636363458, 0.6009181818186631, 0.6977586206898118, 0.418655172414135, 0.6667471264367294, 0.9458505747128194, 1.054390804597782, 0.43416091954026315, 0.7597816091955638, 0.3876436781610525, 0.6822528735632706, 0.3876436781610525]",0.7754401981136086,0.6745,0.6101786447965513,0.0,2.900350000000449,37.0,4.0,3.0,0.75
1,"[2.7429666666681842, 1.1241666666674655, 0.4047000000004793, 0.0, 2.1134333333339725, 0.4047000000004793, 0.6745, 1.7438292682933136, 1.5464146341473144, 0.0, 0.6745, 0.9377195121956886, 0.2961219512198757, 0.23031707317106312, 0.5740425531912453, 1.061978723403995, 0.9902234042549937, 0.0, 0.6745000000000001]",0.8523217782393723,0.6745,0.7267191302573953,0.0,2.7429666666681842,19.0,3.0,4.0,1.0
2,"[0.6745, 0.6745, 0.21875675675623163, 1.130243243242797, 0.2187567567572031, 1.1302432432437683, 1.1129250000011233, 1.112924999999326, 0.23607500000067394, 0.2360749999988767]",0.6745,0.6745,0.39995919011174275,0.21875675675623163,1.1302432432437683,10.0,3.0,2.0,0.5
3,"[0.0, 0.0, 0.0]",0.0,0.0,0.0,0.0,0.0,3.0,3.0,1.0,0.25
