Cluster,Dist,mean,median,std,min,max,bag_count,day_count,Cluster_Rank,Cluster_perc
0,"[0.6745, 35.819499999997625, 0.0, 0.6745, 0.6745]",7.568599999999526,0.6745,14.127865381577399,0.0,35.819499999997625,5.0,2.0,2.0,0.67
1,"[0.0, 0.0, 0.0, 0.0, 0.0, 0.0, 0.0, 0.6744999999996543, 0.6745000000003456, 0.6745000000000023, 0.6744999999999977, 0.0, 0.0]",0.2075384615384615,0.0,0.3113076923076923,0.0,0.6745000000003456,13.0,11.0,1.0,0.33
2,"[176.08946666668584, 174.29080000001917, 0.8094, 1.4389333333333332, 0.3597333333333333, 1.5288666666666666, 0.44966666666666666, 0.5396, 0.3597333333333333, 0.5396, 0.8993333333333333, 0.44966666666666666]",29.812900000003193,0.6745,65.0167879619009,0.3597333333333333,176.08946666668584,12.0,1.0,3.0,1.0
