Cluster,Dist,mean,median,std,min,max,bag_count,day_count,Cluster_Rank,Cluster_perc
0,"[0.0, 0.0, 0.0, 0.6745, 1.9110833333340822, 0.0, 0.0, 0.0, 0.0, 0.0, 0.6744999999999952, 0.6745000000000048, 0.6744999999999954, 0.6745000000000047]",0.377398809523863,0.0,0.5300251137531733,0.0,1.9110833333340822,14.0,10.0,1.0,0.33
1,"[0.6745, 0.6745, 0.6745, 0.6745]",0.6745,0.6745,0.0,0.6745,0.6745,4.0,2.0,2.0,0.67
2,"[0.0, 0.6745, 27.42488297872248, 0.6745, 0.0, 15.029447058823937]",7.300555006257736,0.6745,10.481171733114609,0.0,27.42488297872248,6.0,2.0,3.0,1.0
