Cluster,Dist,mean,median,std,min,max,bag_count,day_count,Cluster_Rank,Cluster_perc
0,"[0.0, 0.0, 0.0, 0.0, 0.0, 0.0, 0.0, 0.0]",0.0,0.0,0.0,0.0,0.0,8.0,8.0,1.5,0.38
1,"[0.6745, 0.6745, 0.6745, 0.6745, 0.6744469550451179, 0.6745530449548821, 0.6745805497463022, 0.6744469550451179]",0.6745034380989274,0.6745,4.3062453411888705e-05,0.6744469550451179,0.6745805497463022,8.0,3.0,3.0,0.75
2,"[0.0, 0.0, 0.0]",0.0,0.0,0.0,0.0,0.0,3.0,1.0,1.5,0.38
3,"[0.6745, 0.0, 0.0778269230767104, 0.20753846153835517, 4.4101923076903935, 3.00930769230615, 0.7782692307691776]",1.3082335164829697,0.6745,1.5872342041053702,0.0,4.4101923076903935,7.0,1.0,4.0,1.0
