Cluster,Dist,mean,median,std,min,max,bag_count,day_count,Cluster_Rank,Cluster_perc
0,"[0.0, 0.6744999999999977, 0.6745000000000023, 0.0, 0.0, 0.0, 0.0, 0.0, 0.6744999999999536, 0.6745000000000463, 0.0, 0.0, 0.0]",0.20753846153846153,0.0,0.3113076923076923,0.0,0.6745000000000463,13.0,11.0,1.0,0.33
1,"[176.41240909103593, 0.06131818181862741, 0.18395454545424839, 1.1650454545457516, 0.061318181817810485, 232.82513636380307]",68.45153030307922,0.6745,97.65296453014201,0.061318181817810485,232.82513636380307,6.0,1.0,3.0,1.0
2,"[0.0, 0.9695937499999999, 0.04215625, 1.3911562500002808, 0.37940625, 1.1803750000002808, 0.6745, 0.33725, 3.2038750000002807]",0.9087013888889826,0.6745,0.9319214347632411,0.0,3.2038750000002807,9.0,1.0,2.0,0.67
