Cluster,Dist,mean,median,std,min,max,bag_count,day_count,Cluster_Rank,Cluster_perc
0,"[0.5518636363628937, 0.5518636363637106, 0.7971363636362894, 4.844136363633838, 0.6745, 0.6745]",1.3489999999994555,0.6745,1.5653159924862894,0.5518636363628937,4.844136363633838,6.0,2.0,3.0,1.0
1,"[0.0, 0.0, 0.0, 0.6744999999998202, 0.6745000000001797, 0.0, 0.6745000000000022, 0.6744999999999978, 0.0, 0.6745000000000024, 0.6744999999999977, 0.0]",0.33725,0.3372499999999101,0.33725,0.0,0.6745000000001797,12.0,9.0,2.0,0.67
2,"[0.0, 0.0, 0.0, 0.0, 0.0]",0.0,0.0,0.0,0.0,0.0,5.0,1.0,1.0,0.33
