Cluster,Dist,mean,median,std,min,max,bag_count,day_count,Cluster_Rank,Cluster_perc
0,"[0.0, 1.6525250000002247, 0.0, 2.1921250000002246, 1.28155, 0.5058750000002247, 0.6745, 0.0, 0.0]",0.7007305555556305,0.5058750000002247,0.7796203674419744,0.0,2.1921250000002246,9.0,3.0,2.0,0.5
1,"[1.1437173913031586, 0.38123913043425595, 2.785978260866949, 0.3519130434779551, 0.7038260869555195, 0.7331521739129926, 0.2932608695653533, 0.6745, 1.5542826086941064, 0.6158478260870075, 0.7918043478252037, 0.14663043478306734, 0.0, 0.17595652173936827, 0.4692173913043308, 1.4663043478244222, 0.029326086955910203, 0.7331521739129926, 0.17595652173897755, 0.7331521739129926, 1.055739130434256, 0.9970869565204821, 0.6451739130433084, 0.10791999999999999, 0.6745000000001797, 0.6745000000001797, 0.053959999999999994, 0.6744999999998202, 1.2680600000001796, 0.7824200000005391, 0.053959999999999994]",0.6757108835901132,0.6745,0.5633332906162254,0.0,2.785978260866949,31.0,2.0,1.0,0.25
2,"[1.5738333333326344, 0.8768500000000599, 0.8768500000000599, 0.6745, 1.8885999999997602, 0.1348999999999401, 0.33725000000029953, 0.04496666666634715, 1.1241666666658678, 0.04496666666634715, 1.596316666665808, 0.6745, 0.6744999999994009, 0.5171166666668863, 0.4721499999996406, 0.33725000000029953, 0.24731666666700616, 0.22483333333353303, 0.0, 0.9442999999998801, 1.0342333333325746, 0.809399999999341, 1.1691333333325147, 0.7869166666661674, 0.4046999999995207, 0.6745, 4.519150000001348, 0.2698, 1.5513500000004492, 0.0, 1.0219696969694907, 0.0, 1.73734848484827, 0.020439393939525964, 0.6745, 0.020439393939525964, 1.4103181818180333, 0.15870588235256805, 1.110941176470443, 1.5870588235295569, 0.026450980391977207, 0.026450980392329605, 0.6348235294116819, 0.7141764705883181, 0.5819215686273749, 0.8199803921569319, 1.8780196078430682, 1.110941176470443, 0.4232156862744545, 0.9810909090907902, 2.8696909090907248, 1.226363636363488, 0.07358181818197265, 0.04905454545453951, 2.035763636363553, 0.36790909090920976, 0.04905454545453951]",0.8086765002969911,0.6745,0.8013255146543834,0.0,4.519150000001348,57.0,5.0,3.0,0.75
3,"[2.0944999999975606, 0.42600000000002486, 2.9819999999978095, 0.7099999999997262, 0.4614999999992781, 0.4614999999992781, 0.6745, 0.17750000000052274, 53.35649999994932, 2.0589999999973614, 0.0]",5.7639090909037165,0.6745,15.07732703705175,0.0,53.35649999994932,11.0,1.0,4.0,1.0
