Cluster,Dist,mean,median,std,min,max,bag_count,day_count,Cluster_Rank,Cluster_perc
0,"[0.6745, 0.6745, 0.6745, 0.6745, 0.6745, 0.6745, 0.6745, 0.6745]",0.6745,0.6745,0.0,0.6745,0.6745,8.0,4.0,2.5,0.83
1,"[0.0, 0.0, 0.6744999999999977, 0.6745000000000022, 0.0, 0.0, 0.6745000000001873, 0.6744999999998128, 0.0, 0.0]",0.2698,0.0,0.33043616630145073,0.0,0.6745000000001873,10.0,8.0,1.0,0.33
2,"[0.6745, 0.6745]",0.6745,0.6745,0.0,0.6745,0.6745,2.0,1.0,2.5,0.83
