Cluster,Dist,mean,median,std,min,max,bag_count,day_count,Cluster_Rank,Cluster_perc
0,"[0.0, 0.0, 0.6744999999999349, 0.674500000000065, 0.0, 0.0, 0.0, 0.0]",0.168625,0.0,0.2920670674263019,0.0,0.674500000000065,8.0,7.0,2.0,0.67
1,"[0.0, 0.6744999999999999, 120.6741818181953]",40.4495606060651,0.6744999999999999,56.728042001787365,0.0,120.6741818181953,3.0,1.0,3.0,1.0
2,[0.0],0.0,0.0,0.0,0.0,0.0,1.0,1.0,1.0,0.33
