Cluster,Dist,mean,median,std,min,max,bag_count,day_count,Cluster_Rank,Cluster_perc
0,"[0.0, 0.0]",0.0,0.0,0.0,0.0,0.0,2.0,2.0,1.5,0.5
1,"[0.1978533333334004, 0.43167999999964535, 1.2590666666665709, 0.5935599999999616, 1.0252399999998467, 0.7554400000000383, 0.7914133333333622, 1.0252399999998467, 0.2158399999999425, 0.2158399999999425, 0.5575866666666379, 0.19785333333316082, 0.7734266666665803, 8.345813333332067]",1.1704180952379288,0.6744999999999999,2.0173891734729685,0.19785333333316082,8.345813333332067,14.0,1.0,3.0,1.0
2,[0.0],0.0,0.0,0.0,0.0,0.0,1.0,1.0,1.5,0.5
