Cluster,Dist,mean,median,std,min,max,bag_count,day_count,Cluster_Rank,Cluster_perc
0,"[0.5810049504951446, 25.811311881189308, 0.5810049504951446, 0.367301980198129, 0.060103960396080125, 0.5676485148514921, 0.060103960396080125, 0.14024257425746098, 0.4073712871287305, 0.367301980198129, 0.6210742574257462, 0.4741534653466368, 2.2639158415843204, 0.36730198019795113, 0.4207277227723829, 0.2203811881188418, 0.15359900990111341, 2.490975247524811, 0.367301980198129, 0.38065841584160354, 0.7947079207923381, 0.7279257425742538, 0.2203811881188418, 0.11352970297051197, 25.85138118811973, 25.944876237624943, 25.89145049505069, 25.998301980199198, 25.86473762376356, 25.838024752476436, 25.85138118811973, 25.73117326732775, 25.78459900990218, 25.79795544554583, 25.85138118811973, 25.757886138615053, 25.811311881189308, 25.904806930694164, 3.7036181818180056, 15.533939393939255, 15.623872727272524, 15.730157575757303, 0.17169090909094276, 0.30250303030293924, 0.7521696969697148, 0.17169090909094276, 0.5968303030302852, 15.697454545454496, 0.3188545454545613, 0.24527272727258864]",9.3857470315035,0.6745,11.511052981947287,0.060103960396080125,25.998301980199198,50.0,2.0,4.0,1.0
1,"[0.0, 0.6745, 72.39633333334132, 0.4548501440921838, 0.8941498559077644, 1.139069164265106, 0.4548501440922356, 2.922833333333471, 1.038885057471288, 0.054270114942472934, 0.0, 0.6745000000000001, 0.6745, 0.0, 13.93966666657381, 73.67920588238947, 0.0, 0.6745, 0.6745, 15.584917647059399, 0.0]",8.853882444927072,0.6745,21.241528503289977,0.0,73.67920588238947,21.0,6.0,3.0,0.75
2,"[27.523951612906416, 0.6745, 0.0, 20.833346774195793, 20.87686290322805, 0.2719758064516854, 0.2502177419355563, 0.06403087557604221, 40.8492119815668, 1.2849691244239576, 0.06403087557603393, 1.121722826086876, 5.447320652172677, 0.22727717391312416, 0.2272771739129288]",7.981113034796396,0.6745,12.580172349280119,0.0,40.8492119815668,15.0,3.0,2.0,0.5
3,"[0.0, 0.6745000000000579, 0.674499999999942, 0.0, 0.0, 0.0, 0.0, 0.0, 0.0]",0.14988888888888888,0.0,0.28041643415322487,0.0,0.6745000000000579,9.0,8.0,1.0,0.25
