Cluster,Dist,mean,median,std,min,max,bag_count,day_count,Cluster_Rank,Cluster_perc
0,"[2.2932999999992814, 3.147666666665269, 1.2590666666661077, 0.6745, 0.22483333333293395, 0.6295333333330538, 1.7536999999995209, 1.798666666666467, 0.17986666666658677, 0.04496666666694623, 0.0, 1390.592323770493, 1390.647610655739, 0.0718729508197011, 0.0, 0.6745, 0.6745, 0.6745]",155.29674485428046,0.6745,436.7535368919661,0.0,1390.647610655739,18.0,3.0,3.0,0.75
1,"[0.8390121951219246, 0.8883658536586113, 0.5099878048780755, 0.29612195121946405, 1.0693292682926188, 0.29612195121946405, 0.3724850746268957, 0.3724850746268957, 0.9765149253731042, 1.5000074626867534, 0.8993333333332002, 0.6744999999999999, 0.0, 0.6744999999999999, 0.8693555555556266, 0.0]",0.6398825281620396,0.6744999999999999,0.3934180423503474,0.0,1.5000074626867534,16.0,4.0,2.0,0.5
2,"[19749.641041657876, 0.1967291666671191, 0.8993333333332085, 0.11241666666622983, 0.08431250000014041, 7522.052104163318, 0.44966666666679145, 1.2927916666663233, 0.08431249999976599, 1.8548749999989702]",2727.6667583321187,0.6745,6101.048564594563,0.08431249999976599,19749.641041657876,10.0,1.0,4.0,1.0
3,"[0.6744999999985023, 0.6745000000014977, 0.0, 0.0, 0.0, 0.0, 0.0, 0.6744999999999111, 0.6745000000000889, 0.0]",0.2698,0.0,0.33043616630145073,0.0,0.6745000000014977,10.0,8.0,1.0,0.25
