Cluster,Dist,mean,median,std,min,max,bag_count,day_count,Cluster_Rank,Cluster_perc
0,"[0.0, 0.6745000000004993, 0.6744999999995008, 0.0, 0.0, 0.0, 0.0, 0.0, 0.0, 0.0]",0.13490000000000002,0.0,0.2698,0.0,0.6745000000004993,10.0,9.0,1.0,0.33
1,"[1.2847619047619099, 0.06423809523809014, 0.06423809523809014, 30.047369047619977]",7.865151785714517,0.6745,12.816598636653223,0.06423809523809014,30.047369047619977,4.0,1.0,2.0,0.67
2,"[187.80007142859196, 0.6745, 0.0]",62.82485714286398,0.6745,88.37125051691574,0.0,187.80007142859196,3.0,1.0,3.0,1.0
