Cluster,Dist,mean,median,std,min,max,bag_count,day_count,Cluster_Rank,Cluster_perc
0,"[0.168625, 1.1803749999910138, 0.0, 0.16862499999550692, 1.1803749999955069, 1.348999999995507, 0.5058749999910138, 0.8431249999910139, 0.505875, 0.3372499999955069, 2.3607499999775348, 1.0117499999955069, 0.505875, 0.6745, 49918.90187467297, 0.10879032257956046, 0.10879032257956046, 0.10879032258187947, 0.23933870967596063, 0.06527419354820008, 0.06527419354935958, 0.45691935483856005, 0.50043548387108, 0.10879032257956046, 0.3698870967746798, 83.05053225801981, 84.39953225801867, 84.92172580640542, 83.57272580640658, 84.26898387092226, 0.9355967741939598, 1.10966129032288, 0.9791129032253201, 1.5448225806446003, 0.84856451612892, 35.36567567569866, 35.27452702704984, 0.8750270270279854, 0.0, 1.0390945945952772, 0.692729729729861, 0.6745, 0.7109594594602077, 0.34636486486541623, 0.4557432432436108, 0.0, 1.002635135136041, 0.6562702702706247, 0.6745, 0.5833513513521522, 0.47397297297347185, 0.5104324324331938, 0.0729189189189583, 1.002635135136041, 0.6745, 0.5833513513516664, 0.8750270270279854, 0.3645945945947915, 0.3828243243246525, 0.018229729729375272, 1.0390945945952772, 0.6198108108109027, 0.5468918918919444, 0.7838783783791661, 0.5104324324331938, 0.5104324324331938, 0.07291891891847256, 1.0937837837848603, 0.6562702702706247, 0.710959459459722, 0.8567972972981245, 0.4010540540545135, 0.49220270270333283, 35.3474459459688, 35.3474459459688, 35.25629729731998, 35.201608108130884, 35.29275675677922, 35.01931081083325, 35.29275675677922]",633.6977429571687,0.6745,5545.062539291005,0.0,49918.90187467297,80.0,3.0,4.0,1.0
1,"[0.6745, 0.6745, 0.6745, 0.6745]",0.6745,0.6745,0.0,0.6745,0.6745,4.0,2.0,2.0,0.5
2,"[0.6744999999970046, 0.6745000000029954, 0.0]",0.44966666666666666,0.6744999999970046,0.3179623492735509,0.0,0.6745000000029954,3.0,2.0,1.0,0.25
3,"[0.09635714285494217, 0.09635714285494217, 1.0599285714249036, 2.023499999994865, 0.2890714285750964, 392.84807142749673]",66.06888095220025,0.6745,146.14168078452886,0.09635714285494217,392.84807142749673,6.0,1.0,3.0,0.75
