Cluster,Dist,mean,median,std,min,max,bag_count,day_count,Cluster_Rank,Cluster_perc
0,"[0.0, 0.0, 0.0, 0.0, 0.0]",0.0,0.0,0.0,0.0,0.0,5.0,5.0,1.0,0.33
1,"[0.6745, 0.6745, 0.6745, 0.6745, 0.05740425531874214, 1.2915957446804929, 1.5212127659569912, 0.057404255319506915]",0.7032021276594667,0.6745,0.48124233569044456,0.05740425531874214,1.5212127659569912,8.0,3.0,2.0,0.67
2,"[1.9208586956523013, 0.33725000000019534, 0.014663043477963595, 0.014663043478745, 0.7478152173909901, 2.6540108695653277, 0.7478152173909901, 1.8622065217381027, 2.038163043478354, 0.4838804347821755, 2.24344565217297, 0.5718586956523013, 0.10264130434730798, 0.19061956521665235, 0.8651195652178244, 0.60118478260901]",0.9622622282607007,0.6745000000000001,0.848667185942571,0.014663043477963595,2.6540108695653277,16.0,1.0,3.0,1.0
