Cluster,Dist,mean,median,std,min,max,bag_count,day_count,Cluster_Rank,Cluster_perc
0,"[0.6745, 0.6745, 3.102699999994968, 0.6745, 0.0, 0.0, 5.935599999992092, 0.8701049999999928, 0.10117499999974838, 0.31701500000005034, 1.099434999999662, 0.10117500000010783, 0.49238500000009344, 1.139904999999921, 0.3305050000001366, 0.9105749999998922, 0.8566149999999065]",1.0165111764697983,0.6745,1.4133343599368453,0.0,5.935599999992092,17.0,3.0,3.0,1.0
1,"[0.0, 0.0, 0.0, 0.0, 0.0, 0.6744999999820277, 0.6745000000179723, 1.0693292682933135, 0.0, 0.6745, 0.0]",0.28116629711757396,0.0,0.38597179372283225,0.0,1.0693292682933135,11.0,8.0,1.0,0.33
2,"[0.4913024691357066, 0.8576975308642933, 1.024240740740601, 0.4913024691357066, 0.6745, 0.0, 1.349, 1.1466500000004494, 0.37097500000067396]",0.7117409122086034,0.6745,0.3993709178089351,0.0,1.349,9.0,2.0,2.0,0.67
