Cluster,Dist,mean,median,std,min,max,bag_count,day_count,Cluster_Rank,Cluster_perc
0,"[1.9101946640316234, 0.0, 0.6745, 0.0, 0.0, 0.0, 0.0]",0.3692420948616605,0.0,0.670758188509742,0.0,1.9101946640316234,7.0,5.0,1.0,0.33
1,"[0.6745, 0.0, 149.4499285713024]",50.04147619043413,0.6745,70.29293013825318,0.0,149.4499285713024,3.0,1.0,3.0,1.0
2,"[0.6745000000006912, 0.6744999999993088]",0.6745,0.6745,6.912248551316225e-13,0.6744999999993088,0.6745000000006912,2.0,1.0,2.0,0.67
