Cluster,Dist,mean,median,std,min,max,bag_count,day_count,Cluster_Rank,Cluster_perc
0,"[0.6744999999991014, 0.6745000000008986, 0.0, 0.0, 0.0, 0.0, 0.674500000000817, 0.6744999999991831, 0.0, 0.0]",0.26980000000000004,0.0,0.33043616630145073,0.0,0.6745000000008986,10.0,8.0,1.0,0.25
1,"[0.6745, 0.0, 0.7263846153842433, 0.6745, 0.0, 43.48276666667146, 88.04473333330382, 0.6745, 0.0, 329.15600000003593, 0.6745, 0.0]",38.675657051282954,0.6745,91.30487777047313,0.0,329.15600000003593,12.0,4.0,4.0,1.0
2,"[40.95479687500463, 40.97587500000449, 0.54803125, 0.6745, 1.8548750000002807, 0.37940625, 5.374921875000421, 0.5269531250001405, 1.222531250000281, 0.29509375, 41.10234375000449, 40.99695312500464, 40.912640625004634, 0.6745, 0.10539062499985959, 4.363171875000421, 41.12342187500463, 0.0, 0.35832812500014044, 0.18970312499985958, 0.5269531250001405, 0.27401562499985954, 0.505875, 0.2529375, 0.80096875, 6.681765625000702, 41.10234375000449]",11.584381365742003,0.6745,17.488860959493127,0.0,41.12342187500463,27.0,1.0,3.0,0.75
3,"[1.1527818181818419, 1.0546727272727627, 0.2943272727272371, 0.2943272727272371, 0.6745, 0.6745]",0.6908515151515132,0.6745,0.33184915574270063,0.2943272727272371,1.1527818181818419,6.0,2.0,2.0,0.5
