Cluster,Dist,mean,median,std,min,max,bag_count,day_count,Cluster_Rank,Cluster_perc
0,"[0.0, 0.0, 0.0, 0.0, 0.0, 0.0, 0.0, 0.0, 0.6744999999999023, 0.6745000000000976, 0.0, 1.5038032786885078, 0.6745, 0.0, 0.0, 0.0]",0.22045645491803173,0.0,0.4219492175275574,0.0,1.5038032786885078,16.0,13.0,1.0,0.33
1,"[0.6745, 0.6745, 0.6745, 0.6745]",0.6745,0.6745,0.0,0.6745,0.6745,4.0,2.0,2.0,0.67
2,"[0.6745, 15.05860465116213, 0.0, 329.66187500003707, 0.6745, 0.0]",57.67824660853321,0.6745,121.75381069469069,0.0,329.66187500003707,6.0,2.0,3.0,1.0
