Cluster,Dist,mean,median,std,min,max,bag_count,day_count,Cluster_Rank,Cluster_perc
0,"[0.6744999999998679, 0.6745000000001322, 0.0, 0.6744999999998595, 0.6745000000001404, 0.0, 0.6744999999998978, 0.6745000000001021, 0.0, 0.0]",0.40470000000000006,0.6744999999998638,0.33043616630145073,0.0,0.6745000000001404,10.0,7.0,1.0,0.25
1,"[0.0, 0.6745, 18.21150000000449, 0.6745, 21.8762833333333, 0.0, 147.5656111111276, 0.6745, 0.0]",21.075210493829488,0.6745,45.44804660494589,0.0,147.5656111111276,9.0,3.0,4.0,1.0
2,"[0.672072493573265, 0.672072493573265, 0.6783146529562978, 0.6769275064267349, 0.6745, 0.6745, 0.6745, 0.6745, 0.6745, 0.6745]",0.6746387146529562,0.6745,0.0017899028460523242,0.672072493573265,0.6783146529562978,10.0,4.0,2.0,0.5
3,"[1.8886000000004493, 0.20235, 2.0235, 0.6745, 0.0]",0.9577900000000898,0.6745,0.8450384088313189,0.0,2.0235,5.0,1.0,3.0,0.75
