Cluster,Dist,mean,median,std,min,max,bag_count,day_count,Cluster_Rank,Cluster_perc
0,"[0.0, 0.0, 0.0, 0.6744999999999873, 0.6745000000000126, 0.6744999999985023, 0.6745000000014977, 0.0, 0.0, 0.0, 0.0, 0.0]",0.22483333333333333,0.0,0.3179623492735508,0.0,0.6745000000014977,12.0,10.0,1.0,0.25
1,"[0.0, 0.0, 0.6745000000000001, 0.6745000000000001]",0.33725000000000005,0.33725000000000005,0.33725000000000005,0.0,0.6745000000000001,4.0,2.0,2.0,0.5
2,"[428.3075000000479, 0.6745, 0.0]",142.99400000001597,0.6745,201.7472985350133,0.0,428.3075000000479,3.0,1.0,4.0,1.0
3,"[0.8612846153845962, 2.3763153846153484, 0.48771538461540376, 0.48771538461540376]",1.053257692307688,0.6745,0.7789434387389145,0.48771538461540376,2.3763153846153484,4.0,1.0,3.0,0.75
