Cluster,Dist,mean,median,std,min,max,bag_count,day_count,Cluster_Rank,Cluster_perc
0,"[0.6745, 0.6745, 0.6745, 0.6745, 0.6745, 0.6745]",0.6745,0.6745,0.0,0.6745,0.6745,6.0,3.0,3.0,1.0
1,"[0.0, 0.0, 0.6744999999999954, 0.6745000000000047, 0.0, 0.0, 0.0, 0.0]",0.16862500000000002,0.0,0.29206706742630195,0.0,0.6745000000000047,8.0,7.0,1.0,0.33
2,"[0.0, 0.6745, 0.701479999999813]",0.4586599999999377,0.6745,0.32450857903395464,0.0,0.701479999999813,3.0,1.0,2.0,0.67
