Cluster,Dist,mean,median,std,min,max,bag_count,day_count,Cluster_Rank,Cluster_perc
0,"[0.6745, 0.6745, 0.6745, 0.6745, 0.6745000000000001, 0.6745000000000001]",0.6745000000000001,0.6745,9.064933036736789e-17,0.6745,0.6745000000000001,6.0,3.0,2.0,0.67
1,"[0.0, 0.0, 0.0, 0.0, 0.0]",0.0,0.0,0.0,0.0,0.0,5.0,5.0,1.0,0.33
2,"[0.6745, 23.72794642856803, 0.0, 17.874250000002245, 0.0, 0.6745]",7.1585327380950465,0.6745,9.797504865230595,0.0,23.72794642856803,6.0,2.0,3.0,1.0
