Cluster,Dist,mean,median,std,min,max,bag_count,day_count,Cluster_Rank,Cluster_perc
0,"[0.6745, 0.6745, 0.6745, 0.6745, 0.6745, 0.6745, 1.6188000000002245, 2.5631000000002246, 0.47215, 0.20235, 1.14665, 3.6423000000004495, 0.0, 0.6070500000002247, 0.33725, 0.6745, 0.47215, 3.372500000000449, 1.0792, 0.6745, 0.6745]",1.0278095238095986,0.6745,0.9559073219945954,0.0,3.6423000000004495,21.0,5.0,2.0,0.67
1,"[0.0, 0.0, 0.6745000000000624, 0.6744999999999376, 0.0, 0.6745, 0.3147666666666667, 0.0, 1.304033333333483, 0.8993333333334831, 0.0, 0.0, 0.0, 0.0, 0.0]",0.3027755555555755,0.0,0.4161839839705658,0.0,1.304033333333483,15.0,10.0,1.0,0.33
2,"[0.3559861111111406, 0.09368055555554688, 1.0679583333333593, 39.00858333333403, 0.29977777777781245, 0.6745, 1.0117500000000312, 0.20609722222220314, 0.6745, 0.0, 1.105430555555578, 0.8672142857143367, 1.3811190476191155, 0.1177698412698288, 0.3104841269841655, 45.148674603174754, 0.48178571428566336, 1.5095952380952211, 0.2890714285714693, 0.11776984126990013, 1.2954682539681883]",4.572248393802017,0.6745,12.213728049668696,0.0,45.148674603174754,21.0,2.0,3.0,1.0
