Cluster,Dist,mean,median,std,min,max,bag_count,day_count,Cluster_Rank,Cluster_perc
0,"[0.6745, 0.6745, 2.2483333333306708, 1.9485555555531147, 0.6745, 0.0, 0.6745, 0.2248333333326677, 0.8243888888897765]",0.8826790123451367,0.6745,0.6983901686683803,0.0,2.2483333333306708,9.0,2.0,3.0,0.75
1,"[0.0, 0.0, 0.0, 0.0, 0.6745, 1.4754687500002808, 0.0, 0.0, 0.0, 0.0, 0.0]",0.19545170454548008,0.0,0.4484055819659375,0.0,1.4754687500002808,11.0,9.0,1.0,0.25
2,"[0.4047000000004793, 0.6745, 0.0, 1.0792000000004793, 1.7537000000004792, 2.1134333333339725, 0.17986666666674653, 0.6745, 0.2248333333337327, 0.08993333333397234, 0.2698000000007189, 2.068466666668184, 2.248333333334931, 0.8504565217378054, 0.6745, 0.0]",0.8316389492757188,0.6745,0.766078148244393,0.0,2.248333333334931,16.0,2.0,2.0,0.5
3,"[0.8864857142856263, 0.46251428571437375, 1.5031714285724849, 0.46251428571437375, 0.22483333333422087, 1.1241666666657792, 2.9727962962988603, 0.22483333333288957]",0.9826644179898262,0.6745,0.8624495562429328,0.22483333333288957,2.9727962962988603,8.0,2.0,4.0,1.0
