Cluster,Dist,mean,median,std,min,max,bag_count,day_count,Cluster_Rank,Cluster_perc
0,"[0.6745, 0.6745, 44.726327586206715, 0.34887931034478753, 1.0001206896550576, 0.34887931034494246]",7.9622011494252485,0.6745,16.442921840544198,0.34887931034478753,44.726327586206715,6.0,2.0,3.0,1.0
1,"[0.0, 0.0, 0.0, 0.6744999999995008, 0.6745000000004993, 0.6744999999997753, 0.6745000000002247, 0.6745000000000022, 0.6744999999999977, 0.0, 0.0, 0.0, 0.0, 0.0, 0.0, 0.6744999999993581, 0.6745000000006418, 0.0]",0.2997777777777777,0.0,0.33516174462746845,0.0,0.6745000000006418,18.0,14.0,1.0,0.33
2,"[0.6745, 0.0, 0.8520000000002365, 0.7708571428571929, 0.6745, 0.0, 0.9443000000008985, 0.6745, 0.0]",0.5100730158731476,0.6745,0.370451322488109,0.0,0.9443000000008985,9.0,3.0,2.0,0.67
