Cluster,Dist,mean,median,std,min,max,bag_count,day_count,Cluster_Rank,Cluster_perc
0,"[0.8993333333333332, 0.6745, 0.2248333333333333, 1.5738333333333334, 0.4496666666666666, 0.2248333333333333, 0.4496666666666666, 0.6745, 0.8993333333333332, 0.0, 0.8993333333333332, 2.0235, 0.0, 0.0, 0.6745, 1.68625, 0.0, 1.01175, 0.6745, 0.0, 0.33725, 2.0235, 1.01175, 2.0235, 0.618291666667041, 0.05620833333295891, 0.9555416666662923, 0.7307083333329588, 0.05620833333370775, 0.7307083333337078, 1.0792, 0.0, 0.2698, 2.698, 0.0, 0.2698, 2.9677999999999995, 2.1584, 2.1584, 0.2698, 0.7494444444444445, 1.199111111111111, 0.5995555555555555, 0.8993333333333333, 0.5995555555555555, 0.5995555555555555, 1.5329545454558822, 0.7971363636372548, 0.7971363636372548, 0.3065909090906863, 0.18395454545424839, 0.18395454545506532, 0.7971363636364378, 0.5518636363635621, 0.843125, 0.33725, 0.33725, 2.36075, 1.01175, 0.0, 0.505875, 0.843125, 0.0, 1.349, 0.5396, 2.4282, 0.8094, 0.5396, 0.6745, 0.6745, 1.349, 0.0, 4.047, 0.6801485221674871, 0.6695160098522173, 0.6960972906403962, 0.6695160098522173, 0.6622061576354693, 0.6887874384236482, 0.6701805418719216, 0.6595480295566518, 0.6721741379310346, 0.6887874384236482, 0.6203406403940901, 0.6595480295566518, 0.668851477832513, 0.6741677339901478, 0.6203406403940901, 0.6794839901477827, 0.6748322660098521, 0.6774903940886696, 0.6748322660098521, 0.6675224137931042, 0.678154926108374, 0.6774903940886696, 0.6828066502463045, 0.6801485221674871]",0.8040760798914252,0.6745,0.6955695741612967,0.0,4.047,97.0,10.0,2.0,0.67
1,"[0.0, 0.0, 0.6745, 1.349, 0.0, 0.0, 0.843125, 1.01175, 0.6745, 0.33725, 1.517625, 0.505875, 0.6744999999985023, 0.6745000000014977, 0.0, 0.0, 0.0, 0.0, 1.349, 0.6745]",0.51430625,0.5901874999992511,0.5015708036306414,0.0,1.517625,20.0,9.0,1.0,0.33
2,"[0.71, 146.6860000000161, 13723.306000001508, 0.7809999999999999, 0.355, 0.639, 0.213, 0.213, 0.8993333333333332, 1.7986666666666664, 0.6745, 0.2248333333333333, 1.5738333333333334, 0.0, 0.0, 441.5726666667146, 0.6745, 0.2248333333333333, 0.6745, 0.5620833333333333, 33672.61383333705, 33675.76150000371, 33670.14066667038, 1.01175, 1.9110833333333332, 0.6745, 0.2248333333333333, 0.33725, 0.6745, 0.2248333333333333, 2.1359166666666667]",3720.886884409011,0.6745,10097.79740157505,0.0,33675.76150000371,31.0,3.0,3.0,1.0
