Cluster,Dist,mean,median,std,min,max,bag_count,day_count,Cluster_Rank,Cluster_perc
0,"[0.6746288761601742, 0.6744719834434403, 0.6745280165565596, 0.6744719834434403, 0.0, 0.6745, 1492.0518142861627, 0.0, 0.6745, 3.4399499999949676]",149.95388651457614,0.6745,447.36690744845515,0.0,1492.0518142861627,10.0,3.0,4.0,0.57
1,"[0.0, 0.0, 0.0, 0.0, 0.0, 0.0]",0.0,0.0,0.0,0.0,0.0,6.0,6.0,1.0,0.14
2,"[0.7708571428571428, 0.0, 0.3131607142858748, 0.6745, 6059.539375000667, 0.6745, 0.18395454545424839, 4.721500000003267, 0.0, 0.7358181818186275]",606.7613665585086,0.6745,1817.5931433553762,0.0,6059.539375000667,10.0,2.0,5.0,0.71
3,"[7645.392225815509, 7644.69596775099, 7644.870032267121, 0.36988709677415615, 0.48955645161350164, 0.6745, 0.0, 0.446040322580907, 1.0117500000011597, 0.10879032258090698, 0.14142741935506312, 0.21758064516181397, 0.47867741935506314, 1.033508064516877, 0.14142741935506312, 4732.781556457219, 4733.673637102382, 4734.326379037866, 4733.401661295929]",2203.908137099385,0.6745,3014.668127340977,0.0,7645.392225815509,19.0,1.0,7.0,1.0
4,"[0.11833333333313419, 704.3199999998303, 0.11833333333344949, 1.2306666666665507, 1.1803750000033697, 0.1686249999966302, 7.5881250000011224, 0.1686249999966302]",89.36163541664516,0.6745,232.44440724235528,0.11833333333313419,704.3199999998303,8.0,2.0,3.0,0.43
5,"[0.30602314814802334, 0.6745, 0.0, 0.6370277777776946, 1501.8491944446098, 1502.0677824075733, 1502.1614629631285, 1908.0954879509452, 1908.2986506015475, 0.6745, 0.6501204819277787, 0.5932349397589736, 0.0, 1907.1934457822708]",730.9429593212634,0.6745,853.9062471236178,0.0,1908.2986506015475,14.0,2.0,6.0,0.86
6,"[1.2876818181798872, 0.30659090908912673, 0.0, 4.598863636354873, 0.6745]",1.3735272727247776,0.6745,1.6687560397853547,0.0,4.598863636354873,5.0,1.0,2.0,0.29
