Cluster,Dist,mean,median,std,min,max,bag_count,day_count,Cluster_Rank,Cluster_perc
0,"[0.0, 0.6745000000000023, 0.6744999999999977, 0.0, 0.0, 0.0, 0.0, 0.6745000000000023, 0.6744999999999977, 0.0, 0.0, 0.0]",0.2248333333333333,0.0,0.3179623492735508,0.0,0.6745000000000023,12.0,10.0,2.0,0.67
1,"[0.6745, 0.6745]",0.6745,0.6745,0.0,0.6745,0.6745,2.0,1.0,3.0,1.0
2,[0.0],0.0,0.0,0.0,0.0,0.0,1.0,1.0,1.0,0.33
