Cluster,Dist,mean,median,std,min,max,bag_count,day_count,Cluster_Rank,Cluster_perc
0,"[0.0, 0.0, 0.0, 0.0, 0.0, 0.0, 0.6745000000000048, 0.6744999999999953, 0.0, 0.0, 0.0, 0.0, 0.6745000000006418, 0.6744999999993581, 0.0]",0.17986666666666667,0.0,0.29827512281262897,0.0,0.6745000000006418,15.0,13.0,1.0,0.33
1,"[16.378243589742635, 0.0, 0.6745, 0.0, 2.566201149424956, 0.6745]",3.3822407898612643,0.6745,5.875157237053995,0.0,16.378243589742635,6.0,2.0,3.0,1.0
2,"[12.197756285274549, 0.6755382247306333, 0.6644638276039029, 0.6734617752693667, 0.6755382247306333, 0.6644638276039029]",2.5918703608688314,0.6745,4.295885347145845,0.6644638276039029,12.197756285274549,6.0,1.0,2.0,0.67
