Cluster,Dist,mean,median,std,min,max,bag_count,day_count,Cluster_Rank,Cluster_perc
0,"[0.6745, 0.6745, 0.6745, 1.01175, 0.0, 30.00740697674288, 0.0, 0.6745, 0.6745, 0.6745]",3.506615697674288,0.6745,8.838745818941849,0.0,30.00740697674288,10.0,3.0,2.0,0.67
1,"[0.6744999999999803, 0.6745000000000195, 0.6745, 1.0852882860040542, 0.0, 0.6744999999999978, 0.6745000000000023, 0.0, 0.0, 0.0, 0.0, 0.6745000000000022, 0.6744999999999977, 0.0, 0.0]",0.3871192190669369,0.6744999999999803,0.37546265390605676,0.0,1.0852882860040542,15.0,10.0,1.0,0.33
2,"[4.215624999999045, 0.0, 0.6745, 0.13489999999995506, 66.53942499998524, 0.6745, 0.55719565217393, 28.915521739129375, 0.0, 28.548945652172904]",13.026061304346047,0.6745,20.978255654903844,0.0,66.53942499998524,10.0,2.0,3.0,1.0
