Cluster,Dist,mean,median,std,min,max,bag_count,day_count,Cluster_Rank,Cluster_perc
0,"[0.0, 0.0, 0.0, 0.6745000000003668, 0.6744999999996332, 0.6745000000003153, 0.6744999999996847, 0.0, 0.0, 0.0, 0.0, 0.6745000000005287, 0.6744999999994714]",0.3113076923076923,0.0,0.3362507385443155,0.0,0.6745000000005287,13.0,10.0,1.0,0.2
1,"[3.822166666668663, 0.6745, 0.0, 0.6745, 9.780249999937098, 0.0, 0.0, 7.0340714285787636, 0.6745]",2.517776455020502,0.6745,3.400203837097454,0.0,9.780249999937098,9.0,3.0,5.0,1.0
2,"[0.6745, 0.6745, 0.6745, 0.6745, 0.6745, 0.6745]",0.6745,0.6745,0.0,0.6745,0.6745,6.0,3.0,2.0,0.4
3,"[0.0, 0.0, 0.6745, 1.3864722222214456, 1.7986666666653355]",0.7719277777773563,0.6745,0.7256851631724636,0.0,1.7986666666653355,5.0,1.0,4.0,0.8
4,"[1.1562857142851903, 0.5781428571429619, 0.11012244897957686, 0.11012244897957686, 1.183816326530268, 0.9085102040816925, 0.4129591836739634, 0.5506122448978843, 0.7708571428570381, 1.1012244897957686]",0.6882653061223921,0.6745,0.382863622829129,0.11012244897957686,1.183816326530268,10.0,1.0,3.0,0.6
