Cluster,Dist,mean,median,std,min,max,bag_count,day_count,Cluster_Rank,Cluster_perc
0,"[0.0, 0.0, 0.0, 0.6744999999999977, 0.6745000000000022, 0.0, 0.0, 0.0, 0.0, 0.6744999999999319, 0.674500000000068]",0.24527272727272728,0.0,0.3244653198751029,0.0,0.674500000000068,11.0,9.0,2.0,0.67
1,"[0.6745, 0.6745]",0.6745,0.6745,0.0,0.6745,0.6745,2.0,1.0,3.0,1.0
2,[0.0],0.0,0.0,0.0,0.0,0.0,1.0,1.0,1.0,0.33
