Cluster,Dist,mean,median,std,min,max,bag_count,day_count,Cluster_Rank,Cluster_perc
0,"[0.0, 0.0, 0.0, 0.0, 0.6744999999999977, 0.6745000000000023, 0.0, 0.0, 0.6744999999993581, 0.6745000000006418, 0.6745000000004993, 0.6744999999995008, 0.0, 0.0, 0.0]",0.2698,0.0,0.33043616630145073,0.0,0.6745000000006418,15.0,12.0,1.0,0.33
1,"[0.0, 0.6745, 23.730136363636106]",8.134878787878701,0.6745,11.03094984435955,0.0,23.730136363636106,3.0,1.0,3.0,1.0
2,"[0.6745000000000001, 0.6745000000000001]",0.6745000000000001,0.6745000000000001,0.0,0.6745000000000001,0.6745000000000001,2.0,1.0,2.0,0.67
