Cluster,Dist,mean,median,std,min,max,bag_count,day_count,Cluster_Rank,Cluster_perc
0,"[1.4913256880735093, 1.0829128440365898, 0.26608715596341015, 0.2660871559632453, 3.8502708333335205, 0.0, 0.6745, 0.0, 3.672277777775559, 0.6745]",1.1977961455145834,0.6745,1.3568828722440163,0.0,3.8502708333335205,10.0,3.0,2.0,0.67
1,"[0.0, 0.6745000000029954, 0.6744999999970046, 0.0, 0.0, 1.6627209302325094, 0.6745, 0.0, 0.0, 0.0, 0.6745000000000719, 0.674499999999928, 0.6744999999993581, 0.6745000000006418]",0.4560157807308935,0.6744999999981813,0.46583160277191926,0.0,1.6627209302325094,14.0,9.0,1.0,0.33
2,"[0.852, 1.1182500000001183, 0.44374999999988174, 0.4437500000001182, 0.497, 1.2425000000002364, 1.0117499999977535, 0.33725000000224653, 0.3372499999932604, 107.58275000001574, 0.7139082568807362, 0.6761284403669702, 0.6728715596330299, 0.6728715596330299]",8.328716415465935,0.6745000000000001,27.52944829544225,0.3372499999932604,107.58275000001574,14.0,3.0,3.0,1.0
