Cluster,Dist,mean,median,std,min,max,bag_count,day_count,Cluster_Rank,Cluster_perc
0,"[0.0, 0.0, 0.0, 0.0, 0.0, 0.6744999999996901, 0.6745000000003099, 0.0, 0.674500000001997, 0.6744999999980031]",0.2698,0.0,0.33043616630145073,0.0,0.674500000001997,10.0,8.0,1.0,0.33
1,"[1.1129250000002247, 0.23607499999977533, 0.23607499999977533, 2.3270250000002246]",0.9780249999999999,0.6745,0.8571724760807088,0.23607499999977533,2.3270250000002246,4.0,1.0,3.0,1.0
2,"[0.6745, 0.6745]",0.6745,0.6745,0.0,0.6745,0.6745,2.0,1.0,2.0,0.67
