Cluster,Dist,mean,median,std,min,max,bag_count,day_count,Cluster_Rank,Cluster_perc
0,"[1.282872549020216, 0.5157941176466857, 0.8332058823526095, 0.5157941176473905, 0.6745, 0.7226785714275628, 0.0]",0.6492636054420664,0.6745,0.3582682803938082,0.0,1.282872549020216,7.0,2.0,2.0,0.67
1,"[0.674499999999943, 0.6745000000000568, 0.0, 0.0, 0.0, 0.0]",0.2248333333333333,0.0,0.3179623492735508,0.0,0.6745000000000568,6.0,5.0,1.0,0.33
2,"[0.6745, 0.6745]",0.6745,0.6745,0.0,0.6745,0.6745,2.0,1.0,3.0,1.0
