Cluster,Dist,mean,median,std,min,max,bag_count,day_count,Cluster_Rank,Cluster_perc
0,"[0.0, 41.818999999995654, 0.6745, 0.6745, 0.0, 2.2933, 0.0, 3.4287083333337076, 0.6745]",5.507167592592151,0.6745,12.885171595626387,0.0,41.818999999995654,9.0,3.0,3.0,1.0
1,"[0.0, 0.0, 0.0, 0.0, 0.0, 0.6745000000002365, 0.6744999999997635, 0.0, 0.6745000000000029, 0.6744999999999971]",0.2698,0.0,0.33043616630145073,0.0,0.6745000000002365,10.0,8.0,1.0,0.33
2,"[0.6745, 0.6745, 0.6745, 0.6745, 0.0, 0.0]",0.44966666666666666,0.6745,0.3179623492735509,0.0,0.6745,6.0,3.0,2.0,0.67
