Cluster,Dist,mean,median,std,min,max,bag_count,day_count,Cluster_Rank,Cluster_perc
0,"[0.6744999999999955, 0.6745000000000044, 0.6744999999993581, 0.6745000000006418, 0.0, 0.0, 0.0, 0.0, 0.0, 0.0, 0.0, 0.0, 0.0, 0.0, 0.0]",0.17986666666666665,0.0,0.298275122812629,0.0,0.6745000000006418,15.0,13.0,1.0,0.25
1,"[0.6745, 0.6745, 0.6745, 0.6745]",0.6745,0.6745,0.0,0.6745,0.6745,4.0,2.0,2.0,0.5
2,"[0.6745, 0.0, 0.9443000000008985, 0.6745, 0.0, 2.9087812499978587]",0.8670135416664596,0.6745,0.979143883003812,0.0,2.9087812499978587,6.0,2.0,3.0,0.75
3,"[0.02175806451568954, 1.3272419354837306, 0.021758064516269292, 82.8764677419271]",21.061806451610696,0.6745,35.69269063597018,0.02175806451568954,82.8764677419271,4.0,1.0,4.0,1.0
