Cluster,Dist,mean,median,std,min,max,bag_count,day_count,Cluster_Rank,Cluster_perc
0,"[0.0, 0.0, 0.0, 0.6745000000014977, 0.6744999999985023, 0.0, 0.6744999999996256, 0.6745000000003744, 0.0, 0.0]",0.2698,0.0,0.33043616630145073,0.0,0.6745000000014977,10.0,8.0,2.0,0.67
1,"[0.0, 441.3478333333813, 0.6745]",147.34077777779376,0.6745,207.89456506430088,0.0,441.3478333333813,3.0,1.0,3.0,1.0
2,[0.0],0.0,0.0,0.0,0.0,0.0,1.0,1.0,1.0,0.33
