Cluster,Dist,mean,median,std,min,max,bag_count,day_count,Cluster_Rank,Cluster_perc
0,"[0.14988888888888888, 2.997777777777778, 0.6370277777780274, 0.7119722222219727, 1.7986666666666666, 0.14988888888888888, 1.6318548387098832, 1.0226290322581393, 0.6745000000005797, 0.6092258064517438, 0.32637096774186064, 0.0, 0.6745, 1.0008709677424403, 0.08703225806453482, 0.0, 0.6745, 2.4220681818202614, 0.7664772727279411, 0.21461363636437902, 0.45658461538484507, 0.6848769230775441, 0.6641230769224559, 0.9961846153850663, 1.348999999999447, 0.4565846153842921, 0.0, 0.8891136363633888, 0.6745, 0.9044431818188965, 1.364329545455056, 2.0388295454538308, 0.13796590909060275, 0.38323863636333, 0.4445568181811034, 0.13796590909141968, 1.1497159090916238, 0.0, 0.6745, 2.119857142855125, 0.36077906976739327, 0.3450930232560764, 0.0, 0.8784186046517167, 1.239197674418692, 0.7999883720934606, 1.066651162790863, 0.7529302325586742, 0.07843023255825618, 0.6901860465117348, 1.0980232558143326, 0.4862674418604359, 0.5019534883721708, 0.3137209302326067, 0.6745, 0.6431279069769483, 0.5646976744186921, 0.7999883720930426, 1.537232558139982, 0.6745, 0.505875, 0.9485156250001403, 0.0, 0.168625, 2.2764375000005614, 0.6745, 0.061318181818033286, 0.0, 0.8380151515151185, 1.2672424242424407, 0.6745]",0.7464359182128645,0.6745,0.6162691445296651,0.0,2.997777777777778,71.0,10.0,2.0,0.67
1,"[0.0, 0.0, 0.6745000000044931, 0.6744999999955069, 0.6745000000014977, 0.6744999999985023, 0.0]",0.3854285714285714,0.6744999999955069,0.3337909342014879,0.0,0.6745000000044931,7.0,5.0,1.0,0.33
2,"[0.515794117647121, 0.29757352941151594, 0.2777352941178025, 0.33725, 1.2894852941172739, 1.7457647058816688, 0.21822058823507648, 0.6745, 0.6745, 0.29757352941151594, 0.9323970588230319, 1.8647941176465923, 0.7141764705879554, 0.7141764705879554, 0.21822058823507648, 3.3724999999989427, 0.0, 0.6745, 1.1241666666673322, 5.9955555555511175, 0.6745, 0.6745, 0.0, 0.09230000000002787, 0.021300000000042816, 7.121299999999306, 7.234899999999282, 7.107099999999215, 0.8009687499997192, 0.5269531250001405, 0.6745, 0.6745, 0.168625, 0.0843125, 0.0843125, 1.6862500000005616, 1.4122343750004214, 1.4754687500002808, 0.1264687499997192, 2.3607500000005617]",1.3735031934229815,0.6745,1.9637811233844622,0.0,7.234899999999282,40.0,4.0,3.0,1.0
