Cluster,Dist,mean,median,std,min,max,bag_count,day_count,Cluster_Rank,Cluster_perc
0,"[0.20235, 0.4384249999997753, 0.47215, 1.8886000000004493, 0.6745, 0.7756750000002246, 1.0454750000002246, 0.0, 0.33725, 0.1349, 0.8431249999997753, 1.2141, 0.0, 0.9105749999997754, 0.6745, 0.7756750000002246, 0.6407749999997754, 0.04496666666666666, 0.1349, 0.966783333333483, 2.113433333333633, 0.24731666666681643, 0.966783333333483, 0.0, 0.04496666666666666, 1.8211500000001497, 2.0010166666668163, 0.3147666666666667, 1.0792, 0.6745, 1.4614166666668162, 0.3597333333333333, 0.18656382978735608, 0.3874787234042147, 1.248542553191953, 1.1050319148938692, 0.10045744680842927, 1.191138297872796, 1.191138297872796, 0.6170957446808429, 0.18656382978735608, 1.4781595744685814, 0.6745, 0.6745, 1.047627659574712, 0.10045744680842927, 0.2152659574467434, 0.4735851063831414, 1.3920531914896546, 0.6745000000003825, 0.6170957446808429, 0.7032021276597697, 0.3874787234042147, 0.6457978723406126, 0.7893085106383142, 1.3059468085111101, 1.158756410256558, 0.43237179487183625, 0.9166282051281637, 0.43237179487183625]",0.7265437650028211,0.6745,0.5205690738082681,0.0,2.113433333333633,60.0,4.0,2.0,0.5
1,"[0.6745000000004084, 0.6744999999995915, 0.6744999999998802, 0.6745000000001198, 0.0, 0.0, 0.0, 0.0, 0.0, 0.0]",0.2698,0.0,0.33043616630145073,0.0,0.6745000000004084,10.0,8.0,1.0,0.25
2,"[0.1124166666674155, 0.6745, 2.4731666666666663, 0.0, 12.36583333333483, 0.5958083333334082, 0.9555416666667415, 0.6632583333332585, 2.1696416666667417, 0.5958083333334082, 0.6857416666667415]",1.9356106060608378,0.6745,3.378084930486421,0.0,12.36583333333483,11.0,2.0,4.0,1.0
3,"[0.6745, 3.0659090909072346, 0.24527272727257873, 0.30659090909031494, 0.24527272727257873, 0.6745, 0.9197727272717617, 1.716909090908868, 0.6745, 1.0522199999995399, 0.6745, 0.6745, 4.361766666665029, 0.22483333333353303, 1.124166666666467, 0.22483333333353303]",1.0537529545450899,0.6745,1.1015138847411088,0.22483333333353303,4.361766666665029,16.0,3.0,3.0,0.75
