Cluster,Dist,mean,median,std,min,max,bag_count,day_count,Cluster_Rank,Cluster_perc
0,"[0.0, 0.0, 0.0, 0.0, 0.0, 0.6745000000004729, 0.674499999999527, 0.0, 0.6744999999999955, 0.6745000000000045, 0.6744999999999954, 0.6745000000000045, 0.0, 0.0]",0.28907142857142853,0.0,0.3337909342014879,0.0,0.6745000000004729,14.0,11.0,2.0,0.67
1,"[0.6745, 0.6745, 0.6745, 0.6745]",0.6745,0.6745,0.0,0.6745,0.6745,4.0,2.0,3.0,1.0
2,[0.0],0.0,0.0,0.0,0.0,0.0,1.0,1.0,1.0,0.33
