Cluster,Dist,mean,median,std,min,max,bag_count,day_count,Cluster_Rank,Cluster_perc
0,"[15.32403370786454, 0.31072471910112753, 0.3865112359550488, 0.5380842696628914, 0.0, 0.3637752808988724, 0.5608202247190677, 0.7199719101123527, 0.030314606741568495, 0.583556179775244, 0.5380842696628914, 0.28041011235955904, 0.5456629213482834, 0.6745, 0.06062921348313699, 0.44714044943818576, 15.301297752808413, 15.346769662920767, 15.32403370786454, 15.308876404493756, 15.24824719101062, 15.308876404493756, 15.18003932584204, 15.21035393258371, 15.18003932584204, 15.157303370785913, 15.21035393258371, 0.0, 1.1241666666626728, 0.2248333333313364, 0.6745, 0.8993333333313364, 0.6744999999970046, 0.6745, 0.0, 2.023499999994009, 1.5738333333313363, 474.6231666656667, 0.2248333333313364, 0.4496666666656682, 0.8993333333313364, 0.8993333333313364, 1.1241666666656682, 0.6745, 0.6745, 0.0, 1.1241666666626728, 0.2248333333313364, 1.7986666666626727, 0.22483333333433178, 0.2248333333313364, 0.6745, 0.8993333333313364, 0.4496666666656682]",12.633331668727985,0.6745,63.75095315305659,0.0,474.6231666656667,54.0,2.0,3.0,0.6
1,"[0.6745, 0.6745, 0.6745, 0.6745, 0.0, 0.8094, 0.8094, 0.5396, 0.6745]",0.6145444444444444,0.6745,0.23026368030832783,0.0,0.8094,9.0,3.0,2.0,0.4
2,"[1.4239444444439453, 0.22483333333383257, 302.2509444444769, 0.8243888888893881, 0.8243888888883897, 0.37472222222272145, 0.5246111111116103, 0.22483333333283412, 105.89650000001168, 0.6745, 0.6745, 0.9443, 0.33725, 0.2698, 0.1349, 0.0, 106.23375000001214, 106.30120000001168, 106.63845000001214, 2.0235, 0.8993333333333332, 0.6745, 0.4496666666666666, 0.0, 0.6745, 467.87816666671904]",46.437595512825624,0.6745,107.30639326412066,0.0,467.87816666671904,26.0,3.0,5.0,1.0
3,"[0.0, 0.0, 0.0, 0.0, 0.0, 0.0, 0.0, 0.0]",0.0,0.0,0.0,0.0,0.0,8.0,8.0,1.0,0.2
4,"[0.4721500000001797, 0.06745000000053916, 0.8768499999998203, 275.6681500003992, 274.5889500003977, 0.06744999999874193, 35.26424358974148, 0.03458974358985289, 0.6745, 0.0, 0.6745, 35.29883333333122, 35.31612820512598, 0.5210592417061757, 0.655319905213272, 0.693680094786728, 0.5210592417061757, 13.819258293839107, 13.832045023696926]",36.265590351238586,0.6745,82.88413567352883,0.0,275.6681500003992,19.0,3.0,4.0,0.8
