Cluster,Dist,mean,median,std,min,max,bag_count,day_count,Cluster_Rank,Cluster_perc
0,"[64.71827499996385, 0.8093999999999102, 0.5395999999996405, 0.5396000000000899, 0.6745, 0.6745, 0.0, 0.6745, 23.869805555552247, 23.93225925925585, 0.4996296296296728]",10.630188131309204,0.6745,19.28451526225725,0.0,64.71827499996385,11.0,3.0,2.0,0.67
1,"[0.0, 0.6745000000000254, 0.6744999999999746, 0.0, 0.6745000000000047, 0.6744999999999953, 0.0, 0.0, 0.0]",0.29977777777777775,0.0,0.33516174462746845,0.0,0.6745000000000254,9.0,7.0,1.0,0.33
2,"[0.6745, 110.33695833334494, 0.0]",37.00381944444831,0.6745,51.8550909235609,0.0,110.33695833334494,3.0,1.0,3.0,1.0
