Cluster,Dist,mean,median,std,min,max,bag_count,day_count,Cluster_Rank,Cluster_perc
0,"[0.0, 0.0, 0.0, 0.6744999999999952, 0.6745000000000048, 0.0, 0.6745, 0.0, 1.5738333333383256, 0.0, 0.0, 0.0, 0.0, 0.0, 0.0]",0.23982222222255506,0.0,0.4456517053372777,0.0,1.5738333333383256,15.0,12.0,1.0,0.33
1,"[0.6745, 0.6745, 0.6745, 0.6745, 0.6745, 0.6745]",0.6745,0.6745,0.0,0.6745,0.6745,6.0,3.0,2.0,0.67
2,"[0.0, 3.7949377162631484, 0.6745]",1.4898125720877162,0.6745,1.653065638993676,0.0,3.7949377162631484,3.0,1.0,3.0,1.0
