Cluster,Dist,mean,median,std,min,max,bag_count,day_count,Cluster_Rank,Cluster_perc
0,"[0.6745, 0.0, 1.4766081081079636, 0.6744999999997005, 0.6745000000002995, 0.0, 0.0, 0.0, 0.0, 0.0, 0.0, 0.0, 0.0]",0.26923908523907414,0.0,0.4474591816076914,0.0,1.4766081081079636,13.0,10.0,1.0,0.33
1,"[0.0, 0.6745, 6.407750000000749]",2.3607500000002495,0.6745,2.874879048180756,0.0,6.407750000000749,3.0,1.0,3.0,1.0
2,"[0.2997777777777223, 2.435694444444243, 0.5995555555556942, 1.461416666666646, 0.22483333333329172, 0.44966666666658345, 1.6862499999999374, 0.63702777777766, 1.7237222222221529, 0.22483333333329172, 1.9860277777776598, 2.398222222222028, 0.5246111111110141, 0.6745000000001248, 1.3115277777777847, 1.5363611111108268, 1.686249999999688, 0.6744999999998752, 0.2997777777777223, 0.26230555555550705]",1.0548430555554726,0.6745,0.7331806803065962,0.22483333333329172,2.435694444444243,20.0,1.0,2.0,0.67
