Cluster,Dist,mean,median,std,min,max,bag_count,day_count,Cluster_Rank,Cluster_perc
0,"[1.124166666667998, 0.4871388888894991, 0.6745, 0.0, 8527.928333340584, 4599.008816173373, 4598.552536761607, 0.9224779411763422, 0.4066838235288948, 0.40668382352942345, 0.4265220588236577]",1611.812532679835,0.6745,2803.3388608670953,0.0,8527.928333340584,11.0,2.0,7.0,1.0
1,"[0.0, 0.0, 0.0, 0.0, 0.6745000000005446, 0.6744999999994554, 0.0, 0.0, 0.0, 0.0, 0.0]",0.12263636363636364,0.0,0.26015101304199617,0.0,0.6745000000005446,11.0,10.0,1.0,0.14
2,"[0.0, 4.191535714290666, 0.6745, 5244.64219999359, 0.6745, 0.0, 966.6202862596975, 0.0, 0.6745]",690.8308357741754,0.6745,1637.932990240944,0.0,5244.64219999359,9.0,3.0,5.0,0.71
3,"[1.402959999999626, 0.8903399999999424, 0.4586600000000575, 0.4586600000000575, 0.2610967741928003, 1.8276774193530807, 0.2610967741939598, 1.0879032258060402]",0.8310492741931956,0.6745,0.5381540355956833,0.2610967741928003,1.8276774193530807,8.0,2.0,3.0,0.43
4,"[0.28104166666704106, 0.6182916666662923, 0.28104166666704106, 1.6300416666670412, 0.39345833333445657, 0.7307083333337078, 0.7307083333337078, 2.4169583333329587, 0.62798275862163, 0.7210172413783701, 1.6513620689656028, 0.6279827586203905, 1.252642857143499, 0.6022321428573033, 0.6022321428566614, 0.7467678571426967, 1.2044642857134604, 0.14453571428653955, 9040.419857135248, 0.1445357142852558]",452.7913931338561,0.6745000000000001,1970.13716427645,0.1445357142852558,9040.419857135248,20.0,4.0,4.0,0.57
5,"[0.2578970588235605, 0.13886764705863697, 1.4085147058816687, 0.0, 0.19838235294136303, 0.793529411764395, 1.5275441176465925, 0.2578970588235605, 0.6745, 0.17854411764712103, 0.07935294117643948, 0.039676470588484045, 2.0036617647052295, 1.8251176470581083, 0.15870588235287897, 1.6862499999994713, 2.1822058823523505, 1.8449558823523504, 0.9323970588230319, 18308.747029406608, 0.19838235294136303]",872.6254005599783,0.6745,3898.83539281347,0.0,18308.747029406608,21.0,1.0,6.0,0.86
6,"[0.6745, 0.6745, 0.6745, 0.6745]",0.6745,0.6745,0.0,0.6745,0.6745,4.0,2.0,2.0,0.29
