Cluster,Dist,mean,median,std,min,max,bag_count,day_count,Cluster_Rank,Cluster_perc
0,"[0.6140970149253792, 0.7349029850746208, 0.6140970149253792, 11.788649253731446, 1.4124823529418258, 0.8887529411766796, 0.07935294117638353, 1.1109411764712722, 0.7459176470588932, 0.07935294117659496, 0.6030823529411068, 0.1428352941179978]",1.5678719929764648,0.6745,3.105642291619564,0.07935294117638353,11.788649253731446,12.0,2.0,3.0,1.0
1,"[0.0, 0.0, 0.0, 0.0, 0.0, 0.0, 1.7806799999995255, 0.6745, 0.0, 0.0, 0.0, 0.0, 0.0, 0.6744999999999953, 0.6745000000000047]",0.25361199999996836,0.0,0.48791299184988235,0.0,1.7806799999995255,15.0,12.0,1.0,0.33
2,"[0.6745, 0.6745, 0.6745, 0.6745]",0.6745,0.6745,0.0,0.6745,0.6745,4.0,2.0,2.0,0.67
