Cluster,Dist,mean,median,std,min,max,bag_count,day_count,Cluster_Rank,Cluster_perc
0,"[2.6480370370367163, 1.6487777777777037, 0.0, 0.6745, 0.6245370370370493, 1.1741296296295063, 1.0242407407406544, 0.49962962962950636, 0.4496666666665557, 3.4568125000005616, 0.0, 0.6745, 0.6745, 2.0631764705874267, 0.0, 3358.129020408077, 0.0, 0.6745, 0.10599285714279297, 0.3565214285714927, 0.8575785714286356, 1.2622785714287639, 0.8190357142857784, 0.1059928571430497, 1.821150000000064, 0.5299642857142216, 10.117499999979032, 0.0, 0.6745, 78.9164999994788, 0.6745, 0.0, 2.304541666667041, 0.0, 0.6745, 0.0, 0.6745, 2.2569807692312875]",91.48863327942772,0.6745,537.1793837454811,0.0,3358.129020408077,38.0,9.0,8.0,1.0
1,"[0.0, 0.0, 0.0, 0.0, 0.0, 0.6744999999999314, 0.6745000000000686]",0.1927142857142857,0.0,0.304708040254796,0.0,0.6745000000000686,7.0,6.0,1.0,0.12
2,"[0.7373416149068523, 0.6116583850931475, 0.6116583850931475, 0.9300559006211699, 0.7624782608693443, 0.8797826086957881, 0.5865217391306556, 0.586521739130265]",0.7132523291925462,0.6744999999999999,0.12772213614014843,0.586521739130265,0.9300559006211699,8.0,2.0,4.0,0.5
3,"[0.2248333333332335, 0.7644333333332934, 2.877866666665688, 0.6745, 0.6744999999997005, 0.0, 1.8436333333325146]",1.0085380952377758,0.6745,0.9339520973451423,0.0,2.877866666665688,7.0,1.0,5.0,0.62
4,"[0.6745, 0.6745, 0.6745, 0.6745]",0.6745,0.6745,0.0,0.6745,0.6745,4.0,2.0,2.0,0.25
5,"[0.7708571428570381, 0.1651836734693653, 3.6065102040816925, 0.22024489795915372, 1.2113469387753455, 1.5417142857144428, 0.5781428571429619, 0.1651836734693653]",1.0323979591836707,0.6745,1.0814310445531625,0.1651836734693653,3.6065102040816925,8.0,1.0,6.0,0.75
6,"[0.6469693877551057, 0.7020306122448943, 0.6469693877549224, 1.1149897959183075, 0.4721500000001497, 0.8768499999998502, 0.47214999999955065, 4.204383333333782]",1.1420615646258203,0.6745,1.1742182210339358,0.47214999999955065,4.204383333333782,8.0,2.0,7.0,0.88
7,"[0.24282000000015816, 0.06295333333326783, 1.286046666666732, 1.1061799999998418, 1.304033333333517, 0.06295333333350746]",0.6774977777778375,0.6745,0.5613854170830982,0.06295333333326783,1.304033333333517,6.0,1.0,3.0,0.38
