Cluster,Dist,mean,median,std,min,max,bag_count,day_count,Cluster_Rank,Cluster_perc
0,"[0.06363207547180688, 0.8017641509439528, 0.06363207547180688, 0.16544339622690135, 0.5472358490560472, 1.183556603774116, 0.11453773584918457, 1.794424528302648, 1.336273584906249, 1.0562924528308413, 0.8272169811331503, 0.39451886792459223, 0.6745, 0.6745, 2.2483333333318356, 0.6745, 0.6745, 0.6745, 0.03211904761842613, 0.5781428571423681, 2.24833333333476, 0.03211904761842613, 0.8993333333343317, 0.770857142857632, 0.5753088235293573, 0.2777352941174294, 0.6745, 0.8728823529399639, 0.9522352941169008, 0.0, 0.952235294117165, 1.1770686274499025, 0.19838235294136303, 0.1983823529417154, 0.9919117647054057, 0.35708823529459444, 2.473166666665257, 1.199111111111111, 1.6113055555558051, 2.2483333333328344, 1.236583333333583, 0.6745, 0.07494444444444444, 0.0, 0.29977777777927545, 0.03747222222247183, 0.18736111111136072, 1.5738333333343317, 0.2168035714281015, 0.0, 0.7949464285704543, 0.07226785714259353, 1.4694464285704543, 0.6745, 0.8913035714284224, 0.1927142857130478, 0.07226785714259353, 0.26498214285660415, 0.6745, 0.7708571428554006, 2.240303571425534, 0.3372499999991575, 0.3372499999991575, 6.660687499983923, 1.0117500000008424, 0.04496666666694623, 0.6745, 0.6745, 0.0, 2.3382666666650294, 2.4281999999989217, 0.7194666666669463, 0.6745, 0.6745]",0.8416907572336146,0.6745,0.9476685153096801,0.0,6.660687499983923,74.0,11.0,2.0,0.67
1,"[2.4731666666694623, 1.6862500000016474, 0.02248333333350307, 0.8318833333345215, 2.990283333336738, 0.24731666666673657, 1156.5651500011545, 0.24731666666793473, 1.2365833333339822, 0.652016666667695, 0.8318833333330238, 0.40469999999976036, 0.0, 0.0, 0.6745, 1.0567166666674555, 0.33725000000014976, 1.326516666667695, 0.652016666667695, 0.6295333333341919, 0.7419500000005093, 0.7082250000006964, 0.6745, 0.0, 0.2360750000012805, 2.698000000001797, 0.40470000000026957, 66.06727500005097, 0.9780249999999775, 0.47215000000031454, 0.4384250000005167, 0.20235000000013478, 2.4282000000016173, 66.03355000005072, 2.2258500000014827, 0.6070500000004043]",36.60505254633188,0.6745,189.89603997576526,0.0,1156.5651500011545,36.0,2.0,3.0,1.0
2,"[0.0, 0.0, 0.6745, 1.5738333333346646, 0.0, 0.6745000000022465, 0.6744999999977535, 0.0, 0.0]",0.3997037037038516,0.0,0.5168209075496628,0.0,1.5738333333346646,9.0,6.0,1.0,0.33
