Cluster,Dist,mean,median,std,min,max,bag_count,day_count,Cluster_Rank,Cluster_perc
0,"[0.0, 0.6744999999998817, 0.6745000000001182, 0.0, 0.0, 0.0]",0.22483333333333333,0.0,0.3179623492735508,0.0,0.6745000000001182,6.0,5.0,1.0,0.33
1,"[0.6745, 0.6745]",0.6745,0.6745,0.0,0.6745,0.6745,2.0,1.0,2.0,0.67
2,"[0.0, 2.529375, 0.6745]",1.0679583333333333,0.6745,1.0694364770626734,0.0,2.529375,3.0,1.0,3.0,1.0
