Cluster,Dist,mean,median,std,min,max,bag_count,day_count,Cluster_Rank,Cluster_perc
0,"[1.4389333333333199, 0.05995555555554668, 0.6894888888888867, 2.3682444444443935, 0.05995555555554668, 0.6595111111111133, 18.501909722221683, 0.0, 0.6745, 0.2726702127659381, 1.0763297872339663, 0.2726702127660337, 1.5355638297874121, 0.11902941176469033, 0.19838235294115056, 1.5738333333332157, 2.5260686274510027, 0.11902941176477844, 1.1506176470588494]",1.752457549367238,0.6745,4.019269039785504,0.0,18.501909722221683,19.0,4.0,3.0,1.0
1,"[1.468029411764838, 0.0, 0.6745, 0.0, 0.0, 0.6745, 1.2316956521741085, 0.6744999999999276, 0.6745000000000725, 0.0, 0.0, 0.0, 0.0]",0.41520962030299585,0.0,0.5000613930842096,0.0,1.468029411764838,13.0,8.0,1.0,0.33
2,"[0.6745, 0.6745]",0.6745,0.6745,0.0,0.6745,0.6745,2.0,1.0,2.0,0.67
