Cluster,Dist,mean,median,std,min,max,bag_count,day_count,Cluster_Rank,Cluster_perc
0,"[2243.6623061236114, 2242.382132654223, 0.6745, 0.11012244897963674, 0.922275510204366, 0.31660204081599713, 0.0, 0.894744897960007, 0.08259183673527773, 1.0920476190483934, 0.8029761904766591, 0.7387380952381156, 1.814726190477301, 0.032119047619271764, 0.03211904761884385, 0.24089285714325448, 0.08029761904732359, 0.048178571428479734, 0.6102619047618844, 0.11241666666659535, 5108.149095240278, 1.0117500000006419, 0.8511547619047108]",417.5940021445322,0.6745,1182.1985081446842,0.0,5108.149095240278,23.0,2.0,6.0,1.0
1,"[0.8243888888886988, 1.895023809523565, 0.5246111111113013, 0.5246111111107308, 0.7001139240505695, 0.6488860759494304, 0.6488860759489754, 4193.682405062692, 0.1264687499997192, 0.7588124999994383, 1.8548749999999998, 2.0235, 0.12646875000084246, 1.8970312500002806, 0.5901875000005616, 0.168625, 0.755440000000115, 0.593559999999885, 0.5935599999991661, 2.2663199999981885, 0.03372500000022465, 2.259574999999775, 0.0, 0.6745, 0.0, 0.7756749999997754, 3.2713250000002243]",156.23031758552867,0.6745,791.8099293832379,0.0,4193.682405062692,27.0,5.0,4.0,0.67
2,"[0.0, 1.4839000000028755, 0.6745, 0.0, 0.0]",0.43168000000057505,0.0,0.5873961777209742,0.0,1.4839000000028755,5.0,3.0,1.0,0.17
3,"[0.1311527777781522, 0.6745, 1.4239444444449436, 1.0679583333334581, 0.0, 0.1053906250001404, 1.4333125, 1.2646875, 0.0, 0.6745, 1.8548749999999998, 0.37940625000028083, 0.14351063829808386, 0.31572340425555506, 0.9758723404260526, 0.9471702127659005, 0.6745, 0.0, 0.9758723404256703]",0.6864408614067494,0.6745,0.5510221552492286,0.0,1.8548749999999998,19.0,3.0,3.0,0.5
4,"[1.2570227272729873, 0.0919772727270128, 0.0919772727270128, 1.6249318181810384, 0.8390121951217053, 0.9870731707315469, 0.06580487804876979, 0.6251463414635322, 0.6745, 0.0, 0.8719146341463093, 0.6745, 0.6745, 0.6745, 0.6745, 0.8759740259734137, 0.5431038961035445, 0.8058961038959886, 0.5431038961040113]",0.6629178017103617,0.6745,0.3975445151591805,0.0,1.6249318181810384,19.0,5.0,2.0,0.33
5,"[35.41124999976636, 0.0, 0.6745, 0.6745, 0.0, 2.6016428571472585, 0.0, 0.6745000000000001, 4851.678500001732, 0.6745, 0.0, 0.8140517241375891, 0.6745, 0.0, 4.946333333322349]",326.58828519440704,0.6745,1209.4123580153216,0.0,4851.678500001732,15.0,5.0,5.0,0.83
