Cluster,Dist,mean,median,std,min,max,bag_count,day_count,Cluster_Rank,Cluster_perc
0,"[0.674500000000019, 0.674499999999981, 0.6745, 1.2526428571426738, 0.0, 0.0, 0.0, 0.0, 0.0, 0.0, 0.0, 0.0, 0.0]",0.25201098901097485,0.0,0.4027158643300982,0.0,1.2526428571426738,13.0,10.0,1.0,0.33
1,"[0.6745, 0.6745, 0.6745, 0.6745, 0.6745, 0.6745]",0.6745,0.6745,0.0,0.6745,0.6745,6.0,3.0,3.0,1.0
2,"[0.6745, 0.6745, 0.0]",0.44966666666666666,0.6745,0.3179623492735509,0.0,0.6745,3.0,1.0,2.0,0.67
