Cluster,Dist,mean,median,std,min,max,bag_count,day_count,Cluster_Rank,Cluster_perc
0,"[0.0, 0.0, 0.0, 0.0, 0.6745, 1.349, 0.0, 0.0, 0.0, 0.0, 0.0, 0.0, 0.6744999999998088, 0.6745000000001913, 0.0, 0.0, 0.6745000000001797, 0.6744999999998202]",0.26230555555555557,0.0,0.3983351861494178,0.0,1.349,18.0,14.0,1.0,0.25
1,"[0.0, 0.0, 0.6745, 0.6745]",0.33725,0.33725,0.33725,0.0,0.6745,4.0,2.0,2.0,0.5
2,"[12.288747619046607, 0.0, 0.6745, 0.13490000000001712, 12.23735714285614, 0.6745, 0.0, 0.0259423076924805, 52.68882692308262, 50.405903846159546]",12.913067783883742,0.6745,19.877347480403017,0.0,52.68882692308262,10.0,2.0,4.0,1.0
3,"[3.0965681818187947, 3.0352500000006124, 0.42922727272727274, 0.6744999999999999, 0.0]",1.4471090909093358,0.6744999999999999,1.3394058207912152,0.0,3.0965681818187947,5.0,1.0,3.0,0.75
