Cluster,Dist,mean,median,std,min,max,bag_count,day_count,Cluster_Rank,Cluster_perc
0,"[0.0, 0.0, 0.0, 0.6744999999999977, 0.6745000000000022, 0.0, 0.0, 0.0, 0.0, 0.0, 0.0, 0.0]",0.11241666666666665,0.0,0.2513713084706013,0.0,0.6745000000000022,12.0,11.0,1.0,0.33
1,"[187.51100000002052, 0.6745, 0.0, 0.6745, 86.201099999971, 0.0, 0.0, 0.6745, 73.33313888886974]",38.7854154320957,0.6745,61.85228175086432,0.0,187.51100000002052,9.0,3.0,3.0,1.0
2,"[0.6745, 0.6745]",0.6745,0.6745,0.0,0.6745,0.6745,2.0,1.0,2.0,0.67
