Cluster,Dist,mean,median,std,min,max,bag_count,day_count,Cluster_Rank,Cluster_perc
0,"[1.027809523809483, 1.7558412698407129, 0.32119047619051694, 0.32119047619023167, 2.922833333333333, 0.6745, 0.0, 0.009919117647124897, 0.009919117647124897, 0.7439338235293457, 1.0613455882354923, 1.7755220588237277, 0.16862500000006608, 0.06943382352934568, 0.8828014705883014, 2.0730955882353603, 0.6050661764706543, 0.6745, 3.1476666666643367, 0.0]",0.912259675536758,0.6745,0.9319601810753673,0.0,3.1476666666643367,20.0,4.0,3.0,0.75
1,"[0.0, 0.0, 0.0, 0.6744999999991831, 0.674500000000817, 0.0, 0.0, 0.6744999999998271, 0.6745000000001729, 0.6744999999998595, 0.6745000000001404, 0.0, 0.6744999999999371, 0.6745000000000628, 0.6744999999999997, 0.6745000000000004]",0.42156249999999995,0.6744999999998433,0.32654090837711286,0.0,0.674500000000817,16.0,11.0,1.0,0.25
2,"[0.0, 0.8243888888888667, 29.51312222222115, 0.02997777777777334, 0.7194666666665602, 0.6744999999999999, 0.6145444444442536]",4.625142857142657,0.6744999999999999,10.165147186601068,0.0,29.51312222222115,7.0,1.0,4.0,1.0
3,"[0.6745, 0.6745, 0.6745, 0.6745]",0.6745,0.6745,0.0,0.6745,0.6745,4.0,2.0,2.0,0.5
