Cluster,Dist,mean,median,std,min,max,bag_count,day_count,Cluster_Rank,Cluster_perc
0,"[0.0, 0.0, 0.0, 0.0]",0.0,0.0,0.0,0.0,0.0,4.0,4.0,1.0,0.33
1,"[1.349, 1.8548750000011232, 0.0, 0.6745, 0.0]",0.7756750000002246,0.6745,0.7357926321325083,0.0,1.8548750000011232,5.0,1.0,3.0,1.0
2,"[0.6744999999998238, 0.6745000000001762]",0.6745,0.6745,1.7619239400801234e-13,0.6744999999998238,0.6745000000001762,2.0,1.0,2.0,0.67
