Cluster,Dist,mean,median,std,min,max,bag_count,day_count,Cluster_Rank,Cluster_perc
0,"[0.0, 0.0, 0.0, 0.6745000000000547, 0.6744999999999453, 0.0, 0.0]",0.1927142857142857,0.0,0.304708040254796,0.0,0.6745000000000547,7.0,6.0,1.0,0.33
1,"[0.6745, 0.6745, 0.6745, 0.6745]",0.6745,0.6745,0.0,0.6745,0.6745,4.0,2.0,2.0,0.67
2,"[7.612214285714076, 0.0, 26.415622448978844, 0.6745, 0.4955510204081876]",7.039577551020221,0.6745,10.08616058050151,0.0,26.415622448978844,5.0,1.0,3.0,1.0
