Cluster,Dist,mean,median,std,min,max,bag_count,day_count,Cluster_Rank,Cluster_perc
0,"[0.0, 0.0, 0.0, 0.0, 0.0, 0.0, 0.0, 0.6744999999996901, 0.6745000000003099]",0.14988888888888888,0.0,0.2804164341532248,0.0,0.6745000000003099,9.0,8.0,2.0,0.67
1,"[30.305441860463763, 0.0, 0.6745]",10.326647286821254,0.6745,14.129824533573316,0.0,30.305441860463763,3.0,1.0,3.0,1.0
2,[0.0],0.0,0.0,0.0,0.0,0.0,1.0,1.0,1.0,0.33
