Cluster,Dist,mean,median,std,min,max,bag_count,day_count,Cluster_Rank,Cluster_perc
0,"[0.0, 0.0, 0.674499999999994, 0.6745000000000059, 0.0]",0.26979999999999993,0.0,0.33043616630145073,0.0,0.6745000000000059,5.0,4.0,2.0,0.67
1,"[0.6745000000005287, 0.6744999999994714]",0.6745000000000001,0.6745000000000001,5.286326960898515e-13,0.6744999999994714,0.6745000000005287,2.0,1.0,3.0,1.0
2,[0.0],0.0,0.0,0.0,0.0,0.0,1.0,1.0,1.0,0.33
