Cluster,Dist,mean,median,std,min,max,bag_count,day_count,Cluster_Rank,Cluster_perc
0,"[0.6745, 0.6745, 0.6745, 0.6745, 0.6744999999999999, 0.6744999999999999, 0.6745, 0.6745, 0.6745, 0.6745]",0.6744999999999999,0.6745,9.930136612989092e-17,0.6744999999999999,0.6745,10.0,5.0,2.0,0.67
1,"[0.0, 0.0, 0.6744999999997808, 0.6745000000002191, 0.6745000000001873, 0.6744999999998128, 0.0, 0.0]",0.33725000000000005,0.3372499999998904,0.33725,0.0,0.6745000000002191,8.0,6.0,1.0,0.33
2,"[0.0, 18.53408695652203, 0.6745]",6.402862318840676,0.6745,8.582489769676991,0.0,18.53408695652203,3.0,1.0,3.0,1.0
