Cluster,Dist,mean,median,std,min,max,bag_count,day_count,Cluster_Rank,Cluster_perc
0,"[0.0, 0.0, 0.6744999999994202, 0.6745000000005797, 0.0, 1.124166666666096, 0.0, 2.697999999999144, 0.6745, 0.0, 0.6745, 1.423944444443557, 0.0, 0.0]",0.5674365079363427,0.3372499999997101,0.7503615703566963,0.0,2.697999999999144,14.0,7.0,1.0,0.33
1,"[19.560499999874196, 0.6745, 0.0, 0.6745, 22.93299999985622, 0.7794222222221068, 0.7344555555555466, 0.6744999999999999, 0.34474444444469293, 0.0, 0.69602659574463, 0.0, 0.6745, 0.222441489361814, 2.5401382978722675, 5.91720454545915, 0.3985681818186274, 0.9504318181813726, 0.39856818181699355, 0.8175757575758126, 0.20439393939386236, 0.885707070707221, 0.23164646464657102, 1.117353535353792, 0.5314242424241874, 0.8720808080808667, 0.20439393939386236, 0.6745, 0.6745, 1.2263636363660129, 1.1037272727254903, 0.24527272727124194, 0.24527272727450963]",2.0365973773763955,0.6745,5.001819927579127,0.0,22.93299999985622,33.0,7.0,2.0,0.67
2,"[0.07843023255746885, 0.32940697674454567, 0.6431279069769289, 63.042220930288806, 0.4548953488385021, 2.054872093024743, 0.17254651162877208, 1.1137093023259215, 1.6470348837227284, 0.7058720930230711, 0.14117441860444704, 0.8627325581396807, 0.14117441860444704, 0.7686162790708853, 0.4548953488385021, 1.0509651162797793, 0.14117441860528296, 61.191267441915485, 0.8941046511631697, 1.3333139534886733, 0.14117441860528296, 0.07843023255830478]",6.2473245243184286,0.6745,17.677414698744666,0.07843023255746885,63.042220930288806,22.0,1.0,3.0,1.0
