Cluster,Dist,mean,median,std,min,max,bag_count,day_count,Cluster_Rank,Cluster_perc
0,"[1.93092731974501, 0.00030578814429602183, 0.000305788144296687, 1.9306028098775934, 1.9301534885227085, 0.6741255655375964, 0.6737885745214329, 0.6748744344624037, 0.6279827586209675, 0.7210172413790326, 0.6279827586209675, 2.5351896551743156]",1.0272713485625518,0.6745000000000001,0.7967345898970392,0.00030578814429602183,2.5351896551743156,12.0,2.0,4.0,0.57
1,"[0.0, 0.0, 0.6745, 0.6745000000000001, 0.0, 1.3700781250001404, 0.6745, 0.0, 0.6745000000001283, 0.6744999999998716, 0.6745000000003668, 0.6744999999996332, 0.6744999999996543, 0.6745000000003456, 0.0, 0.6745, 1.7475681818173279, 0.0]",0.5479247948231927,0.6744999999999358,0.4758981371299454,0.0,1.7475681818173279,18.0,10.0,1.0,0.14
2,"[0.0, 0.021635926222931923, 109.63843344025287, 0.6745, 0.6598957497994957, 0.7118219727345612, 109.65249679229778, 1.349, 0.46251428571437375, 352.85985714296305, 0.8864857142856263, 0.03854285714312122, 0.03854285714312122, 0.4586600000000575, 0.5665800000000287, 1.0522199999995399, 0.6745, 0.0, 1.9155800000000287, 7632.857839998808, 0.21721186440693455, 3488.353949151745, 3489.3828474568295, 3488.548296609372, 0.6859322033899028, 0.6630677966100972, 0.21721186440662993, 0.3429661016949514]",667.2475210637792,0.6745,1716.072345627747,0.0,7632.857839998808,28.0,4.0,7.0,1.0
3,"[0.12263636363661119, 1.0424090909087442, 0.613181818181422, 0.7971363636366111, 0.12263636363606657, 0.715378787879052, 0.20439393939362582, 1.3489999999994555, 0.5518636363639334, 1079.7518636362647, 1038.464287878693, 0.633621212120948, 1.2876818181819667, 0.4496666666663036]",151.86469696968305,0.6745,370.46291750405726,0.12263636363606657,1079.7518636362647,14.0,1.0,6.0,0.86
4,"[0.6745, 0.6745, 0.6745, 0.6745, 0.6745, 0.6745, 0.6744999999999999, 0.6744999999999999]",0.6744999999999999,0.6745,9.614813431917819e-17,0.6744999999999999,0.6745,8.0,4.0,2.0,0.29
5,"[1.6937444444428913, 0.2847888888885783, 0.28478888888937703, 1.064211111110623, 0.3533095238091978, 0.1605952380954011, 1.6701904761899462, 1.8629047619045989, 0.6745, 1.4774761904761495, 0.0]",0.8660463203460694,0.6745,0.6716046867524631,0.0,1.8629047619045989,11.0,2.0,3.0,0.43
6,"[1.4164499999995508, 4.114450000000449, 0.6745, 0.0, 0.0, 0.10376923076869904, 5.5516538461634175, 3.3206153846218713, 0.6745, 0.46696153846121946, 2.957423076927969, 0.0]",1.6066935897452648,0.6745,1.81865054726646,0.0,5.5516538461634175,12.0,2.0,5.0,0.71
