Cluster,Dist,mean,median,std,min,max,bag_count,day_count,Cluster_Rank,Cluster_perc
0,"[0.0, 0.0, 0.0, 0.0, 0.0, 0.6744999999955069, 0.6745000000044931, 0.0, 0.0, 0.0, 0.6745000000001096, 0.6744999999998904, 0.6744999999999977, 0.6745000000000023, 0.0, 0.0, 0.0]",0.23805882352941174,0.0,0.32233317081923263,0.0,0.6745000000044931,17.0,14.0,1.0,0.33
1,"[0.0, 0.6745, 3.574850000000449, 0.6745, 25.920071428570747, 0.0]",5.140653571428532,0.6745,9.371780700913313,0.0,25.920071428570747,6.0,2.0,3.0,1.0
2,"[0.6745, 0.6745, 0.6745, 0.6745]",0.6745,0.6745,0.0,0.6745,0.6745,4.0,2.0,2.0,0.67
