Cluster,Dist,mean,median,std,min,max,bag_count,day_count,Cluster_Rank,Cluster_perc
0,"[0.0, 0.0, 0.0, 0.0, 0.674499999999281, 0.6745000000007189, 0.0, 0.0, 0.0, 0.0, 0.0, 0.6745, 1.3864722222224717]",0.2623055555555747,0.0,0.4290150898202654,0.0,1.3864722222224717,13.0,10.0,1.0,0.33
1,"[0.1729487179489779, 1.8332564102569537, 1.176051282051022, 0.1729487179489779]",0.8388012820514829,0.6745,0.7052300757124602,0.1729487179489779,1.8332564102569537,4.0,1.0,2.0,0.67
2,"[0.6745, 5.331761904768262, 0.0]",2.002087301589421,0.6745,2.3704833944142605,0.0,5.331761904768262,3.0,1.0,3.0,1.0
