Cluster,Dist,mean,median,std,min,max,bag_count,day_count,Cluster_Rank,Cluster_perc
0,"[0.6745, 0.0, 4.047000000000561, 1.348999999999889, 0.29977777777778397, 0.29977777777772846, 1.049222222222216]",1.1027539682540255,0.6745,1.277335214544489,0.0,4.047000000000561,7.0,2.0,2.0,0.67
1,"[0.0, 0.6744999999999102, 0.6745000000000899, 0.6745000000000209, 0.6744999999999791, 0.0, 0.0, 0.0, 0.0, 0.0, 0.0, 0.0, 0.0, 0.0, 0.0, 0.0, 0.0, 0.0]",0.14988888888888888,0.0,0.28041643415322487,0.0,0.6745000000000899,18.0,16.0,1.0,0.33
2,"[0.5781428571429488, 0.578142857142307, 11.56285714284678, 0.7708571428570512, 0.6745, 0.6745]",2.473166666664848,0.6745,4.0655660676076,0.578142857142307,11.56285714284678,6.0,2.0,3.0,1.0
