Cluster,Dist,mean,median,std,min,max,bag_count,day_count,Cluster_Rank,Cluster_perc
0,"[1.7009130434784563, 0.7624782608695652, 0.5865217391304348, 0.5865217391304348, 0.33725000000010213, 0.8277954545455567, 1.0577386363637384, 0.21461363636363637, 0.6591704545454545, 1.011750000000102, 1.1037272727273748, 0.7204886363636362, 0.9657613636364658, 1.5176250000002043, 0.8891136363637384, 1.1190568181819203, 0.44455681818181814, 0.27593181818181817, 1.5022954545456588, 0.6898295454545454, 0.7204886363637385, 0.015329545454545453, 1.5636136363638407, 0.24527272727272725, 0.8277954545455567, 0.015329545454545453, 0.3985681818181818, 0.030659090909090907, 0.9504318181819202, 0.045988636363636363, 0.3832386363636364, 0.22994318181828394, 0.3065909090909091, 0.5825227272727272, 0.39856818181828396, 0.7511477272728294, 0.21461363636363637, 0.7664772727273748, 0.4752159090910112, 0.8737840909091931, 0.6438409090910112, 0.09197727272727273, 1.1957045454546475, 0.705159090909193]",0.6683045611750559,0.6745,0.4279799460844547,0.015329545454545453,1.7009130434784563,44.0,2.0,2.0,0.5
1,"[0.0, 0.6744999999998337, 0.6745000000001664, 0.0, 0.0, 0.0, 0.0, 0.0, 0.6744999999998595, 0.6745000000001404, 0.0]",0.2452727272727273,0.0,0.32446531987510296,0.0,0.6745000000001664,11.0,9.0,1.0,0.25
2,"[0.6745, 0.6745, 0.6745, 0.6745, 0.6745, 0.6745, 0.6745, 0.6745]",0.6745,0.6745,0.0,0.6745,0.6745,8.0,4.0,3.0,0.75
3,"[2.183601098901122, 0.0, 0.6745, 0.6745, 2.0618238636364628, 0.0]",0.9324041604229308,0.6745,0.8862718538480011,0.0,2.183601098901122,6.0,2.0,4.0,1.0
