Cluster,Dist,mean,median,std,min,max,bag_count,day_count,Cluster_Rank,Cluster_perc
0,"[0.0, 0.6744999999999978, 0.6745000000000022, 0.0, 0.0, 0.0, 0.0, 0.0, 0.0, 0.0, 0.0]",0.12263636363636364,0.0,0.2601510130419961,0.0,0.6745000000000022,11.0,10.0,1.0,0.33
1,"[0.0, 35.74850000000449, 0.6745, 0.6745, 3.213794117647323, 0.0]",6.718549019608637,0.6745,13.027920144876289,0.0,35.74850000000449,6.0,2.0,3.0,1.0
2,"[0.6745, 0.6745, 0.6745, 0.6745, 0.6745, 0.6745]",0.6745,0.6745,0.0,0.6745,0.6745,6.0,3.0,2.0,0.67
