Cluster,Dist,mean,median,std,min,max,bag_count,day_count,Cluster_Rank,Cluster_perc
0,"[0.6745000000000022, 0.6744999999999977, 0.0, 0.6744999999999532, 0.6745000000000467, 0.0, 0.0, 0.0]",0.33725,0.3372499999999766,0.33725,0.0,0.6745000000000467,8.0,6.0,3.0,1.0
1,[0.0],0.0,0.0,0.0,0.0,0.0,1.0,1.0,1.5,0.5
2,[0.0],0.0,0.0,0.0,0.0,0.0,1.0,1.0,1.5,0.5
