Cluster,Dist,mean,median,std,min,max,bag_count,day_count,Cluster_Rank,Cluster_perc
0,"[0.0, 1.2687023809525948, 0.6745, 0.0, 0.0, 0.0, 0.0, 0.0, 0.0, 0.0]",0.19432023809525947,0.0,0.410725264879189,0.0,1.2687023809525948,10.0,8.0,1.0,0.33
1,"[0.6745, 0.6745, 0.6745, 0.6745, 0.6745, 0.6745]",0.6745,0.6745,0.0,0.6745,0.6745,6.0,3.0,2.0,0.67
2,"[0.5554705882352942, 0.15870588235294117, 0.7935294117647058, 0.15870588235294117, 155.29370588236986, 154.42082352942867]",51.8968235294174,0.6745,72.80479915859704,0.15870588235294117,155.29370588236986,6.0,1.0,3.0,1.0
