Cluster,Dist,mean,median,std,min,max,bag_count,day_count,Cluster_Rank,Cluster_perc
0,"[0.0, 0.0, 0.0, 0.0, 0.0, 0.6744999999998716, 0.6745000000001283, 0.6744999999991014, 0.6745000000008986, 0.0, 0.0, 0.0]",0.22483333333333333,0.0,0.3179623492735508,0.0,0.6745000000008986,12.0,10.0,1.0,0.33
1,"[0.6745, 0.6745]",0.6745,0.6745,0.0,0.6745,0.6745,2.0,1.0,2.0,0.67
2,"[0.6745, 0.0, 340.11662500003706]",113.59704166667903,0.6745,160.17377014293174,0.0,340.11662500003706,3.0,1.0,3.0,1.0
