Cluster,Dist,mean,median,std,min,max,bag_count,day_count,Cluster_Rank,Cluster_perc
0,"[0.0, 0.0, 0.0, 0.0, 0.0, 0.0, 0.6745000000002428, 0.6744999999997572]",0.168625,0.0,0.2920670674263019,0.0,0.6745000000002428,8.0,7.0,1.0,0.33
1,"[0.0, 0.6745, 8.468722222229989, 51.85555999999193, 0.0, 0.6745]",10.27888037037032,0.6745,18.83125048724305,0.0,51.85555999999193,6.0,2.0,3.0,1.0
2,"[0.9479459459461166, 2.9167567567572816, 0.8021081081082524, 0.14583783783786408, 0.5468918918917475, 0.14583783783786408]",0.9175630630631878,0.6744999999999999,0.9433579344322703,0.14583783783786408,2.9167567567572816,6.0,1.0,2.0,0.67
