Cluster,Dist,mean,median,std,min,max,bag_count,day_count,Cluster_Rank,Cluster_perc
0,"[0.6775337331334351, 0.6728145927036484, 0.6680954522738615, 0.6761854072963517, 0.6680954522738615, 0.6984327836081977, 0.6745, 0.6745]",0.6762696776611694,0.6745,0.008976672925060712,0.6680954522738615,0.6984327836081977,8.0,2.0,2.0,0.67
1,"[0.0, 0.0, 0.0, 0.0, 0.0, 0.0, 0.0, 0.0]",0.0,0.0,0.0,0.0,0.0,8.0,8.0,1.0,0.33
2,"[18.876224637679535, 0.0, 0.6745]",6.516908212559844,0.6745,8.743693515316243,0.0,18.876224637679535,3.0,1.0,3.0,1.0
