Cluster,Dist,mean,median,std,min,max,bag_count,day_count,Cluster_Rank,Cluster_perc
0,"[0.6745000000000019, 0.6744999999999981, 0.0, 0.0, 0.0]",0.2698,0.0,0.33043616630145073,0.0,0.6745000000000019,5.0,4.0,2.0,0.67
1,"[2.0235, 1.349, 0.0, 0.6745, 0.0, 0.0, 0.6745, 1.349]",0.7588124999999999,0.6745,0.7104297527509318,0.0,2.0235,8.0,1.0,3.0,1.0
2,[0.0],0.0,0.0,0.0,0.0,0.0,1.0,1.0,1.0,0.33
