Cluster,Dist,mean,median,std,min,max,bag_count,day_count,Cluster_Rank,Cluster_perc
0,"[2.6980000000003743, 0.0, 0.6745, 0.1445357142857143, 0.0, 1.0599285714287319, 0.6745, 2.938892857143178, 2.4281999999983825, 0.6745, 0.0, 0.0, 0.6745, 2.1198571428570205, 0.054689189189179345, 1.2943108108108206, 0.054689189189179345, 2.242256756756596]",0.9851866795366209,0.6745,1.0140307986363126,0.0,2.938892857143178,18.0,5.0,3.0,0.75
1,"[0.6745000000000642, 0.6744999999999358, 0.0, 0.0, 0.0, 0.0, 0.0, 0.0, 0.0, 0.0]",0.1349,0.0,0.2698,0.0,0.6745000000000642,10.0,9.0,1.0,0.25
2,"[0.6745, 0.6745, 0.6744999999999999, 0.6744999999999999]",0.6744999999999999,0.6744999999999999,7.850462293418876e-17,0.6744999999999999,0.6745,4.0,2.0,2.0,0.5
3,"[0.6745, 0.8993333333332976, 0.0, 0.19271428571425514, 65.49073809523487]",13.451457142856487,0.6745,26.021641644671416,0.0,65.49073809523487,5.0,1.0,4.0,1.0
