Cluster,Dist,mean,median,std,min,max,bag_count,day_count,Cluster_Rank,Cluster_perc
0,"[0.0, 0.07226785714269668, 1.1321964285719102, 0.8190357142860353, 0.6745, 0.6115466666662641, 0.16187999999959743, 0.08993333333294992, 1.3310133333327392, 0.8273866666671651, 0.08993333333342918, 0.737453333333736, 1.5288666666668582, 3.2902439024363517, 1.349, 0.0, 0.0, 1.2760810810806085, 0.23698648648656526, 0.6745, 0.0, 0.8567972972970216]",0.716346459119724,0.6745,0.7506488507433436,0.0,3.2902439024363517,22.0,4.0,4.0,0.67
1,"[0.4817857142856327, 1.488182539682567, 0.8243888888886988, 2.772944444444064, 0.5246111111113013, 0.053531746031800366, 0.053531746031800366, 0.9528650793645632, 0.6745, 9.358687500001684, 0.0, 0.0, 6.744999999985023, 0.6745, 0.0, 0.7184891304350883, 0.6745]",1.5292657588389542,0.6745,2.5112518885819353,0.0,9.358687500001684,17.0,4.0,5.0,0.83
2,"[0.0, 0.7297868852459692, 0.6745, 0.2543196721313407, 0.8403606557376132]",0.4997934426229847,0.6745,0.3192040879365689,0.0,0.8403606557376132,5.0,1.0,2.0,0.33
3,"[0.0, 0.6744999999997432, 0.6745000000002568, 0.0, 0.0, 0.6745000000003328, 0.6744999999996673, 0.6744999999997635, 0.6745000000002365]",0.44966666666666666,0.6744999999997432,0.3179623492735509,0.0,0.6745000000003328,9.0,6.0,1.0,0.17
4,"[0.6745, 0.6745]",0.6745,0.6745,0.0,0.6745,0.6745,2.0,1.0,3.0,0.5
5,"[0.0, 0.7523269230774814, 0.6485576923081975, 0.6744999999999999, 49.316326923107894]",10.278342307698715,0.6744999999999999,19.52086100224654,0.0,49.316326923107894,5.0,1.0,6.0,1.0
