Cluster,Dist,mean,median,std,min,max,bag_count,day_count,Cluster_Rank,Cluster_perc
0,"[0.17294871794870317, 1.1760512820511817, 17.99531410256458, 0.1729487179488184, 0.6745, 3205.763599999642, 0.0, 1.854874999999663, 0.53960000000003, 0.6745, 0.6745]",293.6089852563777,0.6745,920.9176269280917,0.0,3205.763599999642,11.0,3.0,3.0,1.0
1,"[0.0, 0.0, 0.0, 0.0, 0.0, 0.0, 0.6744999999998716, 0.6745000000001283, 0.0, 0.0, 0.0, 0.0]",0.11241666666666666,0.0,0.2513713084706013,0.0,0.6745000000001283,12.0,11.0,1.0,0.33
2,"[6.01861538461916, 0.0, 0.6744999999999999, 0.3854285714286937, 0.3854285714286937, 0.9635714285713063, 1.5417142857156307, 0.0, 0.08797826086934439, 2.34608695652106, 0.08797826086973509, 1.0557391304348676, 0.6744999999999999, 0.2932608695651325, 0.7624782608693443, 0.7918043478256623, 0.6745, 0.0, 2.3258620689649834, 0.0, 0.6745, 31.82733955223916, 0.6745, 14.838999999999999, 0.0]",2.683391437996911,0.6745,6.6591285385719114,0.0,31.82733955223916,25.0,6.0,2.0,0.67
