Cluster,Dist,mean,median,std,min,max,bag_count,day_count,Cluster_Rank,Cluster_perc
0,"[0.0, 0.0, 0.0]",0.0,0.0,0.0,0.0,0.0,3.0,3.0,1.5,0.5
1,"[1.68625, 0.5058750000011233, 0.8431249999988767, 0.33725, 1.349, 0.33725, 0.33725, 244.16900000002695]",31.19562500000337,0.6745,80.49777607946518,0.33725,244.16900000002695,8.0,1.0,3.0,1.0
2,[0.0],0.0,0.0,0.0,0.0,0.0,1.0,1.0,1.5,0.5
