Cluster,Dist,mean,median,std,min,max,bag_count,day_count,Cluster_Rank,Cluster_perc
0,"[0.0, 0.0, 0.0]",0.0,0.0,0.0,0.0,0.0,3.0,3.0,1.0,0.33
1,"[0.6745, 0.6745, 0.0, 0.0, 0.6745, 0.6745]",0.44966666666666666,0.6745,0.3179623492735508,0.0,0.6745,6.0,3.0,2.0,0.67
2,"[0.6745, 1.349, 0.0, 2.0235, 2.0235, 0.0, 0.0, 0.0, 0.6745, 0.6745, 2.0235, 0.6745, 0.0, 1.349, 0.6745, 0.6745, 0.6745, 2.0235, 0.0, 1.349, 0.0, 3.3725, 2.698]",0.9970869565217392,0.6745,0.9511784184593925,0.0,3.3725,23.0,1.0,3.0,1.0
