Cluster,Dist,mean,median,std,min,max,bag_count,day_count,Cluster_Rank,Cluster_perc
0,"[8.56096153843995, 1.2971153846137893, 0.05188461538344559, 0.05188461538621056, 0.6745, 0.6745]",1.8851410256372325,0.6745,3.015662315065398,0.05188461538344559,8.56096153843995,6.0,2.0,3.0,1.0
1,"[0.0, 0.0, 0.0, 0.6745000000001996, 0.6744999999998004, 0.0, 1.4333125000005618, 0.6745, 0.0, 0.0, 0.0]",0.3142556818182329,0.0,0.4605246517488498,0.0,1.4333125000005618,11.0,8.0,1.0,0.33
2,"[6.23912499999663, 0.6745, 0.0, 0.327030303030237, 1.430757575758104, 1.021969696969763, 0.32703030302914776, 0.0, 2.270816666665808, 0.6745]",1.296572954544969,0.6745,1.774473507126227,0.0,6.23912499999663,10.0,3.0,2.0,0.67
