Cluster,Dist,mean,median,std,min,max,bag_count,day_count,Cluster_Rank,Cluster_perc
0,"[0.6745, 0.6745, 0.6745, 0.6745]",0.6745,0.6745,0.0,0.6745,0.6745,4.0,2.0,2.0,0.67
1,"[0.0, 0.6745000000000023, 0.6744999999999978, 0.0, 0.0]",0.26980000000000004,0.0,0.33043616630145073,0.0,0.6745000000000023,5.0,4.0,1.0,0.33
2,"[1.349, 0.6745, 1.7986666666666664, 0.2248333333333333, 0.0]",0.8093999999999999,0.6745,0.6759972271475018,0.0,1.7986666666666664,5.0,1.0,3.0,1.0
