Cluster,Dist,mean,median,std,min,max,bag_count,day_count,Cluster_Rank,Cluster_perc
0,"[0.0, 0.0, 0.0, 0.6745000000000775, 0.6744999999999225, 0.6745, 1.1241666666666665, 0.0, 0.6744999999999893, 0.6745000000000106, 0.0, 0.0, 0.0]",0.3458974358974359,0.0,0.39057319557867315,0.0,1.1241666666666665,13.0,9.0,3.0,1.0
1,[0.0],0.0,0.0,0.0,0.0,0.0,1.0,1.0,1.5,0.5
2,[0.0],0.0,0.0,0.0,0.0,0.0,1.0,1.0,1.5,0.5
