Cluster,Dist,mean,median,std,min,max,bag_count,day_count,Cluster_Rank,Cluster_perc
0,"[0.6332040816326587, 0.6332040816326587, 0.798387755102024, 0.05506122448978843, 1.0736938775509661, 0.7157959183673414, 0.05506122448978843, 2.229979591836615, 0.0, 6.745000000001123, 0.6745]",1.2376261595548148,0.6745,1.83858750756909,0.0,6.745000000001123,11.0,2.0,3.0,1.0
1,"[0.6745, 1.3024827586206176, 0.0, 0.0, 0.0, 0.0, 0.0, 0.6745000000000703, 0.6744999999999297, 0.0, 0.0, 0.0, 0.6744999999999551, 0.6745000000000448]",0.33392733990147266,0.0,0.41491031989993615,0.0,1.3024827586206176,14.0,10.0,1.0,0.33
2,"[0.6745, 0.6745, 0.6745, 0.6745, 0.6745000000000001, 0.6745000000000001, 0.2743728813559167, 0.2743728813559167, 1.0746271186440832, 1.2575423728814372, 0.6745, 0.6745, 0.6745, 0.6745]",0.6875653753026683,0.6745,0.24169840790203095,0.2743728813559167,1.2575423728814372,14.0,6.0,2.0,0.67
