Cluster,Dist,mean,median,std,min,max,bag_count,day_count,Cluster_Rank,Cluster_perc
0,"[0.6309838709680224, 0.826806451613081, 0.7832903225808134, 0.7832903225811033, 0.6745, 0.5221935483874989, 1.5448225806456382, 0.04351612903226741, 0.805048387097092, 0.6527419354840113, 0.5004354838712202, 1.34900000000029, 0.0, 0.6745, 1.1760512820513116, 0.0, 1.2106410256410494, 0.12106410256419708, 0.6745, 0.6745, 20.6642272727168, 0.3065909090911319, 1.0424090909088681, 0.3065909090911319]",1.4986543176802305,0.6745,4.01652450376337,0.0,20.6642272727168,24.0,4.0,3.0,1.0
1,"[0.0, 0.0, 0.6744999999955069, 0.6745000000044931, 0.6745000000009985, 0.6744999999990016, 0.0, 0.0, 0.0]",0.2997777777777778,0.0,0.3351617446274685,0.0,0.6745000000044931,9.0,7.0,1.0,0.33
2,"[0.6869907407406514, 0.8118981481474979, 0.6120462962964104, 0.7869166666661951, 0.6620092592593486, 0.6620092592586829, 0.5371018518518365, 0.587064814814442, 0.7369537037035897, 0.5371018518515036, 0.5620833333334719, 0.8368796296291335, 0.5371018518518365, 0.8868425925920718, 1.5363611111102697, 3.5348796296284677]",0.9071400462959631,0.6745,0.7179307234561424,0.5371018518515036,3.5348796296284677,16.0,1.0,2.0,0.67
