Cluster,Dist,mean,median,std,min,max,bag_count,day_count,Cluster_Rank,Cluster_perc
0,"[0.0, 0.5460238095241967, 8088.941250003457, 9069.134285718163, 9068.299190480066, 0.6263214285719482, 1.6059523809528904, 0.4657261904764452, 1.172345238095717, 1.3008214285719482, 0.6745, 0.35330952380942193, 0.4496666666668093, 4003.9938800007967, 4001.1699733341297, 0.6655066666663664, 1.205106666666654, 0.6295333333332694, 0.16187999999965494, 0.6834933333336336, 0.1618800000001342]",1630.582887914442,0.6745,3132.933693593211,0.0,9069.134285718163,21.0,2.0,7.0,1.0
1,"[0.0, 0.8768499999998561, 0.7149699999998993, 0.33725, 0.6745, 0.3854285714285714, 1.0599285714285713, 0.6745, 0.9635714285714285, 0.0, 0.7675344827592191, 0.5814655172407809, 0.5814655172407809, 1.255965517240781]",0.6338164004221349,0.6745,0.3507947497212989,0.0,1.255965517240781,14.0,3.0,2.0,0.29
2,"[0.22483333333533023, 0.0, 1.6862500000059906, 6.295333333347312, 0.3372500000029954, 0.6745, 12.36583333336229, 2.023499999997946, 0.0, 0.6745, 0.5974142857128479, 4702.190028565681, 1386.9952158280896, 2250.0446546774774, 0.3202661870508211, 0.3202661870503039, 0.7861079136692098, 0.5628920863307901]",464.7832692072841,0.6745,1183.4231661577282,0.0,4702.190028565681,18.0,3.0,6.0,0.86
3,"[0.6745, 1.7826071428574637, 0.0, 0.6744999999998502, 0.6745000000001498, 0.0, 0.0, 0.6744999999994714, 0.6745000000005287, 0.0]",0.5155107142857464,0.6744999999996608,0.5286706451404736,0.0,1.7826071428574637,10.0,6.0,1.0,0.14
4,"[0.6745, 0.6745, 0.6745, 0.6745, 0.6745, 0.6745, 0.6745, 0.6745]",0.6745,0.6745,0.0,0.6745,0.6745,8.0,4.0,3.0,0.43
5,"[0.6749541853559458, 0.6744379528202261, 0.6745620471797739, 0.6744379528202261, 0.6744357172129194, 0.6763256311530871, 0.6744357172129194, 0.6745642827870807]",0.6747691858177723,0.6745,0.0006106832031071772,0.6744357172129194,0.6763256311530871,8.0,2.0,4.0,0.57
6,"[3.297555555562877, 0.6745, 0.0, 1947.8506093752146, 0.6745, 0.0]",325.41619415512963,0.6745,725.5755857370618,0.0,1947.8506093752146,6.0,2.0,5.0,0.71
