Cluster,Dist,mean,median,std,min,max,bag_count,day_count,Cluster_Rank,Cluster_perc
0,"[0.3962687499998779, 0.04215625000004914, 0.1433312500000323, 0.07588125000004353, 0.7335187500000463, 0.6154812499999537, 0.04215625000004914, 0.8852812499999088, 0.919006249999903, 1.4248812500000434, 1.2225312499998526, 1.0033187500000014, 1.2299705882355583, 1.0514264705883674, 0.3769264705883674, 0.5554705882352942, 0.8332058823532055, 1.5672205882354262, 0.25789705882339725, 0.8530441176471909, 0.495955882352809, 0.21822058823542625, 0.6745, 2.975735294117911, 0.6943382352942498, 0.03967647058823529, 0.9720735294118968, 0.0, 0.05951470588222079, 0.13700781249981792, 0.5164140624998969, 0.8325859375003839, 0.6428828124999232, 0.2002421875002523, 0.47425781249988813, 0.8115078125005198, 1.1276796875004453, 0.5796484375000505, 0.7061171875000768, 0.49533593750031374, 0.1791640625001075, 1.1276796875001645, 0.6428828124999232, 1.0433671875004278, 0.9379765625005462, 1.1276796875004453, 0.8536640625005287, 0.1580859374999627, 1.2541484375001908, 0.7693515624999496, 0.43210156249987935, 0.13700781250009872, 1.67571093750084, 1.2696470588237938, 1.071264705882353, 0.33725000000013217, 0.43644117647058817, 0.5157941176473231, 0.33725000000013217, 1.4283529411767348, 1.3093235294117647, 0.7141764705882353, 1.2101323529413086, 0.8133676470586914, 0.6348235294117647, 0.8332058823532055, 0.0, 1.0712647058826172, 0.4959558823530733, 0.6149852941175149, 1.646573529412161, 1.7854411764708524, 0.8530441176469267, 0.13886764705869137, 0.6348235294117647, 0.3769264705883674, 0.47611764705882353, 0.19838235294117645, 0.6943382352942498, 1.6068970588239258, 0.218220588235162, 0.6745, 0.17854411764692668, 1.5473823529414408, 1.0514264705883674, 1.4283529411764706, 0.4761176470590879, 0.05951470588222079]",0.7313658506017021,0.6745,0.5148643032389505,0.0,2.975735294117911,88.0,4.0,2.0,0.67
1,"[0.0, 0.0, 0.0, 0.0]",0.0,0.0,0.0,0.0,0.0,4.0,4.0,1.0,0.33
2,"[37.209916666670665, 1.892347222222347, 0.0, 0.33725, 0.6745, 0.6182916666667915, 1.0679583333334581]",5.971466269841895,0.6745,12.76513957098068,0.0,37.209916666670665,7.0,1.0,3.0,1.0
