Cluster,Dist,mean,median,std,min,max,bag_count,day_count,Cluster_Rank,Cluster_perc
0,"[0.02932608695587623, 0.029326086957439042, 4.134978260859814, 1.319673913042561, 0.0, 0.5324999999999502, 0.6745, 1.384500000000249, 3.088500000001792, 0.21078124999971917, 1.180375, 0.35832812500014044, 0.8431250000005617, 0.0, 1.349, 0.168625, 1.1171406250001403, 0.7377343750004213, 0.6745, 0.4215625]",0.9127238111409332,0.6745,1.0228469298414726,0.0,4.134978260859814,20.0,3.0,3.0,0.5
1,"[0.6744999999999999, 0.6744999999999999, 0.6745, 0.6745]",0.6745,0.6744999999999999,7.850462293418876e-17,0.6744999999999999,0.6745,4.0,2.0,2.0,0.33
2,"[1.0342333333346911, 0.6745, 4.631566666669622, 0.0, 0.6745, 0.6745, 0.0, 0.65274193548374, 4.134032258062141, 2.4369032258048806]",1.4912977419355073,0.6745,1.5843295633024703,0.0,4.631566666669622,10.0,2.0,6.0,1.0
3,"[0.0, 0.0, 0.0, 0.0, 0.0]",0.0,0.0,0.0,0.0,0.0,5.0,5.0,1.0,0.17
4,"[0.6745, 1.011749999999326, 0.0, 0.6745, 5.028090909094771, 0.0]",1.231473484849016,0.6745,1.7376264984792251,0.0,5.028090909094771,6.0,2.0,4.0,0.67
5,"[0.7708571428578764, 0.0, 2.0556190476227156, 0.0, 1.9913809523824193, 0.5781428571421235, 3.854285714291094, 0.5139047619052509, 0.19271428571575283, 2.5052857142876706]",1.2462190476204902,0.6745,1.2256520834123033,0.0,3.854285714291094,10.0,1.0,5.0,0.83
