Cluster,Dist,mean,median,std,min,max,bag_count,day_count,Cluster_Rank,Cluster_perc
0,"[0.0, 0.0, 0.0, 0.0, 0.0, 0.0, 0.0, 0.0, 0.6744999999999954, 0.6745000000000045, 0.0, 0.0]",0.11241666666666666,0.0,0.25137130847060135,0.0,0.6745000000000045,12.0,11.0,1.0,0.25
1,"[0.6745, 0.6745, 0.6745, 0.6745]",0.6745,0.6745,0.0,0.6745,0.6745,4.0,2.0,2.0,0.5
2,"[0.6745, 0.0, 17.664608108110052]",6.113036036036683,0.6745,8.172835108444277,0.0,17.664608108110052,3.0,1.0,3.0,0.75
3,"[0.6745, 0.6332040816327503, 26.53951020408096, 0.0, 26.52574489795842]",10.874591836734425,0.6745,12.786969178388018,0.0,26.53951020408096,5.0,1.0,4.0,1.0
