Cluster,Dist,mean,median,std,min,max,bag_count,day_count,Cluster_Rank,Cluster_perc
0,"[0.6745, 0.6745, 0.6370277777794974, 0.7119722222215011, 0.637027777778499, 0.7119722222205026, 0.6745, 0.6745]",0.6745,0.6745,0.026496862438599646,0.637027777778499,0.7119722222215011,8.0,3.0,2.5,0.83
1,"[0.0, 0.0, 0.0, 0.0, 0.6745000000014977, 0.6744999999985023]",0.22483333333333333,0.0,0.3179623492735509,0.0,0.6745000000014977,6.0,5.0,1.0,0.33
2,"[0.6745, 0.6745]",0.6745,0.6745,0.0,0.6745,0.6745,2.0,1.0,2.5,0.83
