Cluster,Dist,mean,median,std,min,max,bag_count,day_count,Cluster_Rank,Cluster_perc
0,"[0.6745000000000748, 0.674499999999925, 0.6745000000000353, 0.6744999999999647, 0.0, 0.0, 0.0, 0.0, 0.0, 0.0]",0.26979999999999993,0.0,0.33043616630145073,0.0,0.6745000000000748,10.0,8.0,1.0,0.33
1,"[4.047, 0.6745, 0.0, 0.0, 0.6745, 107.41412500001198]",18.801687500001997,0.6745,39.652788136379954,0.0,107.41412500001198,6.0,2.0,2.0,0.67
2,"[0.6745, 0.0, 147.4157222222387]",49.3634074074129,0.6745,69.33400352867646,0.0,147.4157222222387,3.0,1.0,3.0,1.0
