Cluster,Dist,mean,median,std,min,max,bag_count,day_count,Cluster_Rank,Cluster_perc
0,"[0.6744999999999999, 0.6745000000000001, 0.6744999999999135, 0.6745000000000865, 0.6744999999997432, 0.6745000000002568, 0.6745000000000001, 1.6300416666657618, 0.0, 0.0, 0.0, 0.0, 0.0, 0.0]",0.453681547618983,0.6744999999998283,0.45982219637960653,0.0,1.6300416666657618,14.0,9.0,1.0,0.33
1,"[0.6745, 1.2990370370367166, 0.3747222222222962, 0.8993333333331114, 1.074203703703605, 0.0, 0.1498888888888519, 1.5238703703701608, 0.0]",0.6661728395060824,0.6745,0.5370857137013701,0.0,1.5238703703701608,9.0,1.0,2.0,0.67
2,"[1.4875958904106132, 0.7668972602739473, 0.5821027397260526, 0.48970547945198223, 0.48970547945198223, 1.5799931506844376]",0.8993333333331693,0.6745,0.45882370313194015,0.48970547945198223,1.5799931506844376,6.0,1.0,3.0,1.0
