Cluster,Dist,mean,median,std,min,max,bag_count,day_count,Cluster_Rank,Cluster_perc
0,"[0.0, 0.0, 0.0, 0.6745000000000079, 0.6744999999999921, 0.0, 0.0, 0.6745, 1.4838999999999998, 0.0]",0.35074,0.0,0.48338643795621733,0.0,1.4838999999999998,10.0,7.0,1.0,0.33
1,"[0.6745, 4.991300000000899, 0.0]",1.8886000000002996,0.6745,2.211153248119299,0.0,4.991300000000899,3.0,1.0,3.0,1.0
2,"[0.6758807574206754, 0.6731192425793247, 0.6972824974411485, 0.6731192425793247]",0.6798504350051182,0.6745000000000001,0.010127352119930032,0.6731192425793247,0.6972824974411485,4.0,1.0,2.0,0.67
