Cluster,Dist,mean,median,std,min,max,bag_count,day_count,Cluster_Rank,Cluster_perc
0,"[0.6745, 0.0, 1.0117499999988766, 0.6745, 23.79839622641473, 0.0, 161.12118749988326, 0.0, 0.6745]",20.883870414032984,0.6745,50.114939912502216,0.0,161.12118749988326,9.0,3.0,3.0,1.0
1,"[0.6745, 0.0, 1.0712647058826172, 0.0, 0.0]",0.3491529411765234,0.0,0.44564996093541537,0.0,1.0712647058826172,5.0,3.0,1.0,0.33
2,"[1.1691333333333533, 0.1798666666666467, 5.755733333333368, 0.1798666666666467]",1.8211500000000038,0.6745,2.3072545211306603,0.1798666666666467,5.755733333333368,4.0,1.0,2.0,0.67
