Cluster,Dist,mean,median,std,min,max,bag_count,day_count,Cluster_Rank,Cluster_perc
0,"[0.0, 0.6745, 2.4169583333337075, 0.0, 12.290168269230534, 0.6745]",2.6760211004273735,0.6745,4.374800768634634,0.0,12.290168269230534,6.0,2.0,2.0,0.67
1,"[0.19621818181815803, 0.6990272727272698, 0.3556454545454932, 0.0, 0.09810909090907902, 1.8763363636363815, 0.18395454545444148, 0.6499727272727303, 1.9253909090909211, 1.0792000000000326, 0.8829818181817112, 0.6499727272727303, 0.8952454545454278, 0.3433818181817766, 23.6933454545452, 4.819609090909079, 23.6933454545452, 0.28206363636368387, 0.19621818181815803, 0.4414909090908556, 23.779190909090726, 23.852772727272534, 23.840509090908817, 23.82824545454526, 23.852772727272534, 23.840509090908817, 0.18395454545460488, 0.5518636363636511, 23.840509090908817, 23.987672727272436, 23.88956363636336, 24.134836363636055, 23.938618181817898, 0.0, 0.4905454545453951, 0.06131818181825608, 0.30659090909095366, 0.5518636363636511, 0.3433818181817766, 23.852772727272534, 23.779190909090726, 1.6923818181817767, 0.6009181818181908, 0.8829818181817112, 0.134899999999902, 0.39243636363631607, 0.012263636363553185, 0.39243636363631607]",7.916177272727186,0.6745000000000001,10.770058768282405,0.0,24.134836363636055,48.0,1.0,3.0,1.0
2,[0.0],0.0,0.0,0.0,0.0,0.0,1.0,1.0,1.0,0.33
