Cluster,Dist,mean,median,std,min,max,bag_count,day_count,Cluster_Rank,Cluster_perc
0,"[0.0, 0.0, 0.0, 0.6744999999999477, 0.6745000000000522, 0.6744999999999989, 0.6745000000000011, 0.0, 0.0, 0.0, 0.0]",0.24527272727272728,0.0,0.32446531987510296,0.0,0.6745000000000522,11.0,9.0,2.0,0.67
1,"[0.0, 217.863499999903, 0.6745000000000001]",72.84599999996767,0.6745000000000001,102.54322736366987,0.0,217.863499999903,3.0,1.0,3.0,1.0
2,[0.0],0.0,0.0,0.0,0.0,0.0,1.0,1.0,1.0,0.33
