Cluster,Dist,mean,median,std,min,max,bag_count,day_count,Cluster_Rank,Cluster_perc
0,"[1.0028750000006472, 0.4881249999998755, 0.8608750000001244, 0.4881249999998755, 0.6745, 1.4527692307684865, 0.0, 1.374942307691776, 0.3113076923075328]",0.7392799145298131,0.6745,0.45429437970631226,0.0,1.4527692307684865,9.0,2.0,3.0,0.6
1,"[0.0, 14.227244186045874, 0.6745, 0.9635714285718687, 0.0, 0.6745, 3.2881874999884864, 0.6745, 0.0, 1.1426823529415098, 1.1902941176468598, 0.2856705882350603, 0.6030823529409177, 0.2856705882354832, 0.7459176470590823]",1.650388050777676,0.6745,3.449339104978301,0.0,14.227244186045874,15.0,4.0,5.0,1.0
2,"[0.7194666666681843, 0.5845666666672258, 1.573833333334931, 0.7194666666669861, 0.5845666666672258, 0.6295333333330138]",0.8019055555562612,0.6744999999999999,0.3496782814602436,0.5845666666672258,1.573833333334931,6.0,1.0,4.0,0.8
3,"[0.6745, 0.6745, 0.6745, 0.6745, 0.6745, 0.6745]",0.6745,0.6745,0.0,0.6745,0.6745,6.0,3.0,2.0,0.4
4,"[0.0, 0.0, 0.6745, 0.0, 1.371483333332874, 0.0, 0.6744999999988018, 0.6745000000011981, 0.0, 0.0]",0.3394983333332874,0.0,0.45751787945926786,0.0,1.371483333332874,10.0,7.0,1.0,0.2
