Cluster,Dist,mean,median,std,min,max,bag_count,day_count,Cluster_Rank,Cluster_perc
0,"[0.6745, 0.6745, 0.6745, 0.6745, 0.6745, 0.6745]",0.6745,0.6745,0.0,0.6745,0.6745,6.0,3.0,2.0,0.5
1,"[0.0, 0.0, 0.0]",0.0,0.0,0.0,0.0,0.0,3.0,3.0,1.0,0.25
2,"[0.6745, 5.058750000000749, 0.0, 0.6745, 6.0704999999880185, 0.0]",2.079708333331461,0.6745,2.496687866020105,0.0,6.0704999999880185,6.0,2.0,4.0,1.0
3,"[0.6745000000004493, 0.6745, 0.33725, 2.0235000000004493, 0.0]",0.7419500000001797,0.6745,0.6878577323838253,0.0,2.0235000000004493,5.0,1.0,3.0,0.75
