Cluster,Dist,mean,median,std,min,max,bag_count,day_count,Cluster_Rank,Cluster_perc
0,"[0.0, 0.0, 0.0, 0.0, 0.0, 0.0, 0.0, 0.0]",0.0,0.0,0.0,0.0,0.0,8.0,8.0,1.5,0.5
1,"[1.1414615384614701, 0.23718681318677845, 0.6967362637362604, 0.6226153846153922, 1.096989010988949, 0.4743736263735569, 0.7560329670329552, 0.7708571428571287, 0.14824175824173655, 0.5781428571428713, 0.7560329670329552, 0.6522637362637395, 0.8746263736263442, 0.2964835164834731, 29.085032967031868, 0.14824175824173655]",2.395957417582326,0.6744999999999999,6.897209420838368,0.14824175824173655,29.085032967031868,16.0,1.0,3.0,1.0
2,[0.0],0.0,0.0,0.0,0.0,0.0,1.0,1.0,1.5,0.5
