Cluster,Dist,mean,median,std,min,max,bag_count,day_count,Cluster_Rank,Cluster_perc
0,"[0.20439393939182696, 0.0, 0.6745, 13693.085818169508, 8597.463151507422, 0.0, 0.6745, 6.407749999997754]",2787.3137642020397,0.6745,4990.792393439882,0.0,13693.085818169508,8.0,2.0,3.0,1.0
1,"[0.0, 0.0, 0.0]",0.0,0.0,0.0,0.0,0.0,3.0,3.0,1.0,0.33
2,"[0.6745, 0.6745]",0.6745,0.6745,0.0,0.6745,0.6745,2.0,1.0,2.0,0.67
