Cluster,Dist,mean,median,std,min,max,bag_count,day_count,Cluster_Rank,Cluster_perc
0,"[0.22483333333329172, 0.22483333333329172, 1.6113055555552573, 1.1241666666667083, 0.6745, 0.0, 58.007000000004496, 0.6738155758498225, 0.6751844241501774, 0.7244629629629619, 0.6738155758498225, 0.0, 38.034305555552635, 0.6745]",7.380194498804175,0.6745,17.020236880646248,0.0,58.007000000004496,14.0,4.0,3.0,1.0
1,"[0.0, 0.6744999999999651, 0.6745000000000348, 0.0, 0.0, 0.0, 0.0, 0.0, 0.0, 0.6744999999998716, 0.6745000000001283, 0.6745000000001045, 0.6744999999998955, 0.6745000000000899, 0.6744999999999102]",0.35973333333333335,0.6744999999998716,0.3364997209838698,0.0,0.6745000000001283,15.0,11.0,1.0,0.33
2,"[1.3779071428572043, 0.7226785714285668, 0.24089285714277003, 0.2408928571428984, 37.974350000000555, 0.9153928571428342, 0.2794357142856235, 0.6263214285714331, 0.0, 0.6745, 22.601466101694797, 0.5258813559322202, 0.8231186440677798, 23.76755084745753, 0.42299152542368107]",6.079558660209859,0.6745,11.456560578337626,0.0,37.974350000000555,15.0,2.0,2.0,0.67
