Cluster,Dist,mean,median,std,min,max,bag_count,day_count,Cluster_Rank,Cluster_perc
0,"[0.0, 0.6744999999999064, 0.6745000000000936, 0.0, 0.0, 0.6745, 0.0, 1.3490000000002809, 0.0, 0.0, 0.0]",0.30659090909093467,0.0,0.4421716973274167,0.0,1.3490000000002809,11.0,8.0,2.0,0.67
1,"[0.6745, 0.6745, 0.6745, 0.6745]",0.6745,0.6745,0.0,0.6745,0.6745,4.0,2.0,3.0,1.0
2,[0.0],0.0,0.0,0.0,0.0,0.0,1.0,1.0,1.0,0.33
