Cluster,Dist,mean,median,std,min,max,bag_count,day_count,Cluster_Rank,Cluster_perc
0,"[0.0, 3.4849166666674156, 0.0, 0.6745, 0.8993333333333332, 8.612846153842431, 0.41507692307671035, 0.41507692307671035, 0.9339230769232897]",1.7150747863244322,0.6745,2.6317077271738403,0.0,8.612846153842431,9.0,2.0,4.0,1.0
1,"[0.0, 0.6744999999999443, 0.6745000000000558, 0.0, 0.6745000000008986, 0.6744999999991014, 0.0, 0.6744999999999999, 1.8182173913038213, 0.0, 1.6300416666670412, 0.6745, 0.0, 0.0, 0.0]",0.49968393719805754,0.6744999999991014,0.5743048702970722,0.0,1.8182173913038213,15.0,9.0,1.0,0.25
2,"[0.9303448275859931, 0.6745, 0.0, 0.5490116279072051, 0.7999883720927948, 1.1764534883718063, 0.42352325581420136, 1.0823372093022625, 0.4235232558137834]",0.6732980040986719,0.6745,0.348991504471684,0.0,1.1764534883718063,9.0,2.0,2.0,0.5
3,"[0.6745, 0.6745, 0.6745, 0.6745]",0.6745,0.6745,0.0,0.6745,0.6745,4.0,2.0,3.0,0.75
