Cluster,Dist,mean,median,std,min,max,bag_count,day_count,Cluster_Rank,Cluster_perc
0,"[0.5662469135801073, 0.5662469135803291, 1.815320987653984, 0.7827530864196709, 0.355, 0.284, 0.284, 1.7750000000002364, 0.994, 1.0472500000001181, 0.6745, 0.8036595744679712, 0.2009148936169928, 0.0, 0.7319042553191408, 0.6745, 0.7175531914894512, 0.1839545454545879, 1.165045454545412, 0.1839545454545879, 34.81996753246843, 1.3168809523807283, 0.03211904761841594, 6.520166666670232, 0.032119047619271764, 1.1650454545454545, 2.9126136363638406, 0.24527272727272725, 1.0117500000002042, 0.4598863636365679, 0.24527272727272725, 0.4598863636365679, 0.8891136363634321, 3.1476666666653355, 0.7494444444448882, 0.5995555555551118, 0.5995555555551118]",1.8651924524230175,0.6745,5.612458138776569,0.0,34.81996753246843,37.0,7.0,3.0,0.75
1,"[0.7119722222221297, 0.6745, 0.0, 0.37940625, 0.0, 2.339671875000421, 0.6745, 1.4543906250001404, 1.9213030303029146, 2.4936060606058295, 0.6745, 0.0, 0.2248333333334241, 0.2558448275864206, 0.8373103448277786, 0.3721379310345682, 2.02350000000062, 0.0, 0.6745, 1.093155172414199, 0.8908490566038312, 0.4581509433961688, 0.4581509433961688, 1.2726415094338024, 1.1951666666666059, 0.1538333333332365, 1.988000000000083, 0.1538333333333942, 0.09870731707337387, 0.09870731707337387, 4.343121951219245, 1.250292682926626, 0.0, 0.6745, 21.246750000002248, 0.0, 0.6745, 2.794357142857785, 0.04651724137958815, 2.558448275859996, 0.04651724137896842, 1.3024827586204117]",1.3931109377829372,0.6745,3.2433017093112357,0.0,21.246750000002248,42.0,10.0,2.0,0.5
2,"[0.6745, 0.0, 1.4838999999997844, 0.0, 1.292791666667041, 0.6745, 0.6744999999999363, 0.6745000000000637, 1.1241666666666668, 0.0, 0.6745, 0.0, 0.6745, 2.001741935483441, 1.7705625000005616, 0.6745, 0.0]",0.7290978099304409,0.6745,0.6148463610556596,0.0,2.001741935483441,17.0,6.0,1.0,0.25
3,"[21.857144628100382, 0.09476446280994928, 0.6187561983471848, 0.6633512396693477, 0.027871900826481878, 0.19510330578522464, 0.6633512396694964, 0.6856487603305036, 1.499508264462913, 0.027871900826481878, 21.22166528925737, 1.020111570247989, 1.7447809917356267, 1.1427479338842719, 0.2046235955055522, 0.7351292134831414, 1.4626797752810416, 30.1554550561807, 0.21978089887643854, 0.8867022471909953, 0.6138707865168584, 1.0534325842697354, 1.7051966292136078, 0.26525280898889564, 0.2046235955057541, 0.46229775280900465]",3.439681639606729,0.6745,7.714935708234289,0.027871900826481878,30.1554550561807,26.0,2.0,4.0,1.0
