Cluster,Dist,mean,median,std,min,max,bag_count,day_count,Cluster_Rank,Cluster_perc
0,"[0.4692173913043478, 0.4692173913043478, 0.8797826086956522, 121.23404347827416, 0.36168840579713163, 0.36168840579713163, 0.9873115942028683, 37.62536956521786, 1.2920000000000054, 0.05699999999999465, 38.34200000000058, 0.05699999999999465]",16.84469323671617,0.6745,34.37861853038343,0.05699999999999465,121.23404347827416,12.0,3.0,3.0,0.75
1,"[0.0, 0.0, 0.6744999999985023, 0.6745000000014977, 0.0, 0.0, 0.0, 0.0]",0.168625,0.0,0.2920670674263019,0.0,0.6745000000014977,8.0,7.0,1.0,0.25
2,"[2.0848181818185902, 0.6744999999999999, 0.0, 0.4905454545454545, 0.5518636363636363, 126.07018181819569, 1.6555909090909091]",18.789642857144894,0.6744999999999999,43.80219104019985,0.0,126.07018181819569,7.0,1.0,4.0,1.0
3,"[0.0, 43.58140322581138, 0.6745]",14.751967741937127,0.6745,20.387349023379684,0.0,43.58140322581138,3.0,1.0,2.0,0.5
