Cluster,Dist,mean,median,std,min,max,bag_count,day_count,Cluster_Rank,Cluster_perc
0,"[0.0, 0.6745000000006418, 0.6744999999993581, 0.0, 0.0, 0.0]",0.2248333333333333,0.0,0.3179623492735508,0.0,0.6745000000006418,6.0,5.0,1.0,0.12
1,"[1.8583163265306348, 0.06882653061232724, 1.1149897959183075, 0.4267244897961354, 0.591908163265134, 0.5093163265302679, 0.7846224489795769, 1.5830102040816925, 0.3166020408161918, 0.06882653061232724, 0.757091836734866, 0.9498061224489421, 0.08093999999982028, 1.4029600000003595, 0.6744999999998202, 0.32376, 1.0252400000003594, 1.67276, 0.6745000000001797, 0.08093999999982028]",0.7482820408163381,0.6745,0.5404545141051839,0.06882653061232724,1.8583163265306348,20.0,2.0,4.0,0.5
2,"[0.0, 0.6745, 1.0567166666660477, 0.42718333333359293, 0.8543666666659877, 0.0, 0.035500000000224026, 0.9940000000001243, 0.6745, 2.094499999999502]",0.681126666666548,0.6745,0.6062895145516789,0.0,2.094499999999502,10.0,2.0,3.0,0.38
3,"[4.016340909091522, 0.8891136363638407, 0.45988636363615937, 0.45988636363615937, 0.8672142857142071, 0.4817857142854261, 0.4817857142857929, 2.9044795918354587, 0.15759345794393778, 0.15759345794393778, 1.1914065420560622, 25.0825747663531]",3.0958050669288006,0.6745,6.724292870270812,0.15759345794393778,25.0825747663531,12.0,3.0,7.0,0.88
4,"[0.6745, 0.6745]",0.6745,0.6745,0.0,0.6745,0.6745,2.0,1.0,2.0,0.25
5,"[0.0, 5.058750000000749, 0.6745]",1.9110833333335828,0.6745,2.242705456338496,0.0,5.058750000000749,3.0,1.0,6.0,0.75
6,"[0.0, 0.6745, 1.6603076923076923, 0.0, 0.6745, 0.05188461538461538, 2.905538461538807]",0.8523901098901592,0.6745,1.0018116162989854,0.0,2.905538461538807,7.0,1.0,5.0,0.62
7,"[0.4576964285714859, 1.3971785714295573, 0.5299642857148588, 3.0834285714300385, 0.6745, 0.0, 48.4676428571717]",7.801487244902519,0.6745,16.62818141260769,0.0,48.4676428571717,7.0,1.0,8.0,1.0
