Cluster,Dist,mean,median,std,min,max,bag_count,day_count,Cluster_Rank,Cluster_perc
0,"[0.0, 0.6745000000002899, 0.6744999999997101, 0.0, 0.0]",0.2698,0.0,0.33043616630145073,0.0,0.6745000000002899,5.0,4.0,2.0,0.67
1,"[0.0, 0.6745, 33943.98766674578]",11314.88738891526,0.6745,16001.190260973703,0.0,33943.98766674578,3.0,1.0,3.0,1.0
2,[0.0],0.0,0.0,0.0,0.0,0.0,1.0,1.0,1.0,0.33
