Cluster,Dist,mean,median,std,min,max,bag_count,day_count,Cluster_Rank,Cluster_perc
0,"[0.0, 0.0, 0.0, 0.0, 0.0, 0.0, 0.6745000000044931, 0.6744999999955069, 0.6744999999994009, 0.6745000000005991]",0.2698,0.0,0.33043616630145073,0.0,0.6745000000044931,10.0,8.0,1.0,0.25
1,"[1.349, 0.6745, 2.698, 0.0, 0.0, 0.0, 0.6745, 0.0, 1.3489999999970046, 2.697999999994009, 0.9443000000021566, 0.0, 1.2141000000025162, 0.6745, 0.0]",0.8183933333330456,0.6745,0.8900219970806029,0.0,2.698,15.0,3.0,2.0,0.5
2,"[18.211499999874196, 0.6744999999820277, 0.6745, 0.6745]",5.058749999964055,0.6745,7.593743753031969,0.6744999999820277,18.211499999874196,4.0,1.0,4.0,1.0
3,"[0.0, 2.9228333333253453, 0.6745]",1.1991111111084485,0.6745,1.2495736038140552,0.0,2.9228333333253453,3.0,1.0,3.0,0.75
