Cluster,Dist,mean,median,std,min,max,bag_count,day_count,Cluster_Rank,Cluster_perc
0,"[0.7197539936102255, 0.6292460063897745, 0.5990766773162955, 8.210367412140519, 0.5990766773162812, 1.1076453674121256, 0.14988888888886115, 1.1991111111111388, 0.14988888888886115, 280.2922222222011, 0.0, 0.0, 0.0, 410.1803124999598, 0.25293749999994736, 1.0960625000000528, 335.9853124999668, 0.08431249999998244, 0.08431249999998244]",54.807343539221144,0.5990766773162955,126.21988473495487,0.0,410.1803124999598,19.0,4.0,3.0,0.75
1,"[0.6745000000011232, 0.6744999999988767, 0.6745, 0.0, 1.423944444444461, 0.6745000000000004, 0.6744999999999995, 0.0, 0.0, 0.0, 0.0]",0.43604040404040556,0.6744999999988767,0.4483226777618715,0.0,1.423944444444461,11.0,7.0,1.0,0.25
2,"[0.0, 0.6745, 11.344392241379255, 3.3724999999999734, 1.2767321428571246, 0.07226785714287529, 0.07226785714284854, 0.0, 25.594209090908787, 0.6745, 608.3990000000667, 0.6745, 0.0, 0.0, 0.6745, 283.8296000000314]",58.54118557434557,0.6745,157.45516253124967,0.0,608.3990000000667,16.0,5.0,4.0,1.0
3,"[0.6745, 0.6745, 0.6745, 0.6745, 0.0, 0.0]",0.44966666666666666,0.6745,0.3179623492735509,0.0,0.6745,6.0,3.0,2.0,0.5
