Cluster,Dist,mean,median,std,min,max,bag_count,day_count,Cluster_Rank,Cluster_perc
0,"[0.6745, 0.6745, 0.0, 0.0, 0.6745, 0.6745]",0.44966666666666666,0.6745,0.3179623492735508,0.0,0.6745,6.0,3.0,3.0,1.0
1,"[0.0, 0.0, 0.0, 0.6744999999998396, 0.6745000000001604, 0.0, 0.0, 0.0, 0.0, 0.0]",0.1349,0.0,0.26979999999999993,0.0,0.6745000000001604,10.0,9.0,2.0,0.67
2,[0.0],0.0,0.0,0.0,0.0,0.0,1.0,1.0,1.0,0.33
