Cluster,Dist,mean,median,std,min,max,bag_count,day_count,Cluster_Rank,Cluster_perc
0,"[23.16164406779651, 23.355991525423683, 22.8072457627118, 22.79581355932197, 22.510008474576164, 22.57860169491514, 0.4687203389830741, 0.5373135593220494, 0.5944745762711955, 0.35439830508470577, 0.7545254237288045, 0.3658305084746111, 0.8002542372881214, 0.14861864406777983, 0.18291525423734362, 0.7888220338982922, 0.7545254237288045, 0.14861864406777983, 0.20577966101700207, 0.4687203389830741, 0.623912499999948, 1.0286125000000266, 33.01677500000085, 0.32038749999997335, 0.32038749999997335, 0.7250875000000518]",6.9160763282268745,0.6744999999999999,10.725222728704816,0.14861864406777983,33.01677500000085,26.0,2.0,2.0,0.67
1,"[0.0, 0.0, 0.0, 0.0, 0.0, 0.6745000000000511, 0.6744999999999489]",0.1927142857142857,0.0,0.304708040254796,0.0,0.6745000000000511,7.0,6.0,1.0,0.33
2,"[0.0, 0.6745, 671.8020000000741, 0.0, 91.86690000001019, 0.6745, 0.6745, 0.0, 2.5631, 7.891650000000898, 0.6745, 0.0, 0.6745, 0.0, 12.802528846153589]",52.686578589749246,0.6745,167.0038618684696,0.0,671.8020000000741,15.0,5.0,3.0,1.0
