Cluster,Dist,mean,median,std,min,max,bag_count,day_count,Cluster_Rank,Cluster_perc
0,"[0.0, 0.0, 4.047000000004493, 0.6745, 6.745000000004493, 0.0, 1.5176249999974725, 0.0, 0.8431249999985959, 0.6745, 0.0, 0.0]",1.208479166667088,0.33725,2.005661095314884,0.0,6.745000000004493,12.0,3.0,2.0,0.67
1,"[0.0, 0.0, 0.0, 0.0, 0.0, 0.0, 0.0, 0.0, 0.0, 0.0, 0.0, 0.0]",0.0,0.0,0.0,0.0,0.0,12.0,12.0,1.0,0.33
2,"[2.0234999999910137, 0.0, 0.6745, 0.0, 0.6745, 5.395999999964055, 0.0]",1.2526428571364383,0.6745,1.81806293529409,0.0,5.395999999964055,7.0,1.0,3.0,1.0
