Cluster,Dist,mean,median,std,min,max,bag_count,day_count,Cluster_Rank,Cluster_perc
0,"[144.11816666668264, 0.0, 0.6745, 0.6745, 0.6745]",29.228333333336526,0.6745,57.445510645989664,0.0,144.11816666668264,5.0,2.0,3.0,1.0
1,"[0.0, 0.0, 0.0, 0.6744999999999376, 0.6745000000000624, 0.0, 0.0, 0.0, 0.0, 0.6744999999999978, 0.6745000000000022]",0.24527272727272728,0.0,0.32446531987510296,0.0,0.6745000000000624,11.0,9.0,1.0,0.33
2,"[0.6946343283582069, 0.36241791044772514, 0.38255223880599915, 0.5536940298507583, 0.18120895522386257, 0.010067164179103475, 0.34228358208958526, 0.15100746268655216, 0.15100746268655216, 1.0067164179104817, 0.48322388059703386, 1.197992537313448, 0.25167910447765396, 0.0, 0.47315671641793045, 0.0805373134328278, 0.7953059701492416, 0.6442985074626896, 0.3221492537313783, 19.651104477612133, 0.8053731343283452, 0.19127611940296607, 0.6946343283582069, 0.6745, 0.5939626865671721, 19.61083582089572, 0.9865820895522749, 1.0167835820895852, 0.48322388059703386, 0.15100746268655216, 0.19127611940296607, 20.043723880597234, 20.235000000000202, 19.661171641791235, 1.0872537313433097, 0.5637611940298617, 20.235000000000202, 19.46989552238827, 0.060402985074620864, 0.6644328358208965, 20.355805970149444, 0.49329104477613744, 0.27181343283579384, 1.0268507462686889, 19.630970149253926, 19.943052238806203, 20.184664179104683, 20.17459701492558, 20.43634328358227, 20.416208955224064, 20.285335820895718]",6.242628767925144,0.6745,8.900755967933488,0.0,20.43634328358227,51.0,1.0,2.0,0.67
