Cluster,Dist,mean,median,std,min,max,bag_count,day_count,Cluster_Rank,Cluster_perc
0,"[0.0, 0.0, 0.6745000000007488, 0.6744999999992511, 1.5738333333333334, 0.0, 0.6745, 0.0, 0.0, 0.0, 0.0, 0.0, 0.0]",0.2767179487179487,0.0,0.4679213781967757,0.0,1.5738333333333334,13.0,10.0,1.0,0.33
1,"[0.6745, 0.6745]",0.6745,0.6745,0.0,0.6745,0.6745,2.0,1.0,2.0,0.67
2,"[0.33725, 0.33725, 2.36075, 1.01175]",1.01175,0.6745,0.8260904157536267,0.33725,2.36075,4.0,1.0,3.0,1.0
