Cluster,Dist,mean,median,std,min,max,bag_count,day_count,Cluster_Rank,Cluster_perc
0,"[1266.8765590912024, 1267.0543818184751, 0.30045909090900474, 0.6745, 0.0, 4.439283209146967, 1.3492325924974304, 1.3484572841726619, 7.7530832477019e-05, 7.7530832477019e-05, 0.0005427158273381608, 2.4833863636388886, 0.6745, 0.0, 0.9899919354838757, 0.15230645161301543, 0.6745, 0.09791129032263207, 0.0, 0.6745, 0.7615322580644974, 1.2330703124996052, 0.11592968749983328, 0.11592968750039491, 1.2541484374986047, 0.0, 0.4946333333334132, 1.2815499999995807, 1.2815499999995807, 0.022483333333473115, 0.5395999999997604, 1.776183333332994, 1.3040333333330538, 0.6745, 0.3587765957447256, 0.3587765957447256, 0.9902234042552744, 861.9679468084836, 0.6745, 0.6745, 0.4634601226993297, 0.4634601226993297, 1931.585926380344, 0.8855398773006703, 0.6745, 0.6745, 0.6744512353305167, 0.6747208752676603, 0.6745487646694834, 0.6744512353305165, 1.102231707317223, 0.0, 0.6745, 1.0528780487803167, 0.6745]",97.5385491344603,0.6745,360.83774435222205,0.0,1931.585926380344,55.0,12.0,2.0,0.67
1,"[0.6744999999991014, 0.6745000000008986, 0.6744999999995617, 0.6745000000004384, 0.0, 0.0, 0.6745, 1.124166666666096, 0.0, 0.0, 0.6745000000089861, 0.6744999999910138]",0.48713888888884127,0.6744999999993315,0.3652340436428974,0.0,1.124166666666096,12.0,7.0,1.0,0.33
2,"[0.5353843750000842, 0.02107812500002808, 0.7461656249999157, 1711.0926781251885, 1710.4519031251882, 0.31617187500019656, 0.6028343750000842, 0.02107812500002808, 1785.9706093751968, 0.9316531250000281, 0.3938074534161234, 0.38123913043478747, 0.32258695652170033, 912.9127080744457, 0.22622981366460526, 0.6745, 0.4482701863353947, 0.4734068322980666, 0.0, 0.46921739130436235, 1897.6659503103756, 1897.3307950308724, 1897.657571428388, 1897.6031086954688, 1897.5779720495061, 1897.4899937886364, 1897.1799751550961, 0.4925809128630972, 0.5989336099584691, 0.36943568464728554, 1294.922452281978, 1294.782514522642, 1295.123962655422, 1295.34786307036, 0.34704564315336606, 0.750066390041531, 0.3470456431535152]",664.6642915935557,0.6745,829.2442539137836,0.0,1897.6659503103756,37.0,3.0,3.0,1.0
