Cluster,Dist,mean,median,std,min,max,bag_count,day_count,Cluster_Rank,Cluster_perc
0,"[0.0, 0.0, 0.0, 0.0, 0.0, 0.0]",0.0,0.0,0.0,0.0,0.0,6.0,6.0,1.0,0.33
1,"[0.6745, 0.6745]",0.6745,0.6745,0.0,0.6745,0.6745,2.0,1.0,3.0,1.0
2,"[0.6745000000011232, 0.6744999999988767]",0.6744999999999999,0.6744999999999999,1.1232681465361639e-12,0.6744999999988767,0.6745000000011232,2.0,1.0,2.0,0.67
