Cluster,Dist,mean,median,std,min,max,bag_count,day_count,Cluster_Rank,Cluster_perc
0,"[0.6745000000089861, 0.6744999999910138, 0.0, 0.0, 0.0, 0.0, 0.0, 0.0, 0.0, 0.0, 0.674500000000817, 0.6744999999991831, 0.0]",0.20753846153846153,0.0,0.3113076923076923,0.0,0.6745000000089861,13.0,11.0,1.0,0.33
1,"[2.6979999999820277, 0.6745, 0.0]",1.124166666660676,0.6745,1.1464295539645535,0.0,2.6979999999820277,3.0,1.0,3.0,1.0
2,"[0.578142857144691, 0.5781428571421235, 0.7708571428553089, 1.5417142857183201]",0.8672142857151108,0.6745,0.39729067778435373,0.5781428571421235,1.5417142857183201,4.0,1.0,2.0,0.67
