Cluster,Dist,mean,median,std,min,max,bag_count,day_count,Cluster_Rank,Cluster_perc
0,"[0.0, 0.0, 0.0, 0.0, 0.0, 0.0, 0.0, 0.0]",0.0,0.0,0.0,0.0,0.0,8.0,8.0,1.5,0.5
1,"[57.65508695651974, 1.085065217391245, 1.2903478260868675, 0.6451739130434825, 0.46921739130427986, 0.6745, 0.0]",8.831341614906517,0.6745,19.93594964435658,0.0,57.65508695651974,7.0,1.0,3.0,1.0
2,[0.0],0.0,0.0,0.0,0.0,0.0,1.0,1.0,1.5,0.5
