Cluster,Dist,mean,median,std,min,max,bag_count,day_count,Cluster_Rank,Cluster_perc
0,"[0.0, 0.0, 0.0, 0.0, 0.0, 0.0, 0.0, 0.0, 0.0]",0.0,0.0,0.0,0.0,0.0,9.0,9.0,1.5,0.5
1,"[0.0, 0.0, 0.0]",0.0,0.0,0.0,0.0,0.0,3.0,1.0,1.5,0.5
2,"[0.6745, 0.0, 0.33725, 1.0117500000007489, 0.7869166666666667, 0.5620833333333333, 0.7869166666666667]",0.594202380952488,0.6745,0.31057640938398556,0.0,1.0117500000007489,7.0,1.0,3.0,1.0
