Cluster,Dist,mean,median,std,min,max,bag_count,day_count,Cluster_Rank,Cluster_perc
0,"[0.22483333333344427, 0.0, 1.773685185184914, 1.5738333333331116, 0.6745, 0.7708571428571428, 0.0, 0.6745, 26.278520000002878, 0.0, 0.6745000000000001, 0.6745000000000001, 25.326813725489618, 0.0, 0.8056527777779026, 0.07494444444444444, 1.0866944444444444, 1.0679583333334581, 0.5433472222220974, 0.07494444444444444, 0.9105750000002246, 0.6745, 0.06745, 0.5058750000002247, 1.0792, 0.0, 0.7419499999999999, 0.47215, 0.9780250000002247, 0.60705, 0.37097500000022465, 0.8094, 1.349, 0.0, 6.744999999955069, 0.6745, 0.6745, 3.147666666667166, 0.0, 0.49054545454535553, 1.021969696969763, 0.2657121212119314, 1.124166666666576, 1.001530303030237, 1.10372727272705, 0.44966666666657584, 1.001530303030237, 0.6131818181816944, 1.4103181818180333, 0.0, 0.2657121212122037, 0.7766969696970851, 0.6745, 0.4701060606061018]",1.718097494256553,0.6745,4.825598982676585,0.0,26.278520000002878,54.0,9.0,3.0,0.75
1,"[0.6034999999995022, 1.3135000000006969, 0.745499999999552, 0.6035000000004481, 0.9339230769237682, 0.15565384615419178, 0.4150769230762318, 0.9339230769237682, 3.216846153846154, 0.15565384615350053]",0.9077076923077814,0.6745000000000001,0.8416301651976145,0.15565384615350053,3.216846153846154,10.0,2.0,2.0,0.5
2,"[0.6745, 2.0235, 0.0, 1.0117500000022466, 0.0, 0.6745, 0.0, 0.0]",0.5480312500002809,0.33725,0.6731813281621809,0.0,2.0235,8.0,4.0,1.0,0.25
3,"[0.9791129032257408, 0.0, 0.4351612903224871, 0.9355967741932024, 1.283725806451192, 0.130548387097036, 0.10879032258047684, 1.0879032258065078, 0.3916451612902384, 0.0, 0.6745, 0.9355967741934922, 43.1244838709634, 0.8703225806449743, 0.10879032258076672]",3.4044118279566344,0.6745,10.62389607534887,0.0,43.1244838709634,15.0,1.0,4.0,1.0
