Cluster,Dist,mean,median,std,min,max,bag_count,day_count,Cluster_Rank,Cluster_perc
0,"[0.6745, 0.6745, 0.6745, 0.6745, 0.6745, 0.6745, 0.6745, 0.6745]",0.6745,0.6745,0.0,0.6745,0.6745,8.0,4.0,3.0,1.0
1,"[0.0, 0.0, 1.5738333333333334, 0.6745, 0.0, 0.0, 0.0, 0.0]",0.2810416666666667,0.0,0.5361933261297749,0.0,1.5738333333333334,8.0,6.0,2.0,0.67
2,[0.0],0.0,0.0,0.0,0.0,0.0,1.0,1.0,1.0,0.33
