Cluster,Dist,mean,median,std,min,max,bag_count,day_count,Cluster_Rank,Cluster_perc
0,"[0.6745, 0.0, 2.473166666667166, 0.6745, 0.6745, 0.6745, 0.17406451612903223, 0.0, 1.5883387096775643, 0.7615322580645162, 0.7494444444444305, 0.0, 0.6745]",0.7014651226909776,0.6745,0.6615441226261817,0.0,2.473166666667166,13.0,4.0,2.0,0.67
1,"[0.6745000000008986, 0.6744999999991014, 0.6745000000000899, 0.6744999999999102, 0.0, 0.0, 0.6745000000000314, 0.6744999999999686, 0.0]",0.4496666666666667,0.6744999999999102,0.3179623492735509,0.0,0.6745000000008986,9.0,6.0,1.0,0.33
2,"[0.1686249999997994, 0.21680357142868031, 1.1321964285713195, 0.16862500000012035, 5.371910714285239, 98.06748214284455]",17.520940476188287,0.6744999999999999,36.06839357124483,0.1686249999997994,98.06748214284455,6.0,1.0,3.0,1.0
