Cluster,Dist,mean,median,std,min,max,bag_count,day_count,Cluster_Rank,Cluster_perc
0,"[0.3638749999996951, 0.36387500000016804, 0.9851249999998318, 5423.077624998696, 5.600485182041925, 0.6745, 0.0, 0.6745, 0.6745]",603.6016094645264,0.6745,1703.9428383016166,0.0,5423.077624998696,9.0,3.0,3.0,1.0
1,"[0.0, 0.0, 0.0, 0.6744999999910138, 0.6745000000089861, 0.0]",0.22483333333333333,0.0,0.3179623492735509,0.0,0.6745000000089861,6.0,5.0,1.0,0.33
2,"[5.733250000008087, 0.13490000000107832, 0.6745, 0.7419500000005392, 0.0]",1.4569200000019409,0.6745,2.1578097317912692,0.0,5.733250000008087,5.0,1.0,2.0,0.67
