Cluster,Dist,mean,median,std,min,max,bag_count,day_count,Cluster_Rank,Cluster_perc
0,"[0.0, 0.0]",0.0,0.0,0.0,0.0,0.0,2.0,2.0,1.0,0.33
1,"[5360.53550000247, 5361.127166669136, 0.0, 0.1538333333334661, 1.1833333333340634, 0.6745, 0.414166666666733]",1532.012642857849,0.6745,2421.557592875099,0.0,5361.127166669136,7.0,1.0,3.0,1.0
2,"[0.6745000000000001, 0.6744999999999998]",0.6744999999999999,0.6744999999999999,1.7554167342883506e-16,0.6744999999999998,0.6745000000000001,2.0,1.0,2.0,0.67
