Cluster,Dist,mean,median,std,min,max,bag_count,day_count,Cluster_Rank,Cluster_perc
0,"[0.10376923076901808, 2.0062051282059317, 0.069179487179499, 0.553435897435992, 0.830153846153988, 0.03458974358951908, 1.106871794871984, 0.138358974358998, 1.314410256410481, 0.3113076923075151, 1.2798205128209617, 0.9339230769234668, 0.69179487179499, 1.6948974358979558, 0.6572051282050101, 0.03458974358997991, 1.618799999999281, 0.6745, 1.4389333333332934, 1.0342333333325746, 0.0, 3.2825666666661077, 0.17986666666658677, 0.3147666666662273, 0.17986666666718584, 2.4731666666665757, 0.0, 1.532954545454372, 0.10219696969681291, 0.7358181818180333, 3.5564545454543723, 0.24527272727267777, 0.36790909090901663, 0.6745, 0.8633600000001629, 0.05396000000011503, 0.8273866666668327, 0.05395999999987539, 1.0612133333333589, 0.05395999999987539, 0.593560000000067, 0.7554399999999328, 0.05395999999987539, 1.4749066666667752]",0.8173642169951201,0.6745,0.8276852910009102,0.0,3.5564545454543723,44.0,4.0,3.0,0.5
1,"[0.1264687499997192, 1.222531250000281, 0.1264687499997192, 9.906718750000843, 1.1933461538461538, 0.7004423076924805, 2.075384615384961, 2.023500000000346, 2.0494423076924804, 0.6745, 0.0, 0.2594230769230769, 0.2594230769230769, 0.6745, 0.20753846153846153, 1.3490000000003457, 0.4410192307694036]",1.3699827488689027,0.6745,2.2410830551999816,0.0,9.906718750000843,17.0,2.0,6.0,1.0
2,"[1.9485555555554077, 0.19985185185180254, 0.6495185185186911, 0.699481481481309, 0.19985185185180254, 2.0984444444439267, 0.6745, 0.6745, 0.6745, 0.6745, 0.6745, 0.6745]",0.8202253086419117,0.6745,0.5662622206535579,0.19985185185180254,2.0984444444439267,12.0,4.0,4.0,0.67
3,"[0.0, 0.0, 0.0, 0.0, 0.0, 0.0, 0.6745000000008986, 0.6744999999991014, 0.6745000000001341, 0.6744999999998659, 0.0]",0.24527272727272728,0.0,0.32446531987510296,0.0,0.6745000000008986,11.0,9.0,1.0,0.17
4,"[0.0, 1.0361884057973316, 0.0, 0.37146376811584764, 0.9775362318841524, 1.6031594202902704, 0.6745, 0.7644333333332934, 0.0, 0.6745000000006418, 0.6745, 0.0]",0.5646900966184615,0.6745,0.48820070696108614,0.0,1.6031594202902704,12.0,3.0,2.0,0.33
5,"[0.0, 2.3074999999994272, 0.6745, 0.42599999999985066, 0.9939999999996516]",0.880399999999786,0.6745,0.7840277673652154,0.0,2.3074999999994272,5.0,1.0,5.0,0.83
