Cluster,Dist,mean,median,std,min,max,bag_count,day_count,Cluster_Rank,Cluster_perc
0,"[0.6745, 0.6745, 0.6745, 0.6745]",0.6745,0.6745,0.0,0.6745,0.6745,4.0,2.0,3.0,1.0
1,"[0.0, 0.0, 0.0, 0.6744999999998595, 0.6745000000001404, 0.0, 0.6744999999998128, 0.6745000000001873]",0.33725000000000005,0.3372499999999064,0.33725,0.0,0.6745000000001873,8.0,6.0,2.0,0.67
2,[0.0],0.0,0.0,0.0,0.0,0.0,1.0,1.0,1.0,0.33
