Cluster,Dist,mean,median,std,min,max,bag_count,day_count,Cluster_Rank,Cluster_perc
0,"[0.6166857142853621, 0.7323142857146379, 0.6166857142853621, 1.348999999998973, 2818.3055989007908, 2817.927582417274, 0.11118131868144238, 0.0, 0.6745, 0.10117499999977535, 1.2141, 0.7082250000002246, 0.47214999999955065, 0.6407749999997754, 0.8094, 2.5968250000002246, 0.10117499999977535, 0.1888599999998706, 1.5378600000005895, 0.9982600000004457, 0.9982600000004457, 0.08093999999984185, 0.9443000000000719, 0.40469999999992806, 0.08093999999984185, 0.47464814814763046, 0.8743518518510383, 0.4746481481489617, 3.1226851851843715, 0.4692173913049933, 0.9970869565210596, 0.6158478260869735, 0.7331521739130265, 1.5836086956513247, 0.4692173913042119, 0.000743510006775648, 0.0, 0.00020463578168163115, 1.164930114377598, 1.3932831831558512, 0.6756596027628611, 0.6745, 0.6744999999999999, 0.6745, 0.0, 8347.123568964516, 0.6745, 0.0, 0.9661756756756231, 0.6745, 0.8932567567567173, 0.6745, 0.27344594594577526, 2.005270270270152]",259.6401758477481,0.6745,1231.6638720945582,0.0,8347.123568964516,54.0,10.0,3.0,1.0
1,"[0.6745000000004384, 0.6744999999995617, 0.0, 0.0, 0.6744999999994714, 0.6745000000005287, 0.0, 0.0, 0.6744999999994865, 0.6745000000005135, 0.0, 0.6745, 0.0, 1.349000000007189]",0.4336071428576564,0.674499999999479,0.41163789473090434,0.0,1.349000000007189,14.0,9.0,1.0,0.33
2,"[0.6744498520468096, 0.6745, 0.6744719171462135, 0.00010731661982714253, 0.00011935212859278339, 0.0, 0.7037994431309573, 0.7164908871243554, 0.7248515538802397, 0.7368268851020805, 0.7475665707573123, 0.2237290754040833, 0.2236749156146377, 0.22368193632808436, 1.3151792174094066, 1.315182226286598, 1.3151441138421733, 2.9991857808770894, 6.515178009397378, 9.93438190259547, 9.934301413335325, 9.934744104266114, 9.934462391855613, 0.6748269876193318, 0.6740925231205249, 0.6741730123806682, 0.6739818503878281, 0.0003068653042959426, 0.0004779049821005548, 8.551983890230615e-05, 8.551983890176998e-05, 0.0008501678102628722, 2.9991555974045356, 0.6745, 0.0, 0.2767179487178069, 0.5880256410251092, 1.2452307692301312, 1.2625256410251093, 4112.097897434244, 0.36370098039224147, 0.9852990196077585, 0.033063725490235805, 0.033063725490235805, 504.04326960783277, 1.1043284313725368]",101.91147147257095,0.6745,602.2805904742909,0.0,4112.097897434244,46.0,4.0,2.0,0.67
