Cluster,Dist,mean,median,std,min,max,bag_count,day_count,Cluster_Rank,Cluster_perc
0,"[0.0, 0.0, 0.0, 0.0, 0.0, 0.0, 0.6744999999991014, 0.6745000000008986, 0.0, 0.0]",0.1349,0.0,0.26979999999999993,0.0,0.6745000000008986,10.0,9.0,1.0,0.33
1,"[0.0, 0.0, 0.6745, 0.6745]",0.33725,0.33725,0.33725,0.0,0.6745,4.0,2.0,2.0,0.67
2,"[0.0, 0.8431249999988767, 0.6745]",0.5058749999996256,0.6745,0.3642716334226618,0.0,0.8431249999988767,3.0,1.0,3.0,1.0
