Cluster,Dist,mean,median,std,min,max,bag_count,day_count,Cluster_Rank,Cluster_perc
0,"[0.0, 0.0, 0.6745000000014977, 0.6744999999985023, 0.0, 0.0, 0.0, 0.0, 0.0, 0.6744999999955069, 0.6745000000044931]",0.24527272727272728,0.0,0.32446531987510296,0.0,0.6745000000044931,11.0,9.0,2.0,0.67
1,"[0.6745, 0.0, 0.8094, 0.6745, 0.6745, 0.0]",0.47215,0.6745,0.33725,0.0,0.8094,6.0,2.0,3.0,1.0
2,[0.0],0.0,0.0,0.0,0.0,0.0,1.0,1.0,1.0,0.33
