Cluster,Dist,mean,median,std,min,max,bag_count,day_count,Cluster_Rank,Cluster_perc
0,"[0.020439393939393938, 0.9299924242424923, 0.12263636363636364, 19.999946969699078, 0.6745, 0.694939393939394, 0.0, 81.90959375007746, 0.0, 0.5058750000004212, 0.8009687500009477, 0.2529375000002106, 0.9274375000002106, 0.12646875000038613, 0.08431250000007019, 81.27725000007666, 0.8009687500009477, 0.6745]",10.54459816920078,0.6745,25.51528550738124,0.0,81.90959375007746,18.0,2.0,4.0,1.0
1,"[0.0, 0.0, 0.6745000000001996, 0.6744999999998004, 0.0, 0.0, 0.0, 0.0, 0.0]",0.14988888888888888,0.0,0.2804164341532248,0.0,0.6745000000001996,9.0,8.0,1.0,0.25
2,"[0.6744999999999999, 0.6744999999999999, 0.6745, 0.6745, 16.9801979865768, 0.8284127516778317, 0.5205872483221683, 0.5205872483221683]",2.6934731543623713,0.6744999999999999,5.40065775450725,0.5205872483221683,16.9801979865768,8.0,3.0,3.0,0.75
3,"[0.6745, 1.8267708333335204, 0.9274374999998128, 0.42156250000018725, 0.0, 0.0, 3.0499130434795347, 0.05865217391306046, 2.052826086957507, 0.6745]",0.9686162137683623,0.6745,0.9706790578335033,0.0,3.0499130434795347,10.0,2.0,2.0,0.5
