Cluster,Dist,mean,median,std,min,max,bag_count,day_count,Cluster_Rank,Cluster_perc
0,"[0.6745, 0.6745, 0.0, 31.32312195121793, 31.471182926827662, 0.6745, 0.3454756097560414]",9.309040069685947,0.6745,13.971654665267952,0.0,31.471182926827662,7.0,2.0,4.0,1.0
1,"[0.0, 0.0, 0.6744999999999587, 0.6745000000000412, 0.6744999999998955, 0.6745000000001045, 0.6744999999999622, 0.6745000000000377, 0.0, 0.0]",0.40469999999999995,0.674499999999927,0.33043616630145073,0.0,0.6745000000001045,10.0,7.0,1.0,0.25
2,"[0.6745, 3.7772, 0.0, 0.0, 25.47534615384574, 0.6745]",5.100257692307623,0.6745,9.202306149643546,0.0,25.47534615384574,6.0,2.0,2.0,0.5
3,"[0.6745, 23.270250000002246, 0.0, 0.6745, 11.803750000002246]",7.284600000000898,0.6745,9.125962566492284,0.0,23.270250000002246,5.0,1.0,3.0,0.75
