Cluster,Dist,mean,median,std,min,max,bag_count,day_count,Cluster_Rank,Cluster_perc
0,"[0.0, 0.0, 0.0, 0.0, 0.0, 0.0, 0.0, 0.0, 0.0]",0.0,0.0,0.0,0.0,0.0,9.0,9.0,1.5,0.3
1,"[0.6745, 0.6745, 0.6745, 0.6745]",0.6745,0.6745,0.0,0.6745,0.6745,4.0,2.0,4.0,0.8
2,"[0.0, 0.0, 0.0]",0.0,0.0,0.0,0.0,0.0,3.0,1.0,1.5,0.3
3,"[0.6745, 0.0, 0.6745]",0.44966666666666666,0.6745,0.3179623492735509,0.0,0.6745,3.0,1.0,3.0,0.6
4,"[0.6745, 1.01175, 0.6745, 0.6745]",0.7588125,0.6745,0.14603353371315095,0.6745,1.01175,4.0,1.0,5.0,1.0
