Cluster,Dist,mean,median,std,min,max,bag_count,day_count,Cluster_Rank,Cluster_perc
0,"[0.5395999999992811, 0.6744999999982028, 0.13489999999892166, 0.6745, 0.5395999999992811, 0.0, 0.6745, 0.0, 1.0791999999985622, 0.0, 1.3489999999982027, 294.21689999963945, 0.6745, 2.293299999996046, 1.888599999997484, 1.0791999999985622, 1.349, 0.8094000000007189, 0.6442941304347802, 0.7146767391304321, 0.6419480434782587, 0.6701010869565243, 0.7041193478260854, 0.6407749999999981, 0.6788989130434757, 36.19044413043458, 36.18399239130414, 36.04733282608674, 0.6407749999999902, 0.6407749999999902, 0.6745, 2.698000000004493, 2.0235, 2.3607499999977533, 724.4130000000764, 0.0, 0.0, 0.33724999999775346, 0.33725000000224653, 257.546583333361, 238.88541666669286, 0.5620833333340821, 0.11241666666591782, 0.4496666666666666, 2.585583333334082, 0.8993333333333332, 0.11241666666591782, 1.9110833333340822, 1.686250000000749, 0.6745, 0.0, 0.11241666666591782, 0.49854347826092055, 128.53623913041142, 0.8504565217390795, 0.029326086956708595, 2534.9762826082415, 2534.2138043473715, 0.3812391304348675, 0.029326086956708595, 1.1650454545443405, 0.6744999999991831, 275.0120454544103, 0.061318181816919295, 0.674500000000817, 0.06131818181855314, 0.0, 3.1476666666766513, 0.4496666666646697, 981.1726666689532, 0.0, 0.8993333333353302]",112.82764042509785,0.6745,436.611849917506,0.0,2534.9762826082415,72.0,7.0,2.0,0.67
1,"[0.7454999999999751, 0.17749999999922833, 0.674499999999527, 0.31949999999917855, 0.7454999999999751, 0.7454999999999751, 0.17750000000017424, 0.6745000000004729, 0.0, 0.6745, 7907.99365384297, 0.8993333333343317, 0.2248333333313364, 0.0, 1.573833333328341, 0.6745, 2.36075, 0.0, 0.0, 1.349, 0.8431249999988767, 0.6745, 0.16862500000112327, 4.384250000002247, 0.0, 0.6745, 0.0, 0.0, 0.8094000000007189, 0.5395999999992811, 1.349, 0.5395999999992811, 0.0, 0.6745, 0.22483333333433178, 0.2248333333313364, 2.697999999994009, 4.046999999991014, 3.5973333333253454, 0.6745, 0.26979999999964055, 0.0, 1.6187999999978433, 1.0791999999985622]",180.5704955418849,0.6745,1178.4214444845381,0.0,7907.99365384297,44.0,9.0,3.0,1.0
2,"[0.0, 1.3490000000089861, 0.6745, 0.0, 0.6744999999982028, 0.6745000000017972, 0.0, 0.6745, 0.0, 1.3490000000029954, 0.6744999999985023, 0.6745000000014977]",0.5620833333343317,0.6744999999992511,0.4635057907482138,0.0,1.3490000000089861,12.0,6.0,1.0,0.33
