Cluster,Dist,mean,median,std,min,max,bag_count,day_count,Cluster_Rank,Cluster_perc
0,"[0.0, 0.0, 0.6744999999977535, 0.6745000000022465, 0.0, 0.6744999999985023, 0.6745000000014977, 0.0, 0.0, 0.0, 0.0, 0.0]",0.22483333333333333,0.0,0.3179623492735508,0.0,0.6745000000022465,12.0,10.0,1.0,0.33
1,"[0.4817857142833302, 3.7579285714243533, 0.8672142857141023, 0.48178571428589767]",1.397178571426921,0.6745,1.3720323312911842,0.4817857142833302,3.7579285714243533,4.0,1.0,3.0,1.0
2,"[1.2140999999991013, 1.0792, 0.2698, 0.2698]",0.7082249999997754,0.6745,0.4410116006124699,0.2698,1.2140999999991013,4.0,1.0,2.0,0.67
