Cluster,Dist,mean,median,std,min,max,bag_count,day_count,Cluster_Rank,Cluster_perc
0,"[0.0, 0.6745, 25.77648039215804, 0.6741605435329648, 0.6748394564670351, 0.6741605435329637, 0.6775551082033219, 0.6745, 0.6745, 0.6745, 0.6745, 0.6745, 0.6745, 0.0, 0.6745, 0.0, 334.5520000000368, 406.7235000000446]",43.06381644688754,0.6745,116.58046220156032,0.0,406.7235000000446,18.0,6.0,2.0,0.67
1,"[0.6744999999999989, 0.6745000000000012, 0.0, 0.0, 0.6744999999999994, 0.6745000000000005, 0.6744999999999994, 0.6745000000000005, 0.0, 0.0, 0.0, 0.0, 0.0, 0.6744999999999995, 0.6745000000000005, 0.6744999999997753, 0.6745000000002247]",0.39676470588235296,0.6744999999999989,0.3319571693513141,0.0,0.6745000000002247,17.0,12.0,1.0,0.33
2,"[0.13489999999991012, 601.2492999996656, 0.40469999999973044, 2.8328999999985625, 0.13489999999991012, 0.13489999999991012, 0.944299999999371, 0.6745, 0.40469999999973044, 0.40469999999973044, 0.6744999999995507, 0.9442999999998202, 4.991299999997573, 564.0168999996858, 0.6745, 548.6382999996952]",107.95372499994002,0.6745,222.79366760444321,0.13489999999991012,601.2492999996656,16.0,1.0,3.0,1.0
