Cluster,Dist,mean,median,std,min,max,bag_count,day_count,Cluster_Rank,Cluster_perc
0,"[0.0, 0.0]",0.0,0.0,0.0,0.0,0.0,2.0,2.0,1.5,0.5
1,"[0.8993333333333333, 0.44966666666666666, 1.9485555555555554, 0.44966666666666666]",0.9368055555555554,0.6745,0.6123011563099636,0.44966666666666666,1.9485555555555554,4.0,1.0,3.0,1.0
2,[0.0],0.0,0.0,0.0,0.0,0.0,1.0,1.0,1.5,0.5
