Cluster,Dist,mean,median,std,min,max,bag_count,day_count,Cluster_Rank,Cluster_perc
0,"[0.0, 0.6745000000000001, 0.6744999999999999, 0.0, 0.0, 0.6745000000002365, 0.6744999999997635]",0.3854285714285714,0.6744999999997635,0.3337909342014879,0.0,0.6745000000002365,7.0,5.0,1.0,0.33
1,"[0.6888510638302429, 0.6601489361697571, 0.6601489361697571, 1.2915957446790285]",0.8251861702121963,0.6745,0.2695365140510965,0.6601489361697571,1.2915957446790285,4.0,1.0,3.0,1.0
2,"[0.6745, 0.6745]",0.6745,0.6745,0.0,0.6745,0.6745,2.0,1.0,2.0,0.67
