Cluster,Dist,mean,median,std,min,max,bag_count,day_count,Cluster_Rank,Cluster_perc
0,"[0.6745, 0.6745, 0.6745, 0.5436268656716549, 0.0, 9.679578358209065, 10.515152985074755]",3.251694029850782,0.6745,4.340975235473267,0.0,10.515152985074755,7.0,2.0,2.0,0.67
1,"[0.0, 0.0, 0.0, 0.0, 0.6744999999997356, 0.6745000000002643, 0.0, 0.0]",0.168625,0.0,0.2920670674263019,0.0,0.6745000000002643,8.0,7.0,1.0,0.33
2,"[0.20528260869565218, 0.703826086956717, 0.41056521739130436, 0.1466304347826087, 0.4692173913043478, 0.4692173913043478, 1.0850652173914996, 0.7624782608695652, 0.6745, 0.0, 0.7624782608695652, 1.5249565217393257, 0.029326086956521738, 1.290347826087152, 0.3225869565217391, 0.8211304347826087, 1.9648478260871518, 0.7331521739132388, 1.378326086956717, 0.11730434782608695, 0.41056521739130436, 0.6745, 0.0, 0.7323142857141464, 118.34409090903189, 0.6745, 0.0, 0.0, 100.91557692303627, 0.6745]",7.876576215520325,0.6745,27.29174353178129,0.0,118.34409090903189,30.0,4.0,3.0,1.0
