Cluster,Dist,mean,median,std,min,max,bag_count,day_count,Cluster_Rank,Cluster_perc
0,"[2.698, 0.6745, 0.0, 1.349, 5.396, 0.0, 0.0, 0.0, 0.6745, 2.698, 1.01175, 0.6745, 0.0]",1.167403846153846,0.6745,1.5233238251702628,0.0,5.396,13.0,4.0,3.0,1.0
1,"[0.0, 0.6744999999998271, 0.6745000000001729, 0.0, 0.0, 0.0, 0.0, 0.0, 0.0, 0.0, 0.0]",0.12263636363636364,0.0,0.26015101304199617,0.0,0.6745000000001729,11.0,10.0,1.0,0.33
2,"[0.6745, 0.6745, 0.6745, 0.6745, 0.6745, 0.6745, 0.6745, 0.6745]",0.6745,0.6745,0.0,0.6745,0.6745,8.0,4.0,2.0,0.67
