Cluster,Dist,mean,median,std,min,max,bag_count,day_count,Cluster_Rank,Cluster_perc
0,"[0.0, 0.0, 0.0, 0.0, 0.6745, 1.68625]",0.3934583333333333,0.0,0.6284282711765035,0.0,1.68625,6.0,4.0,1.0,0.33
1,"[0.6745, 0.6745, 1.7986666666666664, 1.349, 0.0, 0.0]",0.7494444444444444,0.6745,0.6576348310328872,0.0,1.7986666666666664,6.0,2.0,3.0,1.0
2,"[1.2696470588235294, 0.7141764705882353, 0.07935294117647058, 0.7935294117647058, 0.6348235294117647, 0.07935294117647058]",0.5951470588235294,0.6745,0.4167603577478078,0.07935294117647058,1.2696470588235294,6.0,1.0,2.0,0.67
