Cluster,Dist,mean,median,std,min,max,bag_count,day_count,Cluster_Rank,Cluster_perc
0,"[0.024089285714446178, 0.12044642857158903, 0.8672142857142857, 0.0, 0.7949464285715889, 0.6745, 0.2649821428573033, 0.1927142857142857, 0.33725, 0.7467678571430176, 0.7467678571430176, 0.8672142857142857, 0.7708571428571428, 0.08431250000056163, 1.2646874999994382, 6.829312500000562, 0.08431250000056163, 1.4716363636354726, 3.9243636363612597, 0.24527272727257873, 1.287681818181447, 3.985681818179813, 0.12263636363628937, 1.5942727272717618, 0.06131818181855314, 0.24527272727257873, 0.6745, 4.414909090907234, 0.3065909090911319, 0.0, 1.9008636363628937, 0.06131818181855314, 3.765958333334457, 0.7307083333337078, 0.16862499999962557, 0.6182916666662923, 1.6300416666670412, 0.16862499999962557, 0.7442758620687945, 0.25584482758630306, 0.0, 0.6745, 0.9070862068964983, 0.6745, 0.6745, 0.7442758620687945, 0.6512413793101953, 0.3023620689656027, 2.69799999999969]",1.0280720283409852,0.6745,1.3658883733993223,0.0,6.829312500000562,49.0,5.0,4.0,0.8
1,"[0.8792589285712996, 1.2646874999997795, 1.553758928571139, 0.1324910714287806, 0.46974107142870036, 0.13249107142845967, 0.3113076923076391, 1.2625256410255405, 0.9512179487179014, 0.6745, 0.778269230769213, 0.0, 0.13835897435895073]",0.6575852352774927,0.6745,0.48805099479613523,0.0,1.553758928571139,13.0,2.0,2.0,0.4
2,"[0.2248333333333333, 2.9790416666670407, 2.4731666666666663, 0.0, 0.3934583333337077, 2.079708333333708, 0.6745, 3.4849166666674156, 0.33725, 0.2248333333333333, 1.5738333333333334, 0.6745, 51.26200000035046, 0.0, 0.3645945945946602, 0.5651216216216018, 1.0573243243247576, 0.21875675675679615, 0.7838783783783981, 0.9114864864868935, 0.21875675675679615, 0.9479459459463595]",3.247723024176602,0.6745,10.520478989846785,0.0,51.26200000035046,22.0,3.0,5.0,1.0
3,"[0.6745, 0.6745, 0.6745, 0.6745]",0.6745,0.6745,0.0,0.6745,0.6745,4.0,2.0,3.0,0.6
4,"[0.0, 0.0, 0.6744999999998451, 0.674500000000155, 0.0, 0.0, 0.6744999999997957, 0.6745000000002042, 0.0]",0.29977777777777775,0.0,0.33516174462746845,0.0,0.6745000000002042,9.0,7.0,1.0,0.2
