Cluster,Dist,mean,median,std,min,max,bag_count,day_count,Cluster_Rank,Cluster_perc
0,"[0.6745, 15.38301089918287, 0.0, 0.5733249999986296, 0.9442999999976636, 0.0, 1.3489999999973041, 0.6745, 1.011749999997978, 0.6744999999986521, 0.7771413043473675, 2.008836956521637, 0.13196739130409302, 0.5718586956526325, 0.13196739130409302, 0.39590217391345117, 1.5689456521742697, 1.1290543478265116, 1.6746206896521592, 0.27910344827628947, 1.0698965517237105, 0.04651724137958815, 4.837793103445562, 0.04651724137896842]",1.4981253370030594,0.6745,3.058665501501023,0.0,15.38301089918287,24.0,4.0,3.0,1.0
1,"[0.0, 0.0, 0.6744999999999054, 0.6745000000000946, 0.0, 0.0, 0.0, 0.6745, 1.220523809521446, 0.6744999999997696, 0.6745000000002304, 0.6745000000002899, 0.6744999999997101, 0.0, 0.6745, 1.01175000000337, 0.0, 0.0]",0.4237929894180453,0.6744999999997399,0.40277574890292783,0.0,1.220523809521446,18.0,11.0,1.0,0.33
2,"[0.8543666666651091, 0.49463333333489096, 0.49463333333489096, 2.8329000000046727, 0.9657613636352682, 0.6591704545457702, 0.6898295454542297, 0.6591704545457702, 1.1081071428568219, 3.854285714286998, 0.24089285714317807, 0.2408928571425362, 0.0, 3.98568181818464, 4.966772727276143, 0.6745, 0.6745]",1.376241074612407,0.6745,1.4750345713158872,0.0,4.966772727276143,17.0,4.0,2.0,0.67
