Cluster,Dist,mean,median,std,min,max,bag_count,day_count,Cluster_Rank,Cluster_perc
0,"[0.13489999999964056, 1.191616666665688, 0.0, 0.8094000000002396, 0.6745, 0.4548953488371024, 0.4548953488371024, 0.8941046511628975, 1.898011627905781, 1956.2946715690987, 0.1124166666661968, 0.1124166666669016, 1.2365833333330982, 0.6745, 0.6745, 0.696983333332874, 0.0, 0.6745, 0.01873611111173515, 0.018736111110736687, 1.4801527777781522, 1.3302638888882647, 1.3394999999996826, 1.3585000000008236, 0.009499999999811043, 0.009500000000317305, 1.9485555555544463, 2.273314814812966, 0.3247592592585197, 0.6745, 0.0, 0.0, 25.968250000002246, 0.6745]",58.953460697971295,0.6745,330.3128723775135,0.0,1956.2946715690987,34.0,9.0,2.0,0.67
1,"[0.0, 1.1803750000001605, 0.6745, 0.0, 0.0, 0.0, 0.0, 0.0]",0.23185937500002007,0.0,0.4210352171170155,0.0,1.1803750000001605,8.0,6.0,1.0,0.33
2,"[0.028580508474617575, 0.028580508474312958, 0.24579237288134562, 2935.3611228820105, 2934.0578516955698, 1.1032076271186544, 0.5490116279071128, 1.1137093023238511, 0.7999883720928872, 1882.4981279051417, 0.5176395348828461, 0.5176395348836821, 0.19434745762691213, 0.560177966102139, 5447.502076272402, 5446.107347458843, 0.10288983050825773, 0.788822033897861, 0.10288983050886696, 0.9488728813559631, 862.077562500095, 0.4659375000000296, 0.11537499999994087, 0.4171250000000591, 0.0, 0.11093750000002955, 0.426, 0.07987499999994088, 2009.7792500002217, 2010.0277500002217, 2010.1875000002215, 2009.9256875002213, 2010.0100000002212, 2009.9079375002218, 0.6745]",902.209546088698,0.6745,1479.362463758306,0.0,5447.502076272402,35.0,4.0,3.0,1.0
