Cluster,Dist,mean,median,std,min,max,bag_count,day_count,Cluster_Rank,Cluster_perc
0,"[0.0, 0.0, 0.0, 0.0, 0.6744999999955069, 0.6745000000044931]",0.22483333333333333,0.0,0.3179623492735509,0.0,0.6745000000044931,6.0,5.0,2.0,0.67
1,"[0.0, 0.0]",0.0,0.0,0.0,0.0,0.0,2.0,1.0,1.0,0.33
2,"[0.6745, 2.0234999999820276, 0.6745, 0.6745]",1.0117499999955069,0.6745,0.5841341348448216,0.6745,2.0234999999820276,4.0,1.0,3.0,1.0
