Cluster,Dist,mean,median,std,min,max,bag_count,day_count,Cluster_Rank,Cluster_perc
0,"[0.0, 0.919171568627445, 0.3570882352941209, 0.6745, 6.186223039215667, 6.199448529411739, 0.6249044117647006, 0.6738179979777548, 0.6929140546006075, 0.6717719919110209, 0.7236041456016175, 0.6751820020222451, 0.6717719919110221]",1.4669536898721491,0.6745,2.0260070723174937,0.0,6.199448529411739,13.0,2.0,4.0,0.8
1,"[0.0, 0.6744999999999894, 0.6745000000000105, 0.0, 0.0, 0.0, 0.0, 0.0, 0.0, 0.6745000000003744, 0.6744999999996256, 0.6744999999999766, 0.6745000000000233, 0.0]",0.28907142857142853,0.0,0.33379093420148787,0.0,0.6745000000003744,14.0,11.0,1.0,0.2
2,"[0.22483333333408215, 0.22483333333408215, 2.0234999999985024, 1.1241666666659178, 0.2248333333333333, 1.1241666666666665, 0.6728612730806605, 0.6761387269193384, 0.6728612730806616, 0.7508646744412025]",0.7719059280854447,0.6745,0.5236183750660289,0.2248333333333333,2.0234999999985024,10.0,2.0,3.0,0.6
3,"[0.6745, 0.6745]",0.6745,0.6745,0.0,0.6745,0.6745,2.0,1.0,2.0,0.4
4,"[0.0, 4.119116352201282, 0.7508584905660367, 0.2672547169811394, 0.6745, 0.6745, 0.0, 1.3489999999966302, 0.6744999999966301, 1269.4089999980276]",127.79187295577694,0.6745,380.5407163925259,0.0,1269.4089999980276,10.0,2.0,5.0,1.0
