Cluster,Dist,mean,median,std,min,max,bag_count,day_count,Cluster_Rank,Cluster_perc
0,"[0.6745, 0.6745, 0.33725000000224653, 1.0117499999977535, 0.33724999999775346, 22.258500000004492]",4.215625000000374,0.6745,8.072307302272447,0.33724999999775346,22.258500000004492,6.0,2.0,3.0,1.0
1,"[0.0, 0.0, 0.0, 0.6745000000008986, 0.6744999999991014, 0.6745000000089861, 0.6744999999910138, 0.0, 0.0, 0.0, 0.0]",0.24527272727272728,0.0,0.32446531987510296,0.0,0.6745000000089861,11.0,9.0,1.0,0.33
2,"[0.6745000000000001, 0.7689300000000899, 0.0, 0.6022321428573033, 1.0358392857141252, 0.6022321428573033, 0.7467678571426967]",0.6329287755102169,0.6745000000000001,0.2922826706385797,0.0,1.0358392857141252,7.0,2.0,2.0,0.67
