Cluster,Dist,mean,median,std,min,max,bag_count,day_count,Cluster_Rank,Cluster_perc
0,"[0.2997777777775559, 0.899333333333666, 1118.1711111104073, 0.2997777777775559, 0.44966666666633387, 2.248333333331669, 0.0, 0.0, 0.0]",124.70755555547713,0.2997777777775559,351.24304813129146,0.0,1118.1711111104073,9.0,2.0,3.0,1.0
1,"[0.0, 0.6744999999995507, 0.6745000000004493, 0.0, 0.0, 0.0, 0.0, 0.0, 0.0]",0.14988888888888888,0.0,0.28041643415322487,0.0,0.6745000000004493,9.0,8.0,1.0,0.33
2,"[0.6745, 0.6745]",0.6745,0.6745,0.0,0.6745,0.6745,2.0,1.0,2.0,0.67
