Cluster,Dist,mean,median,std,min,max,bag_count,day_count,Cluster_Rank,Cluster_perc
0,"[0.6745, 0.0, 78.63876470589108, 28.244687500001174, 0.6745, 0.0]",18.038742034315373,0.6745,28.954994680992325,0.0,78.63876470589108,6.0,2.0,3.0,1.0
1,"[0.0, 0.6745000000000192, 0.6744999999999808, 0.0, 0.0, 0.0]",0.22483333333333333,0.0,0.3179623492735508,0.0,0.6745000000000192,6.0,5.0,2.0,0.67
2,[0.0],0.0,0.0,0.0,0.0,0.0,1.0,1.0,1.0,0.33
