Cluster,Dist,mean,median,std,min,max,bag_count,day_count,Cluster_Rank,Cluster_perc
0,"[0.6745, 0.6745, 1.6380714285714286, 0.6745, 1.846000000000473, 1.278, 0.071, 0.071, 1.8548750000001022, 0.9044431818180797, 0.10730681818171606, 1.7322386363637383, 0.10730681818171606, 0.44455681818192033, 1.1190568181819203, 0.29126136363626154, 0.0, 0.6745, 7.307083333334082, 0.0, 0.0, 0.5058749999988768, 0.6745, 0.0, 3.203874999998877, 1.01175, 3.7097500000022463, 0.6745, 0.6744999999999999, 0.8301538461542715, 0.20753846153856786, 0.0, 1.0895769230771357, 0.8393777777778532, 0.6744999999999999, 1.5438555555556266, 0.25481111111097354, 1.6787555555555067, 0.32975555555550673, 0.0, 5.058750000000749, 0.6745, 0.05620833333370775, 1.9110833333333332, 0.0, 0.6745, 0.6745, 0.5995555555554668, 0.5096222222223465, 0.8693555555556266, 1.8286444444443735, 0.7194666666665602, 0.3297555555557064, 1.8885999999999201, 0.3297555555557064, 0.9592888888887469, 0.6295333333334399, 0.6745, 0.0, 2.922833333330671, 0.6745, 9.847700000014019, 0.0, 0.6745, 0.6745, 0.4095178571428228, 0.6745, 0.770857142856776, 0.9153928571424216, 0.0, 0.9328191489361335, 0.1291595744681624, 1.7364787234041048, 1.248542553191599, 0.12915957446778, 0.41618085106386643, 0.8688474576270205, 0.8459830508472098, 1.006033898305276, 0.04572881355931687, 0.5030169491527902, 0.04572881355931687, 0.03372500000022465, 1.1803749999997752, 0.16862500000022465, 3.203875000000674, 0.03372500000022465, 2.259575000000674]",1.024008807344246,0.6745,1.4699365107354438,0.0,9.847700000014019,88.0,18.0,2.0,0.67
1,"[0.18159615384632666, 2.179153846154192, 0.0, 0.6745, 6.1223846153853065, 0.0259423076924805, 51.08040384615955, 4.426406250000281, 0.2318593750001404, 0.21078125, 0.9695937500002807, 0.6745, 0.04215625, 0.6112656250001405, 0.33725, 0.0, 0.8852812499999999, 0.8009687500002808, 0.8852812500002808, 0.1053906250001404, 0.9063593750001403, 1.55978125, 0.18970312499985958, 1.2646875]",3.098551933093308,0.6745,10.104020234080501,0.0,51.08040384615955,24.0,2.0,3.0,1.0
2,"[0.0, 0.6744999999985023, 0.6745000000014977, 0.0, 1.834639999999511, 0.0, 0.6745]",0.5511628571427873,0.6744999999985023,0.6099521309018089,0.0,1.834639999999511,7.0,4.0,1.0,0.33
