Cluster,Dist,mean,median,std,min,max,bag_count,day_count,Cluster_Rank,Cluster_perc
0,"[65.2126341463381, 0.7896585365852375, 0.5593414634145433, 0.5593414634147624, 0.4121944444444444, 4.309305555556055, 74.79455555556379, 0.0, 0.6745]",16.367947907257438,0.6745,28.783038948576007,0.0,74.79455555556379,9.0,2.0,3.0,1.0
1,"[0.6820439755973555, 0.6669560244026399, 0.7012468225724469, 0.6669560244026445, 0.659503537139969, 0.6894964628600264, 0.6595035371399736, 0.7324408792319405, 0.6612403000517345, 0.6612403000517345, 0.6996236420072446, 0.6877596999482655]",0.680667600450498,0.6745,0.021641278409419158,0.659503537139969,0.7324408792319405,12.0,3.0,2.0,0.67
2,"[0.0, 0.0]",0.0,0.0,0.0,0.0,0.0,2.0,2.0,1.0,0.33
