Cluster,Dist,mean,median,std,min,max,bag_count,day_count,Cluster_Rank,Cluster_perc
0,"[2.529375000000281, 1.6440937500002808, 0.21078125, 0.6745, 1.5176250000002809, 0.168625, 2.402906250000281, 0.29509375, 1.5176250000002809, 2.0235000000002805, 0.5901875, 0.29509375, 0.0, 0.7773898305084513, 0.5716101694913964, 0.5716101694915486, 168.96796610167533, 4.440458333334082, 0.6745, 117.19437500001273, 0.6745, 0.0]",13.988264357023418,0.6745,41.5749228216406,0.0,168.96796610167533,22.0,3.0,3.0,1.0
1,"[0.0, 0.0, 0.0, 0.0, 0.0, 0.0, 0.6745, 1.1562857142857144, 0.0]",0.20342063492063492,0.0,0.397146392076943,0.0,1.1562857142857144,9.0,7.0,1.0,0.33
2,"[34.23087499999812, 33.55637499999812, 33.0842249999982, 0.18548749999996908, 0.0, 1.21409999999991, 0.6745, 0.1686249999999719, 0.3878374999999354]",11.500224999999359,0.6745,15.649617396071083,0.0,34.23087499999812,9.0,1.0,2.0,0.67
