Cluster,Dist,mean,median,std,min,max,bag_count,day_count,Cluster_Rank,Cluster_perc
0,"[0.3035249999999494, 1.4164499999998763, 0.37097499999993816, 1.4838999999999776, 0.6745, 0.9780249999999494, 0.43842499999992696, 0.10117499999998315, 0.0, 1.5513499999999663, 0.2360749999999607, 2.3607499999998316, 0.37097499999993816, 0.944299999999955, 0.5733249999999045, 0.7419499999999888, 1.2478249999999045, 0.0, 32.37600000000449, 0.6745]",2.342201250000177,0.6745,6.915545207577151,0.0,32.37600000000449,20.0,2.0,3.0,1.0
1,"[0.0, 0.0, 0.0, 0.0]",0.0,0.0,0.0,0.0,0.0,4.0,4.0,1.0,0.33
2,"[0.6745, 0.6745]",0.6745,0.6745,0.0,0.6745,0.6745,2.0,1.0,2.0,0.67
