Cluster,Dist,mean,median,std,min,max,bag_count,day_count,Cluster_Rank,Cluster_perc
0,"[0.0, 0.0, 0.6745000000001873, 0.6744999999998128, 0.6745000000002808, 0.6744999999997191, 0.0, 0.0, 0.0]",0.29977777777777775,0.0,0.33516174462746845,0.0,0.6745000000002808,9.0,7.0,3.0,1.0
1,[0.0],0.0,0.0,0.0,0.0,0.0,1.0,1.0,1.5,0.5
2,[0.0],0.0,0.0,0.0,0.0,0.0,1.0,1.0,1.5,0.5
