Cluster,Dist,mean,median,std,min,max,bag_count,day_count,Cluster_Rank,Cluster_perc
0,"[0.0, 0.6745000000007488, 0.6744999999992511, 0.0, 0.0, 0.0, 0.0, 0.0, 0.6745000000002722, 0.6744999999997277]",0.26979999999999993,0.0,0.33043616630145073,0.0,0.6745000000007488,10.0,8.0,1.0,0.33
1,"[0.6745, 5.143062499981185, 0.0, 4486.37809782788, 0.6745, 0.0]",748.8116933879769,0.6745,1671.4914539982283,0.0,4486.37809782788,6.0,2.0,3.0,1.0
2,"[0.6745, 0.6745, 0.6745, 0.6745]",0.6745,0.6745,0.0,0.6745,0.6745,4.0,2.0,2.0,0.67
