Cluster,Dist,mean,median,std,min,max,bag_count,day_count,Cluster_Rank,Cluster_perc
0,"[0.11515853658523756, 31.84956097560809, 33.741451219510544, 0.2303170731706943, 0.6745, 0.0, 0.8225609756096225, 0.0, 0.0, 0.0]",6.743354878048419,0.17273780487796592,13.035910320633274,0.0,33.741451219510544,10.0,2.0,5.0,1.0
1,"[1.867846153845888, 0.1556538461534208, 0.6226153846150656, 0.0, 2.023499999999309, 0.6745, 5.395999999997235, 0.9070862068963914, 0.44191379310298884, 0.44191379310360857, 6.303086206892673]",1.7121923076915073,0.6745,2.0507580644288708,0.0,6.303086206892673,11.0,2.0,3.0,0.6
2,"[0.6745, 0.6745, 0.6745, 0.6745]",0.6745,0.6745,0.0,0.6745,0.6745,4.0,2.0,2.0,0.4
3,"[0.0, 0.6744999999998847, 0.6745000000001152, 0.6745000000001248, 0.6744999999998752, 1.9845865384611163, 0.0, 0.6745, 0.6745000000002568, 0.6744999999997432, 0.0, 0.0, 0.0, 0.6744999999996673, 0.6745000000003328]",0.5370057692307412,0.6744999999998752,0.49715913185716687,0.0,1.9845865384611163,15.0,9.0,1.0,0.2
4,"[5.648937500000561, 0.0, 0.6745]",2.107812500000187,0.6745,2.519049061546934,0.0,5.648937500000561,3.0,1.0,4.0,0.8
