Cluster,Dist,mean,median,std,min,max,bag_count,day_count,Cluster_Rank,Cluster_perc
0,"[0.0, 0.0, 0.0, 0.0, 0.0, 0.0, 0.0]",0.0,0.0,0.0,0.0,0.0,7.0,7.0,1.0,0.25
1,"[0.0, 0.6745, 5364.653500002471, 0.0, 5.311687500009407, 0.6745, 5008.120343754722, 0.6745, 0.0]",1153.345447917467,0.6745,2157.3892306161283,0.0,5364.653500002471,9.0,3.0,4.0,1.0
2,"[0.1226363636353239, 1.532954545452169, 0.061318181816845035, 0.0, 2.8819545454472673, 0.30659090908830977, 1.1650454545437463, 0.6745, 3.4951363636304227, 0.4292272727285352, 1.47163636363369]",1.103727272725119,0.6745,1.1178821455570445,0.0,3.4951363636304227,11.0,1.0,3.0,0.75
3,"[0.32258695652184105, 1.0264130434781589, 2.6686739130429005, 0.32258695652184105]",1.0850652173911852,0.6745,0.9583844185718393,0.32258695652184105,2.6686739130429005,4.0,1.0,2.0,0.5
