Cluster,Dist,mean,median,std,min,max,bag_count,day_count,Cluster_Rank,Cluster_perc
0,"[9.780250000001123, 0.168625, 1.0960624999994382, 0.505875, 3.541125000001123, 0.6745, 0.0, 4419.539177917668, 0.25655828220849153, 0.12414110429428912, 0.1241411042951712, 1.0924417177915084, 4419.373656445276]",681.2520426208872,0.6745,1593.9777286237659,0.0,4419.539177917668,13.0,2.0,3.0,1.0
1,"[0.0, 0.0, 0.0, 0.6745000000001449, 0.674499999999855, 0.0, 0.6744999999999339, 0.674500000000066, 0.0, 0.6745000000001604, 0.6744999999998396]",0.3679090909090909,0.6744999999998396,0.3358535136702132,0.0,0.6745000000001604,11.0,8.0,1.0,0.33
2,"[6.205400000000899, 0.0, 0.6745, 0.8164999999999502, 1.419999999999502, 1.4554999999997262, 0.0, 0.6035000000000249, 0.21299999999992533, 0.6745]",1.2062900000000027,0.6745,1.7342626032123507,0.0,6.205400000000899,10.0,2.0,2.0,0.67
