Cluster,Dist,mean,median,std,min,max,bag_count,day_count,Cluster_Rank,Cluster_perc
0,"[0.0, 0.0, 0.0, 0.0, 0.0, 0.6744999999999977, 0.6745000000000023]",0.1927142857142857,0.0,0.304708040254796,0.0,0.6745000000000023,7.0,6.0,1.0,0.2
1,"[0.0, 142.65675000001573, 0.6745, 0.6745, 3.3725, 0.0]",24.56304166666929,0.6745,52.82545769135338,0.0,142.65675000001573,6.0,2.0,5.0,1.0
2,"[0.978686274509676, 0.8199803921567557, 0.026450980392153406, 53.351627450979414, 0.026450980392153406, 0.7406274509802955, 0.18515686274525003, 0.6083725490197045]",7.092169117646926,0.6745,17.487816375055207,0.026450980392153406,53.351627450979414,8.0,1.0,3.0,0.6
3,"[0.6745, 0.6745, 0.6745, 0.6745]",0.6745,0.6745,0.0,0.6745,0.6745,4.0,2.0,2.0,0.4
4,"[27.16515686274632, 0.19838235294116352, 0.19838235294116352, 1.1506176470588365]",7.17813480392187,0.6745,11.546058877493174,0.19838235294116352,27.16515686274632,4.0,1.0,4.0,0.8
