Cluster,Dist,mean,median,std,min,max,bag_count,day_count,Cluster_Rank,Cluster_perc
0,"[0.0, 4.7215, 0.6745, 0.4496666666666666, 0.8993333333333332, 0.4496666666666666, 2.248333333333333]",1.3489999999999998,0.6745,1.5248938578726645,0.0,4.7215,7.0,2.0,3.0,1.0
1,"[0.0, 0.0, 0.0, 0.0, 0.0, 0.0, 0.0, 0.0, 0.0]",0.0,0.0,0.0,0.0,0.0,9.0,9.0,1.0,0.33
2,"[0.0, 0.0, 0.0, 0.6745, 0.843125, 0.0, 0.6745, 0.0]",0.274015625,0.0,0.3570860827013346,0.0,0.843125,8.0,2.0,2.0,0.67
