Cluster,Dist,mean,median,std,min,max,bag_count,day_count,Cluster_Rank,Cluster_perc
0,"[1.1066015624998902, 0.7904296875001623, 0.3477890624996446, 0.4742578124998727, 0.3477890625002062, 0.9168984374992674, 1.7600234374994779, 0.5585703124998376, 0.0, 1.222531250000281, 2.192125, 0.37940625000028083, 0.6745]",0.828532451922994,0.6745,0.5910487940149612,0.0,2.192125,13.0,2.0,4.0,0.57
1,"[0.0, 0.0, 0.0, 0.0, 0.6745000000005446, 0.6744999999994554, 0.6745000000003907, 0.6744999999996093, 0.0, 0.6745000000003328, 0.6744999999996673, 0.6744999999995617, 0.6745000000004384]",0.415076923076923,0.6744999999995617,0.32814712027439563,0.0,0.6745000000005446,13.0,9.0,1.0,0.14
2,"[0.6745, 0.6745, 0.6745, 0.6745]",0.6745,0.6745,0.0,0.6745,0.6745,4.0,2.0,3.0,0.43
3,"[35.073999999994996, 0.8537974683544419, 0.4952025316455581, 0.4952025316453306, 1.11292500000003, 43.92119166665188, 0.23607499999997003, 0.23607499999997003]",10.303058649786522,0.6745,17.002212720589604,0.23607499999997003,43.92119166665188,8.0,2.0,6.0,0.86
4,"[0.5995555555551119, 1.673759259257854, 1.2490740740728168, 0.09992592592585196, 49.88801851848742, 0.0, 0.0, 0.6495185185177049, 0.0499629629632588, 1.1991111111102237, 0.6745, 49.33842592589523, 0.17487037037074016, 0.6745, 0.37472222222244406, 0.7994074074074814, 2.598074074072151]",6.473142701521076,0.6745,15.766366192117339,0.0,49.88801851848742,17.0,1.0,5.0,0.71
5,"[6060.276000002792, 0.6745, 0.7810000000007468, 0.0, 0.28400000000009956, 68.12450000003169, 0.6389999999997511]",875.825571428975,0.6745,2116.6717363626763,0.0,6060.276000002792,7.0,1.0,7.0,1.0
6,"[0.0, 0.6985892857144462, 0.6745, 0.6263214285717495, 0.6745]",0.5347821428572391,0.6745,0.2684199397989183,0.0,0.6985892857144462,5.0,1.0,2.0,0.29
