Cluster,Dist,mean,median,std,min,max,bag_count,day_count,Cluster_Rank,Cluster_perc
0,"[0.6745000000006418, 0.6744999999993581, 0.0, 0.0, 0.6744999999985023, 0.6745000000014977, 0.0, 0.0, 0.0, 0.0, 0.0]",0.24527272727272723,0.0,0.3244653198751029,0.0,0.6745000000014977,11.0,9.0,2.0,0.67
1,"[0.5518636363640448, 1.1650454545450462, 0.7971363636359551, 0.42922727272686423, 0.4292272727276812, 74.1336818181904]",12.917696969698332,0.6744999999999999,27.377810944829044,0.42922727272686423,74.1336818181904,6.0,1.0,3.0,1.0
2,[0.0],0.0,0.0,0.0,0.0,0.0,1.0,1.0,1.0,0.33
