Cluster,Dist,mean,median,std,min,max,bag_count,day_count,Cluster_Rank,Cluster_perc
0,"[0.0, 2.866625, 0.6745, 1.4754687500002808, 0.33725, 1.0063968253966487, 0.3426031746030659, 1.798666666666096, 0.3426031746033512, 0.7843023255812398, 2.2587906976733687, 0.5646976744187602, 0.03137209302303225, 0.03137209302345021, 1.4744883720925468, 1.7344285714280212, 0.48178571428577543, 0.0, 0.6745, 0.7066190476188234, 1.1562857142853475, 0.5139047619045989]",0.8753027571183819,0.6745,0.7567443909470287,0.0,2.866625,22.0,4.0,3.0,0.43
1,"[1.349, 0.0, 0.0, 12.815499999995508, 0.6829404243743067, 0.649912676822629, 0.6572521762785585, 0.6587200761697443, 0.649912676822629, 0.675600924918387, 0.6528484766050008, 0.673399075081613, 0.7321150707290388, 0.7827576169749569, 0.7321150707290388, 0.6910138737758241, 0.6499126768226192, 0.6814725244831207, 0.6682614254624575, 0.7086286724700548, 0.7935294117647058, 0.5554705882352942, 0.5554705882352942, 2.856705882352941]",1.244689162879322,0.6745,2.464694607358493,0.0,12.815499999995508,24.0,3.0,5.0,0.71
2,"[0.6745, 0.9720735294115159, 1.0315882352939778, 0.0, 0.5157941176468567, 1.6068970588230318, 0.11902941176465924, 0.6745, 0.6745]",0.6965424836600046,0.6745,0.455794645550009,0.0,1.6068970588230318,9.0,2.0,2.0,0.29
3,"[1.298094339622648, 0.6745, 0.0, 25.38919811320715, 0.33088679245278857, 0.6745, 1.6139821428573033, 0.6022321428573033, 0.0, 46.010535714290846]",7.659392924528804,0.6745,14.766820359237222,0.0,46.010535714290846,10.0,2.0,7.0,1.0
4,"[0.6745000000001523, 0.6744999999998477, 0.6744999999995008, 0.6745000000004993, 0.6745, 0.0, 1.4754687499996841, 0.0, 0.0, 0.0, 0.6744999999982028, 0.6745000000017972, 0.0]",0.4766899038461295,0.6744999999995008,0.4303511396925513,0.0,1.4754687499996841,13.0,8.0,1.0,0.14
5,"[0.6745, 0.0, 2.3232777777755587, 0.6745, 7.284600000000899, 0.0, 0.6745, 0.0, 6.610099999997364]",2.026830864197091,0.6745,2.7192502925975477,0.0,7.284600000000899,9.0,3.0,6.0,0.86
6,"[0.1379659090910112, 0.5978522727271706, 0.1379659090910112, 0.22994318181807968, 1.241693181818284, 0.8737840909091931, 0.7511477272728294, 1.1190568181819203, 0.0, 2.5789705882365688, 1.1506176470590102, 0.6348235294120134, 0.6745, 0.15870588235300334, 4.245382352943633]",0.9688272727275817,0.6745,1.076172479952109,0.0,4.245382352943633,15.0,2.0,4.0,0.57
