Cluster,Dist,mean,median,std,min,max,bag_count,day_count,Cluster_Rank,Cluster_perc
0,"[1182.3364770113526, 1182.2977126435367, 1182.2899597699734, 1182.2899597699734, 16.001931034480943, 0.31786781609193265, 0.5271954022988328, 0.4264080459769652, 0.6745, 0.5039367816092346, 0.0, 0.26359770114936476, 2751.851459769786, 35.17776923076714, 0.38048717948711447, 34.33032051281845, 34.226551282049236, 34.43408974358766, 8921.369371794332, 0.6745, 0.3458974358973768, 0.3977820512820985, 34.29573076922871, 0.6053205128205247, 0.19024358974367245, 0.0, 0.4150769230768522, 1315.27499999992, 11525.596576922379, 317.36089743587826, 0.2940128205128855, 0.03458974358973768, 24.101330357145503, 24.137464285716852, 24.089285714288284, 24.04110714285971, 1.2165089285715087, 0.505875, 0.20475892857150882, 0.6745, 0.30111607142865165, 23.944750000002568, 24.053151785716935, 23.944750000002568, 0.43360714285714286, 0.5420089285715087, 0.6745, 0.963571428571589, 0.7708571428573033, 2.408928571428892, 0.2890714285714286, 0.39747321428579446, 1.5658035714287317, 0.43360714285714286, 0.0, 0.048178571428571425, 0.33725, 75.58147222220248, 0.524611111110917, 0.5620833333333749, 1.6862499999996254, 0.7869166666666251, 0.524611111110917, 0.6663734939759584, 2478.340542168749, 1.6578072289157462, 1058.5911807229231, 2.2754216867470216, 0.11377108433744854, 0.9914337349397877, 1.0889518072289366, 0.6338674698795754, 0.21128915662659734, 0.6826265060240415, 0.4550843373493611, 0.22754216867468055, 1.1539638554217024, 0.0812650602410656, 0.0812650602410656, 0.6003019292055545, 0.5960795868427045, 0.7486980707944455, 0.5965402060095608, 0.5960795868427045, 3.306976923514683, 1.2624419815615757, 96.28449115069436]",386.96752435026355,0.6745,1596.2790143549807,0.0,11525.596576922379,87.0,6.0,3.0,1.0
1,"[0.6745, 0.6745, 0.8782552083333236, 1.3700781249995728, 0.4707447916664892, 0.47074479166667643, 0.6745, 0.6745, 0.0, 0.07782692307709589, 0.20753846153846153, 1.7121923076923076, 1.349, 1.2971153846153847, 0.6745, 0.0, 0.9442999999992812, 0.6745, 18.380124999939902, 0.6745, 0.0, 0.0, 0.6745, 0.9463134328358609, 0.6745, 0.6745]",1.340355170244783,0.6745,3.4364004324402253,0.0,18.380124999939902,26.0,8.0,2.0,0.67
2,"[0.0, 0.6745000000014977, 0.6744999999985023, 1.3054838709674614, 0.6745, 0.0, 0.0, 0.0, 0.6745000000000044, 0.6744999999999955, 0.0, 0.0, 0.6745, 1.4614166666670412, 0.0]",0.4542600358423002,0.6744999999985023,0.481279240394228,0.0,1.4614166666670412,15.0,9.0,1.0,0.33
