Cluster,Dist,mean,median,std,min,max,bag_count,day_count,Cluster_Rank,Cluster_perc
0,"[0.0024089285714443886, 0.4022910714285813, 9.430955357142972, 8.900991071428736, 0.9467089285714186, 0.0024089285714443886, 4.827999999994922, 1.135999999999751, 0.21300000000024893, 0.21300000000024893, 0.21299999999930302, 5.182999999994076, 3.407999999997361, 0.21299999999930302, 5.920611111115992, 6.520166666672989, 0.0, 0.6745, 0.5246111111119987, 0.6552285714281899, 1.7729714285716045, 0.1541714285719127, 0.11562857142829268, 0.11562857142880617, 6.706457142856894, 0.6937714285718101, 0.30834285714228493, 0.6552285714281899, 1.4646285714282927, 2.466742857142901, 1.2333714285711936]",2.0991878904248757,0.6745,2.7447132718082052,0.0,9.430955357142972,31.0,4.0,3.0,0.6
1,"[0.0, 0.6745, 0.07740163934432749, 0.2874918032786571, 1.293713114754178, 1.2163114754098505, 0.9288196721311934, 0.6745, 0.0, 49.21255769231305, 0.7533376623377138, 0.5956623376622862, 0.22775324675311032, 1.5066753246754276, 0.8234155844156299, 0.22775324675334374, 0.8993333333335829, 0.5995555555555555, 0.7494444444444445, 0.5995555555555555, 0.0, 0.9685128205128855, 0.6745, 0.5534358974358029, 1.7294871794871145, 0.0, 0.6745000000000001, 2.38773000000027, 0.6745, 0.0, 3207.637999999228, 0.0, 0.6745, 4.7215]",96.53071904662889,0.6745,541.6366926317711,0.0,3207.637999999228,34.0,8.0,4.0,0.8
2,"[0.0, 0.0, 0.0, 0.0]",0.0,0.0,0.0,0.0,0.0,4.0,4.0,1.0,0.2
3,"[0.1139999999999893, 566.3615000000092, 0.873999999999918, 0.1139999999999893, 0.475000000000082, 1.1400000000000197, 6.768634770889351, 6.837721024258639, 0.3327048517520161, 0.3508854447439517, 0.012726415094374355, 0.3036159029649577, 0.012726415094325911, 0.29997978436659967, 0.9981145552560483, 6.848629380053762, 6.630462264150824, 7.1940606469001525, 1.9035888888887071, 1.0192444444442936, 27.909311111110174, 0.08993333333332003, 0.0, 0.10492222222210684, 0.6744999999999999, 0.6745, 0.0, 0.9899919354837307, 20.89862096773969, 21.08356451612682, 0.21758064516124356, 0.4134032258063628, 0.5261099999999101, 1.0792000000001796, 0.5261100000000899, 0.75544, 0.59356, 6111.725440000673]",178.8645732301717,0.6744999999999999,979.5292290178013,0.0,6111.725440000673,38.0,5.0,5.0,1.0
4,"[0.6745, 0.6745, 0.2877866666666411, 1.2230933333334644, 0.2877866666666411, 1.0612133333333589]",0.7014800000000175,0.6745,0.3524269970531269,0.2877866666666411,1.2230933333334644,6.0,2.0,2.0,0.4
