Cluster,Dist,mean,median,std,min,max,bag_count,day_count,Cluster_Rank,Cluster_perc
0,"[0.0, 0.0, 0.0, 0.0, 0.0, 0.0]",0.0,0.0,0.0,0.0,0.0,6.0,6.0,1.0,0.25
1,"[0.0, 0.944299999998742, 0.6745, 0.7869166666674154, 1.9110833333340822, 1.9110833333340822, 0.1124166666674155, 0.11241666666591782, 0.5620833333325844]",0.7794222222222488,0.6745,0.6785680410676534,0.0,1.9110833333340822,9.0,2.0,3.0,0.75
2,"[0.6745, 0.6745, 0.6745, 0.6745]",0.6745,0.6745,0.0,0.6745,0.6745,4.0,2.0,2.0,0.5
3,"[1.68625, 0.33725, 2.3607500000022466, 0.6745, 0.0]",1.0117500000004493,0.6745,0.8794404044625265,0.0,2.3607500000022466,5.0,1.0,4.0,1.0
