Cluster,Dist,mean,median,std,min,max,bag_count,day_count,Cluster_Rank,Cluster_perc
0,"[20357.87141656946, 1.124166666665069, 0.02248333332917974, 0.022483333333972347, 0.22483333333493086, 16139.525933256267, 0.9831270931214537, 0.6745433230644797, 0.6745, 0.6746107144981146, 0.6745706005495224, 0.6744743270729008, 0.9831736253018207, 0.4003725072258631, 0.0004556944560083758, 0.0004492762242335666, 0.0]",2147.3253878619944,0.6745,5923.731555385374,0.0,20357.87141656946,17.0,2.0,7.0,1.0
1,"[0.5395999999998562, 0.5395999999998562, 2.2932999999995687, 0.8094000000001438, 0.33725000000224653, 0.0, 0.6745, 2.5293749999988764, 7.756750000002246, 0.6423809523807485, 0.9956904761899463, 0.6745, 1.573833333333048, 0.5139047619045989, 0.0, 3.6936904761899463, 0.578142857142307, 2.5534642857121765, 0.6745, 0.9153928571429488, 0.0]",1.3473940476189767,0.6745,1.7168094153478268,0.0,7.756750000002246,21.0,4.0,4.0,0.57
2,"[3218.947009090093, 0.8707181818181106, 0.5763909090909448, 1.0914636363629948, 0.7726090909090553, 0.4537545454538087, 0.3065909090912061, 0.3065909090905526, 0.6745, 0.8700072463767927, 0.4789927536232073, 0.0, 0.4496666666667534, 0.6353985507246414, 0.2932608695650588, 1731.1482391304583, 1731.1971159420523, 1731.822739130458, 1731.7347608695886]",534.3489372858645,0.6745,943.9171257699879,0.0,3218.947009090093,19.0,2.0,5.0,0.71
3,"[0.6745, 0.6745, 1.6862500000017973, 1.3265166666659076, 0.022483333334092165, 0.022483333331695856, 0.6745, 0.6745, 0.6745, 0.6745]",0.7104733333333494,0.6745,0.478129109783749,0.022483333331695856,1.6862500000017973,10.0,4.0,3.0,0.43
4,"[0.6745, 0.0, 1.195704545453617, 0.0, 0.6744999999999999, 0.6745000000000001, 0.6745000000012837, 0.6744999999987162, 0.0, 0.0]",0.4568204545453617,0.6744999999993581,0.4021953919562148,0.0,1.195704545453617,10.0,6.0,1.0,0.14
5,"[5382.578427536305, 5382.197188405869, 0.0, 0.6745, 0.2541594202897003, 0.5114340659341527, 0.0, 1143.566571428781, 1143.3516208793308, 0.6745000000000001, 3245.252086206509, 0.6745, 0.27910344827517825, 0.0, 3246.50805172375]",1303.1014762076693,0.6745,1934.8655436170413,0.0,5382.578427536305,15.0,3.0,6.0,0.86
6,"[0.7494444444449622, 0.0, 0.6745000000000001]",0.47464814814832074,0.6745000000000001,0.33701861060754856,0.0,0.7494444444449622,3.0,1.0,2.0,0.29
