Cluster,Dist,mean,median,std,min,max,bag_count,day_count,Cluster_Rank,Cluster_perc
0,"[0.0012685990136253934, 0.0006061084176208377, 0.0, 0.00046515297166229374, 2.8082271587394474, 0.6745, 0.35677232926523467, 2.809566235476052, 2.8100454839923112, 2.8087486938894934, 2.8093125156733274, 0.35789795918362854, 1661.4632721091023, 0.01835374149672173, 0.10094557823148048, 1.211346938775565, 0.01835374149647721, 0.9911020408163714, 1544.6692380954782, 6.34963949045199, 0.5840719710094707, 0.7649280289905293, 6.350366602179101, 0.9409020510895517, 0.0007855403480401316, 5.8428620927792815e-05, 5.8428620929176684e-05, 0.00033109551859543884, 6.349782315969815, 0.168625, 1.2646875, 0.0, 0.9063593749998596, 0.6745, 1036.5589531251142, 0.2529375]",119.02991691485924,0.6745,398.29615362029216,0.0,1661.4632721091023,36.0,4.0,5.0,1.0
1,"[0.0, 1.5738333333373271, 0.6745, 0.0, 0.4842564102561621, 0.8820384615383552, 1.608423076922368, 1.0895769230767103, 0.2767179487178069, 0.34589743589725863, 0.466961538461184, 0.0, 0.6745, 1.2452307692301312, 0.8301538461534208, 0.0, 0.6744999999997277, 0.6745000000002722, 0.0, 0.6745000000005135, 0.6744999999994865, 0.0, 0.0]",0.5586995540691619,0.6744999999994865,0.48758670356917266,0.0,1.608423076922368,23.0,9.0,1.0,0.2
2,"[0.048178571428892356, 0.048178571428892356, 1.3008214285711077, 3.3725000000006418, 938.7319798658332, 0.6745, 0.0, 0.6745, 1.01175, 0.0]",94.58624084372626,0.6745,281.38357530724926,0.0,938.7319798658332,10.0,3.0,4.0,0.8
3,"[1.9832313432843827, 0.6745, 0.6745, 0.6745, 0.6728684837705649, 0.6761315162294351, 3.0034414317474423, 0.6728684837705642, 0.6890954973896198, 0.6744558752178345, 0.6744558752178343, 0.6745441247821654, 0.40470000000167744, 0.40469999999928113, 3.4624333333375668, 0.9442999999983226]",1.060045372796668,0.6745,0.8926642559180626,0.40469999999928113,3.4624333333375668,16.0,4.0,3.0,0.6
4,"[0.6745, 0.6745, 0.6745, 0.6745, 0.6745, 0.6745]",0.6745,0.6745,0.0,0.6745,0.6745,6.0,3.0,2.0,0.4
