Cluster,Dist,mean,median,std,min,max,bag_count,day_count,Cluster_Rank,Cluster_perc
0,"[0.67439993898121, 0.7615851813909488, 0.7618608211785584, 0.6745434227062673, 0.6743999389812101, 0.6744565772937328, 2.9126512392399158, 2.9127302690138013, 0.6293943938921481, 0.642271148340278, 0.6653376449244552, 0.6836623550755447, 0.7343663283914915, 0.6293943938921475, 0.6296901182073293, 4.541210141640912, 2854.7440481923977, 2854.9553373490244, 298.9253975903224, 0.0, 0.26817469879517025, 0.5119698795181113, 0.6745, 7293.521795459766, 7290.5785227324905, 0.6745, 0.8277954545473855, 0.0, 0.09197727272712419, 0.21461363636274516]",687.1730195393035,0.6745,1902.3803350032974,0.0,7293.521795459766,30.0,4.0,7.0,1.0
1,"[6.157474293413365, 20.393829806779586, 20.39455269926818, 20.394387466699357, 20.393726536424072, 20.393416725357532, 20.391268701962854, 1.3847108889365232, 1.3847935052209346, 1.3861979820559154, 0.6745, 0.6211298802706926, 0.6215636157638489, 6.196221330897607e-05, 0.0, 0.00045438956425848675, 0.0008674709863113562, 0.00024784885323260225, 0.0012598983372630681, 0.0005783139908753382, 0.0010740116973383413, 0.33172131147522627, 0.3980655737701537, 1077.3202459016406, 1.1499672131146284, 0.33172131147522627, 0.8182459016394021, 0.5528688524591033, 1.0172786885247735, 0.5307540983605978, 0.7961311475408966]",39.285261161219225,0.6745,189.67889074065272,0.0,1077.3202459016406,31.0,2.0,6.0,0.86
2,"[0.6504107142862187, 1.5176249999977536, 0.6504107142849349, 0.6985892857137814, 1.7322283090451351, 1.7315347480764436, 1.7310803460624726, 0.6745, 0.6741173456724463, 3.1551284260539636, 5.813475871361195, 0.6377891004503065, 0.0, 0.00011957947736071049, 0.00019132716377688187, 3.943230769228749, 1.2452307692301312, 0.6745, 0.0, 0.2594230769232896]",1.2894792691513977,0.6745,1.4502935470579357,0.0,5.813475871361195,20.0,3.0,5.0,0.71
3,"[0.0, 0.0, 0.0, 0.0, 0.0, 0.0, 0.0, 0.0]",0.0,0.0,0.0,0.0,0.0,8.0,8.0,1.0,0.14
4,"[0.21299999999992533, 0.0, 0.6745, 1.366749999999639, 1.0117499999997637, 0.8530441176465924, 0.6745, 0.3570882352937134, 1.0911029411764395, 0.0]",0.6241735294116073,0.6745,0.44684327000611584,0.0,1.366749999999639,10.0,2.0,3.0,0.43
5,"[1.0352790697667518, 0.12548837209296493, 0.0, 0.6745, 1.0980232558132341, 0.6745, 0.0, 0.8050483870964001]",0.5516048855961688,0.6745,0.4208718571596887,0.0,1.0980232558132341,8.0,2.0,2.0,0.29
6,"[0.6745, 0.6745, 0.6745, 0.6745]",0.6745,0.6745,0.0,0.6745,0.6745,4.0,2.0,4.0,0.57
