Cluster,Dist,mean,median,std,min,max,bag_count,day_count,Cluster_Rank,Cluster_perc
0,"[0.0, 0.0, 0.0, 0.0, 0.0, 0.0, 0.6744999999999977, 0.6745000000000022, 0.0, 0.6744999999999978, 0.6745000000000022]",0.24527272727272728,0.0,0.3244653198751029,0.0,0.6745000000000022,11.0,9.0,1.0,0.33
1,"[30.336813953487017, 0.0, 0.6745, 0.9339230769234226, 0.6745, 0.0, 0.0, 18.238479999998738, 0.6745]",5.725857447823242,0.6745,10.328668328746787,0.0,30.336813953487017,9.0,3.0,3.0,1.0
2,"[0.6745, 0.6745]",0.6745,0.6745,0.0,0.6745,0.6745,2.0,1.0,2.0,0.67
