Cluster,Dist,mean,median,std,min,max,bag_count,day_count,Cluster_Rank,Cluster_perc
0,"[6.898295454539801, 1.5636136363628288, 0.2146136363640541, 0.7664772727271892, 0.5825227272728108, 0.21461363636364564, 0.6745, 0.6745, 66.50569999998504, 0.6745, 67.0452999999853, 0.0, 0.23607499999969672, 6.282485714286015, 0.1541714285714139, 0.1541714285714139, 1.194828571428586, 1.6019374999998126, 4.075104166666854, 4.018895833333146, 0.7588125000005617, 0.14052083333352053, 0.5901874999998128, 0.08431249999981279, 0.14052083333352053, 0.08431250000018721, 0.7588125000001872, 0.0, 0.38684558823515225, 0.6745, 19.90766911764547, 19.89774999999835, 19.74896323529243, 0.21822058823525134, 2.5855833333347684, 1.349000000000749, 0.6745000000003745, 0.33725000000018723, 0.22483333333383254, 0.0, 0.6745, 3.4762692307691774, 0.7782692307691776, 0.5707307692308223, 0.5707307692301312]",5.292564452648914,0.6745,14.137183836620109,0.0,67.0452999999853,45.0,8.0,3.0,0.75
1,"[0.0, 0.6745000000001404, 0.6744999999998595, 0.0, 0.0, 0.6744999999998271, 0.6745000000001727, 0.0]",0.33724999999999994,0.33724999999991356,0.33724999999999994,0.0,0.6745000000001727,8.0,6.0,1.0,0.25
2,"[2.1078125000028782, 0.8431249999995788, 0.6745, 0.0, 1.0117500000008424, 0.08431249999894692, 0.5058750000004212, 0.6745, 0.0, 2.0235000000269583, 1.0827499999999284, 0.0, 0.6567499999998848, 0.6745, 1.59749999999972]",0.7957916666686107,0.6745,0.6611203219079816,0.0,2.1078125000028782,15.0,3.0,2.0,0.5
3,"[510.11471428625623, 0.5781428571421235, 1.1562857142855307, 0.7708571428578763, 0.19271428571446908, 0.38542857142893816, 0.19271428571446908, 1.7344285714315058]",64.39066071435388,0.6744999999999999,168.46856560472062,0.19271428571446908,510.11471428625623,8.0,1.0,4.0,1.0
