Cluster,Dist,mean,median,std,min,max,bag_count,day_count,Cluster_Rank,Cluster_perc
0,"[0.6745, 0.6745, 30.015249999935598, 0.11241666666716589, 1.2365833333328342, 0.11241666666716589, 0.8058185840707887, 0.6745, 0.7162831858407452, 0.12534955752215626, 0.0]",3.1952379994578592,0.6745,8.489071101139118,0.0,30.015249999935598,11.0,3.0,3.0,1.0
1,"[0.6744999999999293, 0.6745000000000707, 0.0, 0.6744999999994009, 0.6745000000005991, 0.0, 0.0, 0.0, 0.0, 0.0, 0.0, 0.0, 0.0, 0.0, 0.0, 0.0]",0.168625,0.0,0.29206706742630195,0.0,0.6745000000005991,16.0,14.0,1.0,0.33
2,"[0.0, 0.6745, 3.192633333332215]",1.2890444444440716,0.6745,1.3739178907838214,0.0,3.192633333332215,3.0,1.0,2.0,0.67
