Cluster,Dist,mean,median,std,min,max,bag_count,day_count,Cluster_Rank,Cluster_perc
0,"[0.6744999999985023, 0.6745000000014977, 0.0, 0.0, 0.0, 0.6744999999993581, 0.6745000000006418, 0.0, 0.0, 0.0]",0.26979999999999993,0.0,0.33043616630145073,0.0,0.6745000000014977,10.0,8.0,2.0,0.67
1,"[2.698, 0.0, 0.6745]",1.1241666666666668,0.6745,1.1464295539727778,0.0,2.698,3.0,1.0,3.0,1.0
2,[0.0],0.0,0.0,0.0,0.0,0.0,1.0,1.0,1.0,0.33
