Cluster,Dist,mean,median,std,min,max,bag_count,day_count,Cluster_Rank,Cluster_perc
0,"[0.2529375000000878, 0.25293749999994736, 1.0960624999999122, 164.83093749998392, 0.0, 0.2248333333332709, 0.6745, 222.13533333329622, 243.2696666666259]",70.3041342592488,0.6745,100.67067770975191,0.0,243.2696666666259,9.0,2.0,5.0,1.0
1,"[0.0, 0.0, 0.0, 0.0, 0.0, 0.0, 0.0, 0.0, 0.0]",0.0,0.0,0.0,0.0,0.0,9.0,9.0,1.0,0.2
2,"[4.9761581632653495, 1.8651989795918298, 27.37231122449001, 0.020647959183671363, 5.044984693877586, 0.18583163265304228, 1.6587193877551163, 0.8740969387755128, 27.399841836734904, 0.5161989795918299, 0.07570918367346166, 0.4336071428571445, 0.4749030612244872, 27.37231122449001, 0.44737244897959205, 0.29595408163266873, 0.30971938775511626, 27.427372448979796, 0.07570918367346166, 27.523729591836954, 0.4336071428571445, 0.5987908163265613, 1.2870561224489858, 0.6676173469387991, 0.7915051020408274, 27.427372448979796, 0.6263214285714105, 1.3008214285714337, 0.254658163265326, 1.7137806122449064, 0.07570918367346166, 0.020647959183671363, 1.0668112244898247, 0.6813826530612009]",5.626366446578674,0.6745000000000001,10.150775091386029,0.020647959183671363,27.523729591836954,34.0,1.0,4.0,0.8
3,"[0.43707599999998936, 2.034291999999999, 0.9119240000000106, 0.43707599999998936]",0.9550919999999972,0.6745,0.652536832051651,0.43707599999998936,2.034291999999999,4.0,1.0,3.0,0.6
4,"[0.6745, 0.6745, 0.6745000000000001, 0.6745000000000001, 0.6745, 0.6745, 0.6745, 0.6745, 0.6745, 0.6745]",0.6745000000000001,0.6745,9.930136612989092e-17,0.6745,0.6745000000000001,10.0,5.0,2.0,0.4
