Cluster,Dist,mean,median,std,min,max,bag_count,day_count,Cluster_Rank,Cluster_perc
0,"[0.0, 0.0, 0.0, 0.6744999999993581, 0.6745000000006418, 0.0, 0.0, 0.0, 0.0, 0.0, 0.0]",0.12263636363636361,0.0,0.2601510130419961,0.0,0.6745000000006418,11.0,10.0,2.0,0.67
1,"[3.3725000000269585, 0.6745, 0.0]",1.3490000000089861,0.6745,1.4570865337045134,0.0,3.3725000000269585,3.0,1.0,3.0,1.0
2,[0.0],0.0,0.0,0.0,0.0,0.0,1.0,1.0,1.0,0.33
