Cluster,Dist,mean,median,std,min,max,bag_count,day_count,Cluster_Rank,Cluster_perc
0,"[0.0, 0.0, 0.0, 0.0, 0.0]",0.0,0.0,0.0,0.0,0.0,5.0,5.0,1.5,0.5
1,"[0.5396, 0.5396, 0.8094, 2.1584]",1.01175,0.6745,0.6711190263284151,0.5396,2.1584,4.0,1.0,3.0,1.0
2,"[0.0, 0.0]",0.0,0.0,0.0,0.0,0.0,2.0,1.0,1.5,0.5
