Cluster,Dist,mean,median,std,min,max,bag_count,day_count,Cluster_Rank,Cluster_perc
0,"[0.6745, 0.0, 51.37441666667191, 3.1272272727276813, 0.030659090908886678, 0.3679090909090909, 3.1272272727276813, 1.1037272727272727, 0.6438409090911132, 1.1037272727276812, 0.6744999999999999, 1.5022954545456588, 0.0, 0.5518636363636363, 0.06131818181818181, 0.7358181818181818, 3.065909090909499, 1.3183409090911131, 0.5825227272729314, 0.6438409090911132, 0.21461363636343211, 0.981090909090909, 2.265628205128477, 0.25942307692300604, 1.0203974358979557, 1.0549871794874748, 1.8505512820514827, 1.1241666666669738, 1.1241666666669738, 1.0549871794874748, 0.29401282051252514, 1.4700641025644687, 1.2279358974364527, 0.32860256410250505, 0.12106410256446885, 0.6399102564104808, 0.46696153846150307, 1.1587564102569539, 0.5015512820510221, 0.7782692307690181, 1.4354743589749497, 0.4323717948719839, 0.15565384615398795, 0.3631923076920241, 1.9889102564109415, 0.19024358974350705, 0.7090897435895192, 1.6084230769234669, 0.4323717948719839, 1.40088461538497, 0.8128589743594589, 0.9858076923079759, 0.812858974358998, 0.19024358974350705, 0.017294871794989956, 0.4669615384619638, 0.05188461538496987, 0.017294871794529126, 0.5015512820514829, 0.12106410256446885, 0.25942307692346683, 0.4323717948719839, 1.9543205128214227, 0.12106410256446885, 0.7436794871799598, 0.2248333333330261, 0.812858974358998, 0.3631923076924849, 2.1272692307694787, 1.0895769230769938, 1.6430128205134469, 0.08647435897448895]",1.5441569055946538,0.6744999999999999,5.9588829373019605,0.0,51.37441666667191,72.0,3.0,3.0,1.0
1,"[0.0, 0.0, 0.0, 0.6744999999985023, 0.6745000000014977, 0.0, 0.0]",0.1927142857142857,0.0,0.304708040254796,0.0,0.6745000000014977,7.0,6.0,1.0,0.33
2,"[0.6745, 0.6745, 0.6745, 0.6745, 0.6745, 0.6745, 0.6745, 0.6745, 0.6745, 0.6745]",0.6745,0.6745,0.0,0.6745,0.6745,10.0,5.0,2.0,0.67
