Cluster,Dist,mean,median,std,min,max,bag_count,day_count,Cluster_Rank,Cluster_perc
0,"[0.0, 0.0, 0.674499999999943, 0.6745000000000568, 0.0, 1.0746271186440988, 0.6745, 0.0, 0.0, 0.6745, 0.0, 1.1548257575759617, 0.0, 0.6744999999987162, 0.6745000000012837, 0.0, 0.0, 0.6744999999998367, 0.6745000000001633]",0.4013396250642137,0.6744999999987162,0.4018150645704421,0.0,1.1548257575759617,19.0,12.0,1.0,0.2
1,"[0.6745, 0.6745, 0.6745, 0.6745]",0.6745,0.6745,0.0,0.6745,0.6745,4.0,2.0,2.0,0.4
2,"[0.23460869565210596, 0.23460869565210596, 0.557195652173947, 61.790065217380246, 0.7918043478260529, 1.4076521739130263]",10.835989130432914,0.6744999999999999,22.790821197731677,0.23460869565210596,61.790065217380246,6.0,1.0,5.0,1.0
3,"[0.0, 0.6745, 2.484999999999129, 0.0, 0.6745, 0.8017641509435818]",0.7726273584904518,0.6745,0.8312874596277707,0.0,2.484999999999129,6.0,2.0,3.0,0.6
4,"[0.2248333333313364, 22.708166666620738, 0.6745, 0.0, 9.667833333313363]",6.655066666653087,0.6745,8.811172150282184,0.0,22.708166666620738,5.0,1.0,4.0,0.8
