Cluster,Dist,mean,median,std,min,max,bag_count,day_count,Cluster_Rank,Cluster_perc
0,"[0.0, 0.0, 0.0, 0.0, 0.0, 0.0, 0.0, 0.0, 0.0, 0.0, 0.6745000000004084, 0.6744999999995915]",0.11241666666666666,0.0,0.25137130847060135,0.0,0.6745000000004084,12.0,11.0,2.0,0.67
1,"[0.0, 1.01175, 0.6745]",0.5620833333333333,0.6745,0.4206246512298372,0.0,1.01175,3.0,1.0,3.0,1.0
2,"[0.0, 0.0, 0.0]",0.0,0.0,0.0,0.0,0.0,3.0,1.0,1.0,0.33
