Cluster,Dist,mean,median,std,min,max,bag_count,day_count,Cluster_Rank,Cluster_perc
0,"[33.83460624999802, 0.025293749999939625, 0.025293750000051952, 1.5935062499999033, 0.025293749999939625, 1.3237062499999481, 3.293147058824322, 0.19838235294144077, 0.19838235294091217, 8.847852941177264, 0.5157941176473231, 0.8332058823526769, 157.87267647060594, 0.35708823529385336, 0.028702127659574465, 0.7175531914893618, 0.028702127659574465, 0.6314468085106383, 57.662574468091606, 0.6314468085106383, 60.1309574468152, 1.090680851064021, 20.189425675676105, 18.895114864865228, 17.61903378378414, 0.23698648648646514, 17.737527027027372, 0.6745, 0.5924662162162235, 0.0, 0.3463648648648944, 0.6745, 0.39049999999999996, 0.0355, 0.19525000000011822, 0.0, 0.9762500000001182, 1.4022500000002365, 1.0295000000001182, 34.66575000000378, 22.418831967213134, 0.9896352459016418, 0.19350409836067142, 0.3593647540983582, 22.064995901639403, 0.19350409836067142, 0.5472358490566197, 0.5854150943395491, 26.190962264150535, 25.949160377358112, 0.0, 25.38919811320715, 0.6745, 0.25452830188676046, 0.687226415094338]",10.400459538930436,0.6745,24.402036982481757,0.0,157.87267647060594,55.0,7.0,4.0,1.0
1,"[0.4545543478261188, 0.4545543478261188, 0.8944456521738812, 58.168293478258796, 0.6479056185312969, 0.7010943814687031, 0.6479056185312925, 0.7044186791522907, 0.0, 16.93167948717994, 0.6745, 17.268929487179914, 0.08647435897435159, 0.14082967032959004, 1.2081703296703112, 0.14082967032968877, 21.102214285711874]",7.0721646713614215,0.6745,14.488311984630604,0.0,58.168293478258796,17.0,4.0,3.0,0.75
2,"[0.6744999999999978, 0.6745000000000022, 0.6744999999999358, 0.6745000000000642, 0.0, 0.6745000000000831, 0.6744999999999168, 0.6744999999999977, 0.6745000000000022]",0.5995555555555554,0.6744999999999978,0.21197489951570056,0.0,0.6745000000000831,9.0,5.0,1.0,0.25
3,"[0.6634150896414355, 0.6634150896414355, 0.6936466633466158, 0.6855849103585645, 0.6827102059925105, 0.6662897940074853, 0.6940781835205907, 0.6662897940074894, 0.33725000000024963, 0.0, 2.623055555556055, 1.01175, 0.5246111111111111, 1.5363611111113606, 0.6745, 0.0, 18.96535294117673, 0.6745, 0.6630220220220189, 0.6859779779779767, 0.6630220220220233, 0.7278388388388328, 0.6745, 0.0, 18.02413888888749]",2.128052407968799,0.6745,4.853468585317151,0.0,18.96535294117673,25.0,6.0,2.0,0.5
