Cluster,Dist,mean,median,std,min,max,bag_count,day_count,Cluster_Rank,Cluster_perc
0,"[0.0, 1.1241666666626728, 0.11241666666716589, 0.6745, 213.59166666621488, 9137.788749995474, 9138.371272722745, 0.0, 0.6745, 0.09197727272782973]",1849.2429249990491,0.6745,3644.964230220861,0.0,9138.371272722745,10.0,2.0,4.0,1.0
1,"[0.0, 0.0, 0.0, 0.0, 0.0, 0.6745000000089861, 0.6744999999910138, 0.0, 0.0, 0.6745000000002852, 0.6744999999997148, 0.0]",0.22483333333333336,0.0,0.3179623492735509,0.0,0.6745000000089861,12.0,10.0,1.0,0.25
2,"[0.6745, 0.0, 26.539510204080777, 0.557759615384529, 0.557759615384529, 1.1284903846156438, 0.791240384615471, 0.6745, 4.552875000001123, 0.0, 0.0, 0.6745, 4.552874999998877]",3.131077708006227,0.6745,6.918437566214065,0.0,26.539510204080777,13.0,4.0,3.0,0.75
3,"[0.6745, 0.6745, 0.0, 0.0]",0.33725,0.33725,0.33725,0.0,0.6745,4.0,2.0,2.0,0.5
