Cluster,Dist,mean,median,std,min,max,bag_count,day_count,Cluster_Rank,Cluster_perc
0,"[0.08431249999996489, 0.9274374999998948, 337.3343124998963, 0.9274374999998948, 0.4215625000001053, 0.08431249999996489, 0.08431249999996489, 343.40481249989494, 0.07708571428570328, 0.07708571428570328, 0.11562857142861911, 0.1927142857143224, 79.4368285714259, 78.97431428571167, 1.1562857142856777, 79.24411428571163, 393.9079999998244, 460.0089999997952, 1.1241666666660426, 0.449666666666417, 0.0, 0.449666666666417, 0.6745000000000001]",77.35467639748951,0.6745000000000001,144.4177458988073,0.0,460.0089999997952,23.0,3.0,5.0,1.0
1,"[0.6745, 0.6745, 304.8739999999773, 0.2997777777777223, 0.2997777777777223, 1.0492222222222776, 0.0, 124.72118181817672, 118.89595454544973, 0.4292272727272078, 0.6745, 0.9042423580785954, 0.6980633187772898, 0.6509366812227102, 0.6509366812226904]",37.03312136356065,0.6745,82.49160683759682,0.0,304.8739999999773,15.0,4.0,3.0,0.6
2,"[0.0, 698.4447499994953, 688.6644999995024, 0.33724999999971916, 0.6744999999994383, 0.33724999999971916, 2.0234999999988768, 0.33724999999971916, 1.0117499999997193, 3.7097499999974723, 1.0117499999991575, 0.6745, 0.6744999999994383, 0.6745, 0.0, 0.6745, 1.0117499999997193, 0.0, 0.6744999999994383, 1.0117499999991575, 1.0117499999991575, 0.6745, 2.3607499999985957, 1.6862499999991576, 0.33724999999971916, 0.33724999999971916, 0.33724999999971916, 0.33724999999971916]",50.32251785710662,0.6745,178.4069657758784,0.0,698.4447499994953,28.0,1.0,4.0,0.8
3,"[0.0, 0.6744999999999995, 0.6745000000000004, 0.6744999999999994, 0.6745000000000005, 0.6744999999999994, 0.6745000000000007, 0.0, 0.0, 0.0, 0.0, 0.0]",0.33725000000000005,0.3372499999999997,0.33725,0.0,0.6745000000000007,12.0,9.0,1.0,0.2
4,"[0.6748255308880313, 0.6741744691119685, 0.6741744691119674, 0.6767787162162143, 0.6745, 0.0, 276.8148000000303, 1.2141000000000448, 0.9442999999996855, 0.4046999999998652, 0.4047000000003145]",25.741550289578036,0.6745,79.39687575243556,0.0,276.8148000000303,11.0,3.0,2.0,0.4
