Cluster,Dist,mean,median,std,min,max,bag_count,day_count,Cluster_Rank,Cluster_perc
0,"[0.8993333333333332, 0.0, 0.6745, 1.5738333333333334, 0.0, 0.2248333333333333, 0.6745, 0.6745, 0.0, 0.6745000000011232, 0.6745, 0.6745, 0.6745]",0.5707307692308556,0.6745,0.4193783532275319,0.0,1.5738333333333334,13.0,4.0,2.0,0.67
1,"[0.0, 0.0, 0.0, 0.0, 0.0, 0.0, 0.0, 0.0, 0.0]",0.0,0.0,0.0,0.0,0.0,9.0,9.0,1.0,0.33
2,"[1.6862500000011231, 1.461416666669038, 134.33791666683152, 0.7869166666667915, 0.33725000000112326, 0.11241666666604262, 0.5620833333332085, 0.11241666666604262, 0.11241666666754031, 1.911083333336204]",14.142016666683862,0.6745,40.070472599181095,0.11241666666604262,134.33791666683152,10.0,1.0,3.0,1.0
