Cluster,Dist,mean,median,std,min,max,bag_count,day_count,Cluster_Rank,Cluster_perc
0,"[0.0, 0.0, 0.0, 0.0, 0.0, 0.6745000000006418, 0.6744999999993581]",0.19271428571428567,0.0,0.304708040254796,0.0,0.6745000000006418,7.0,6.0,1.0,0.25
1,"[0.5620833333319605, 0.7869166666665418, 0.5620833333334582, 222.36016666644377, 0.7869166666671659, 0.5620833333298387, 0.5620833333328341, 1.6862499999955067, 0.8094000000007189, 2.967799999994249, 0.5395999999992811, 0.5395999999992811]",19.393748611091215,0.6745,61.20050712249292,0.5395999999992811,222.36016666644377,12.0,3.0,2.0,0.5
2,"[0.3747222222224441, 0.0, 151.16294444435005, 154.98511111101337, 144.49288888879792, 0.8243888888877795, 0.8243888888877795, 0.5246111111102236, 149.58911111101736, 0.5995555555551118, 0.07494444444388974, 0.44966666666633387, 0.14988888888877794, 149.06449999990616, 0.5246111111102236, 149.28933333323982, 0.2997777777775559, 0.0749444444448882, 0.8993333333326677, 0.0, 0.44966666666633387, 0.7494444444438897, 153.3363333332368, 0.14988888888877794, 145.76694444435304, 0.22483333333366615, 1.2740555555551119, 0.6745, 145.09244444435302, 1.2740555555541133, 0.22483333333366615, 0.524611111111222, 1.6487777777765573, 0.0749444444448882, 0.37472222222144563, 0.44966666666633387, 0.2997777777775559, 0.2248333333326677, 0.0749444444448882, 0.0, 1.2740555555541133, 0.44966666666633387, 1.6487777777765573, 0.8243888888877795, 1.1241666666653354, 1.0492222222214458, 1.2740555555541133, 0.6744999999990016, 0.7494444444438897, 1.0492222222214458, 1.2740555555541133]",26.833050108915497,0.6745,56.66361523060502,0.0,154.98511111101337,51.0,1.0,3.0,0.75
3,"[135.3721500000148, 0.0, 0.6745]",45.34888333333827,0.6745,63.65665790560673,0.0,135.3721500000148,3.0,1.0,4.0,1.0
