Cluster,Dist,mean,median,std,min,max,bag_count,day_count,Cluster_Rank,Cluster_perc
0,"[1.3008214285711304, 0.04817857142822757, 0.048178571428869436, 2.505285714284522, 0.2322049180328352, 0.740844262295222, 0.6302704918032835, 0.2322049180328352, 0.7187295081967164, 0.9177622950817933]",0.7374480679155435,0.6745,0.7034008684918953,0.04817857142822757,2.505285714284522,10.0,2.0,2.0,0.67
1,"[0.0, 0.0, 0.0, 0.6744999999998917, 0.6745000000001082, 0.0, 0.674499999999925, 0.6745000000000748, 0.6744999999998862, 0.6745000000001138, 0.0, 1.5378600000005895, 0.0, 0.6745, 0.6744999999970046, 0.6745000000029954, 0.6745, 1.7135945945945288, 0.0]",0.5261291891892167,0.6744999999998917,0.4915868913718558,0.0,1.7135945945945288,19.0,11.0,1.0,0.33
2,"[0.46941554054054707, 0.46941554054042567, 0.8795844594594528, 2.447341216216049, 0.8993333333333333, 6.295333333324947, 0.4496666666654685, 0.44966666666666666]",1.5449695945933613,0.6745,1.9023940117621612,0.4496666666654685,6.295333333324947,8.0,2.0,3.0,1.0
