Cluster,Dist,mean,median,std,min,max,bag_count,day_count,Cluster_Rank,Cluster_perc
0,"[0.6744999999982028, 0.6745000000017972, 0.6745000000014977, 0.6744999999985023, 0.0, 0.0, 0.0, 0.0, 0.0, 0.0, 0.6744999999910138, 0.6745000000089861, 0.0, 0.0, 0.0]",0.2698,0.0,0.33043616630145073,0.0,0.6745000000089861,15.0,12.0,1.0,0.33
1,"[0.6745, 0.6745, 0.6745, 0.6745, 0.6745, 0.6745]",0.6745,0.6745,0.0,0.6745,0.6745,6.0,3.0,2.0,0.67
2,"[0.6745, 0.6745, 0.6744999999999998, 0.6745108829378282]",0.674502720734457,0.6745,4.7124503135673374e-06,0.6744999999999998,0.6745108829378282,4.0,1.0,3.0,1.0
