Cluster,Dist,mean,median,std,min,max,bag_count,day_count,Cluster_Rank,Cluster_perc
0,"[0.6745000000022465, 0.6744999999977535, 0.0, 0.0, 0.0, 0.0, 0.0, 0.0, 0.0]",0.14988888888888888,0.0,0.2804164341532248,0.0,0.6745000000022465,9.0,8.0,1.0,0.33
1,"[0.6745, 0.6745]",0.6745,0.6745,0.0,0.6745,0.6745,2.0,1.0,2.0,0.67
2,"[0.224833333334831, 1.1241666666651688, 4.721500000004493, 0.22483333333183564]",1.5738333333340822,0.6744999999999999,1.8540231629880726,0.22483333333183564,4.721500000004493,4.0,1.0,3.0,1.0
