Cluster,Dist,mean,median,std,min,max,bag_count,day_count,Cluster_Rank,Cluster_perc
0,"[0.16862499999962557, 0.8431250000011232, 281.3227083333666, 0.5058749999988768, 0.39345833333445657, 0.16862500000262096, 1.6300416666640458, 1.067958333332959, 0.3803031914893556, 0.9686968085106444, 28.465335106381954, 0.06457978723389, 28.766707446807537, 28.508388297871406, 0.12198404255303082, 0.06457978723427239, 347.9630691489252, 0.0789308510637708]",40.08238839637619,0.6745,98.25098746480742,0.06457978723389,347.9630691489252,18.0,2.0,5.0,0.83
1,"[0.519927083333427, 0.6604479166669476, 0.6885520833330525, 55.32305208333942, 56.25048958333961, 0.519927083333427, 0.9619918032788044, 1.2715983606561145, 44.17422131147523, 0.16586065573790776, 0.1658606557373185, 0.3870081967211955]",13.424078068079368,0.6745000000000001,22.393911308223256,0.1658606557373185,56.25048958333961,12.0,2.0,4.0,0.67
2,"[0.29977777777467146, 0.29977777777866527, 7.344555555525379, 1.0492222222213348, 0.6153333333335768, 0.6153333333335768, 1.3726666666668217, 0.7336666666664232]",1.541291666662556,0.6745,2.219183627369819,0.29977777777467146,7.344555555525379,8.0,2.0,3.0,0.5
3,"[0.0, 0.6744999999999997, 0.6745000000000003, 0.0, 0.0, 0.674500000001997, 0.6744999999980031, 0.6745000000009459, 0.6744999999990541, 0.0, 0.0, 0.0, 0.674499999999778, 0.6745000000002219, 0.0]",0.3597333333333334,0.6744999999980031,0.3364997209838698,0.0,0.674500000001997,15.0,11.0,1.0,0.17
4,"[0.0, 3.7940625000005612, 0.6745, 0.0, 0.6745, 4548.9629000013665]",759.0176604168945,0.6745,1694.915529726638,0.0,4548.9629000013665,6.0,2.0,6.0,1.0
5,"[0.6745, 0.6745]",0.6745,0.6745,0.0,0.6745,0.6745,2.0,1.0,2.0,0.33
