Cluster,Dist,mean,median,std,min,max,bag_count,day_count,Cluster_Rank,Cluster_perc
0,"[0.0, 0.0, 0.0]",0.0,0.0,0.0,0.0,0.0,3.0,3.0,1.0,0.33
1,"[0.0, 3.5073999999999996, 0.0, 1.349]",1.2141,0.6745,1.4340066701379042,0.0,3.5073999999999996,4.0,1.0,3.0,1.0
2,"[1.517624999994103, 0.16862500000084243, 1.1803749999991575, 0.16862500000084243]",0.7588124999987363,0.6745,0.6021116843791007,0.16862500000084243,1.517624999994103,4.0,1.0,2.0,0.67
