Cluster,Dist,mean,median,std,min,max,bag_count,day_count,Cluster_Rank,Cluster_perc
0,"[0.09303448275862068, 1.9537241379313444, 1.069896551724138, 2.0932758620689658, 0.2791034482758621, 0.09303448275862068, 0.2325862068965517, 1.5350689655172414, 0.5395999999999487, 0.13489999999998717, 1.9078714285715037, 1.3682714285715551, 0.520328571428522, 1.4260857142858352, 0.7323142857142161, 0.3661571428572364, 0.32761428571425455, 3.2375999999999485, 1.3490000000001283, 0.616685714285784, 0.5010571428570951, 1.3104571428572749, 0.7130428571427893, 0.15417142857154228, 0.44324285714281497, 3.256871428571375, 0.9828428571428921, 0.6552285714286374, 0.520328571428522, 0.6937714285713625, 1.522442857142969, 0.48178571428566846, 0.13490000000011554, 1.5417142857143957]",0.9643532309475802,0.6745,0.808274806851694,0.09303448275862068,3.256871428571375,34.0,2.0,2.0,0.67
1,"[0.0, 0.0, 0.0, 0.0, 0.0]",0.0,0.0,0.0,0.0,0.0,5.0,5.0,1.0,0.33
2,"[0.6745, 10.888357142858425, 0.0]",3.8542857142861418,0.6745,4.981456159878868,0.0,10.888357142858425,3.0,1.0,3.0,1.0
