Cluster,Dist,mean,median,std,min,max,bag_count,day_count,Cluster_Rank,Cluster_perc
0,"[0.1362626262626171, 0.8175757575757934, 26.10791919192025, 0.1362626262626171, 0.5314242424242066, 0.831202020202055, 0.13225490196077566, 26.437754901961963, 26.398078431373733, 0.10580392156862053, 0.7141764705882768, 0.6348235294117233, 0.10580392156862053, 25.816156862746322, 25.67067647058938, 0.19838235294116352, 19.932985074627094, 20.104126865671855, 20.29540298507482, 0.02013432835820695, 0.6745, 0.3724850746268957, 0.0, 0.5637611940298617, 20.34573880597034, 11.57644052863461, 12.580762114537722, 0.5289030837004336, 11.879519823788806, 0.23770925110134022, 0.8200969162995665, 0.053484581497792644, 0.27930837004406783, 11.74877973568309, 0.053484581497792644, 29.312645833332542, 0.0, 0.49182291666669203, 1.573833333333302, 0.9274374999999649, 0.28104166666662767, 0.6744999999999999, 0.0, 0.6745, 0.4186551724138225, 0.441913793103475, 24.78206034482745, 22.316646551724055, 23.351655172413665, 0.4229007936507846, 0.8511547619047789, 0.4229007936507846, 20.79708333333345, 0.5513769841269615, 0.7976230158730385]",7.19876242748225,0.6745,10.19121057348474,0.0,29.312645833332542,55.0,7.0,3.0,0.6
1,"[18.091383561644214, 0.6745, 0.0, 0.6744999999999999, 0.8243888888888667, 0.0, 0.6745, 0.6745, 0.0, 0.6745, 34.209256410254255, 29.288288888892183, 0.0, 0.6745, 0.0, 9.664551094890152, 0.6745]",5.694080520268804,0.6745,10.575942915826477,0.0,34.209256410254255,17.0,6.0,2.0,0.4
2,"[0.6745, 0.0, 1.4716363636354726, 0.0, 0.6744999999999979, 0.6745000000000022, 0.6745000000000488, 0.6744999999999511, 0.0]",0.5382373737372748,0.6744999999999979,0.45131531258777974,0.0,1.4716363636354726,9.0,5.0,1.0,0.2
3,"[1.8815000000002364, 0.3550000000002365, 71.5325000000078, 1.7750000000000001, 0.6745, 0.0355, 0.142, 0.2485, 0.0, 2.3430000000002367, 0.8875000000000001, 11.45466666666659, 210.0120833333319, 11.265333333333238, 0.331333333333334, 0.01775000000003734, 0.0, 0.15383333333335478, 11.359999999999895, 11.39549999999989, 11.927999999999907, 0.5265833333333506, 0.6745, 0.42008333333336306]",14.558944444444725,0.6745,43.20920084601838,0.0,210.0120833333319,24.0,2.0,5.0,1.0
4,"[21.21276356589052, 0.18300387596899872, 0.18300387596899872, 1.1659961240310013, 29.77845744680754, 0.6745, 0.0430531914893556, 29.00349999999914, 0.0]",9.138253120017284,0.6745,12.597421160785652,0.0,29.77845744680754,9.0,2.0,4.0,0.8
