Cluster,Dist,mean,median,std,min,max,bag_count,day_count,Cluster_Rank,Cluster_perc
0,"[0.4496666666656682, 1.5738333333313363, 0.0, 0.0, 0.6745, 0.6745, 2.023499999994009, 2.023499999994009, 0.0, 1.349, 0.0, 4.496666666676651, 1.2646874999994382, 0.08431250000056163, 0.08431250000056163, 0.08431250000056163, 2.6136874999994384, 1.4333125000005618, 0.3065909090915032, 1.5329545454558822, 1.4103181818186274, 0.4292272727271242, 0.9197727272728757, 0.3065909090915032, 114.1591250000131, 0.8431249999996255, 0.5058749999996256, 0.5058750000003744]",4.99104450757618,0.6745,21.03221629908744,0.0,114.1591250000131,28.0,5.0,2.0,0.67
1,"[0.843125, 0.8852812499997192, 0.12646875000028082, 0.12646875000028082, 85.57718750000954, 81.36156250000899, 86.16737500000956, 83.93309375000926, 85.45071875000983, 91.60553125001039, 81.82528125000927, 83.42721875000926, 85.49287500000955, 81.57234375000927, 0.168625, 0.1264687499997192, 0.37940624999971917, 0.0843125, 0.505875, 1.8127187499997193, 0.04215624999971918, 0.168625, 0.37940624999971917, 0.042156250000280816, 0.04215624999971918, 0.4215625]",32.79107692308053,0.6745,41.03173781032373,0.04215624999971918,91.60553125001039,26.0,1.0,3.0,1.0
2,"[0.0, 0.0, 0.0]",0.0,0.0,0.0,0.0,0.0,3.0,3.0,1.0,0.33
