Cluster,Dist,mean,median,std,min,max,bag_count,day_count,Cluster_Rank,Cluster_perc
0,"[0.8993333333333332, 0.2248333333333333, 0.0, 0.6745, 0.0, 1.7986666666666664, 85.88633333334232, 0.6744999999999999, 0.0, 0.014052083333331382, 0.12646874999998245, 0.604239583333343, 1.405208333333232, 1.039854166666616, 27.542083333332602, 27.598291666665926]",9.280522786458793,0.6744999999999999,21.68969559036436,0.0,85.88633333334232,16.0,2.0,4.0,0.57
1,"[229.2175833333588, 1.349, 223.14708333335804, 222.6974166666914, 0.6745, 1.2365833333333331, 0.6745, 0.5620833333333333, 0.8993333333333332, 0.8993333333333332, 223.48433333335805, 0.33725, 0.11241666666666665, 0.33725, 0.0, 0.0, 0.11241666666666665, 0.5573500000000514, 0.010649999999975979, 0.010650000000023275, 0.47215000000005436, 0.7064500000000935, 0.7206500000000929, 0.6993500000000937, 0.7206500000000929, 14.814150000001158, 0.5786500000000033, 0.6070500000000023, 0.7277500000000454, 0.6993500000000463, 0.6922499999999994, 0.6283500000000016, 0.6283500000000016, 0.6567500000000006, 14.814150000001158]",26.985308095241024,0.6745,71.08120389675906,0.0,229.2175833333588,35.0,2.0,7.0,1.0
2,"[0.0, 0.0, 0.0, 0.6744999999985023, 0.6745000000014977, 0.0, 0.0, 0.0, 0.0]",0.14988888888888888,0.0,0.2804164341532248,0.0,0.6745000000014977,9.0,8.0,1.0,0.14
3,"[76.9700857142649, 0.578142857142637, 0.7708571428571062, 0.5781428571428938, 0.6745, 11.466499999919124, 0.6745, 0.6744999999910138]",11.54840357141471,0.6745,24.978934341096625,0.578142857142637,76.9700857142649,8.0,2.0,5.0,0.71
4,"[0.6301897810219022, 0.7188102189780978, 0.827124087591226, 0.6301897810219022, 0.9635714285705116, 0.0, 0.9635714285711535, 0.38542857142820464, 0.6745]",0.6437094774647776,0.6745,0.28407528629989176,0.0,0.9635714285711535,9.0,2.0,2.0,0.29
5,"[0.6745, 0.6745, 0.6745, 0.6745]",0.6745,0.6745,0.0,0.6745,0.6745,4.0,2.0,3.0,0.43
6,"[20.909500000004492, 0.0, 0.6745, 0.6745, 29.267434782607683, 0.0, 7.194666666668165, 0.6745, 0.0, 80.30517647059722, 0.0, 0.6745]",11.697898159989798,0.6745,22.646199957323045,0.0,80.30517647059722,12.0,4.0,6.0,0.86
