Cluster,Dist,mean,median,std,min,max,bag_count,day_count,Cluster_Rank,Cluster_perc
0,"[0.0, 0.0, 0.0, 0.0, 0.0, 0.6745, 2.0235, 0.0, 0.0, 0.6745000000002995, 0.6744999999997005, 0.0, 0.6745000000014977, 0.6744999999985023, 0.0, 0.0, 0.0, 0.0, 0.0]",0.284,0.0,0.5045497993260923,0.0,2.0235,19.0,15.0,1.0,0.33
1,"[0.20753846153846153, 1.0376923076923077, 0.20753846153846153, 3255.552076923435, 1.1414615384615383, 0.31130769230769234]",543.0762692308289,0.6745,1213.0561187311923,0.20753846153846153,3255.552076923435,6.0,1.0,3.0,1.0
2,"[2.0235, 0.168625, 0.6745, 0.0, 2.529375]",1.0792,0.6745,1.015116897825073,0.0,2.529375,5.0,1.0,2.0,0.67
