Cluster,Dist,mean,median,std,min,max,bag_count,day_count,Cluster_Rank,Cluster_perc
0,"[0.0, 0.0, 0.0, 0.0, 0.0, 0.0, 0.0]",0.0,0.0,0.0,0.0,0.0,7.0,7.0,1.0,0.25
1,"[0.6745, 0.6745, 0.6745, 0.6745, 0.0, 0.0]",0.44966666666666666,0.6745,0.3179623492735509,0.0,0.6745,6.0,3.0,2.0,0.5
2,"[0.0, 2.698, 0.6745]",1.1241666666666668,0.6745,1.1464295539727778,0.0,2.698,3.0,1.0,4.0,1.0
3,"[0.6745000000002808, 1.3490000000002809, 0.33725, 0.6745, 0.33725, 0.0, 1.3490000000002809]",0.6745000000001203,0.6745,0.47694352391043976,0.0,1.3490000000002809,7.0,1.0,3.0,0.75
