Cluster,Dist,mean,median,std,min,max,bag_count,day_count,Cluster_Rank,Cluster_perc
0,"[0.6745, 42.957218749986886, 0.0, 1.1317881355931687, 0.4229915254237572, 0.4229915254237572, 0.9260084745762428, 0.9906718750001403, 0.0, 0.6745]",4.820067028600396,0.6745,12.717624747318785,0.0,42.957218749986886,10.0,3.0,3.0,1.0
1,"[1.5417142857139923, 0.6745, 0.0, 0.6745000000002995, 0.6744999999997005, 0.6744999999998802, 0.6745000000001198, 0.0, 0.0, 0.0, 0.0, 0.0, 0.0, 0.6744999999998451, 0.674500000000155, 0.0]",0.39145089285712453,0.3372499999998502,0.4408651908801293,0.0,1.5417142857139923,16.0,11.0,1.0,0.33
2,"[0.6850390624999275, 0.6639609375000723, 2.687460937499932, 0.6639609374997916, 0.6745, 0.6745]",1.0082369791666206,0.6745,0.7510062942297461,0.6639609374997916,2.687460937499932,6.0,2.0,2.0,0.67
