Cluster,Dist,mean,median,std,min,max,bag_count,day_count,Cluster_Rank,Cluster_perc
0,"[0.6745000000017972, 0.6744999999982028, 0.0, 0.0, 0.0]",0.2698,0.0,0.33043616630145073,0.0,0.6745000000017972,5.0,4.0,1.0,0.33
1,"[1.252642857144691, 0.6745, 0.0]",0.6423809523815637,0.6745,0.5118933852563704,0.0,1.252642857144691,3.0,1.0,2.0,0.67
2,"[0.6745, 0.0, 1.573833333328341]",0.7494444444427804,0.6745,0.6446964880667889,0.0,1.573833333328341,3.0,1.0,3.0,1.0
