Cluster,Dist,mean,median,std,min,max,bag_count,day_count,Cluster_Rank,Cluster_perc
0,"[1.0117499999991575, 0.0, 0.6745, 0.4496666666666666, 0.8993333333333332, 2.248333333333333, 0.4496666666666666]",0.8190357142855939,0.6745,0.6602007538853562,0.0,2.248333333333333,7.0,2.0,2.0,0.67
1,"[0.0, 0.0]",0.0,0.0,0.0,0.0,0.0,2.0,2.0,1.0,0.33
2,"[0.7869166666664483, 0.5620833333335518, 2.3607499999997192, 0.5620833333331773]",1.067958333333224,0.6745000000000001,0.7520162470078172,0.5620833333331773,2.3607499999997192,4.0,1.0,3.0,1.0
