Cluster,Dist,mean,median,std,min,max,bag_count,day_count,Cluster_Rank,Cluster_perc
0,"[0.6744999999999999, 0.6745, 0.8993333333326677, 0.8993333333326677, 0.6745, 0.0, 0.0749444444448882, 0.4496666666656682, 0.22483333333433178, 0.6745, 0.8993333333313364, 1.1241666666656682, 4.496666666656682, 1.573833333328341, 0.2248333333313364, 0.0, 0.4496666666656682, 1.7986666666626727]",0.8785154320973293,0.6745,1.0016937230228697,0.0,4.496666666656682,18.0,3.0,3.0,1.0
1,"[0.0, 0.0, 0.0, 0.6744999999994009, 0.6745000000005991]",0.2698,0.0,0.33043616630145073,0.0,0.6745000000005991,5.0,4.0,1.0,0.33
2,"[0.12263636363636363, 0.12263636363636363, 1.2263636363636363, 1.7169090909099076]",0.7971363636365678,0.6745,0.6964406689534123,0.12263636363636363,1.7169090909099076,4.0,1.0,2.0,0.67
