Cluster,Dist,mean,median,std,min,max,bag_count,day_count,Cluster_Rank,Cluster_perc
0,"[0.0, 0.0, 0.0, 0.6745000000002808, 0.6744999999997191, 0.0, 0.0, 0.0, 0.0, 0.0, 0.0, 0.0, 0.0]",0.10376923076923075,0.0,0.24336041769237715,0.0,0.6745000000002808,13.0,12.0,2.0,0.67
1,"[0.6745, 0.6745, 0.6745, 0.6745]",0.6745,0.6745,0.0,0.6745,0.6745,4.0,2.0,3.0,1.0
2,"[0.0, 0.0, 0.0]",0.0,0.0,0.0,0.0,0.0,3.0,1.0,1.0,0.33
