Cluster,Dist,mean,median,std,min,max,bag_count,day_count,Cluster_Rank,Cluster_perc
0,"[0.0, 0.0, 0.0, 0.6744999999995008, 0.6745000000004993, 0.0, 0.0]",0.19271428571428575,0.0,0.30470804025479603,0.0,0.6745000000004993,7.0,6.0,1.0,0.33
1,"[0.5620833333340821, 0.5620833333325844, 0.7869166666659178, 1.236583333334082]",0.7869166666666666,0.6744999999999999,0.27536347191818134,0.5620833333325844,1.236583333334082,4.0,1.0,3.0,1.0
2,"[0.6745, 0.0, 0.6745, 2.1584, 0.4047]",0.7824199999999999,0.6745,0.7309538792564138,0.0,2.1584,5.0,1.0,2.0,0.67
