Cluster,Dist,mean,median,std,min,max,bag_count,day_count,Cluster_Rank,Cluster_perc
0,"[0.19985185185180254, 0.47464814814819745, 0.8493703703701608, 0.0, 0.22483333333344427, 4008.4036111105634, 4007.9289629624154, 1.498888888888519, 0.6745, 0.3549999999998755, 1.2069999999995769, 0.0, 257.76549999993824, 33.05049999999196, 0.2484999999996764, 2.4139999999991537, 0.6745, 0.5679999999998008, 0.24148765432102326, 1.1241666666666297, 0.21650617283948836, 0.6745, 1.1907839506172415, 0.5412654320987763, 0.9326419753086761, 49.34675308642113, 47.58972222222358, 10.508876543210233, 0.0333086419753059, 0.0, 0.24148765432102326, 0.6689938775510208, 0.6745, 0.6332040816326381, 0.6745, 114.95407142857472, 112.56166122449301, 109.96827755102358, 0.6332040816326748]",224.87045074129244,0.6745,880.9818812047215,0.0,4008.4036111105634,39.0,4.0,5.0,1.0
1,"[0.16862499999887673, 0.6745, 0.0, 0.8431250000011232, 0.8431250000011232, 0.05278695652176903, 0.9208391304346617, 0.5102739130435068, 0.05278695652176903, 0.8152652173912799, 0.5571956521739334, 0.28739565217390217, 0.7918043478260666, 0.5102739130435068, 3.0675086956520707, 1.0850652173911548, 1.530821739130364, 0.6745000000002808, 0.0, 0.6745, 253.89304166669476, 0.0, 0.6745, 1815.3141086956766, 0.6745, 0.0, 0.09635714285689834, 1.1884047619045988, 0.8029761904761498, 0.5460238095238503, 0.09635714285689834, 2.2804523809522994]",65.30084731819524,0.6745,317.38186075688463,0.0,1815.3141086956766,32.0,6.0,4.0,0.8
2,"[0.14374590163937082, 0.7850737704917671, 0.9398770491800935, 1.5369754098357828, 0.14374590163937082, 0.5639262295082329, 1.315827868852249, 0.3206639344261981, 0.0, 0.026979999999813088, 2.1853799999995975, 0.6745, 0.9982599999999137, 1.2205238095234223, 0.25695238095229944, 0.0, 2.4410476190468446, 0.6745, 0.0, 2.248333333333111, 0.0, 1.349]",0.8102415094740031,0.6745,0.7593363928966094,0.0,2.4410476190468446,22.0,4.0,3.0,0.6
3,"[0.0, 0.674500000000817, 0.6744999999991831, 0.0, 0.6744999999990016, 0.6745000000009985, 0.0, 0.6745, 1.6862500000003209]",0.562083333333369,0.6744999999991831,0.5027426169412824,0.0,1.6862500000003209,9.0,5.0,1.0,0.2
4,"[0.17854411764712103, 1.170455882352879, 1.4878676470581085, 0.17854411764712103, 0.8887529411762617, 0.3174117647060192, 0.6824352941175923, 0.6665647058824077, 0.9681058823526079, 0.31741176470580773, 0.6745, 0.6745, 0.6745, 0.6745]",0.6824352941175661,0.6745,0.3571575049525416,0.17854411764712103,1.4878676470581085,14.0,4.0,2.0,0.4
