Cluster,Dist,mean,median,std,min,max,bag_count,day_count,Cluster_Rank,Cluster_perc
0,"[2.6720576923082104, 1.2192884615382888, 0.12971153846171127, 0.12971153846171127, 0.0, 0.6745, 17.537000000004493, 0.21758064516124356, 0.6745, 0.8703225806449743, 0.6309838709677513, 1.0008709677417205, 1.414274193548228, 0.0, 1.0443870967739692, 1.3054838709674614, 0.08703225806449742, 0.6309838709677513]",1.679927143645112,0.6745,3.8995960471497364,0.0,17.537000000004493,18.0,3.0,6.0,1.0
1,"[1.601937500000337, 0.15176249999966301, 0.15176250000011232, 0.5564625000001123, 0.15176250000011232, 0.5564625000001123, 0.48901250000011237, 1.8380125000001122, 1.3321374999998876, 0.522737500000337, 1.6356625000005618, 0.421562499999663, 0.8262625000001124, 0.7925374999998877, 2.2427125000001125, 0.8262625000001124, 1.4670375000003368, 0.320387500000337, 0.08431249999988767, 0.1349, 1.0623375000001123, 0.0, 0.8937125000001123, 0.9105750000002246, 0.6745]",0.7857925000000943,0.6745,0.595014524654733,0.0,2.2427125000001125,25.0,2.0,3.0,0.5
2,"[0.6744999999999999, 0.6744999999999999, 0.6745, 0.6745, 0.6744999999999999, 0.6744999999999999, 0.6744999999999999, 0.6745, 1.3183409090911131, 0.18395454545454545, 1.1650454545454545, 0.18395454545454545]",0.6872746212121381,0.6744999999999999,0.3074732175029677,0.18395454545454545,1.3183409090911131,12.0,5.0,2.0,0.33
3,"[0.0, 0.6744999999996093, 0.6745000000003907, 0.0, 0.0, 0.6745000000006418, 0.6744999999993581, 0.0, 0.0, 0.0, 0.0, 0.0, 0.6745, 1.7782272727266044]",0.3679090909090431,0.0,0.5029799836289595,0.0,1.7782272727266044,14.0,10.0,1.0,0.17
4,"[0.5395999999999201, 0.8094000000000798, 0.17986666666664006, 0.17986666666664006, 5.12619999999984, 2.9378222222221866]",1.628792592592551,0.6745,1.8258301557935348,0.17986666666664006,5.12619999999984,6.0,1.0,5.0,0.83
5,"[2.2104096385541174, 1.2839879518070278, 0.29255421686761596, 0.3900722891565326, 0.2925542168673994, 0.9589277108434674]",0.9047510040160268,0.6745,0.6911300215342662,0.2925542168673994,2.2104096385541174,6.0,1.0,4.0,0.67
