Cluster,Dist,mean,median,std,min,max,bag_count,day_count,Cluster_Rank,Cluster_perc
0,"[0.6744999999987388, 0.6745000000012612, 0.0, 0.0, 0.6744999999998612, 0.6745000000001388, 0.6745, 0.6745000000000001, 0.0, 0.0]",0.40470000000000006,0.6744999999993,0.33043616630145073,0.0,0.6745000000012612,10.0,7.0,1.0,0.33
1,"[0.6745, 0.6745, 0.6745, 0.6745]",0.6745,0.6745,0.0,0.6745,0.6745,4.0,2.0,2.0,0.67
2,"[6.551136954528107, 3.144290908299806, 0.0017292672151225925, 0.00172926721512163, 0.39492760845845276, 0.3953700841427404, 6.160566377042481, 0.6778682332701879, 0.6744367891879584, 0.6745632108120417]",1.8676618700172019,0.6745000000000001,2.399096232783117,0.00172926721512163,6.551136954528107,10.0,1.0,3.0,1.0
