Cluster,Dist,mean,median,std,min,max,bag_count,day_count,Cluster_Rank,Cluster_perc
0,"[0.6745, 0.17406451612900734, 0.8848279569892171, 0.6962580645161258, 0.0, 0.6145444444444533, 1.16913333333326, 3.8071777777776137, 0.6744999999999999, 2.1733888888888666, 0.6145444444443535, 0.0, 2.128422222222107, 0.17986666666664006]",0.9850877368151176,0.6744999999999999,1.0185873424854182,0.0,3.8071777777776137,14.0,2.0,5.0,0.62
1,"[0.0, 0.0, 0.6745000000001449, 0.674499999999855, 0.6745, 0.0, 1.500007462686403, 0.0, 1.6790744680850596, 0.6745]",0.5877081930771462,0.6744999999999275,0.5860977098905936,0.0,1.6790744680850596,10.0,5.0,1.0,0.12
2,"[0.9498061224489421, 0.2064795918367066, 0.6745, 0.798387755102024, 0.0, 0.5883936170212766, 1.3920531914895529, 0.6744999999999999, 3.099829787234425, 0.0]",0.8383950065132927,0.6744999999999999,0.8576707396450346,0.0,3.099829787234425,10.0,2.0,3.0,0.38
3,"[0.6745, 0.6745, 0.6745, 0.6745, 0.6744999999999999, 0.6744999999999999]",0.6745,0.6745,6.409875621278546e-17,0.6744999999999999,0.6745,6.0,3.0,2.0,0.25
4,"[0.0, 1.168500000000017, 0.854999999999983, 0.07599999999999286, 0.05699999999999465, 1.168500000000017, 2.546000000000014, 2.185000000000048, 0.41799999999996074, 0.6080000000000062, 0.7029999999999974, 0.6460000000000027, 0.27550000000003744, 0.6745, 3.0305000000000955, 1.5865000000000409, 2.9830000000000365, 0.30399999999997146, 0.6080000000000062, 2.3465000000000327, 0.39900000000002583]",1.0780238095238228,0.6745,0.9520814725565907,0.0,3.0305000000000955,21.0,1.0,6.0,0.75
5,"[0.32168461538458243, 1.4527692307692894, 0.39432307692303653, 1.981992307692312, 0.6745, 3.7564461538461837, 0.0]",1.2259593406593436,0.6745,1.2155426447527289,0.0,3.7564461538461837,7.0,1.0,7.0,0.88
6,"[0.6744999999999501, 2.1584000000001398, 0.37472222222219453, 0.37472222222229434, 1.4988888888888778, 0.6745000000000498, 108.25725000001347, 0.0, 0.6745]",12.743053703705218,0.6745,33.77493229042423,0.0,108.25725000001347,9.0,2.0,8.0,1.0
7,"[0.3473583106267019, 0.3473583106267019, 1.001641689373298, 2.2955054495912877, 0.5814655172413788, 0.5814655172413531, 0.7675344827586211, 0.8489396551723775]",0.846408616578965,0.6745,0.5882918685687727,0.3473583106267019,2.2955054495912877,8.0,2.0,4.0,0.5
