Cluster,Dist,mean,median,std,min,max,bag_count,day_count,Cluster_Rank,Cluster_perc
0,"[0.6745000000000976, 0.6744999999999023, 0.0]",0.4496666666666666,0.6744999999999023,0.3179623492735508,0.0,0.6745000000000976,3.0,2.0,2.0,0.67
1,"[0.0, 10.792000000001122, 0.6745, 0.0, 0.9876607142856769, 0.6745]",2.1881101190478,0.6745,3.8649209312328594,0.0,10.792000000001122,6.0,2.0,3.0,1.0
2,[0.0],0.0,0.0,0.0,0.0,0.0,1.0,1.0,1.0,0.33
