Cluster,Dist,mean,median,std,min,max,bag_count,day_count,Cluster_Rank,Cluster_perc
0,"[0.0, 0.0, 0.0, 0.0, 0.0, 0.6745000000001082, 0.6744999999998917, 0.0, 0.0, 0.0, 0.6745000000000595, 0.6744999999999405, 0.0, 0.0]",0.1927142857142857,0.0,0.304708040254796,0.0,0.6745000000001082,14.0,12.0,1.0,0.33
1,"[0.35068030973448266, 1.2340962389381294, 0.17160951327431623, 1.1535143805310744, 0.9983196902655174, 0.17160951327439575, 0.0, 0.9161119402984674, 0.6745, 2.7286590909117643, 0.6745, 0.0]",0.7561333897690123,0.6745,0.7283541418181001,0.0,2.7286590909117643,12.0,3.0,3.0,1.0
2,"[0.6745, 0.6745, 0.6745, 0.6745]",0.6745,0.6745,0.0,0.6745,0.6745,4.0,2.0,2.0,0.67
