Cluster,Dist,mean,median,std,min,max,bag_count,day_count,Cluster_Rank,Cluster_perc
0,"[0.6745, 2.1198571428571427, 0.1927142857142857, 0.0, 1.5417142857149275, 2.146136363636568, 1.3183409090911131, 0.5825227272727272, 1.9928409090911132, 0.3679090909090909, 0.0, 0.6744999999999999, 0.6745, 2.2829230769234226, 0.5707307692307692, 0.9858076923076924, 0.0]",0.9485292501616972,0.6745,0.7775130863258284,0.0,2.2829230769234226,17.0,3.0,3.0,1.0
1,"[0.0, 0.0, 0.0, 0.0]",0.0,0.0,0.0,0.0,0.0,4.0,4.0,1.0,0.33
2,"[0.11109411764704141, 1.3807411764704776, 1.2379058823529585, 0.11109411764704141]",0.7102088235293798,0.6745,0.6012392792891907,0.11109411764704141,1.3807411764704776,4.0,1.0,2.0,0.67
