Cluster,Dist,mean,median,std,min,max,bag_count,day_count,Cluster_Rank,Cluster_perc
0,"[0.6745, 0.6745, 4.154012741821127, 0.0, 0.6744999999999999]",1.2355025483642255,0.6745,1.482453363458008,0.0,4.154012741821127,5.0,2.0,2.0,0.67
1,[0.0],0.0,0.0,0.0,0.0,0.0,1.0,1.0,1.0,0.33
2,"[1270.1005759496143, 2.245487341772512, 0.6745, 0.0, 0.18783544303810426]",254.641679746885,0.6745,507.7300621692145,0.0,1270.1005759496143,5.0,1.0,3.0,1.0
