Cluster,Dist,mean,median,std,min,max,bag_count,day_count,Cluster_Rank,Cluster_perc
0,"[0.0, 0.0, 0.0, 0.0, 0.0, 0.0, 0.0, 0.0]",0.0,0.0,0.0,0.0,0.0,8.0,8.0,1.0,0.2
1,"[0.6745, 0.7177834224599906, 0.0, 0.0, 0.7278580121703304, 0.6745]",0.46577357243838685,0.6745,0.3299547198093548,0.0,0.7278580121703304,6.0,2.0,2.0,0.4
2,"[0.6745, 0.6745, 0.6745, 0.6745, 0.6745, 0.6745]",0.6745,0.6745,0.0,0.6745,0.6745,6.0,3.0,3.0,0.6
3,"[1.1691333333332534, 1.6412833333348111, 0.6745, 0.0, 6.003050000003714, 0.3822166666663871, 0.2698000000007189]",1.448569047619841,0.6745,1.930309335097813,0.0,6.003050000003714,7.0,1.0,5.0,1.0
4,"[1.2402812499999452, 0.46815625000002137, 0.46815625000002137, 0.8808437499999786, 1.4604876033058696, 0.31216528925620773, 0.31216528925620773, 1.0368347107437923]",0.7723862990702555,0.6745,0.4157558887673988,0.31216528925620773,1.4604876033058696,8.0,2.0,4.0,0.8
