Cluster,Dist,mean,median,std,min,max,bag_count,day_count,Cluster_Rank,Cluster_perc
0,"[0.0, 0.6745000000000001, 0.6744999999999999, 0.0, 0.674499999999794, 0.6745000000002059, 0.0, 0.0]",0.33725,0.337249999999897,0.33725,0.0,0.6745000000002059,8.0,6.0,1.0,0.33
1,"[0.6745, 0.6745]",0.6745,0.6745,0.0,0.6745,0.6745,2.0,1.0,3.0,1.0
2,"[0.6745, 1.0072533333334228, 0.0]",0.5605844444444742,0.6745,0.41902456946736505,0.0,1.0072533333334228,3.0,1.0,2.0,0.67
