Cluster,Dist,mean,median,std,min,max,bag_count,day_count,Cluster_Rank,Cluster_perc
0,"[0.0, 0.0, 0.0, 0.0]",0.0,0.0,0.0,0.0,0.0,4.0,4.0,1.5,0.5
1,"[0.5443333333332697, 0.3549999999999585, 0.3786666666666224, 2.2956666666667136, 1.988000000000083, 2.011666666666589, 0.8046666666667303, 0.3549999999999585, 0.5206666666666058, 3.0766666666666223]",1.2330333333333154,0.6745,0.9561128298131771,0.3549999999999585,3.0766666666666223,10.0,1.0,3.0,1.0
2,[0.0],0.0,0.0,0.0,0.0,0.0,1.0,1.0,1.5,0.5
