Cluster,Dist,mean,median,std,min,max,bag_count,day_count,Cluster_Rank,Cluster_perc
0,"[0.9810909090910112, 0.2912613636363636, 0.2912613636363636, 1.0577386363638406, 1.073068181818386, 0.6438409090910112, 0.6591704545454545, 0.0, 1.3030113636365679, 1.011750000000102, 0.35257954545454545, 0.7358181818182838, 0.5671931818182839, 0.6744999999999999, 0.7051590909090909, 0.6745, 0.6745]",0.6880260695187826,0.6745,0.32313689176550575,0.0,1.3030113636365679,17.0,2.0,2.0,0.67
1,"[0.0, 0.0, 0.0, 0.0, 0.6744999999999453, 0.6745000000000547]",0.22483333333333333,0.0,0.3179623492735509,0.0,0.6745000000000547,6.0,5.0,1.0,0.33
2,"[0.2484999999998631, 1.4081666666664163, 0.24850000000002073, 1.1004999999999792]",0.7514166666665698,0.6745,0.514545936562788,0.2484999999998631,1.4081666666664163,4.0,1.0,3.0,1.0
