Cluster,Dist,mean,median,std,min,max,bag_count,day_count,Cluster_Rank,Cluster_perc
0,"[1.2319380165288334, 0.8974752066115333, 0.45152479338846657, 0.4515247933883923, 0.5811729559748466, 0.7169213836479099, 0.5811729559749031, 0.6660157232704406, 0.7763113207548257, 0.6829842767295594]",0.7037041426269711,0.6745,0.2193378923298171,0.4515247933883923,1.2319380165288334,10.0,2.0,2.0,0.67
1,"[0.0, 0.0, 0.6744999999999358, 0.6745000000000642, 0.0]",0.2698,0.0,0.33043616630145073,0.0,0.6745000000000642,5.0,4.0,1.0,0.33
2,"[0.6745, 0.0, 0.8164999999999751, 0.834249999999972, 1.295749999999891, 0.0, 0.21299999999996266, 0.6745, 1.0472499999999345, 0.8874999999999627, 1.1892499999999098, 1.153749999999916, 0.17749999999996888, 0.47924999999991597, 0.6034999999998942, 0.053249999999990666, 0.6745, 3.7097499999999997, 0.0]",0.762315789473647,0.6745,0.8088580109363745,0.0,3.7097499999999997,19.0,3.0,3.0,1.0
