Cluster,Dist,mean,median,std,min,max,bag_count,day_count,Cluster_Rank,Cluster_perc
0,"[0.530606666666688, 0.9143222222222666, 0.2787933333333919, 0.6265355555554828, 0.5425977777777973, 1.0941888888888267, 0.5785711111111252, 1.112175555555451, 0.530606666666688, 0.7764244444444692, 1.6757577777777495, 0.728459999999952, 0.4046999999999201, 1.7596955555555147, 1.0102511111110615, 0.4706511111110614, 0.12290888888889066, 0.8004066666666879, 2.161397777777638, 0.7944111111110934, 1.6337888888889067, 0.5425977777777174, 0.24881555555549875, 1.0941888888889066, 0.03297555555553071, 0.6685044444444055, 1.3699844444443414, 0.3507400000000479, 0.03297555555561058, 1.6277933333332322, 1.5798288888888745, 0.14089555555551472, 0.4286822222221388, 0.8603622222222347, 2.4851577777776694, 3.0667266666665123, 0.5186155555555786, 0.6804955555555946, 0.4826422222221708, 0.26080666666660807, 2.479162222222075, 0.44067333333332803, 0.6745, 0.6745]",0.8929289898989604,0.6745,0.6888468495432394,0.03297555555553071,3.0667266666665123,44.0,2.0,3.0,1.0
1,"[0.6744999999999329, 0.674500000000067, 0.0, 0.6745000000044931, 0.6744999999955069, 0.0, 0.0, 0.6744999999999708, 0.6745000000000292, 0.0]",0.40469999999999995,0.6744999999977199,0.33043616630145073,0.0,0.6745000000044931,10.0,7.0,1.0,0.33
2,"[0.0, 0.9210177664974369, 0.6984670050761626, 0.6745, 0.3492335025380813]",0.5286436548223362,0.6745,0.32116151816785926,0.0,0.9210177664974369,5.0,1.0,2.0,0.67
