Cluster,Dist,mean,median,std,min,max,bag_count,day_count,Cluster_Rank,Cluster_perc
0,"[0.6745000000000351, 0.6744999999999648, 0.6744999999999942, 0.6745000000000058, 0.0]",0.5396,0.6744999999999942,0.2698,0.0,0.6745000000000351,5.0,3.0,3.0,1.0
1,[0.0],0.0,0.0,0.0,0.0,0.0,1.0,1.0,1.5,0.5
2,[0.0],0.0,0.0,0.0,0.0,0.0,1.0,1.0,1.5,0.5
