Cluster,Dist,mean,median,std,min,max,bag_count,day_count,Cluster_Rank,Cluster_perc
0,"[0.0, 0.0, 0.0, 0.6744999999999297, 0.6745000000000703, 0.0, 0.0, 0.6745000000000205, 0.6744999999999794, 0.0]",0.26980000000000004,0.0,0.33043616630145073,0.0,0.6745000000000703,10.0,8.0,2.0,0.67
1,"[0.6745, 0.6745]",0.6745,0.6745,0.0,0.6745,0.6745,2.0,1.0,3.0,1.0
2,[0.0],0.0,0.0,0.0,0.0,0.0,1.0,1.0,1.0,0.33
