Cluster,Dist,mean,median,std,min,max,bag_count,day_count,Cluster_Rank,Cluster_perc
0,"[0.0, 0.0, 0.0, 0.6744999999998595, 0.6745000000001404, 0.6744999999999438, 0.6745000000000562, 0.0, 0.0]",0.2997777777777777,0.0,0.33516174462746845,0.0,0.6745000000001404,9.0,7.0,2.0,0.67
1,"[0.6745, 0.6745, 0.6745, 0.6745]",0.6745,0.6745,0.0,0.6745,0.6745,4.0,2.0,3.0,1.0
2,[0.0],0.0,0.0,0.0,0.0,0.0,1.0,1.0,1.0,0.33
