Cluster,Dist,mean,median,std,min,max,bag_count,day_count,Cluster_Rank,Cluster_perc
0,"[0.0, 0.0, 0.0]",0.0,0.0,0.0,0.0,0.0,3.0,3.0,1.0,0.33
1,"[0.6745, 0.6745, 0.6745000000000001, 0.6745000000000001]",0.6745000000000001,0.6745000000000001,7.850462293418876e-17,0.6745,0.6745000000000001,4.0,2.0,2.0,0.67
2,"[0.0, 0.020439393939399968, 0.034658102766802874, 33.828974308300374, 0.7166229249011823, 0.6745, 0.6711230566534835, 66.69232055335965, 66.67259209486163]",18.81235893719806,0.6745,27.5958461949345,0.0,66.69232055335965,9.0,1.0,3.0,1.0
