Cluster,Dist,mean,median,std,min,max,bag_count,day_count,Cluster_Rank,Cluster_perc
0,"[0.6745, 0.0, 13131.371282598731, 1.2974458598718124, 1.9590573248409102, 0.05155414012818766, 0.05155414012727188, 269.90518193070506, 0.6745, 0.0]",1340.5985075994402,0.6745,3931.0777583176955,0.0,13131.371282598731,10.0,3.0,3.0,1.0
1,"[0.0, 0.0, 0.6745, 0.6745000000000001, 0.6744999999999999, 0.6745000000000001]",0.4496666666666667,0.6744999999999999,0.3179623492735509,0.0,0.6745000000000001,6.0,4.0,1.0,0.33
2,"[0.6745, 0.6745]",0.6745,0.6745,0.0,0.6745,0.6745,2.0,1.0,2.0,0.67
