Cluster,Dist,mean,median,std,min,max,bag_count,day_count,Cluster_Rank,Cluster_perc
0,"[0.0, 0.0, 0.0, 0.0, 0.0, 0.6745000000000281, 0.6744999999999719]",0.1927142857142857,0.0,0.304708040254796,0.0,0.6745000000000281,7.0,6.0,2.0,0.67
1,"[0.6745, 0.3747222222222257, 1.72372222222221, 0.0, 1.4988888888888872]",0.8543666666666645,0.6745,0.6578056230968023,0.0,1.72372222222221,5.0,1.0,3.0,1.0
2,[0.0],0.0,0.0,0.0,0.0,0.0,1.0,1.0,1.0,0.33
