Cluster,Dist,mean,median,std,min,max,bag_count,day_count,Cluster_Rank,Cluster_perc
0,"[1.887629496402923, 0.0, 0.6745, 0.0, 0.0, 0.0, 0.0, 0.6745000000000576, 0.6744999999999424, 0.0, 0.0, 0.0, 0.6745000000000244, 0.6744999999999755]",0.3757235354573516,0.0,0.525189891803659,0.0,1.887629496402923,14.0,10.0,1.0,0.33
1,"[0.6745, 0.6744999999999999, 0.6745, 0.6745, 0.6745, 0.6745]",0.6745,0.6745,4.5324665183683945e-17,0.6744999999999999,0.6745,6.0,3.0,2.0,0.67
2,"[0.0, 0.6745, 2.626999999999929]",1.1004999999999765,0.6745,1.1139686560521327,0.0,2.626999999999929,3.0,1.0,3.0,1.0
