Cluster,Dist,mean,median,std,min,max,bag_count,day_count,Cluster_Rank,Cluster_perc
0,"[0.7377343750001404, 0.6745, 0.0, 0.4572881355931687, 2.2750084745762424, 2.3550338983051233, 0.0, 0.6745]",0.8967581104343345,0.6745,0.862533499315607,0.0,2.3550338983051233,8.0,2.0,3.0,1.0
1,"[0.0, 0.0, 0.0, 0.0, 0.0, 0.0]",0.0,0.0,0.0,0.0,0.0,6.0,6.0,1.0,0.33
2,"[1.1140995024875409, 0.7248358208955398, 0.6241641791044603, 0.6241641791044603]",0.7718159203980004,0.6745000000000001,0.2018460141613758,0.6241641791044603,1.1140995024875409,4.0,1.0,2.0,0.67
