Cluster,Dist,mean,median,std,min,max,bag_count,day_count,Cluster_Rank,Cluster_perc
0,"[0.0, 0.0, 0.0, 0.0]",0.0,0.0,0.0,0.0,0.0,4.0,4.0,1.5,0.5
1,[0.0],0.0,0.0,0.0,0.0,0.0,1.0,1.0,1.5,0.5
2,"[0.6744999999999766, 0.6745000000000233]",0.6744999999999999,0.6744999999999999,2.3370260595999607e-14,0.6744999999999766,0.6745000000000233,2.0,1.0,3.0,1.0
