Cluster,Dist,mean,median,std,min,max,bag_count,day_count,Cluster_Rank,Cluster_perc
0,"[0.5726886792452958, 0.7763113207547042, 0.5726886792452958, 290.08045148247527, 16.09584447672784, 0.06862645348807563, 0.06862645348891155, 1.2058648255809628, 0.1431351744190372, 5050.034440402056, 6.234909374999997, 3.777199999999999, 0.0, 0.8431249999999997, 0.32881874999999877, 0.3625437499999985, 0.6492062499999983, 0.6745, 4.670912499999998]",283.0084154511832,0.6745,1125.4367952254338,0.0,5050.034440402056,19.0,3.0,3.0,1.0
1,"[0.6745000000000001, 0.6745, 0.6745000000001055, 0.6744999999998945, 0.0, 0.6745000000001025, 0.6744999999998974, 0.0, 0.0]",0.4496666666666667,0.6744999999998974,0.3179623492735508,0.0,0.6745000000001055,9.0,6.0,1.0,0.33
2,"[0.6745, 0.6744999999999999, 0.360291925465857, 0.360291925465857, 1.1590786749480562, 0.988708074534143]",0.7028951000689855,0.6744999999999999,0.2961303047292437,0.360291925465857,1.1590786749480562,6.0,2.0,2.0,0.67
