Cluster,Dist,mean,median,std,min,max,bag_count,day_count,Cluster_Rank,Cluster_perc
0,"[0.0, 0.6744999999995507, 0.6745000000004493]",0.44966666666666666,0.6744999999995507,0.3179623492735509,0.0,0.6745000000004493,3.0,2.0,1.0,0.33
1,"[0.6745, 0.0, 2.8059890595326564]",1.1601630198442188,0.6745,1.1959083234616816,0.0,2.8059890595326564,3.0,1.0,3.0,1.0
2,"[0.6745, 0.6745]",0.6745,0.6745,0.0,0.6745,0.6745,2.0,1.0,2.0,0.67
