Cluster,Dist,mean,median,std,min,max,bag_count,day_count,Cluster_Rank,Cluster_perc
0,"[0.0355, 0.0355, 0.213, 1.1360000000002366, 2.9820000000002365, 0.8875000000000001, 2.8400000000002366, 1.9880000000002362, 0.1775, 0.213, 0.8875000000000001, 0.46149999999999997, 1.9525000000002364, 0.284, 2.490461538461711, 0.41507692307709587, 2.490461538461884, 0.7782692307692307, 0.5447884615384615, 1.582480769230942, 0.9339230769230769, 0.02594230769230769, 0.5707307692307692, 2.075384615384961, 0.15565384615401895, 1.3749423076924805, 0.4669615384617113, 2.2310384615386343, 0.28536538461555744, 0.4410192307694036, 0.0259423076924805, 2.075384615384788, 0.8301538461538461, 0.05188461538461538, 1.2014531250000153, 0.3161718750001075, 0.7798906250000592, 2.50829687500002, 0.5691093749999407, 0.3794062500001009, 1.4965468749999846, 3.1195624999999563, 0.9063593749999056, 0.5480312500000833, 0.86420312499991, 0.10539062499998902, 0.10539062499998902, 1.8548749999999474, 0.4004843750000987, 0.4426406250000943]",0.9907435576923872,0.6744999999999999,0.887397084955153,0.02594230769230769,3.1195624999999563,50.0,3.0,3.0,1.0
1,"[0.0, 0.0]",0.0,0.0,0.0,0.0,0.0,2.0,2.0,1.0,0.33
2,"[0.6744999999999999, 0.06131818181818181, 1.9008636363638405, 0.0, 0.7051590909092951, 0.6745, 0.6745]",0.6701201298701882,0.6745,0.5776449302077741,0.0,1.9008636363638405,7.0,2.0,2.0,0.67
