Cluster,Dist,mean,median,std,min,max,bag_count,day_count,Cluster_Rank,Cluster_perc
0,"[0.0, 0.6745000000000535, 0.6744999999999465, 0.0, 0.0, 0.0]",0.22483333333333333,0.0,0.3179623492735508,0.0,0.6745000000000535,6.0,5.0,1.0,0.33
1,"[0.6745000000000001, 0.6745000000000001, 0.6745, 0.6745]",0.6745000000000001,0.6745000000000001,7.850462293418876e-17,0.6745,0.6745000000000001,4.0,2.0,3.0,1.0
2,"[0.5798333333333444, 0.8638333333333111, 0.13016666666665144, 0.13016666666665144, 0.7691666666666556, 0.9584999999999668]",0.57194444444443,0.6745,0.3326455496897447,0.13016666666665144,0.9584999999999668,6.0,1.0,2.0,0.67
