Cluster,Dist,mean,median,std,min,max,bag_count,day_count,Cluster_Rank,Cluster_perc
0,"[0.6744999999999506, 0.6745000000000494, 0.0, 0.0, 0.0, 0.0, 0.0, 0.6745000000001498, 0.6744999999998502]",0.2997777777777777,0.0,0.33516174462746845,0.0,0.6745000000001498,9.0,7.0,2.0,0.67
1,"[0.0, 0.10245569620257988, 0.6830379746836004, 0.6574240506329697, 0.051227848101261506, 1.5624493670886463, 1.5368354430379587, 0.4866645569620412, 0.6318101265823389, 0.956253164556995, 0.29882911392402545, 1.1099367088607797, 0.6745, 0.512278481012615, 1.246544303797534, 1.4173037974684055, 0.7001139240506307, 0.40982278481014883, 2.6211582278481647]",0.8241392405063525,0.6745,0.6278772700834693,0.0,2.6211582278481647,19.0,1.0,3.0,1.0
2,[0.0],0.0,0.0,0.0,0.0,0.0,1.0,1.0,1.0,0.33
