Cluster,Dist,mean,median,std,min,max,bag_count,day_count,Cluster_Rank,Cluster_perc
0,"[0.0, 5.106928571429213, 0.6745, 3.0834285714288923, 0.1927142857142857, 0.6745, 0.6745]",1.4866530612246276,0.6745,1.7533347599671125,0.0,5.106928571429213,7.0,2.0,3.0,1.0
1,"[0.0, 0.0, 0.0]",0.0,0.0,0.0,0.0,0.0,3.0,3.0,1.0,0.33
2,"[1.2263636363636363, 2.452727272727681, 0.12263636363636363, 0.12263636363636363, 0.8797826086957499, 0.6745, 0.0, 1.3040333333331935, 0.6745, 2.1134333333331634, 0.0, 0.2697999999999401]",0.8200344093105075,0.6745,0.7855069687979427,0.0,2.452727272727681,12.0,3.0,2.0,0.67
