Cluster,Dist,mean,median,std,min,max,bag_count,day_count,Cluster_Rank,Cluster_perc
0,"[0.0, 0.0, 0.0, 0.0, 0.0]",0.0,0.0,0.0,0.0,0.0,5.0,5.0,1.0,0.33
1,"[0.6744999999999999, 0.6744999999999999, 0.6745, 0.6745, 0.6745000000000001, 0.6745000000000001]",0.6745000000000001,0.6745,1.4332917616497527e-16,0.6744999999999999,0.6745000000000001,6.0,3.0,2.0,0.67
2,"[0.8504565217391294, 2.1929396135265264, 0.23135024154588565, 0.23135024154588565, 1.4565289855072108, 0.49854347826087053]",0.910194847020918,0.6745,0.7116413704186125,0.23135024154588565,2.1929396135265264,6.0,1.0,3.0,1.0
