Cluster,Dist,mean,median,std,min,max,bag_count,day_count,Cluster_Rank,Cluster_perc
0,"[0.6745, 0.6745, 0.6636209677415801, 26.925604838695143, 0.6853790322584199, 0.6636209677415801]",5.0478709677394535,0.6745,9.784022848360094,0.6636209677415801,26.925604838695143,6.0,2.0,3.0,1.0
1,"[0.0, 0.0, 0.0]",0.0,0.0,0.0,0.0,0.0,3.0,3.0,1.0,0.33
2,"[1.2786729857817256, 0.0703270142182743, 0.0703270142179336, 2.5317725118473127]",0.9877748815163115,0.6745,1.018819361804758,0.0703270142179336,2.5317725118473127,4.0,1.0,2.0,0.67
