Cluster,Dist,mean,median,std,min,max,bag_count,day_count,Cluster_Rank,Cluster_perc
0,"[1.1629310344828911, 0.0, 0.6745, 1.2838758620690305, 0.3023620689655343, 0.4132072072072199, 0.9864309309309267, 0.9499714714714979, 1.5029399399399785, 0.0, 0.6339894894894935, 0.6745]",0.7153923337130478,0.6745,0.462568729788356,0.0,1.5029399399399785,12.0,2.0,3.0,1.0
1,"[0.6745000000000001, 0.6745000000000001]",0.6745000000000001,0.6745000000000001,0.0,0.6745000000000001,0.6745000000000001,2.0,1.0,2.0,0.67
2,"[0.0, 0.6745000000001021, 0.6744999999998978, 0.0, 0.0, 0.6744999999998367, 0.6745000000001633, 0.0, 0.0, 0.0, 0.0, 0.6745000000001815, 0.6744999999998185]",0.31130769230769234,0.0,0.3362507385443155,0.0,0.6745000000001815,13.0,10.0,1.0,0.33
