Cluster,Dist,mean,median,std,min,max,bag_count,day_count,Cluster_Rank,Cluster_perc
0,"[0.0, 0.0, 0.0, 0.0]",0.0,0.0,0.0,0.0,0.0,4.0,4.0,1.5,0.5
1,[0.0],0.0,0.0,0.0,0.0,0.0,1.0,1.0,1.5,0.5
2,"[0.6744999999999651, 0.6745000000000348]",0.6745,0.6745,3.4861002973229915e-14,0.6744999999999651,0.6745000000000348,2.0,1.0,3.0,1.0
