Cluster,Dist,mean,median,std,min,max,bag_count,day_count,Cluster_Rank,Cluster_perc
0,"[0.0, 0.0, 0.0, 0.0, 0.0]",0.0,0.0,0.0,0.0,0.0,5.0,5.0,1.0,0.33
1,"[1.644733632468584, 1.6444781200198548, 1.643597042610445, 0.6745, 0.6738215703947544, 0.0, 0.0006255649606814563, 0.0022555581680907193, 3.3379353332288324]",1.0691052024279157,0.6745,1.047473063518428,0.0,3.3379353332288324,9.0,1.0,3.0,1.0
2,"[0.6745, 0.6744999999999998]",0.6744999999999999,0.6744999999999999,1.1102230246251565e-16,0.6744999999999998,0.6745,2.0,1.0,2.0,0.67
