Cluster,Dist,mean,median,std,min,max,bag_count,day_count,Cluster_Rank,Cluster_perc
0,"[0.0, 0.6745000000003907, 0.6744999999996093, 0.0, 0.0, 0.6744999999999325, 0.6745000000000676, 0.0]",0.33725000000000005,0.33724999999980465,0.33725,0.0,0.6745000000003907,8.0,6.0,2.0,0.67
1,"[0.6745, 0.6745]",0.6745,0.6745,0.0,0.6745,0.6745,2.0,1.0,3.0,1.0
2,[0.0],0.0,0.0,0.0,0.0,0.0,1.0,1.0,1.0,0.33
