Cluster,Dist,mean,median,std,min,max,bag_count,day_count,Cluster_Rank,Cluster_perc
0,"[0.0, 0.0, 0.0, 0.0, 0.0, 0.0, 0.0]",0.0,0.0,0.0,0.0,0.0,7.0,7.0,1.0,0.33
1,"[0.6745, 0.6745, 0.6745, 0.6745]",0.6745,0.6745,0.0,0.6745,0.6745,4.0,2.0,2.0,0.67
2,"[4.480607142856753, 0.11241666666654186, 2.039559523809521, 0.11241666666675582, 1.8789642857143087, 0.7869166666668628, 0.5620833333331372, 0.17665476190462692]",1.2687023809523135,0.6745,1.4089429454372808,0.11241666666654186,4.480607142856753,8.0,1.0,3.0,1.0
