Cluster,Dist,mean,median,std,min,max,bag_count,day_count,Cluster_Rank,Cluster_perc
0,"[0.0, 0.0, 0.0, 0.0, 0.0]",0.0,0.0,0.0,0.0,0.0,5.0,5.0,1.0,0.33
1,"[0.6745, 0.6745]",0.6745,0.6745,0.0,0.6745,0.6745,2.0,1.0,3.0,1.0
2,"[0.9703333333333776, 0.6745, 0.0]",0.5482777777777925,0.6745,0.406067097478155,0.0,0.9703333333333776,3.0,1.0,2.0,0.67
