Cluster,Dist,mean,median,std,min,max,bag_count,day_count,Cluster_Rank,Cluster_perc
0,"[3308.4743846140536, 0.15565384615480327, 0.1556538461534208, 1.1933461538451968, 2183.9576847822163, 2184.1483043474336, 0.0, 0.6744999999999999, 0.5865217391306556]",853.2606721476654,0.6744999999999999,1244.262210563831,0.0,3308.4743846140536,9.0,2.0,3.0,1.0
1,"[0.0, 0.0]",0.0,0.0,0.0,0.0,0.0,2.0,2.0,1.0,0.33
2,"[0.6745, 3.7097500000898616, 0.0]",1.4614166666966204,0.6745,1.6134827023213631,0.0,3.7097500000898616,3.0,1.0,2.0,0.67
