Cluster,Dist,mean,median,std,min,max,bag_count,day_count,Cluster_Rank,Cluster_perc
0,"[0.0, 0.6745000000005615, 0.6744999999994383, 0.6745000000000725, 0.6744999999999276, 0.6744999999999471, 0.6745000000000528, 0.0, 0.6744999999999596, 0.6745000000000404, 0.0]",0.49054545454545445,0.6744999999999471,0.30039651481950064,0.0,0.6745000000005615,11.0,7.0,1.0,0.25
1,"[0.6745, 0.6745000000002365, 0.0, 6.093758620688876, 0.6745, 0.0]",1.3528764367815187,0.6745,2.141537491228687,0.0,6.093758620688876,6.0,2.0,3.0,0.75
2,"[0.6745, 0.6745]",0.6745,0.6745,0.0,0.6745,0.6745,2.0,1.0,2.0,0.5
3,"[0.09411627906975287, 0.0, 0.6745, 0.3294069767440305, 3.4195581395345624, 3.99994186046481, 2.666627906976749]",1.597735880398558,0.6745,1.5814466535759437,0.0,3.99994186046481,7.0,1.0,4.0,1.0
