Cluster,Dist,mean,median,std,min,max,bag_count,day_count,Cluster_Rank,Cluster_perc
0,"[0.674499999999969, 0.674500000000031, 0.0, 0.0, 0.0, 0.0, 0.0, 0.0, 0.0, 0.0, 0.6745000000000598, 0.67449999999994]",0.22483333333333333,0.0,0.3179623492735508,0.0,0.6745000000000598,12.0,10.0,1.0,0.33
1,"[0.6745, 0.6745, 0.6745, 0.6745]",0.6745,0.6745,0.0,0.6745,0.6745,4.0,2.0,2.0,0.67
2,"[0.860385826771634, 0.488614173228366, 1.1259370078740392, 0.488614173228366]",0.7408877952756012,0.6745,0.26917774630147573,0.488614173228366,1.1259370078740392,4.0,1.0,3.0,1.0
