Cluster,Dist,mean,median,std,min,max,bag_count,day_count,Cluster_Rank,Cluster_perc
0,"[0.0, 0.6745000000005797, 0.6744999999994202, 0.0, 0.0]",0.2698,0.0,0.33043616630145073,0.0,0.6745000000005797,5.0,4.0,1.0,0.33
1,"[0.9323970588225033, 0.41660294117538227, 0.4166029411774967, 1.5275441176465925]",0.8232867647054938,0.6745,0.45789380321596557,0.41660294117538227,1.5275441176465925,4.0,1.0,3.0,1.0
2,"[0.6745, 0.0, 0.7254056603776912]",0.46663522012589703,0.6745,0.3306147486739216,0.0,0.7254056603776912,3.0,1.0,2.0,0.67
