Cluster,Dist,mean,median,std,min,max,bag_count,day_count,Cluster_Rank,Cluster_perc
0,"[862.0218790321677, 0.0, 0.6745, 0.5004354838707152, 1.0117499999998552, 0.6744911251167747, 0.6744645004670992, 0.6740917553716398, 1.5450994197444772, 0.6740917553716398, 0.6746863725477297, 0.6745088748832251, 0.6745266246496756]",66.95957884186082,0.6745,229.5149421134863,0.0,862.0218790321677,13.0,2.0,3.0,1.0
1,"[0.0, 0.0, 0.0]",0.0,0.0,0.0,0.0,0.0,3.0,3.0,1.0,0.33
2,"[1.115839506173004, 0.23316049382699613, 1.3823086419755386, 0.23316049382699613, 0.8493703703709128, 0.6745000000000001, 0.0]",0.6411913580247782,0.6745000000000001,0.4725460506363941,0.0,1.3823086419755386,7.0,2.0,2.0,0.67
