Cluster,Dist,mean,median,std,min,max,bag_count,day_count,Cluster_Rank,Cluster_perc
0,"[1.4614166666667525, 0.5691093750000072, 2.4942447916667745, 0.12646874999999122, 0.3302239583333572, 1.2084791666667232, 1.9883697916667626, 1.039854166666688, 1.1311927083333952, 0.25996354166669544, 0.2669895833333616, 0.6463958333333821, 1.320895833333382, 0.6253177083333835, 0.6745, 0.04215624999999708, 1.4543906250000393, 0.5761354166666734, 0.2740156250000278, 0.5831614583333397, 1.3490000000000468, 0.0, 0.8712291666666997, 0.8571770833333674, 0.04215624999999708, 0.9766197916666924, 1.672197916666738, 0.5058750000000117, 1.4192604166667087, 1.2155052083333893, 0.08431249999999416, 0.21160784313722725, 0.9919117647058409, 0.6745000000000001, 0.0, 4.747950980392065]",0.9081273658769309,0.6745000000000001,0.8779743952031511,0.0,4.747950980392065,36.0,2.0,4.0,0.67
1,"[1.0960624999999362, 1.5176249999999232, 0.9810909090908626, 0.8201306818181597, 0.06131818181817253, 0.4138977272727157, 0.6745, 0.0, 0.5058749999999744, 0.5893242320818922, 0.9484436860067885, 1.2569180887371527, 0.7412593856655199, 1.5469761092149898, 0.08287372013653814, 0.6077406143344801, 0.08287372013650746, 0.0, 1.7705625000001872, 0.5339791666667603, 2.346697916666854, 0.6745]",0.7842113245294279,0.6745,0.6041614808714554,0.0,2.346697916666854,22.0,3.0,2.0,0.33
2,"[0.6745, 0.0, 0.6887000000000464, 2.158400000000085, 0.16329999999998854, 2.049442307692218, 0.856096153846217, 1.4657403846152832, 0.45399038461541286, 0.0, 0.6745, 2.7369134615383697, 0.5188461538461737, 0.038913461538456554, 0.8301538461539126, 0.5966730769230004]",0.8691355769230728,0.6745,0.7936238410859073,0.0,2.7369134615383697,16.0,2.0,3.0,0.5
3,"[0.0, 0.0, 0.0, 0.0, 0.0, 0.0, 0.0, 0.0]",0.0,0.0,0.0,0.0,0.0,8.0,8.0,1.0,0.17
4,"[0.6254454545454605, 0.7235545454545395, 2.8574272727273353, 0.6254454545454605, 0.6962580645161025, 0.6527419354838974, 0.6527419354838492, 2.7415161290323016]",1.1968913489736184,0.6744999999999999,0.9262305780177247,0.6254454545454605,2.8574272727273353,8.0,2.0,5.0,0.83
5,"[2.6480370370370014, 0.6745, 0.0, 0.6745, 0.0, 2.710263636363963, 0.0, 0.6745, 2.139429687499988, 0.0, 5.770722222222721, 0.6745]",1.3305377152603062,0.6745,1.6535783708160152,0.0,5.770722222222721,12.0,4.0,6.0,1.0
