Cluster,Dist,mean,median,std,min,max,bag_count,day_count,Cluster_Rank,Cluster_perc
0,"[0.0, 0.0, 0.0, 0.0]",0.0,0.0,0.0,0.0,0.0,4.0,4.0,1.0,0.33
1,"[0.31635840707964846, 1.0326415929203514, 0.31635840707964846, 1.1341150442477732, 0.6745, 0.6745]",0.6914122418879036,0.6745,0.3147289964089246,0.31635840707964846,1.1341150442477732,6.0,2.0,2.0,0.67
2,"[0.14321575342460716, 0.36496917808217255, 0.8639143835616179, 1.261222602739707, 0.48508561643838205, 0.1432157534246687, 11.720592465753082, 13.420702054794129]",3.5503647260272957,0.6745,5.236809339489812,0.14321575342460716,13.420702054794129,8.0,1.0,3.0,1.0
