Cluster,Dist,mean,median,std,min,max,bag_count,day_count,Cluster_Rank,Cluster_perc
0,"[0.6744999999999999, 0.6745000000000001, 0.6745, 0.6745000000000001, 0.6745000000000203, 0.6744999999999796, 0.0, 0.0, 0.0, 0.0, 0.0, 0.0, 0.0, 0.0, 0.0]",0.26980000000000004,0.0,0.3304361663014507,0.0,0.6745000000000203,15.0,12.0,1.0,0.33
1,"[0.6745, 0.0, 13.49, 0.33725, 60.70500000000674]",15.041350000001348,0.6745,23.394164929317803,0.0,60.70500000000674,5.0,1.0,3.0,1.0
2,"[0.0, 3.4086339285713843, 0.6745]",1.3610446428571281,0.6745,1.4738168078674418,0.0,3.4086339285713843,3.0,1.0,2.0,0.67
