Cluster,Dist,mean,median,std,min,max,bag_count,day_count,Cluster_Rank,Cluster_perc
0,"[0.6745, 0.3372499999999376, 0.41219444444436815, 1.1803749999999065, 0.0, 1.5363611111109516, 1.0117499999999378, 1.127679687500023, 0.6745, 1.3068437500000043, 1.6440937500000394, 0.43210156250002524, 0.49533593750001864, 0.5480312500000132, 1.0644453125000295, 0.0]",0.7778413628472034,0.6745,0.4897878281824461,0.0,1.6440937500000394,16.0,2.0,3.0,1.0
1,"[0.6745000000000001, 0.6745000000000001, 2.9228333333332, 0.0, 0.6744999999999999, 0.4496666666666999, 0.5246111111110335, 1.2440777777776935, 1.0192444444443935, 0.07494444444443335, 0.7494444444444333, 0.05995555555554668, 1.0192444444443935]",0.7759632478632175,0.6745000000000001,0.720790280655349,0.0,2.9228333333332,13.0,2.0,2.0,0.67
2,"[0.0, 0.0, 0.0, 0.0, 0.6745000000044931, 0.6744999999955069, 0.0, 0.0]",0.168625,0.0,0.2920670674263019,0.0,0.6745000000044931,8.0,7.0,1.0,0.33
