Cluster,Dist,mean,median,std,min,max,bag_count,day_count,Cluster_Rank,Cluster_perc
0,"[0.0, 0.6745000000179723, 0.6744999999820277]",0.44966666666666666,0.6744999999820277,0.3179623492735509,0.0,0.6745000000179723,3.0,2.0,1.0,0.25
1,"[0.6745, 0.6745, 0.6745, 0.6745]",0.6745,0.6745,0.0,0.6745,0.6745,4.0,2.0,2.0,0.5
2,"[1.3479344099020512, 1.3480085379088655, 0.0010655900979487994, 0.0008061420740996404, 0.00010192600937044115, 0.00010192600937044115, 0.0007134820655832122, 0.0003613740332166374, 1.4293640253870568, 1.4284003612984764, 1.4297346654211263, 5.601251184866675]",1.0489869687561535,0.6745,1.525645706706644,0.00010192600937044115,5.601251184866675,12.0,1.0,4.0,1.0
3,"[0.6134592760181088, 0.7782692307690118, 0.6134592760181088, 0.7355407239818912]",0.6851821266967801,0.6745,0.0732965413304551,0.6134592760181088,0.7782692307690118,4.0,1.0,3.0,0.75
