Cluster,Dist,mean,median,std,min,max,bag_count,day_count,Cluster_Rank,Cluster_perc
0,"[0.0, 0.0, 0.0, 0.0, 0.0, 0.0]",0.0,0.0,0.0,0.0,0.0,6.0,6.0,1.0,0.33
1,"[0.555921923474633, 0.8614348500516819, 0.713561013443635, 3.05303671147874, 13.162864012409253, 0.568477249224382, 8.220250775594462, 2.764264219234696, 0.0578940020682401, 0.635438986556365, 0.124855739400223, 0.5377864529472403, 0.3634069286452704, 1.0595299896587065, 1.0469746639089574, 0.05789400206825868, 0.4694296794208697, 8.976360392967775]",2.4016323106974102,0.6745,3.6493500241212957,0.0578940020682401,13.162864012409253,18.0,1.0,2.0,0.67
2,"[0.0, 179.11463793104056, 0.6745000000000001]",59.92971264368018,0.6745000000000001,84.27691874361867,0.0,179.11463793104056,3.0,1.0,3.0,1.0
