Cluster,Dist,mean,median,std,min,max,bag_count,day_count,Cluster_Rank,Cluster_perc
0,"[0.6745, 0.931519999999977, 0.0, 0.5854150943396272, 0.7635849056603727, 0.9580162473794629, 0.03393710691823544, 0.03393710691824486, 3.901353249475906, 0.1025183438155076, 2.7418354297694063, 0.9686215932914163, 0.043835429769387445, 0.4199716981132106, 6.056359538784092, 0.9905393081761146, 0.05444077568135015]",1.1329638722407243,0.6745,1.5881196212625583,0.0,6.056359538784092,17.0,2.0,2.0,0.67
1,"[0.0, 0.0]",0.0,0.0,0.0,0.0,0.0,2.0,2.0,1.0,0.33
2,"[0.8590466738197359, 0.1968497854077221, 0.09191148068669923, 0.9704983905579397, 0.11072800429184729, 0.4096212446351945, 0.1425713519313286, 0.6433803648068657, 0.08395064377682407, 2.4678594420600737, 0.08395064377682407, 0.9777355150214583, 0.48561105150214345, 0.5746276824034352, 0.32060461373390264, 0.16862499999999517, 0.14546620171673602, 2.6639855150214484, 0.5225203862660924, 1.0985954935622315, 18.03491416309005, 13.922780042918395, 0.8308218884120185, 0.45955740343347684, 1.139123390557935, 0.9234570815450649, 0.6122607296137313, 0.4624522532188842, 1.8136233905579349, 0.7056196351931343, 0.9241807939914118, 6.4555150214592025, 7.962284334763915, 10.65015236051498]",2.291614175713195,0.6745,4.151637390327177,0.08395064377682407,18.03491416309005,34.0,1.0,3.0,1.0
