Cluster,Dist,mean,median,std,min,max,bag_count,day_count,Cluster_Rank,Cluster_perc
0,"[0.6745, 0.0, 98.78671938775591, 0.9127276595745052, 0.6745, 0.6228361702128086, 0.0, 4.374204255319236, 0.6745, 2.718091489361796]",10.943807896222424,0.6745,29.30913534435688,0.0,98.78671938775591,10.0,2.0,3.0,1.0
1,"[0.0, 0.0, 0.0, 0.0, 0.0]",0.0,0.0,0.0,0.0,0.0,5.0,5.0,1.0,0.33
2,"[1.0481261425959691, 10.28766636197417, 1.3946243144423824, 0.5141983546617638, 0.28361060329065485, 0.6745, 0.0, 0.7706809872028957, 0.33293418647165185]",1.700704550071054,0.6745,3.0614564506606197,0.0,10.28766636197417,9.0,1.0,2.0,0.67
