Cluster,Dist,mean,median,std,min,max,bag_count,day_count,Cluster_Rank,Cluster_perc
0,"[0.6744999999999999, 0.6745000000000001, 0.0]",0.44966666666666666,0.6744999999999999,0.3179623492735509,0.0,0.6745000000000001,3.0,2.0,2.0,0.67
1,"[0.20859423793693918, 0.2085942379369401, 1.1404057620630599, 20.382306940666858]",5.484975294650949,0.6745,8.609386864146872,0.20859423793693918,20.382306940666858,4.0,1.0,3.0,1.0
2,[0.0],0.0,0.0,0.0,0.0,0.0,1.0,1.0,1.0,0.33
