Cluster,Dist,mean,median,std,min,max,bag_count,day_count,Cluster_Rank,Cluster_perc
0,"[0.0, 0.6744999999999932, 0.6745000000000069, 0.674499999999993, 0.674500000000007, 0.0, 0.0]",0.3854285714285715,0.674499999999993,0.3337909342014879,0.0,0.674500000000007,7.0,5.0,1.0,0.25
1,"[0.6745, 0.6745, 0.8367788978494572, 0.5122211021505185, 0.9038662634408092, 0.5122211021505427, 0.6744999999999999, 0.6745]",0.682885920698916,0.6745,0.1279890696205941,0.5122211021505185,0.9038662634408092,8.0,3.0,2.0,0.5
2,"[0.6132786108918737, 0.7399802683504304, 0.930565114443564, 0.7144269928966053, 0.7623393843725346, 0.9529242304656681, 0.9103354380426121, 0.8592288871349618, 7.129363851617988, 0.6931325966850844, 0.37052249408050675, 0.1810023677979421, 0.45889423835832577, 0.6047608524072654, 1.059396211523287, 0.31728650355170446, 0.29386266771901726, 1.0274546172059913, 0.3960757695343319, 0.3502928176795548, 1.1158263614838244, 0.00638831886345628, 0.6558674033149156, 1.129667719021306, 0.5834664561957444, 5.625979479084455, 0.2608563535911669, 0.09901894238357943, 0.4972241515390776, 1.2893756906077414, 0.8879763220205221, 0.06707734806629803, 0.5941136543014908, 0.5302304656669279, 0.529165745856359, 1.1445737963693847, 21.1325588003157, 1.8920071033938406, 0.4748650355169735, 0.6079550118389865, 3.183512233622734, 1.7248460931333798, 0.00638831886345628, 0.9582478295185413, 0.4397292817679569, 0.07985398579321058, 0.39820520915548396, 0.5824017363851612, 0.1192486187845314, 0.07240094711918535, 0.8027987371744243, 1.0700434096290474, 0.16929044988161268, 0.7815043409629033, 1.262757695343333, 0.3577458563535942, 3.1281468034727653, 1.4725074980268356, 0.030876874506712445, 1.0849494869771121, 0.7612746645619656, 1.0274546172060055, 1.8536771902131028, 0.5536543014996009]",1.2564192852209946,0.6745,2.7589056157102356,0.00638831886345628,21.1325588003157,64.0,1.0,4.0,1.0
3,"[1.1405708154505192, 0.8279270386266068, 0.5210729613733931, 0.521072961373316]",0.7526609442059589,0.6744999999999999,0.25661500383028,0.521072961373316,1.1405708154505192,4.0,1.0,3.0,0.75
