Cluster,Dist,mean,median,std,min,max,bag_count,day_count,Cluster_Rank,Cluster_perc
0,"[0.0, 0.6744999999999044, 0.6745000000000956, 0.0, 0.6745, 1.5738333333333057, 0.0, 0.0, 0.6744999999999979, 0.6745000000000022]",0.4946333333333305,0.6744999999999511,0.48011261873300176,0.0,1.5738333333333057,10.0,6.0,2.0,0.67
1,"[0.6745, 0.6745]",0.6745,0.6745,0.0,0.6745,0.6745,2.0,1.0,3.0,1.0
2,[0.0],0.0,0.0,0.0,0.0,0.0,1.0,1.0,1.0,0.33
