Cluster,Dist,mean,median,std,min,max,bag_count,day_count,Cluster_Rank,Cluster_perc
0,"[0.0, 0.0, 0.0, 0.0, 0.0, 0.0, 0.0]",0.0,0.0,0.0,0.0,0.0,7.0,7.0,1.0,0.33
1,"[0.4068909512760934, 4.206626450115948, 0.5399129930394285, 0.9311542923433765, 0.8388213457076467, 0.0, 1.3223955916473142, 1.109560324825974, 0.5962517401391999, 0.029734338747106515, 8.55722969837575, 6.198827146171604, 0.06572853828306495, 0.5007888631090389, 0.6745]",1.7318948182521028,0.6745,2.4553275352415205,0.0,8.55722969837575,15.0,1.0,3.0,1.0
2,"[0.6744999999999951, 0.6745000000000049]",0.6745,0.6745,4.884981308350689e-15,0.6744999999999951,0.6745000000000049,2.0,1.0,2.0,0.67
