Cluster,Dist,mean,median,std,min,max,bag_count,day_count,Cluster_Rank,Cluster_perc
0,"[0.7259281524926352, 0.0, 0.6745, 0.42191461716937534, 0.9270853828306247, 0.421914617169367, 241.17929048723795]",34.90723332241428,0.6745,84.21065679547522,0.0,241.17929048723795,7.0,2.0,3.0,1.0
1,"[0.0, 0.0, 0.0, 0.0]",0.0,0.0,0.0,0.0,0.0,4.0,4.0,1.0,0.33
2,"[0.6745, 0.6745, 0.6745, 0.6745, 0.6745, 0.6745, 0.6745, 0.6745, 0.6745, 0.6745]",0.6745,0.6745,0.0,0.6745,0.6745,10.0,5.0,2.0,0.67
