Cluster,Dist,mean,median,std,min,max,bag_count,day_count,Cluster_Rank,Cluster_perc
0,"[0.6745000000000281, 0.6744999999999719, 0.0, 0.0, 0.0, 0.6744999999999989, 0.6745000000000011]",0.3854285714285714,0.6744999999999719,0.3337909342014879,0.0,0.6745000000000281,7.0,5.0,1.0,0.33
1,"[15.703203125000332, 0.6745, 0.0, 0.6745, 4.878459119496847, 0.0]",3.655110374082863,0.6745,5.644183749448824,0.0,15.703203125000332,6.0,2.0,3.0,1.0
2,"[0.8681908783783768, 0.6934893018017997, 0.6053789414414391, 0.25749493243242877, 0.8864206081081044, 0.35016272522522124, 2.1700974099099035, 4.877212274774762, 0.6555106981982003, 0.25749493243242877]",1.1621452702702668,0.6745,1.3439691034348389,0.25749493243242877,4.877212274774762,10.0,1.0,2.0,0.67
