Cluster,Dist,mean,median,std,min,max,bag_count,day_count,Cluster_Rank,Cluster_perc
0,"[0.0, 0.6745000000000111, 0.6744999999999889, 0.0, 0.67450000000001, 0.6744999999999901]",0.4496666666666667,0.6744999999999894,0.3179623492735509,0.0,0.6745000000000111,6.0,4.0,3.0,1.0
1,[0.0],0.0,0.0,0.0,0.0,0.0,1.0,1.0,1.5,0.5
2,[0.0],0.0,0.0,0.0,0.0,0.0,1.0,1.0,1.5,0.5
