Cluster,Dist,mean,median,std,min,max,bag_count,day_count,Cluster_Rank,Cluster_perc
0,"[0.0, 0.0, 0.6744999999999998, 0.6745000000000002, 0.0]",0.2698,0.0,0.33043616630145073,0.0,0.6745000000000002,5.0,4.0,1.0,0.33
1,"[0.0, 89.66882352942154, 0.6745, 0.0, 2.960305555555523, 0.6745, 0.6745, 0.0, 2.9194776119403434]",10.841345188546377,0.6745,27.891330060581062,0.0,89.66882352942154,9.0,3.0,3.0,1.0
2,"[0.0, 1.3379021937842668, 0.6745]",0.6708007312614223,0.6745,0.5462025469701929,0.0,1.3379021937842668,3.0,1.0,2.0,0.67
