Cluster,Dist,mean,median,std,min,max,bag_count,day_count,Cluster_Rank,Cluster_perc
0,"[0.0, 0.0, 0.6745, 0.0, 1.4436475806451654, 0.0, 0.6745000000000014, 0.6744999999999985]",0.4333934475806457,0.3372499999999993,0.4932456340222304,0.0,1.4436475806451654,8.0,5.0,1.0,0.33
1,"[0.42274999999999197, 0.926250000000008, 0.42274999999999197, 7.110750000000124]",2.220625000000029,0.6745,2.8307877961576904,0.42274999999999197,7.110750000000124,4.0,1.0,3.0,1.0
2,"[0.012414110429446585, 0.6248435582821998, 0.8689877300613711, 0.012414110429446585, 2.693861963190212, 0.7241564417178]",0.8227796523517461,0.6744999999999999,0.9004974605238608,0.012414110429446585,2.693861963190212,6.0,1.0,2.0,0.67
