Cluster,Dist,mean,median,std,min,max,bag_count,day_count,Cluster_Rank,Cluster_perc
0,"[0.6744999999999637, 0.6745000000000363, 0.0, 0.0, 0.0, 0.6744999999999413, 0.6745000000000587, 0.0]",0.33725,0.33724999999997063,0.33725,0.0,0.6745000000000587,8.0,6.0,2.0,0.67
1,"[0.6745, 0.6745, 0.6745, 0.6745]",0.6745,0.6745,0.0,0.6745,0.6745,4.0,2.0,3.0,1.0
2,[0.0],0.0,0.0,0.0,0.0,0.0,1.0,1.0,1.0,0.33
