Cluster,Dist,mean,median,std,min,max,bag_count,day_count,Cluster_Rank,Cluster_perc
0,"[0.0, 0.674499999999979, 0.6745000000000209, 0.0, 0.6745000000000099, 0.6744999999999902, 0.0, 0.0, 0.6745, 1.602740476190444]",0.4975240476190444,0.6744999999999846,0.48664427505384256,0.0,1.602740476190444,10.0,6.0,2.0,0.67
1,"[0.07246694214864494, 1.2765330578512066, 0.07246694214879347, 5.81407851239708]",1.8088863636364312,0.6745000000000001,2.364067945582034,0.07246694214864494,5.81407851239708,4.0,1.0,3.0,1.0
2,[0.0],0.0,0.0,0.0,0.0,0.0,1.0,1.0,1.0,0.33
