Cluster,Dist,mean,median,std,min,max,bag_count,day_count,Cluster_Rank,Cluster_perc
0,"[0.8466192825112104, 0.5023807174887894, 0.5023807174887894, 2.4459977578475347, 2.5064376291827215, 0.5757421373107635, 0.5757421373107645, 0.7732578626892355, 0.6828207263135456, 0.6661792736864544, 3.1530161328999258, 0.6661792736864544, 22.48501433021809, 0.1896724818276218, 1.1593275181723781, 0.1896724818276218, 2.1026571154373452, 0.0, 0.7727066081710992, 0.6745, 0.5414772072936657]",2.0005610186363816,0.6745,4.653488302346963,0.0,22.48501433021809,21.0,5.0,5.0,1.0
1,"[0.4422685856224432, 0.9125394993181379, 0.9067314143775568, 0.27961592635885446, 0.27961592635885485, 4.452606691992988, 0.8711489485641055, 0.3527893924389812, 2.8419996796178704, 0.0, 0.6745, 7.061563552164031, 0.4903847206850352]",1.50505879519222,0.6745,1.99819866443722,0.0,7.061563552164031,13.0,2.0,4.0,0.8
2,"[0.0, 0.8313193668928786, 0.6745, 0.6745, 0.0, 2.9024468911916568, 3.3494571910586033, 0.0, 0.6745, 0.39423208850120384, 0.954767911498796, 1.918514447321793, 0.39423208850120384, 0.8728264684609232, 0.0, 0.6745, 0.5729594337645227, 0.7760405662354772, 0.3986994625104804, 0.8727843379446644, 1.1166836672056537, 0.3986994625104804]",0.8387119719817427,0.6745,0.8420873853304046,0.0,3.3494571910586033,22.0,6.0,3.0,0.6
3,"[0.6745000000000004, 0.6744999999999995, 0.0, 0.0, 0.0, 0.0, 0.6744999999999995, 0.6745000000000004]",0.33725,0.33724999999999977,0.33725,0.0,0.6745000000000004,8.0,6.0,1.0,0.2
4,"[0.7738420791533447, 0.7350272847536107, 0.6139727152463883, 0.6139727152463893, 0.6745, 0.6745, 0.6745, 0.6745, 1.233165031455962, 0.27708451917315763, 0.27708451917315763, 1.0719154808268423]",0.6911720287524044,0.6745,0.25875468391106365,0.27708451917315763,1.233165031455962,12.0,4.0,2.0,0.4
