Cluster,Dist,mean,median,std,min,max,bag_count,day_count,Cluster_Rank,Cluster_perc
0,"[0.0, 0.6745000000000003, 0.6744999999999997, 0.0, 0.0, 0.0, 0.3824585290889129, 0.0, 1.480227639956092, 0.9392060812294183, 0.6745000000000001, 0.0, 0.6745000000000004, 0.6744999999999994]",0.44102801787674445,0.5284792645444562,0.44490189366783,0.0,1.480227639956092,14.0,8.0,1.0,0.14
1,"[0.6745, 0.6745, 0.6745, 0.6745]",0.6745,0.6745,0.0,0.6745,0.6745,4.0,2.0,2.0,0.29
2,"[0.8250454199200149, 0.6745, 0.0, 0.8191040042523017, 0.0, 0.6745, 0.9122704961352975, 0.6745, 0.0, 0.6803762384694219, 0.6745, 0.0, 0.6745, 3.5654411418481295, 0.0]",0.6783158200416776,0.6745,0.8458611828153592,0.0,3.5654411418481295,15.0,5.0,3.0,0.43
3,"[1.1794660992907802, 10.107052425531908, 0.16953390070921995, 0.16953390070921895, 0.9413437920170173, 0.6538173727197929, 0.6538173727197931, 0.6951826272802067, 0.7162882827324463, 0.6327117172675538, 0.632711717267552, 2.9262676944971533]",1.6231439085618868,0.6744999999999999,2.647122648838762,0.16953390070921895,10.107052425531908,12.0,3.0,6.0,0.86
4,"[0.6745, 4.944971599279752, 0.0, 0.801030856113931, 0.5810371992142737]",1.4003079309215913,0.6745,1.7934680103080285,0.0,4.944971599279752,5.0,1.0,5.0,0.71
5,"[1.7428546167841712, 0.25464407550602747, 0.2546440755060264, 1.0943559244939725, 1.5955746687958334, 1.01186967707594, 0.3371303229240588, 0.3371303229240599]",0.8285254605012613,0.6745,0.5777392666538084,0.2546440755060264,1.7428546167841712,8.0,2.0,4.0,0.57
6,"[24.43591275167723, 0.3847818791946094, 65.55777852348838, 0.0, 0.6745]",18.210594630872045,0.6745,25.445669101979473,0.0,65.55777852348838,5.0,1.0,7.0,1.0
