Cluster,Dist,mean,median,std,min,max,bag_count,day_count,Cluster_Rank,Cluster_perc
0,"[1.1471767688541794, 0.6745, 0.0, 0.7160911528150147, 0.015409954540156603, 0.48359327973613725, 1.395255136397994, 0.8654067202638627, 0.48359327973613664]",0.6423362547048312,0.6745,0.4389402168099205,0.0,1.395255136397994,9.0,2.0,2.0,0.4
1,"[0.0, 1.8154799228201894, 0.6745, 0.674500000000001, 0.674499999999999, 0.6744999999999871, 0.6745000000000129, 0.674500000000001, 0.674499999999999, 0.0, 0.6744999999999999, 0.6745000000000001, 0.6745000000000007, 0.6744999999999993, 0.0, 0.6745000000000003, 0.6744999999999997, 0.6745000000000014, 0.6744999999999985]",0.6280515748852732,0.6744999999999999,0.37174512112762337,0.0,1.8154799228201894,19.0,10.0,1.0,0.2
2,"[1.4705574820635443, 0.1250140929279147, 1.2239859070720853, 0.12501409292791166, 0.6745, 0.6745, 0.6745, 0.6745, 0.6745, 0.6745, 0.6745, 0.6745]",0.695047631249288,0.6745,0.3575897718478501,0.12501409292791166,1.4705574820635443,12.0,5.0,3.0,0.6
3,"[0.018840782122907945, 12.625584916201097, 0.018840782122907945, 1.330159217877092, 0.8719406308270915, 0.4770593691729085, 2.6978081444960633, 0.477059369172908]",2.3146616514991223,0.6745,3.981327982211348,0.018840782122907945,12.625584916201097,8.0,2.0,5.0,1.0
4,"[3.689454006859994, 0.6744999999999999, 0.0, 0.6745, 0.0, 3.6354237521150594, 0.6745, 8.999542393410856, 0.0]",2.0386577947095454,0.6745,2.824099863114832,0.0,8.999542393410856,9.0,3.0,4.0,0.8
