Cluster,Dist,mean,median,std,min,max,bag_count,day_count,Cluster_Rank,Cluster_perc
0,"[0.0, 0.0, 0.0, 0.6744999999999972, 0.6745000000000028, 0.6744999999999983, 0.6745000000000017, 0.674499999999999, 0.6745000000000011, 0.6745000000000005, 0.6744999999999994, 0.0]",0.44966666666666666,0.6744999999999987,0.3179623492735509,0.0,0.6745000000000028,12.0,8.0,1.0,0.33
1,"[0.9709095526121021, 0.6745, 0.0]",0.5484698508707008,0.6745,0.4062667750017822,0.0,0.9709095526121021,3.0,1.0,2.0,0.67
2,"[0.6744999999999998, 0.6745000000000002]",0.6745,0.6745,2.220446049250313e-16,0.6744999999999998,0.6745000000000002,2.0,1.0,3.0,1.0
