Cluster,Dist,mean,median,std,min,max,bag_count,day_count,Cluster_Rank,Cluster_perc
0,"[0.0, 0.6745000000000002, 0.6744999999999998, 0.6745000000000003, 0.6744999999999997, 0.6745, 1.2073453505007155, 0.0, 0.0]",0.5088717056111906,0.6744999999999998,0.3946700915435455,0.0,1.2073453505007155,9.0,5.0,1.0,0.11
1,"[0.6745, 0.6745, 0.6745, 0.6745, 0.6745, 0.6745]",0.6745,0.6745,0.0,0.6745,0.6745,6.0,3.0,3.0,0.33
2,"[12.423357086510645, 0.49294250153387675, 0.8560574984661233, 0.49294250153387675, 0.8273154279348971, 0.5216845720651029, 0.5216845720651029, 2.0266306083297225, 0.7597605186797238, 2.0995861443598094, 0.5892394813202745, 0.5892394813202761]",1.8500366995099524,0.6745,3.233971851896055,0.49294250153387675,12.423357086510645,12.0,3.0,8.0,0.89
3,"[0.6745, 3.2310308665644207, 2.21333243865031, 0.0, 0.13052057770961215, 1.8022185360716136, 0.8921111988766012, 0.0, 0.6744999999999999, 0.42421160259785795]",1.0042425220470415,0.6744999999999999,1.0200056941853406,0.0,3.2310308665644207,10.0,2.0,7.0,0.78
4,"[0.0, 51.96272256926581, 0.6745, 0.6745, 0.0, 31.334176751591812, 0.0, 4.305356954689139, 0.6745]",9.95841736394964,0.6745,17.66769000563285,0.0,51.96272256926581,9.0,3.0,9.0,1.0
5,"[2.8800175670670396, 0.6745, 0.0, 0.6039414254722467, 0.6778905233081114]",0.9672699031694796,0.6745,0.9895126998396406,0.0,2.8800175670670396,5.0,1.0,6.0,0.67
6,"[0.5209170473671556, 0.8058104512302632, 0.5209170473671556, 1.048753706820549, 1.0441045924501087, 0.5431895487697368]",0.7472820656674949,0.6745,0.2332917819725629,0.5209170473671556,1.048753706820549,6.0,1.0,4.0,0.44
7,"[0.05714054843573317, 0.6745, 1.9023544101017704, 0.7064071805503203, 0.0]",0.6680804278175648,0.6745,0.6847658590317923,0.0,1.9023544101017704,5.0,1.0,2.0,0.22
8,"[0.8536114855858951, 0.5805133478045621, 0.7684866521954372, 0.5805133478045629, 0.16216591676040493, 0.16216591676040493, 1.186834083239595, 2.271720472440945]",0.820751402823976,0.6745000000000001,0.6350233745844521,0.16216591676040493,2.271720472440945,8.0,2.0,5.0,0.56
