Cluster,Dist,mean,median,std,min,max,bag_count,day_count,Cluster_Rank,Cluster_perc
0,"[0.6868893274194355, 0.6721505913897661, 0.2837037663509246, 5.287707475066407, 0.2837037663509246, 0.6768494086102339, 0.5977540064102557, 0.0, 0.6745, 0.7080088141025656, 3.7549946199633744]",1.238751070514899,0.6745,1.59648845626272,0.0,5.287707475066407,11.0,2.0,4.0,0.67
1,"[0.6745, 0.0, 8.666534357316108, 0.0, 0.6745, 99.09681081081283, 0.7924838966036484, 2.3817399615191595, 0.3335823991969212, 0.0, 0.6745, 0.6745, 0.735245783388141, 0.0, 0.6745, 0.0, 2.2310384615384597]",6.918231510022075,0.6745,23.131133630075148,0.0,99.09681081081283,17.0,5.0,5.0,0.83
2,"[0.6745, 0.6745, 0.6745, 0.6745, 0.6745, 0.6745]",0.6745,0.6745,0.0,0.6745,0.6745,6.0,3.0,2.0,0.33
3,"[0.0, 0.0, 0.0, 0.0, 0.0, 0.0, 0.6745000000000001, 0.6744999999999999, 0.0, 0.0, 0.0]",0.12263636363636364,0.0,0.26015101304199617,0.0,0.6745000000000001,11.0,10.0,1.0,0.17
4,"[1.1332413996099908, 0.009033371352882394, 0.009033371352883717, 2.142050590529449, 0.7341351411015856, 0.6148648588984144, 0.0812170488113662, 0.8505651521545461, 0.4984348478454539, 0.95366779200075, 0.0812170488113662, 1.3472289117081635]",0.7045574611814042,0.6745,0.6152626406861382,0.009033371352882394,2.142050590529449,12.0,2.0,3.0,0.5
5,"[0.9112034161490529, 0.4377965838509471, 32.8703540372666, 0.4377965838509192]",8.664287655279379,0.6745,13.976715240041264,0.4377965838509192,32.8703540372666,4.0,1.0,6.0,1.0
