Cluster,Dist,mean,median,std,min,max,bag_count,day_count,Cluster_Rank,Cluster_perc
0,"[0.5854317547953788, 0.7635682452046212, 0.5854317547953778, 2.127848056235416, 0.6894438202247188, 0.6595561797752811, 0.8319971910112368, 0.6595561797752811, 1.2239980982633594, 0.8161208961150237, 0.5328791038849762, 0.3971925560594345, 0.8268901172389292, 0.3971925560594345]",0.7926504649598906,0.6745,0.4213197458960068,0.3971925560594345,2.127848056235416,14.0,3.0,4.0,0.57
1,"[0.0, 0.0, 0.674500000000003, 0.6744999999999971, 0.6744999999999998, 0.6745000000000002, 0.0, 0.6745000000000003, 0.6744999999999997, 0.0, 0.0, 0.0, 1.4646997314535022, 0.6745]",0.4418714093895359,0.6744999999999983,0.4306550043843045,0.0,1.4646997314535022,14.0,9.0,1.0,0.14
2,"[1.8753305701511045, 0.26375963578212197, 3.162650174602656, 0.8413804706112727, 0.5076195293887273, 0.26375963578212197, 0.7249561038961045, 0.6745, 0.6997280519480523, 0.0, 0.26968320346320274]",0.8439424886932148,0.6745,0.8703285513992003,0.0,3.162650174602656,11.0,2.0,5.0,0.71
3,"[0.6745, 0.6745, 0.6745, 0.6745, 0.6745, 0.6745]",0.6745,0.6745,0.0,0.6745,0.6745,6.0,3.0,3.0,0.43
4,"[0.0, 2.3176663795388306, 1.1141853299761464, 10.61734150543335, 0.6745, 0.6131818181818177, 0.3312611979856884]",2.2383051758736903,0.6745,3.488993567336645,0.0,10.61734150543335,7.0,1.0,7.0,1.0
5,"[1.0864943874058863, 0.26250561259411354, 0.26250561259411354, 1.7729054757015736, 1.2452103502558038, 0.1037896497441937, 3.3618821330184954, 0.10378964974419605, 1.0935874340021108, 0.2554125659978872, 0.2554125659978891, 1.608686061246037, 0.8420076754714715, 0.3261172008514974, 0.09165094594189385, 0.0916509459418944, 0.7948070338500288, 1.3246109795220815, 1.4985698138098522, 0.5541929661499712]",0.8467894529920497,0.6745,0.7962517823017988,0.09165094594189385,3.3618821330184954,20.0,4.0,6.0,0.86
6,"[0.0, 0.855252939142459, 0.6745000000000001, 0.0, 0.7694239130434787, 0.6745]",0.49561280869765634,0.6745000000000001,0.35580399824525943,0.0,0.855252939142459,6.0,2.0,2.0,0.29
