Cluster,Dist,mean,median,std,min,max,bag_count,day_count,Cluster_Rank,Cluster_perc
0,"[0.0, 2.738186331775691, 0.03801942172897423, 5.996628066588769, 0.6745, 0.16443266574585683, 1.959916263812154, 3.345948549723754, 10.804344095303861, 0.3740493784530408, 0.0, 0.6745]",2.2308770644276747,0.6745,3.1169463507473325,0.0,10.804344095303861,12.0,2.0,7.0,1.0
1,"[2.024057514809203, 0.0, 0.2324372158699546, 2.1597659112825456, 0.6745, 1.870880320980851, 0.2811268425402945, 0.7861636897378652, 0.017513685603241853, 0.0, 0.7765144298354423, 0.6745]",0.7914549675549499,0.6745,0.7642574718381147,0.0,2.1597659112825456,12.0,2.0,4.0,0.57
2,"[0.9043499999999995, 0.6745, 1.6345499999999995, 0.1637500000000002, 0.0, 0.5790499999999996, 1.0950499999999992, 0.0, 3.2208236797274363, 0.6745, 0.6745, 0.0, 9.280165929955787]",1.453941508437171,0.6745,2.4087914121859457,0.0,9.280165929955787,13.0,3.0,5.0,0.71
3,"[0.6745, 0.6745, 0.6745, 0.6745]",0.6745,0.6745,0.0,0.6745,0.6745,4.0,2.0,3.0,0.43
4,"[0.0, 0.6745, 1.897101379782758, 0.6744999999999999, 0.6745000000000001, 0.0, 0.0, 0.0, 0.0, 0.0, 1.6307340425531964, 0.6745, 0.0, 0.0]",0.4447025301668539,0.0,0.6158294869523725,0.0,1.897101379782758,14.0,9.0,1.0,0.14
5,"[0.6745, 0.0, 0.8290067855970223, 0.213858651636205, 0.9209135930830693, 0.0027129210658619423, 0.9763124685771726, 1.2842290095525393, 0.6745, 0.0]",0.5576033429511871,0.6745,0.4454427891305009,0.0,1.2842290095525393,10.0,2.0,2.0,0.29
6,"[0.7186270337063222, 1.7424853435848155, 0.6303729662936778, 0.6303729662936765, 1.3071688853671415, 0.0418311146328585, 6.613663127311145, 0.0418311146328585]",1.465794068977812,0.6745,2.0190261346430995,0.0418311146328585,6.613663127311145,8.0,2.0,6.0,0.86
