Cluster,Dist,mean,median,std,min,max,bag_count,day_count,Cluster_Rank,Cluster_perc
0,"[0.19194293092317616, 0.19194293092317616, 0.3476570690768229, 6.513170561652682, 1.001342930923177, 4.948539573918663, 0.6745, 0.0, 0.6196142156862928, 28.289323529412304, 4.322090196078503]",4.281829448963164,0.6745,7.898429853580561,0.0,28.289323529412304,11.0,2.0,7.0,1.0
1,"[0.11928212813787964, 1.2297178718621204, 0.11928212813787849, 1.9444418945922302, 0.17232352941176365, 1.836794117647059, 0.17232352941176365, 1.1766764705882364, 0.4218363406712372, 0.42183634067123066, 2.0936032118368737, 0.9271636593287628, 0.199970572107475, 0.19997057210747826, 3.317144397733503, 1.1490294278925217]",0.9688372620086259,0.6745,0.9056540514993365,0.11928212813787849,3.317144397733503,16.0,4.0,3.0,0.43
2,"[0.0, 0.6745000000000001, 13.619803142655329, 0.6745, 0.0, 7.16899560853207, 0.6745, 23.106727656579892, 0.0, 0.7829467245119307, 0.3600454663774396, 1.026995748373101, 1.1312872017353586, 0.5660532754880693, 0.3600454663774411, 0.6745, 0.0, 2.2138620125037134, 0.7773885594633655, 2.071394674424637, 0.05511887114108894, 0.05511887114108894, 0.5716114405366345, 0.8785773079346253, 0.0, 5.834783645031171, 0.6745]",2.3686390989928503,0.6745,4.981743686850217,0.0,23.106727656579892,27.0,7.0,6.0,0.86
3,"[0.6744999999999988, 0.6745000000000012, 1.9455135796573781, 0.6745, 0.0, 0.0, 0.0]",0.5670019399510541,0.6744999999999988,0.6435876496277337,0.0,1.9455135796573781,7.0,4.0,1.0,0.14
4,"[0.8505243084501707, 0.49847569154982935, 0.49847569154982935, 2.559547309586964, 0.3444520766773159, 4.83990894568691, 1.0045479233226842, 0.3444520766773159, 0.5677442806643105, 0.5677442806643093, 0.7812557193356895, 4.12221936903889, 0.570466283134285, 0.570466283134285, 6.991085420914665, 0.7785337168657149]",1.618118711078323,0.6745,1.9191437361706003,0.3444520766773159,6.991085420914665,16.0,4.0,4.0,0.57
5,"[0.6745, 0.6745, 0.6745, 0.6745]",0.6745,0.6745,0.0,0.6745,0.6745,4.0,2.0,2.0,0.29
6,"[0.6745, 1.324448938840713, 0.0, 3.9810430739388374, 0.5944589228662688, 0.35233466453674106, 0.42621873573710617, 5.306800376540388, 4.910981857599265]",1.9523096188954798,0.6745,2.0191653981420576,0.0,5.306800376540388,9.0,1.0,5.0,0.71
