Cluster,Dist,mean,median,std,min,max,bag_count,day_count,Cluster_Rank,Cluster_perc
0,"[0.6745000000000001, 0.8096850803043109, 0.0, 0.15189078613693993, 1.7489106508875738, 1.699378223985771, 0.0, 0.6745, 1.3322955462817274, 0.40561366901552953, 1.7321714987812376, 0.9127624700263569, 0.4362375299736431, 0.43623752997364273]",0.7867273560976239,0.6745000000000001,0.5990272267602316,0.0,1.7489106508875738,14.0,3.0,3.0,0.5
1,"[15.89234340348495, 0.0, 0.6745, 0.6745, 2.292137921554253, 0.0, 0.6232702695254367, 0.8772254864134927, 0.08390820151022424, 0.9760044369729369, 1.1873549578349776, 0.7257297304745632, 0.5680626136802076, 0.1107870804166898, 0.08390820151022424, 0.19201854709805424, 1.0885760072755328, 0.969981783608003]",1.5011282578533085,0.6745,3.5333984336700177,0.0,15.89234340348495,18.0,3.0,5.0,0.83
2,"[1.9226852358687794, 0.5337900748850112, 0.5337900748850117, 0.8152099251149881, 2.8642229344729384, 0.5495925925925934, 0.5495925925925934, 0.7994074074074066]",1.0710363547274153,0.6745,0.8063131911815378,0.5337900748850112,2.8642229344729384,8.0,2.0,4.0,0.67
3,"[0.311812652068122, 0.9119152473641596, 0.8353296836982976, 0.5136703163017023, 6.924429034874307, 0.31181265206812925]",1.634828264395786,0.6745,2.376952295387171,0.311812652068122,6.924429034874307,6.0,1.0,6.0,1.0
4,"[0.6744999999999979, 0.6745000000000021, 0.6745, 0.0, 1.486684041785214, 1.3950968100531655, 0.6745, 0.0, 0.0, 0.6745, 1.7859466092169403, 0.0, 0.6744999999999993, 0.6745000000000008, 0.0, 0.0, 0.674499999999999, 0.674500000000001, 0.0, 0.6744999999999994, 0.6745000000000005, 0.0, 1.544725446428555, 0.6745]",0.5961022044784947,0.6744999999999997,0.5269250986034374,0.0,1.7859466092169403,24.0,12.0,1.0,0.17
5,"[0.7871394132165329, 0.5900438870928496, 0.590043887092849, 0.7589561129071503]",0.6815458250773454,0.6744999999999999,0.09204288107702671,0.590043887092849,0.7871394132165329,4.0,1.0,2.0,0.33
