Cluster,Dist,mean,median,std,min,max,bag_count,day_count,Cluster_Rank,Cluster_perc
0,"[0.27119012201957454, 2.4412927391885475, 0.27119012201957526, 0.8868571336179021, 0.4621428663820979, 0.9261760660544119, 1.4252555788818888, 0.6433998911437675, 0.7056001088562324, 0.6433998911437663]",0.8676504519307764,0.6744999999999999,0.6159440610922592,0.27119012201957454,2.4412927391885475,10.0,2.0,4.0,0.67
1,"[0.6745000000000024, 0.6744999999999975, 0.6745000000000003, 0.6744999999999997, 0.6745000000000002, 0.6744999999999998, 0.0, 0.6745, 0.6745000000000002, 0.0, 0.6744999999999995, 0.6745000000000005, 0.0, 0.0]",0.4817857142857142,0.6744999999999997,0.304708040254796,0.0,0.6745000000000024,14.0,9.0,1.0,0.17
2,"[0.3195971604515912, 0.0, 1.5040680807389684, 1.2918878720492653, 0.6745, 0.6745, 0.8283708544005484, 1.4988246636387013, 0.5051380152540922, 0.0, 0.0, 1.2017561061119555, 2.9416460792333785, 0.4069701414046979, 0.6745]",0.8347839315522132,0.6745,0.7481616190813405,0.0,2.9416460792333785,15.0,3.0,3.0,0.5
3,"[5.031155905980348, 0.0, 0.6745, 0.0, 0.6745, 0.676001112759642]",1.1760261697899983,0.6745,1.7502943772666548,0.0,5.031155905980348,6.0,2.0,5.0,0.83
4,"[0.6745, 0.6745, 0.6745, 0.6745, 0.6745, 0.6745, 0.6745, 0.6745]",0.6745,0.6745,0.0,0.6745,0.6745,8.0,4.0,2.0,0.33
5,"[0.003903074141048401, 3.5142303797468415, 1.3450969258589516, 0.003903074141048401]",1.2167833634719725,0.6745,1.4349986372273726,0.003903074141048401,3.5142303797468415,4.0,1.0,6.0,1.0
