Cluster,Dist,mean,median,std,min,max,bag_count,day_count,Cluster_Rank,Cluster_perc
0,"[0.6745000000000003, 0.6744999999999997, 0.674500000000001, 0.674499999999999, 0.0, 0.6745, 0.0, 1.731230549552333, 0.0, 0.6744999999999993, 0.6745000000000007, 0.0, 0.0, 1.1547423692958594, 0.0, 0.6745]",0.5176233074280121,0.6744999999999994,0.47979480906339406,0.0,1.731230549552333,16.0,9.0,2.0,0.4
1,"[0.6745, 0.6745, 0.6745000000000001, 0.6745000000000001, 0.6745, 0.6745]",0.6745000000000001,0.6745,9.064933036736789e-17,0.6745,0.6745000000000001,6.0,3.0,3.0,0.6
2,"[0.0, 0.6745, 2.218768722312073, 0.940952605459058, 0.0, 0.6745, 0.0, 0.6745000000000001, 2.3693217471806123, 0.0, 5.9473025256222405, 0.6745, 0.0, 0.6744999999999999, 54.939219684126, 0.6745, 0.0, 24.937228571428687]",5.299988547562704,0.6745,13.300141048267909,0.0,54.939219684126,18.0,6.0,5.0,1.0
3,"[0.5611138164352827, 0.5611138164352827, 0.7878861835647174, 2.474656412144159, 0.623744842538654, 0.725255157461346, 1.6133817835399251, 0.623744842538654]",0.9963621068322527,0.6745,0.6461035059326566,0.5611138164352827,2.474656412144159,8.0,2.0,4.0,0.8
4,"[0.0398864697108215, 0.0, 0.6745, 0.7177941827455137, 0.6764472645912526]",0.4217255834095176,0.6745,0.3286603817048202,0.0,0.7177941827455137,5.0,1.0,1.0,0.2
