Cluster,Dist,mean,median,std,min,max,bag_count,day_count,Cluster_Rank,Cluster_perc
0,"[0.0, 0.0, 0.0, 0.6745000000000002, 0.6744999999999998, 0.6744999999999831, 0.6745000000000169, 0.0]",0.33725,0.33724999999999156,0.33725,0.0,0.6745000000000169,8.0,6.0,3.0,1.0
1,[0.0],0.0,0.0,0.0,0.0,0.0,1.0,1.0,1.5,0.5
2,[0.0],0.0,0.0,0.0,0.0,0.0,1.0,1.0,1.5,0.5
