Cluster,Dist,mean,median,std,min,max,bag_count,day_count,Cluster_Rank,Cluster_perc
0,"[0.6738289224952746, 0.0, 0.8809905482041585, 0.6745, 1.258035444234405, 0.4356518567639253, 0.0, 1.822670755968171, 1.8980376326259982, 0.6510177387267886, 0.6745, 0.8169590517241356, 2.682660359134212, 0.2507054045747898, 0.25070540457479057, 1.0982945954252095]",0.8792848571532412,0.6745,0.7109330124121029,0.0,2.682660359134212,16.0,3.0,3.0,0.43
1,"[0.3289002257177129, 0.6745, 1.1370917683571986, 0.0, 0.7814532341115895, 0.674499999999999, 0.674500000000001, 0.6744999999999988, 0.6745000000000012, 0.0, 0.0, 0.0, 0.6744999999999993, 0.6745000000000008, 0.0, 0.0, 0.0, 0.0, 0.6744999999999981, 0.6745000000000018]",0.41589726140932504,0.6744999999999984,0.36379690861047714,0.0,1.1370917683571986,20.0,12.0,1.0,0.14
2,"[0.0, 0.6745, 0.13900125072157105, 1.5981899172599523, 1.6481576871271857, 8.71639270386263, 0.0, 0.6745, 54.28231966145819, 0.6745, 0.0]",6.21886920185723,0.6745,15.385302493022234,0.0,54.28231966145819,11.0,3.0,7.0,1.0
3,"[0.671791729676175, 0.42217361943995435, 0.7614108567554887, 3.3843530792094705, 0.42217361943995435, 0.6772082703238251]",1.0565185291408112,0.6745000000000001,1.049013833908696,0.42217361943995435,3.3843530792094705,6.0,1.0,4.0,0.57
4,"[0.6745, 0.6745, 0.6745, 0.6745]",0.6745,0.6745,0.0,0.6745,0.6745,4.0,2.0,2.0,0.29
5,"[0.6916622661926108, 0.6573377338073886, 0.6573377338073891, 4.499349791312413, 0.6774661933119548, 6.431881218506639, 0.6715338066880452, 0.6715338066880435]",1.8697628187893105,0.6745,2.1315662902700545,0.6573377338073886,6.431881218506639,8.0,2.0,5.0,0.71
6,"[0.0, 0.6089579034941748, 0.6745, 5.122833111480849, 4.602087687188006]",2.201675740432606,0.6745,2.1914164285608844,0.0,5.122833111480849,5.0,1.0,6.0,0.86
