Cluster,Dist,mean,median,std,min,max,bag_count,day_count,Cluster_Rank,Cluster_perc
0,"[0.0, 0.0, 0.6744999999999994, 0.6745000000000005, 0.0]",0.2698,0.0,0.33043616630145073,0.0,0.6745000000000005,5.0,4.0,1.0,0.33
1,"[0.6745, 0.6745]",0.6745,0.6745,0.0,0.6745,0.6745,2.0,1.0,3.0,1.0
2,"[0.6745, 1.0667664835164852, 0.0]",0.5804221611721617,0.6745,0.4405569674910911,0.0,1.0667664835164852,3.0,1.0,2.0,0.67
