Cluster,Dist,mean,median,std,min,max,bag_count,day_count,Cluster_Rank,Cluster_perc
0,"[0.3391909614114526, 1.1309759411265192, 1.0098090385885456, 0.33919096141145433, 0.3804449625503327, 0.3804449625503327, 1.628574628111243, 0.39032372577246444, 0.6728113225261313, 0.7675742734347294, 0.7446364044146795, 0.6761886774738687]",0.7050138216143127,0.6745,0.37771600210917833,0.3391909614114526,1.628574628111243,12.0,2.0,2.0,0.25
1,"[4.038415927497106, 0.8378575009641335, 0.07500224964648335, 0.5111424990358665, 0.07500224964648335, 1.7437806273299896, 0.0, 0.6745, 6.262212305025997, 3.55790423792551, 0.6235281710866225]",1.6726677971052901,0.6745,1.9601907744879066,0.0,6.262212305025997,11.0,2.0,4.0,0.5
2,"[0.16992663433294647, 1.8273103012500842, 0.0, 1.0191451260331983, 0.6745, 0.30489768555466773, 1.0441023144453307, 2.226226815642453, 0.30489768555466923, 2.6101838280450367, 0.1693268850221765, 0.0, 1.5668144831115665, 0.47580900716478997, 1.1233151995905835, 0.6745]",0.886934747859219,0.6745,0.7805076110011915,0.0,2.6101838280450367,16.0,3.0,3.0,0.38
3,"[0.6599363545066522, 0.6599363545066531, 0.6890636454933469, 1.506795405473259, 0.201574712643692, 1.1474252873563078, 42.76226628352528, 0.20157471264365756]",5.9785715945186055,0.6745,13.908985377364694,0.20157471264365756,42.76226628352528,8.0,2.0,6.0,0.75
4,"[0.6744999999999987, 0.6745000000000013, 0.6744999999999983, 0.6745000000000017, 0.0, 0.6744999999999994, 0.6745000000000007, 0.0, 0.6745, 1.2829567964656319, 0.6745000000000012, 0.6744999999999989, 0.6745, 1.964442396313364, 0.0]",0.6661599461852664,0.6745,0.4759536715204813,0.0,1.964442396313364,15.0,7.0,1.0,0.12
5,"[0.0, 0.6745, 2.175631453774972, 0.0, 0.6745, 112.93241995589857, 7.71772355868936, 0.6745, 0.0, 0.006395023584906013, 0.7621531839622644, 1.5844068632075463, 1.1534268160377357, 0.5868468160377356, 0.006395023584905165, 0.0, 0.6745, 6.2922727748691045]",7.550870637202617,0.6745,25.644931314292528,0.0,112.93241995589857,18.0,5.0,7.0,0.88
6,"[0.0, 29.340087426325912, 33.828361493123516, 0.6745, 0.4704273084479259, 0.6745, 5.19088479501814, 5.012021536066405, 0.0, 0.5362397509081468]",7.572702230989004,0.6745,12.186980680044432,0.0,33.828361493123516,10.0,2.0,8.0,1.0
7,"[0.6938185750939794, 0.5974269347813117, 0.6745, 0.0, 0.689471895697834, 20.031389252336407, 0.6814341121495278, 0.0, 0.5030383177570117, 0.6745]",2.4545579087816067,0.6745,5.864716406219765,0.0,20.031389252336407,10.0,2.0,5.0,0.62
