Cluster,Dist,mean,median,std,min,max,bag_count,day_count,Cluster_Rank,Cluster_perc
0,"[0.7685120826891138, 0.6584321995075297, 0.6905678004924699, 0.6584321995075301, 0.5912404407155601, 1.236436978639277, 0.7577595592844397, 0.5912404407155593, 1.995651862882503, 1.0568505898154632, 0.29214941018453683, 0.2921494101845358, 1.262886487829112, 0.0, 0.30067130319589475, 1.4676154992548454, 0.6745, 2.335005298890547, 1.7324340950488495, 0.6727129491637691, 0.02513040238450172, 2.792574174509494, 0.00010759291752854473, 0.00010759291753141158, 1.3488924070824686]",0.8880824311125225,0.6745,0.7241141690916171,0.0,2.792574174509494,25.0,5.0,3.0,0.43
1,"[0.6745, 1.1099458946772367, 0.0, 0.6745000000000042, 0.6744999999999958, 0.0, 0.0, 0.0, 0.0, 1.4638577142857063, 0.6745, 2.00306060606061, 0.0, 0.6745, 1.3747084453582155, 0.0, 0.6745]",0.5881513329636334,0.6745,0.600292186705698,0.0,2.00306060606061,17.0,8.0,1.0,0.14
2,"[18.998167405765095, 0.0, 0.6745, 0.6745, 0.0, 49.4049981981983, 0.9350526403929886, 0.8089933571508315, 0.5400066428491685, 0.902973037847494, 0.3274227978117674, 0.3274227978117674]",6.132836406485616,0.6745,14.006558273797856,0.0,49.4049981981983,12.0,3.0,7.0,1.0
3,"[0.6745, 0.6745, 0.6745, 0.6745]",0.6745,0.6745,0.0,0.6745,0.6745,4.0,2.0,2.0,0.29
4,"[0.6326538597890631, 0.7163461402109369, 0.6326538597890631, 2.718504608703358, 0.6947223610243602, 11.42352748282316, 0.6542776389756342, 0.6542776389756397]",2.265870448786402,0.6745,3.5260875548320363,0.6326538597890631,11.42352748282316,8.0,2.0,6.0,0.86
5,"[0.6129180525532539, 0.7360819474467462, 0.3476430984477346, 0.3476430984477346, 1.9474109429822184, 1.653722569221912]",0.9409032848499331,0.6745000000000001,0.6291012621790703,0.3476430984477346,1.9474109429822184,6.0,1.0,4.0,0.57
6,"[4.130333157338967, 0.22412108412530543, 3.947759943681804, 0.6745, 0.0]",1.795342837029215,0.6745,1.845717289377828,0.0,4.130333157338967,5.0,1.0,5.0,0.71
