Cluster,Dist,mean,median,std,min,max,bag_count,day_count,Cluster_Rank,Cluster_perc
0,"[0.1139941403238237, 1.0736528398869187, 1.6545098432279608, 0.8480914417887429, 0.1139941403238237, 0.5009085582112571, 1.679940541012217, 0.4534570506108206, 0.45345705061082, 0.8955429493891793]",0.7787548555385564,0.6745,0.5345225707210147,0.1139941403238237,1.679940541012217,10.0,2.0,3.0,0.6
1,"[0.6745, 0.6745, 0.6745, 0.6745, 0.6745, 0.6745, 0.6745, 0.6745, 0.6745, 0.6745]",0.6745,0.6745,0.0,0.6745,0.6745,10.0,5.0,2.0,0.4
2,"[0.0, 0.0, 1.1792689326177705, 0.0, 0.6745, 0.0, 0.0, 0.6744999999999998, 0.6745000000000002, 0.6745000000000042, 0.6744999999999958, 0.6745000000000005, 0.6744999999999994, 1.7286657871591897, 0.6745, 0.0, 1.3540128492120325, 0.6745000000000001, 0.0, 0.0, 0.0, 1.3115106358645938, 0.6745, 0.6744999999999861, 0.6745000000000139, 0.6745, 0.0, 1.1040651139494133]",0.55164368995725,0.6744999999999999,0.48347637296530804,0.0,1.7286657871591897,28.0,14.0,1.0,0.2
3,"[0.5737781291741961, 1.6350013553861882, 0.775221870825804, 0.5514131570676514, 0.551413157067652, 31.867779857782693]",5.992434587884031,0.6745000000000001,11.57807764690021,0.5514131570676514,31.867779857782693,6.0,1.0,5.0,1.0
4,"[0.898439191789609, 2.918737588197558, 0.45056080821039096, 0.45056080821039096]",1.1795745991019873,0.6745,1.020618346212825,0.45056080821039096,2.918737588197558,4.0,1.0,4.0,0.8
