Cluster,Dist,mean,median,std,min,max,bag_count,day_count,Cluster_Rank,Cluster_perc
0,"[0.6745, 42.19638987764184, 0.0, 0.11736133192015523, 1.2316386680798448, 1.9685725136901608, 0.11736133192015523, 0.0, 0.6745, 2.3492860621408407, 0.9278152822334753, 0.3383498157329584, 0.3383498157329584, 0.675984304159928, 0.6730156958400719, 1.0818252512129807, 0.0, 0.6745, 13.619736322527219]",3.561009803833294,0.6745,9.571259935773774,0.0,42.19638987764184,19.0,5.0,7.0,1.0
1,"[0.0, 0.0, 0.6744999999999998, 0.6745000000000002, 0.6745000000000007, 0.6744999999999993, 0.0, 0.0, 0.0, 0.6745, 1.908807692307698, 0.0]",0.44010897435897484,0.33724999999999966,0.5472619074749413,0.0,1.908807692307698,12.0,8.0,1.0,0.14
2,"[0.40880782744485533, 0.4006448370095662, 0.9401921725551445, 4.833938610189352, 2.8814039625219654, 0.4006448370095662, 0.3064221773153321, 0.06130763608220806, 7.537475148336052, 0.06130763608220806, 1.0425778226846678, 1.6604103104308194]",1.7112610814718112,0.6744999999999999,2.2109475622666075,0.06130763608220806,7.537475148336052,12.0,2.0,5.0,0.71
3,"[2.8479356706894174, 0.9241744694132337, 0.42482553058676625, 0.42482553058676625, 0.6077530489091443, 3.113681225471577, 0.741246951090855, 0.6077530489091449, 0.32975817736575175, 3.8609432394612537, 1.0192418226342483, 0.32975817736575175]",1.2693247410403259,0.6745,1.1950581845762396,0.32975817736575175,3.8609432394612537,12.0,3.0,4.0,0.57
4,"[0.6744999999999999, 0.6744999999999999]",0.6744999999999999,0.6744999999999999,0.0,0.6744999999999999,0.6744999999999999,2.0,1.0,2.0,0.29
5,"[0.15206838468183145, 0.6745, 0.0, 4.237328246472792, 1.1460479412611577]",1.2419889144831562,0.6745,1.551371604558342,0.0,4.237328246472792,5.0,1.0,3.0,0.43
6,"[7.456450606196673, 0.0, 0.7662707678491243, 0.6745, 0.16143174674449962]",1.8117306241580593,0.6745,2.837428332790347,0.0,7.456450606196673,5.0,1.0,6.0,0.86
