Cluster,Dist,mean,median,std,min,max,bag_count,day_count,Cluster_Rank,Cluster_perc
0,"[0.6745000000000005, 0.6744999999999994, 0.6745000000000007, 0.6744999999999993, 0.6745000000000005, 0.6744999999999994, 1.1777727623456782, 0.0, 0.6745, 0.0]",0.5899272762345678,0.6744999999999997,0.33040256010933217,0.0,1.1777727623456782,10.0,5.0,1.0,0.12
1,"[5.428902439024342, 0.6745, 0.0, 0.6685942992266891, 0.6804057007733109, 1.4815980699175564, 0.8463688246948299, 0.36520508723717, 0.36520508723717, 4.851859001687543, 0.6745, 0.0, 0.6745, 0.0, 817.1005416667562, 0.6745, 0.0, 4926.548000004189, 16.921973890467324, 0.6745, 0.0, 0.8209162541588902, 0.6744999999999999, 0.0, 0.6744999999999999, 0.0, 15.729662898936237]",214.68632345275208,0.6745,936.7929403891836,0.0,4926.548000004189,27.0,8.0,8.0,1.0
2,"[5.576571473354243, 0.655893103448275, 0.693106896551725, 0.655893103448275, 0.6473030398083709, 0.8932681932245908, 0.701696960191628, 0.647303039808372, 0.6291830574488775, 0.629183057448881, 0.7198169425511189, 1.9482344693281337]",1.1997877780510409,0.6745,1.3662251919959554,0.6291830574488775,5.576571473354243,12.0,3.0,5.0,0.62
3,"[1.2443116255661801, 4.790138097634623, 0.5289410669350778, 4.386660140915952, 0.6745, 0.4165809763462507, 0.0]",1.7201617010568688,0.6745,1.8490189010659732,0.0,4.790138097634623,7.0,1.0,6.0,0.75
4,"[0.10711001382579516, 1.8374896059648427, 0.10711001382579471, 1.2418899861742048, 0.1639476051645154, 1.1850523948354845, 2.0992934610578926, 0.1639476051645139]",0.8632300857516304,0.6745,0.7782523932634328,0.10711001382579471,2.0992934610578926,8.0,2.0,4.0,0.5
5,"[0.11574437065148646, 0.11574437065148646, 1.2735293801391523, 1.2332556293485135]",0.6845684376976597,0.6745,0.56900225493955,0.11574437065148646,1.2735293801391523,4.0,1.0,3.0,0.38
6,"[0.6745, 12.563167018135818, 0.0, 0.47024398987768834, 2.5287349219738524]",3.2473291859974722,0.6745,4.736623507944173,0.0,12.563167018135818,5.0,1.0,7.0,0.88
7,"[0.6745, 0.6869841770304197, 1.4742355929234539, 0.22739318035849845, 1.1264508378583524, 0.0, 0.32427354469551]",0.6448339046951762,0.6745,0.4803786037813246,0.0,1.4742355929234539,7.0,1.0,2.0,0.25
