Cluster,Dist,mean,median,std,min,max,bag_count,day_count,Cluster_Rank,Cluster_perc
0,"[0.0, 0.6745000000000003, 0.6744999999999997, 0.0, 0.0, 0.6744999999999995, 0.6745000000000003, 0.0, 0.0, 0.0, 0.0, 0.0, 0.6745000000000008, 0.6744999999999993, 0.0]",0.2698,0.0,0.33043616630145073,0.0,0.6745000000000008,15.0,12.0,1.0,0.33
1,"[0.6745, 0.6745]",0.6745,0.6745,0.0,0.6745,0.6745,2.0,1.0,2.0,0.67
2,"[0.6900948586459185, 0.6589051413540814, 1.2236894962533982, 0.6589051413540814]",0.8078986594018698,0.6744999999999999,0.24039441150053564,0.6589051413540814,1.2236894962533982,4.0,1.0,3.0,1.0
