Cluster,Dist,mean,median,std,min,max,bag_count,day_count,Cluster_Rank,Cluster_perc
0,"[0.6745, 0.6745, 0.6745, 0.6745, 0.6745, 0.6745, 0.6745, 0.6745]",0.6745,0.6745,0.0,0.6745,0.6745,8.0,4.0,2.0,0.67
1,"[0.0, 0.0, 0.0, 0.0, 0.0, 0.0, 0.0, 1.1568871111551402, 0.6745, 1.729711788211781, 0.0, 0.6745]",0.3529665749472434,0.0,0.558656597105639,0.0,1.729711788211781,12.0,8.0,1.0,0.33
2,"[2.543680897646436, 0.0, 0.6745]",1.0727269658821454,0.6745,1.075954356073286,0.0,2.543680897646436,3.0,1.0,3.0,1.0
