Cluster,Dist,mean,median,std,min,max,bag_count,day_count,Cluster_Rank,Cluster_perc
0,"[0.0, 0.0, 0.0]",0.0,0.0,0.0,0.0,0.0,3.0,3.0,1.0,0.33
1,"[0.0, 0.6745, 0.9459352496399421]",0.540145083213314,0.6745,0.39769067282366827,0.0,0.9459352496399421,3.0,1.0,2.0,0.67
2,"[1.6765907596957452, 2.522676871067705, 0.7087665508498455, 0.02875603343036926, 0.46643046295426893, 0.08284777913419202, 0.4099318245844685, 0.6772235890693967, 0.028756033430368415, 1.4609838482486612, 0.6717764109306033, 4.069422105362005, 0.3701547563151475, 0.5663798478730406, 2.470865339468494, 3.206234388205465]",1.213612287538736,0.6745,1.1977361004309588,0.028756033430368415,4.069422105362005,16.0,1.0,3.0,1.0
