Cluster,Dist,mean,median,std,min,max,bag_count,day_count,Cluster_Rank,Cluster_perc
0,"[0.0, 0.0, 0.6744999999999993, 0.6745000000000007, 0.0, 0.0, 0.0, 0.0, 0.0, 0.0]",0.1349,0.0,0.26979999999999993,0.0,0.6745000000000007,10.0,9.0,3.0,1.0
1,[0.0],0.0,0.0,0.0,0.0,0.0,1.0,1.0,1.5,0.5
2,[0.0],0.0,0.0,0.0,0.0,0.0,1.0,1.0,1.5,0.5
