Cluster,Dist,mean,median,std,min,max,bag_count,day_count,Cluster_Rank,Cluster_perc
0,"[0.0, 0.0, 0.0, 0.0, 0.0, 0.0, 0.0]",0.0,0.0,0.0,0.0,0.0,7.0,7.0,1.5,0.5
1,"[293.4306476417691, 293.4063859423747, 6.274620113782344, 0.3659060378051019, 0.2913879610937787, 0.16834648559368648, 0.4334922004037438, 3.5137377500458795, 2.2140038539181495, 0.055950449623783774, 0.0559504496237846, 0.36144980730409215, 0.5352427968434579, 1.6141457148100564, 0.3381783813543768, 1.7149060378051015, 1.4361440631308493, 0.8137572031565421]",33.723569605024366,0.6745,91.82824866527216,0.055950449623783774,293.4306476417691,18.0,1.0,3.0,1.0
2,[0.0],0.0,0.0,0.0,0.0,0.0,1.0,1.0,1.5,0.5
