Cluster,Dist,mean,median,std,min,max,bag_count,day_count,Cluster_Rank,Cluster_perc
0,"[0.0, 0.0, 0.0, 0.6744999999999995, 0.6745000000000004, 0.0, 0.0, 0.0, 0.0, 0.0, 0.0]",0.12263636363636364,0.0,0.26015101304199617,0.0,0.6745000000000004,11.0,10.0,1.0,0.33
1,"[0.0, 0.6745, 5.350690789473687, 3.889791957324582, 0.6745, 0.0]",1.764913791133045,0.6745,2.080895230224876,0.0,5.350690789473687,6.0,2.0,3.0,1.0
2,"[0.6745, 0.6745, 0.6745, 0.6745, 0.6745, 0.6745]",0.6745,0.6745,0.0,0.6745,0.6745,6.0,3.0,2.0,0.67
