Cluster,Dist,mean,median,std,min,max,bag_count,day_count,Cluster_Rank,Cluster_perc
0,"[2.5888019260801722, 3.945526548672576, 0.27527745965642975, 0.2629882873503405, 0.0, 0.8405793857365987, 0.6745, 4.792074960957846, 0.3834221759500269, 1.133061686621556, 0.856379750130142, 0.4009781363872996, 0.040027589796981115, 2.662824200913241, 0.5975022831050227, 0.4879223744292233, 0.5921529680365291, 0.1870639269406391, 4.418858447488582, 0.8670753424657531, 0.7040022831050228, 0.7218333333333335, 0.4660388127853885, 0.5268264840182649, 1.7573310502283097, 0.1870639269406391, 0.6449977168949772, 1.9401803652968033, 2.1162214611872137]",1.209362513258928,0.6745,1.287804352095458,0.0,4.792074960957846,29.0,2.0,3.0,1.0
1,"[0.0, 0.0, 0.0, 0.0, 0.0, 0.0, 0.0, 0.0]",0.0,0.0,0.0,0.0,0.0,8.0,8.0,1.0,0.33
2,"[0.6745, 0.6745]",0.6745,0.6745,0.0,0.6745,0.6745,2.0,1.0,2.0,0.67
