Cluster,Dist,mean,median,std,min,max,bag_count,day_count,Cluster_Rank,Cluster_perc
0,"[0.0, 0.0, 0.0, 0.6745000000000007, 0.6744999999999993, 0.0, 0.0, 0.0, 0.0, 0.0, 0.6745000000000008, 0.6744999999999991]",0.22483333333333333,0.0,0.3179623492735508,0.0,0.6745000000000008,12.0,10.0,1.0,0.33
1,"[0.6745, 0.6745, 0.6745, 0.6745]",0.6745,0.6745,0.0,0.6745,0.6745,4.0,2.0,2.0,0.67
2,"[0.6745, 0.0, 2.7783490918803477]",1.1509496972934492,0.6745,1.1832326214306166,0.0,2.7783490918803477,3.0,1.0,3.0,1.0
