Cluster,Dist,mean,median,std,min,max,bag_count,day_count,Cluster_Rank,Cluster_perc
0,"[0.0, 0.0, 0.0, 0.674500000000019, 0.6744999999999811]",0.26980000000000004,0.0,0.33043616630145073,0.0,0.674500000000019,5.0,4.0,2.0,0.67
1,"[0.9394070558231794, 0.330847123831114, 0.33084712383111275, 0.6821452252762821, 0.4562288183621415, 0.8537805327288183, 0.666854774723718, 0.5120389628790021, 1.0452934258996875, 1.0777856333238878, 1.828929016718617, 0.5819927741569844]",0.7755125389628788,0.6745000000000001,0.4012078912870517,0.33084712383111275,1.828929016718617,12.0,1.0,3.0,1.0
2,[0.0],0.0,0.0,0.0,0.0,0.0,1.0,1.0,1.0,0.33
