Cluster,Dist,mean,median,std,min,max,bag_count,day_count,Cluster_Rank,Cluster_perc
0,"[0.0, 0.0, 0.0, 0.0, 0.0, 0.0, 0.0, 0.0, 0.0, 0.0, 0.0]",0.0,0.0,0.0,0.0,0.0,11.0,11.0,1.0,0.33
1,"[12.02805518127825, 0.6745, 0.0, 0.9571777819780748, 0.0, 0.6745]",2.3890388272093874,0.6745,4.325412545694398,0.0,12.02805518127825,6.0,2.0,3.0,1.0
2,"[0.6745, 0.6744999999999999]",0.6744999999999999,0.6744999999999999,7.850462293418876e-17,0.6744999999999999,0.6745,2.0,1.0,2.0,0.67
