Cluster,Dist,mean,median,std,min,max,bag_count,day_count,Cluster_Rank,Cluster_perc
0,"[0.0, 0.0, 0.0, 0.0]",0.0,0.0,0.0,0.0,0.0,4.0,4.0,1.0,0.33
1,"[0.9295507778738121, 0.22677657735522933, 0.6608001296456354, 1.8768822385479689, 0.6881998703543647, 0.24426577355229068, 0.8683385911840973, 0.471916810717372, 32.34539390665514, 0.22677657735522933, 0.4203236819360418, 0.7290079948141749]",3.3073527441659465,0.6745000000000001,8.765965963994768,0.22677657735522933,32.34539390665514,12.0,1.0,3.0,1.0
2,"[0.6745, 0.6745]",0.6745,0.6745,0.0,0.6745,0.6745,2.0,1.0,2.0,0.67
