Cluster,Dist,mean,median,std,min,max,bag_count,day_count,Cluster_Rank,Cluster_perc
0,"[0.0, 0.0, 0.6745, 1.1450558272208644, 0.0, 0.6745000000000003, 0.6744999999999998, 0.0]",0.3960694784026081,0.3372499999999999,0.4214610515331675,0.0,1.1450558272208644,8.0,5.0,2.0,0.67
1,"[0.6745, 0.6745]",0.6745,0.6745,0.0,0.6745,0.6745,2.0,1.0,3.0,1.0
2,[0.0],0.0,0.0,0.0,0.0,0.0,1.0,1.0,1.0,0.33
