Cluster,Dist,mean,median,std,min,max,bag_count,day_count,Cluster_Rank,Cluster_perc
0,"[0.0, 0.0, 0.0, 0.0, 0.0, 0.0, 0.0, 0.0, 0.0]",0.0,0.0,0.0,0.0,0.0,9.0,9.0,1.0,0.33
1,"[0.6745, 0.6745, 0.6744999999999999, 0.6744999999999999, 0.6745, 0.6745]",0.6745,0.6745,6.409875621278546e-17,0.6744999999999999,0.6745,6.0,3.0,2.0,0.67
2,"[3.3585838168923305, 0.0, 0.6745]",1.3443612722974434,0.6745,1.4506451224347798,0.0,3.3585838168923305,3.0,1.0,3.0,1.0
