Cluster,Dist,mean,median,std,min,max,bag_count,day_count,Cluster_Rank,Cluster_perc
0,"[0.0, 0.0, 0.0, 0.6745, 0.6745000000000001, 0.0]",0.22483333333333336,0.0,0.31796234927355094,0.0,0.6745000000000001,6.0,5.0,1.0,0.33
1,"[0.9292988552739129, 0.0, 0.6745, 0.01587718083633291, 0.3685373857657161, 2.4542385765715853, 0.6005310163389638, 1.904327748546106, 0.01587718083633291, 0.4436271116034334, 1.028654527831625, 0.7484689836610362, 0.35508847964552687, 1.6693454721683725, 0.8859466906674053]",0.8062879473164232,0.6745,0.6940989404524512,0.0,2.4542385765715853,15.0,2.0,3.0,1.0
2,"[0.6745, 0.6745]",0.6745,0.6745,0.0,0.6745,0.6745,2.0,1.0,2.0,0.67
