Cluster,Dist,mean,median,std,min,max,bag_count,day_count,Cluster_Rank,Cluster_perc
0,"[0.0, 0.0, 0.0, 0.6744999999999997, 0.6745000000000003, 0.6744999999999981, 0.6745000000000019, 0.0]",0.33725,0.33724999999999905,0.33725,0.0,0.6745000000000019,8.0,6.0,1.0,0.33
1,"[0.0, 0.6745, 0.8729477463841242, 0.6745, 0.9772141585040055, 0.0, 0.6745, 0.0, 11.999417296389499]",1.7636754668086256,0.6745,3.637350853947076,0.0,11.999417296389499,9.0,3.0,3.0,1.0
2,"[0.6745, 0.6745, 0.6745, 0.6745]",0.6745,0.6745,0.0,0.6745,0.6745,4.0,2.0,2.0,0.67
