Cluster,Dist,mean,median,std,min,max,bag_count,day_count,Cluster_Rank,Cluster_perc
0,"[0.0, 0.0, 0.6745000000000001, 0.6744999999999999, 0.0, 0.0, 0.0, 0.0, 0.0, 0.0]",0.1349,0.0,0.26979999999999993,0.0,0.6745000000000001,10.0,9.0,1.0,0.33
1,"[0.6745, 0.6745]",0.6745,0.6745,0.0,0.6745,0.6745,2.0,1.0,2.0,0.67
2,"[4.3029932570740534, 0.0, 0.6745]",1.6591644190246846,0.6745,1.8896403107780604,0.0,4.3029932570740534,3.0,1.0,3.0,1.0
