Cluster,Dist,mean,median,std,min,max,bag_count,day_count,Cluster_Rank,Cluster_perc
0,"[0.0, 0.6745000000000002, 0.6744999999999998, 0.6744999999999993, 0.6745000000000005, 0.0, 0.0, 0.6744999999999997, 0.6745000000000002, 0.6744999999999998, 0.6745000000000003, 0.0]",0.44966666666666666,0.6744999999999997,0.3179623492735509,0.0,0.6745000000000005,12.0,8.0,1.0,0.33
1,"[0.6745, 0.6745, 0.6745, 0.6745]",0.6745,0.6745,0.0,0.6745,0.6745,4.0,2.0,2.0,0.67
2,"[3.7747737410071704, 0.0, 0.6745]",1.48309124700239,0.6745,1.64369381830396,0.0,3.7747737410071704,3.0,1.0,3.0,1.0
