Cluster,Dist,mean,median,std,min,max,bag_count,day_count,Cluster_Rank,Cluster_perc
0,"[1.1724474453388316, 0.8460645239447401, 0.6389113584735614, 0.35905702076568846, 1.5376021046556132, 0.35905702076568846, 0.5900969410116175, 0.6820299278386153, 0.6774832420770628, 0.6715167579229372, 4.256941079292097, 3.631080619276881, 1.6043369844681004, 0.5336678189259279, 1.0987831642427575, 1.0178121511986273, 0.38520597953143304, 0.37231384210438634, 0.6883060483893358, 0.6878753116653061, 0.028469824690000697, 0.028469824690000593, 0.6041363469771935, 0.6611246883346938, 0.5094976363744037, 0.2752287264987336, 0.6133069926391441, 2.4348721830703797, 1.2804219132652175, 1.0416744920033858, 0.2752287264987338, 0.6085888127527793, 2.8022182025297937, 1.1032739959381173, 0.4102701779076773, 0.7356930073608559, 0.27580205114628015, 0.40483299252070154, 1.0070541421798307, 2.048253996565166, 0.4173897421784374, 0.599279336303687, 0.8813033696905517, 0.9810759565106827]",0.9508649200117193,0.6745,0.8636547198298221,0.028469824690000593,4.256941079292097,44.0,3.0,4.0,1.0
1,"[0.6745000000000001, 0.6745, 0.0, 0.0, 0.6745000000000003, 0.6744999999999997, 0.0, 0.0, 0.0]",0.2997777777777778,0.0,0.3351617446274685,0.0,0.6745000000000003,9.0,7.0,1.0,0.25
2,"[0.29758617469778464, 0.2975861746977848, 1.2048997927453415, 1.0514138253022154, 0.6745, 0.6745, 0.6745, 0.6745]",0.6936857459303907,0.6745,0.2967682792350169,0.29758617469778464,1.2048997927453415,8.0,3.0,2.0,0.5
3,"[2.0400631870539323, 1.559185661567822, 0.14104978919797853, 1.0565763414895377, 1.6231594938804126, 1.633260279641296, 0.6688453988685821, 0.03495870130375934, 0.6745, 0.2662259768458564, 0.015184016046269417, 0.38826290858105417, 0.8269969085615805, 0.3866473082577918, 0.9063189439451622, 1.252845510841942, 0.0, 0.5536649172857658, 1.370035641607353]",0.8104095255250577,0.6745,0.6107038094130742,0.0,2.0400631870539323,19.0,1.0,3.0,0.75
