Cluster,Dist,mean,median,std,min,max,bag_count,day_count,Cluster_Rank,Cluster_perc
0,"[0.5205410696385397, 4.291918391414587, 0.6745, 0.06729488767026356, 20.840614216640127, 2.5930406568783533, 0.0, 2.3381430326771926, 0.45369844765079326, 0.1969555098664207, 0.45218858123068634, 0.7092597508455184, 1.2183144967030826, 0.4910184067738876, 1.0252157108445445, 0.14860696123993333, 0.5299467018662257, 0.0020842721234085515, 0.3438064308134014, 0.6352762962602498, 1.5907591547239577, 1.5899057519647668, 1.642783899851576, 5.470656329837705, 0.5886345531521451, 0.16692229737949807, 0.28003098615538086, 0.45589760091486337, 0.0020842721234094258, 0.27392587410885927, 0.6083284629796344, 1.3044753521983494, 0.15979966665855652, 0.9891102094941473, 14.086741879364451, 0.696458709457651, 0.1362982675977512, 0.652541290542349, 0.8205631645538807, 0.18175837611620796, 0.5773105550013378, 5.9940548066862895, 1.3910957322562592, 3.5610691865982127, 1.400515985790407, 3.0635353779897305, 0.8435393926859535, 1.387485182121219, 2.673891372052847]",1.8392366839080532,0.6745,3.55151419934594,0.0,20.840614216640127,49.0,2.0,3.0,0.75
1,"[25.380788161872967, 0.4510087991317142, 0.4510087991317156, 0.8979912008682843, 1.3698943577223102, 0.6718312684519016, 0.7071729825199344, 0.2545981576236116, 0.6771687315480984, 0.7325989281663682, 0.07454929309195428, 0.07454929309195428, 1.8725677096675037, 0.0, 3.761635944464368, 0.39904489856037717, 0.11834591295660643, 0.4728912277780625, 2.6494832727086433, 0.5238614362928429, 3.77262477585942, 0.8197391772119473, 0.8079728341615862, 0.6142601247502434, 0.6745, 5.010068887928594, 10.23065205114068, 0.6745, 0.0, 0.6252711186279037, 7.324042196787346, 0.04565805374072782, 0.2812377069312766, 4.300670580144422, 1.0677622930687234, 0.04565805374072827]",2.162100228603967,0.6745,4.492955604963301,0.0,25.380788161872967,36.0,5.0,4.0,1.0
2,"[2.096070664973611, 0.30580925103569606, 0.3058092510356961, 1.0431907489643037, 0.6745, 0.0, 10.314348303747773, 0.9667362988387678, 0.2027158551403627, 1.213506858409851, 0.7963813025341666, 0.5526186974658334, 0.20271585514036222]",1.4364925451758785,0.6745,2.618174116182431,0.0,10.314348303747773,13.0,3.0,2.0,0.5
3,"[0.6745, 0.6745, 3.9734826476425424, 0.0, 1.2723711848951333, 0.5873428632730782, 0.27608804913372303, 1.1609374027785209, 4.291394544869383, 0.08299645979724286, 0.6745]",1.2425557411263295,0.6745,1.4135988411452074,0.0,4.291394544869383,11.0,2.0,1.0,0.25
