Cluster,Dist,mean,median,std,min,max,bag_count,day_count,Cluster_Rank,Cluster_perc
0,"[0.6745, 849.5519847908821, 0.4770228136882158, 0.0, 26.674807984791112, 0.7061432098765453, 0.6428567901234546, 1.635454320987657, 0.29644691358024855, 3.074387654321003, 0.29644691358024855, 0.6745, 0.6699562339649288, 0.6724614969989409, 2.9418011486406965, 0.0, 0.7197026927150759, 1.0239889561021536, 0.9910045804401552, 0.9953514816994232, 0.9656852300812051, 0.281030817935742, 0.6741602494998234, 0.6742586818877251, 7554.429845132685, 0.6745, 1.09233185840707, 0.0, 0.1731017699115039, 0.8214965947786623, 149.27887003405226, 527.9849721906926, 0.5275034052213377, 1.117020998864926, 0.0344523269012499, 0.26566572077185163, 0.0344523269012499, 6.036266800256493, 5.7051022218659835, 4.876974520679705, 0.6375333344020521, 0.637533334402052, 0.6758797082398205, 0.6731202917601795, 0.6725147771721706]",203.3702908957725,0.6745,1117.8537431246418,0.0,7554.429845132685,45.0,6.0,5.0,1.0
1,"[0.1712555926396715, 1.9634789311617598, 0.8944702711521076, 0.0630654496883348, 0.2955158483614636, 0.6745, 0.0, 0.8686709774119213, 0.8689965060871575, 0.18535877862593061, 180.67332061068396, 0.18535877862596495, 1.163641221374035, 0.5821321656050849, 0.7668678343949008, 0.5821321656050992, 2.2619378980891653, 0.8763820614469753, 0.4726179385530247, 2.91659415262637, 0.47261793855302026]",9.37804357717552,0.6745,38.30964940791814,0.0,180.67332061068396,21.0,4.0,4.0,0.8
2,"[0.6745, 0.0, 2.084032051282059, 0.735921722091804, 0.0, 0.6745, 0.0, 0.6745, 6.0704999999932605]",1.2126615303741248,0.6745,1.8216494200614457,0.0,6.0704999999932605,9.0,3.0,3.0,0.6
3,"[0.674499999999995, 0.674500000000005, 0.0, 0.0, 0.0, 0.0]",0.22483333333333333,0.0,0.3179623492735508,0.0,0.674500000000005,6.0,5.0,1.0,0.2
4,"[0.6745, 0.6745, 0.6744999999999999, 0.6744999999999999, 0.6745000000000001, 0.6745000000000001]",0.6745,0.6745,9.064933036736789e-17,0.6744999999999999,0.6745000000000001,6.0,3.0,2.0,0.4
