Cluster,Dist,mean,median,std,min,max,bag_count,day_count,Cluster_Rank,Cluster_perc
0,"[1.014823164594837, 0.42571738795346764, 0.5551511302124418, 0.7148578371369764, 0.7250160986136421, 0.6745, 0.0, 0.20654723952524723, 0.3431119467943312, 0.3349046097072237, 0.7584019802518837, 0.6905538448984031, 0.7859840147249498, 0.9579384123103474, 0.3910615876896527, 0.3910615876896523, 1.258342388725102]",0.6016454841663623,0.6745,0.3074169573728781,0.0,1.258342388725102,17.0,2.0,2.0,0.4
1,"[0.0, 0.0, 0.0]",0.0,0.0,0.0,0.0,0.0,3.0,3.0,1.0,0.2
2,"[0.6645971859211856, 0.6844028140788143, 0.96220866790165, 0.8923369198383293, 0.5100096918154259, 0.510009691815426, 0.6745, 0.6744999999999999, 1.1295769965142475, 0.21942300348575244, 0.21942300348575192, 1.3641653305796824]",0.708762775453022,0.6744999999999999,0.3249840622693419,0.21942300348575192,1.3641653305796824,12.0,3.0,3.0,0.6
3,"[0.7988800485392445, 0.5501199514607554, 0.3069812024910698, 0.3069812024910698, 44.754115875996014, 76.02474880941485]",20.456971181732168,0.6745,29.644832646982778,0.3069812024910698,76.02474880941485,6.0,1.0,5.0,1.0
4,"[2.167248102369123, 0.9892061794822525, 0.16099620816976423, 0.3575996170423038, 0.879708945287836, 0.8933046744173282, 0.0, 0.33780549455074527, 0.6745, 0.21002526507510258, 0.9225426524877645, 1.8074944379873434, 0.670210766435547, 0.6787892335644529, 0.21002526507510258]",0.7306304561296443,0.6745,0.5819049748567932,0.0,2.167248102369123,15.0,2.0,4.0,0.8
