Cluster,Dist,mean,median,std,min,max,bag_count,day_count,Cluster_Rank,Cluster_perc
0,"[27.461785714285476, 0.09635714285713139, 0.6745, 24.522892857142647, 0.4336071428571514, 1.5417142857142827, 0.5781428571428485, 0.0, 1.1081071428571314, 7.062411764705915, 0.0, 0.6745, 0.10580392156862724, 1.3490000000000055, 1.3130266666666632, 8.004066666666661, 0.05395999999999401, 0.701479999999997, 0.4496666666666617, 0.05396000000000149, 0.161879999999997, 10.10850666666666, 8.903399999999992, 0.5575866666666647, 0.647520000000003, 8.777493333333332, 0.6756451612903229, 5.336451612903221, 0.7031290322580647, 0.673354838709677, 0.6000645161290323, 0.6000645161290314, 0.6412903225806436, 0.6825161290322567]",3.3898201654361793,0.6745,6.368138928450608,0.0,27.461785714285476,34.0,4.0,3.0,1.0
1,"[0.5221935483870951, 10.683209677419384, 10.63969354838713, 0.6745, 0.0, 0.14052083333333967, 0.14052083333333967, 27.85122916666635, 1.2084791666666603, 0.6745, 0.6745, 2.6478305785123952, 0.6745, 0.473822314049588, 2.5140454545454536, 0.0, 2.2713931623931614, 0.6168504273504289, 0.6745, 0.5707307692307687, 0.0, 2.5654059829059808, 3.2687307692307686, 0.6745, 0.6745, 3.3957586206896555, 4.124528735632185, 0.5504540229885064, 0.6745, 0.47292528735632144, 0.0, 3.636097701149425]",2.6153256437571235,0.6745,5.209779277652707,0.0,27.85122916666635,32.0,7.0,2.0,0.67
2,"[0.6745000000000005, 0.6744999999999995, 0.0]",0.4496666666666667,0.6744999999999995,0.3179623492735509,0.0,0.6745000000000005,3.0,2.0,1.0,0.33
