Cluster,Dist,mean,median,std,min,max,bag_count,day_count,Cluster_Rank,Cluster_perc
0,"[0.16351515151514998, 0.9810909090909168, 0.163515151515167, 22.565090909090816, 0.3679090909090832, 1.0628484848484834, 2.571531250000047, 0.3794062500000106, 0.6604479166666621, 0.5480312500000178, 0.3794062499999989, 0.8009687500000054, 0.6885520833333378, 14.009927083333553, 4.477930555555559, 0.2904097222222215, 4.768340277777781, 0.38409027777777843, 0.0, 0.36535416666666554, 4.655923611111115, 4.9931736111111125, 5.32105555555556, 0.5339791666666664, 0.711972222222222, 0.6745, 0.0, 0.6744999999999999, 0.6744999999999999, 55.64624999999841, 4.833916666666511, 0.0, 8.44374074074081, 1.4322716049382769, 0.09992592592592951, 0.5329382716049459, 0.0, 0.5162839506172863, 1.0492222222222254, 0.6661728395061737, 0.5829012345679038, 0.0, 1.7820123456790302, 0.4829753086419742, 1.1658024691358075, 9.143222222222294, 9.74277777777785, 7.827530864197593, 8.743518518518584, 0.1998518518518521, 0.7494444444444507, 0.6828271604938263, 0.09992592592592259, 0.5662469135802511, 1.4156172839506243, 0.9826049382716079, 9.426345679012416, 2.0151728395061874, 8.760172839506243, 0.3330864197530938, 0.01665432098765954, 1.2823827160493895, 1.9319012345679174, 0.49962962962963375, 0.24981481481481688, 1.5988148148148307, 9.109913580246982, 0.23316049382715734, 0.03330864197531215, 0.3997037037037042, 0.03330864197531215, 0.4829753086419742, 0.16654320987653995, 8.143962962963027]",3.1888216625716526,0.6744999999999999,7.290405171969683,0.0,55.64624999999841,74.0,5.0,5.0,1.0
1,"[0.18736111111111284, 1.2553194444444318, 0.24356944444444747, 0.24356944444444747, 2.39822222222221, 0.9930138888888832, 1.911083333333323, 0.0, 0.6745, 0.7413196261682238, 0.7917495327102817, 0.6732392523364493, 0.6505457943925234, 0.6505457943925244, 0.6757607476635508]",0.8059866424368274,0.6745,0.6198305060678723,0.0,2.39822222222221,15.0,2.0,3.0,0.6
2,"[0.7971363636363651, 0.551863636363635, 0.551863636363635, 13.109827272727223, 25.847803571428326, 0.12044642857141424, 0.1204464285714343, 1.2285535714285656, 0.6745, 0.9138387096774191, 0.6986756272401436, 0.6188960573476703, 0.7035107526881718, 0.0, 0.5923028673835126]",3.1019776615618344,0.6745,6.838286397196366,0.0,25.847803571428326,15.0,3.0,4.0,0.8
3,"[0.0, 0.6745, 1.2646875000000088]",0.6463958333333363,0.6745,0.5166888175695237,0.0,1.2646875000000088,3.0,1.0,1.0,0.2
4,"[0.6745, 0.6745]",0.6745,0.6745,0.0,0.6745,0.6745,2.0,1.0,2.0,0.4
