Cluster,Dist,mean,median,std,min,max,bag_count,day_count,Cluster_Rank,Cluster_perc
0,"[0.6182916666666745, 1.5738333333332555, 0.6744999999999999, 0.0, 1.2365833333332554, 0.0, 0.6744999999994383, 0.6745000000005615, 0.6745000000000004, 0.6744999999999995]",0.6801208333333184,0.6744999999999997,0.4513847645986546,0.0,1.5738333333332555,10.0,4.0,3.0,0.43
1,"[0.6744999999999999, 0.6745, 0.6745, 0.6745, 0.6745, 0.6745]",0.6745,0.6745,4.5324665183683945e-17,0.6744999999999999,0.6745,6.0,3.0,2.0,0.29
2,"[0.6763674262591842, 0.6726325737408156, 0.6726325737408159, 16.04744026195294, 0.6745146625363747, 0.695064873744485, 0.6744853374636254, 0.6744853374636254]",2.5984528808627334,0.6745000000000001,5.083244143407009,0.6726325737408156,16.04744026195294,8.0,2.0,6.0,0.86
3,"[2.195022590691414, 0.4914011210575185, 0.0, 0.6744999999999999, 1.1037726950243616, 2.889169853561462, 0.6744999999999999, 0.0, 0.29938223270100145, 1.2048019348489099]",0.9532550427884667,0.6744999999999999,0.8938311919981441,0.0,2.889169853561462,10.0,2.0,4.0,0.57
4,"[0.39164516129031673, 0.5221935483870951, 2150.1536935483928, 0.0, 7428.638387096794, 7583.207677419375, 8309.209016129054, 0.6745, 0.3046129032258099]",2830.344636200725,0.6745,3563.0537227605414,0.0,8309.209016129054,9.0,1.0,7.0,1.0
5,"[0.6745, 0.0, 0.6829986614791546]",0.4524995538263849,0.6745,0.3199843136483853,0.0,0.6829986614791546,3.0,1.0,1.0,0.14
6,"[3.4456878727634193, 3.4455290755467196, 0.0, 0.5560372763419484, 0.6642840457256459, 0.4795499502982109, 0.6745, 2.6295760437375746, 2.596819706759443]",1.6102204412414405,0.6745,1.3124471888868054,0.0,3.4456878727634193,9.0,1.0,5.0,0.71
