Cluster,Dist,mean,median,std,min,max,bag_count,day_count,Cluster_Rank,Cluster_perc
0,"[0.6745, 0.0, 21.294928571428386, 0.6564330357142857, 0.6925669642857143, 0.6564330357142857, 0.7600169642857139, 3.2244390243902394, 0.6745, 8.538182926829252, 0.0, 0.6580487804878067]",3.15250410859464,0.6745,5.9215298126416815,0.0,21.294928571428386,12.0,3.0,5.0,1.0
1,"[5.2120454545454376, 5.283583333333312, 0.3168106060606041, 4.92589393939392, 0.48032575757575835, 0.32703030303030417, 0.0, 0.8891136363636333, 0.6745, 0.6745, 0.0, 9.206924999999957, 0.4890125000000002, 1.7536999999999887]",2.159531466450208,0.6745,2.7291620200058575,0.0,9.206924999999957,14.0,2.0,3.0,0.6
2,"[13.814759259259286, 0.6745, 13.090296296296328, 0.0, 0.09992592592592554, 2.1958175182481767, 2.505989051094893, 0.6745, 0.2117043795620432, 2.3189014598540174, 0.12800729927007334, 0.6203430656934303, 0.0, 2.0973503649635057]",2.745149615726263,0.6745,4.463705017714767,0.0,13.814759259259286,14.0,2.0,4.0,0.8
3,"[0.6744999999999994, 0.6745000000000004, 0.0]",0.4496666666666666,0.6744999999999994,0.3179623492735508,0.0,0.6745000000000004,3.0,2.0,1.0,0.2
4,"[0.6745, 0.6745, 0.6745, 0.6745, 0.6745, 0.6745, 0.7486670124481327, 0.6143267634854769, 0.7346732365145232, 0.6143267634854769, 0.6745, 0.6745]",0.6756661479944674,0.6745,0.036908537968469775,0.6143267634854769,0.7486670124481327,12.0,5.0,2.0,0.4
