Cluster,Dist,mean,median,std,min,max,bag_count,day_count,Cluster_Rank,Cluster_perc
0,"[0.6744999999999999, 0.6744999999999999, 0.6745, 0.6745]",0.6745,0.6744999999999999,7.850462293418876e-17,0.6744999999999999,0.6745,4.0,2.0,4.0,0.8
1,"[1.1725791447904192, 0.2548287178986792, 0.0, 0.2449211029006121, 0.6745, 0.9259291453533535, 0.47992699682129814, 0.8953836189911466, 1.42509422954954, 0.8489586855250048, 0.7522839572157228, 0.6745, 0.0, 0.3842265788414463, 0.5343402254026698, 0.8396813119016042, 1.3733873201100624, 0.2715406480326754]",0.652893426851902,0.6745,0.41109561508064213,0.0,1.42509422954954,18.0,2.0,3.0,0.6
2,[0.0],0.0,0.0,0.0,0.0,0.0,1.0,1.0,1.0,0.2
3,"[0.7336059396776475, 0.0, 0.6745, 0.6729637620058345, 0.5193497683637174, 0.7336092082691243, 0.7335994024946936]",0.5810897258301454,0.6745,0.2473938442308323,0.0,0.7336092082691243,7.0,1.0,2.0,0.4
4,"[0.0, 19974.373199998874, 0.6745, 0.8658799391943757, 0.0, 0.6745]",3329.4313466563453,0.6745,7443.844300716919,0.0,19974.373199998874,6.0,2.0,5.0,1.0
