Cluster,Dist,mean,median,std,min,max,bag_count,day_count,Cluster_Rank,Cluster_perc
0,"[0.0, 0.6745000000000048, 0.6744999999999952, 0.6744999999999997, 0.6745000000000003]",0.5395999999999999,0.6744999999999997,0.2698,0.0,0.6745000000000048,5.0,3.0,2.0,0.67
1,[0.0],0.0,0.0,0.0,0.0,0.0,1.0,1.0,1.0,0.33
2,"[0.6745000000000002, 0.6744999999999997]",0.6744999999999999,0.6744999999999999,2.830524433501838e-16,0.6744999999999997,0.6745000000000002,2.0,1.0,3.0,1.0
