Cluster,Dist,mean,median,std,min,max,bag_count,day_count,Cluster_Rank,Cluster_perc
0,"[0.0232586206896525, 4862.23791379308, 6298.922913793072, 0.6745, 0.0, 0.6745161137390002, 0.6744838862609995, 1.1222557994796942, 0.6744838862609995, 2.500457018292104, 1.8917721542981705, 1.2205526490380056, 1.362249834138944, 0.10110653018671198, 0.08706937731020759, 0.38958819069282513, 0.08706937731020759, 1.0247794521846265, 0.3669645531229265, 0.9481605535020377, 0.40083944649796227, 1.1572144126878314, 0.6722955679619289, 0.0, 0.4740840300345339, 0.6745, 1.3257629132757451, 1.1570957605384735, 1.3986406575497095, 0.8403965923971806, 0.8891839208200822, 0.19001436824432513, 0.5086034076028194, 0.9280649321618475, 0.4711852461927245, 0.19001436824432513]",310.72949975574636,0.6745,1289.2926023842374,0.0,6298.922913793072,36.0,5.0,5.0,0.83
1,"[2.9590436052627322, 0.20800530804460032, 0.6745, 1.71901280080268, 0.0, 1.5360341290210051, 0.46252484987416836, 0.0, 0.35708685121969447, 0.6745, 0.9060951959733885, 1.5361584979941694]",0.9194134365160366,0.6745,0.836754170644816,0.0,2.9590436052627322,12.0,2.0,3.0,0.5
2,"[0.6745, 0.6745, 0.6745, 0.6745]",0.6745,0.6745,0.0,0.6745,0.6745,4.0,2.0,2.0,0.33
3,"[0.6745, 0.6744999999999998, 0.0]",0.4496666666666666,0.6744999999999998,0.3179623492735508,0.0,0.6745,3.0,2.0,1.0,0.17
4,"[3.61031322529393, 0.6745, 0.10729415316174133, 0.8794776993962502, 2.1095668001271046, 2.736022338735302, 0.0, 0.3344165427391169, 0.09888380044486807]",1.1722749510998127,0.6745,1.2456123258725569,0.0,3.61031322529393,9.0,1.0,4.0,0.67
5,"[0.6745, 4878.8030357142425, 4944.831767857099, 0.3854285714285657, 0.0]",1964.9389464285541,0.6745,2406.206789170454,0.0,4944.831767857099,5.0,1.0,6.0,1.0
