Cluster,Dist,mean,median,std,min,max,bag_count,day_count,Cluster_Rank,Cluster_perc
0,"[6.508577319587621, 0.36158762886597956, 0.9874123711340204, 0.36158762886597956, 0.3065909090908627, 1.0424090909090862, 0.3065909090909137, 66.5302272727245, 0.40470000000000345, 4.929038461538465, 0.22829230769230874, 0.0, 0.300930769230771, 5.717684615384619, 1.359376923076922, 0.6745, 0.622615384615386, 5.385623076923082, 5.520523076923081]",5.344645670823874,0.6745,14.596087634178655,0.0,66.5302272727245,19.0,3.0,6.0,0.86
1,"[4.995073426573442, 0.4009265734265734, 0.9480734265734266, 0.3160244755244729, 1.6933251748251767, 0.24055594405594172, 5.202611888111905, 0.051884615384613725, 5.419583916083933, 5.5233531468531645, 0.051884615384617645, 0.11791958041958342, 25.091399999999986, 0.0, 0.6745, 0.31476666666665043, 1.214100000000015]",3.073881379404912,0.6745,5.876067805646517,0.0,25.091399999999986,17.0,2.0,5.0,0.71
2,"[0.0, 0.0]",0.0,0.0,0.0,0.0,0.0,2.0,2.0,1.0,0.14
3,"[41.48175000000025, 0.6745, 0.0, 0.0, 2.8963823529411883, 0.6745]",7.6211887254902395,0.6745,15.17420733108055,0.0,41.48175000000025,6.0,2.0,7.0,1.0
4,"[0.6745, 0.6745, 0.6745, 0.6745, 0.6745, 0.6745]",0.6745,0.6745,0.0,0.6745,0.6745,6.0,3.0,2.0,0.29
5,"[10.80221969696973, 0.05109848484848788, 0.7664772727272756, 0.5620833333333326, 0.17373484848484688, 11.067931818181847, 3.7506287878788025, 0.05109848484848788, 0.6438409090909082, 0.7051590909090918]",2.857427272727281,0.6745,4.164804757483194,0.05109848484848788,11.067931818181847,10.0,1.0,4.0,0.57
6,"[0.6744999999999999, 1.9008636363636247, 0.0, 0.18395454545455006, 0.919772727272725]",0.7358181818181798,0.6744999999999999,0.6694642597191547,0.0,1.9008636363636247,5.0,1.0,3.0,0.43
