Cluster,Dist,mean,median,std,min,max,bag_count,day_count,Cluster_Rank,Cluster_perc
0,"[0.34547560975609654, 0.13160975609755862, 2542.667585365824, 2897.5697439024048, 2239.9486951219246, 2290.3223292682655, 241.78357317072886, 0.0, 0.1809634146341517, 0.6745, 0.26321951219513096, 3.489928042724018, 0.8002482332358455, 0.2662195284471186, 0.3580560112652756, 0.8639138528095897, 1.0690359950501063, 0.17622951686016558, 0.9474257171273551, 1.0534539032932555, 0.17622951686016558, 0.4328713060432692, 0.5487517667641545]",444.5247851527093,0.6745,947.2532444364821,0.0,2897.5697439024048,23.0,2.0,5.0,1.0
1,"[1.4276573677111837, 0.4917728298872547, 0.4917728298872549, 0.8572271701127452, 0.6745, 0.0, 2.3301208710665184]",0.8961501526664224,0.6745,0.7090781605216728,0.0,2.3301208710665184,7.0,2.0,3.0,0.6
2,"[11.878322173760859, 0.5657424817596859, 0.5657424817596859, 0.7832575182403141, 0.6742795252822408, 7.195870797817504, 0.0, 2.2075455105478863, 0.6745, 1.0302768765509347, 0.593397046547026, 0.6861255969265531, 0.6628744030734469, 0.5648937137816826, 0.5207749742614577, 0.5207749742614576, 0.7018723554453303, 0.7532811178617606, 0.7367636335518901, 3.388567143455207, 0.5873872802121131, 0.0, 0.6745, 1.129669843706392]",1.5456841437001427,0.6745,2.589392634711804,0.0,11.878322173760859,24.0,4.0,4.0,0.8
3,"[0.6745, 0.6745, 0.6745, 0.6745]",0.6745,0.6745,0.0,0.6745,0.6745,4.0,2.0,2.0,0.4
4,"[0.0, 0.6745000000000001, 0.6745, 0.0, 1.801893402387787, 0.0, 0.6745]",0.5464847717696839,0.6745,0.6001370490069617,0.0,1.801893402387787,7.0,4.0,1.0,0.2
