Cluster,Dist,mean,median,std,min,max,bag_count,day_count,Cluster_Rank,Cluster_perc
0,"[0.5899128590408492, 0.6745, 0.7673343303411857, 0.857869940494255, 0.01708573817921856, 0.546061283948286, 1.5938212815653585, 1.4925289952813536, 1.3995854908942946, 0.0, 0.5629726469153462, 0.6745, 0.16136473828574024, 0.0, 2.500639102921592, 4.110110347928022]",0.9967679222372189,0.6745,1.0368312027168014,0.0,4.110110347928022,16.0,2.0,3.0,1.0
1,"[0.6744999999999999, 0.6745000000000001, 0.0, 0.0]",0.33725,0.33724999999999994,0.33725,0.0,0.6745000000000001,4.0,3.0,1.0,0.33
2,"[0.7605753821071938, 0.5884246178928062, 0.9763823925005092, 0.5884246178928062, 0.9748515911262517, 0.6745, 0.45354948070292045, 0.7397026941132483, 0.0, 0.6745, 0.0, 1.0463883005188717, 1.46268713720473, 0.2853364963157771, 2.412394605430831, 1.3729897071164394, 0.41942738345610237, 0.7693407529811556, 0.6745, 0.0, 0.2755590204752584, 0.0, 0.6745, 2.1644440681829273, 0.00781320625918928, 0.5516208622138208, 0.7971949642932158, 2.452404647132955, 1.9067694234404535, 0.5518050357067842, 0.007813206259188904, 1.1070172810333962, 1.1833670839748605, 2.6368303970317277, 0.1656329160251395, 0.1656329160251395]",0.8200661163170471,0.6745,0.7190686512770773,0.0,2.6368303970317277,36.0,7.0,2.0,0.67
