Cluster,Dist,mean,median,std,min,max,bag_count,day_count,Cluster_Rank,Cluster_perc
0,"[7.214718542764837, 0.0, 0.12360863373575957, 1.9927913832681527, 0.5147349090290767, 1.0351183684747498, 0.485459934534943, 0.6745000000000001, 0.8889442059173609, 11.980567248146551, 1.273990187527259, 0.6433782817269958, 0.33786772786742236, 0.0, 3.5459932839075505, 0.6744999999999999, 0.648911795161442, 2.0362623552668744, 0.8646654429069, 0.0, 0.20991217170290857, 0.6745, 15.733888731996617]",2.2414918784319737,0.6745,3.9308195185286703,0.0,15.733888731996617,23.0,3.0,4.0,1.0
1,"[3.1311857249873305, 0.339977008835129, 0.6745, 3.21451182056536, 0.0, 0.6745, 0.6745, 0.6050022538220707, 0.6834593712150643, 0.6990737248337484, 0.7089232529308256, 0.41662810221897206, 0.41662810221897206, 0.6655406287849357, 0.7902936110285884]",0.9129815734293998,0.6745,0.90752050724211,0.0,3.21451182056536,15.0,3.0,2.0,0.5
2,"[2.78376690617375, 0.6402975337626964, 0.7087024662373035, 0.6402975337626966, 5.368949600090758, 0.4377037835384878, 2.044887798513812, 0.0, 0.6745, 7.334948224544889, 0.6745, 0.5201031355990862, 2.821816294040285, 0.0, 0.056010782152856466, 1.4074751494211797, 0.6328066559440837, 3.1441576219693816, 0.28163432020809764, 0.023652568455749565, 0.09163696114056522, 1.9387338019499223, 1.157743670697564, 0.023652568455749565, 0.7161933440559162, 2.579897877325709]",1.4116949460784824,0.6745,1.7323496293631024,0.0,7.334948224544889,26.0,4.0,3.0,0.75
3,"[0.6745, 0.6745000000000001, 0.0, 0.6744999999999998, 0.6745000000000002]",0.5396,0.6745,0.2698,0.0,0.6745000000000002,5.0,3.0,1.0,0.25
