Cluster,Dist,mean,median,std,min,max,bag_count,day_count,Cluster_Rank,Cluster_perc
0,"[0.0, 9.048170731707298, 0.6745, 74.464800000002, 0.0, 0.6745, 0.6745, 0.6745]",10.776371341463662,0.6745,24.237507605252723,0.0,74.464800000002,8.0,3.0,3.0,1.0
1,"[14.272419999999908, 0.5935599999999981, 0.43167999999999457, 13.840739999999915, 0.5665800000000013, 1.9425599999999867, 0.6745, 15.108799999999901, 0.0, 0.6745, 0.6370277777777743, 6.651319444444408, 9.049541666666618, 0.0, 0.6932361111111012, 0.3372499999999922, 0.0, 10.291564516129059, 2.023500000000009, 0.6745, 0.2175806451612941, 0.13054838709677827, 0.32637096774193664, 12.075725806451647, 9.682338709677449]",4.035833761290311,0.6745,5.288591754014248,0.0,15.108799999999901,25.0,3.0,2.0,0.67
2,"[0.0, 0.6745000000000014, 0.6744999999999987]",0.4496666666666667,0.6744999999999987,0.31796234927355094,0.0,0.6745000000000014,3.0,2.0,1.0,0.33
