Cluster,Dist,mean,median,std,min,max,bag_count,day_count,Cluster_Rank,Cluster_perc
0,"[3.0723974051790215, 3.530898299544354, 3.575035115869259, 0.887788400463278, 0.46121159953672203, 0.3393664093637892, 0.14287945647809247, 0.14287945647809197, 0.0, 0.43207868888901885, 0.6745, 4.544039250843868, 4.414710004738532, 18.91077728627751, 1.5085420026650902, 0.0896856222438957, 0.0, 0.6745]",2.411182722142807,0.6745,4.296846254680944,0.0,18.91077728627751,18.0,3.0,6.0,0.86
1,"[0.6359410344574197, 0.32290113316962943, 0.7130589655425803, 0.7740106718798798, 9.457747446464548, 0.32290113316962943, 0.42227681827252767, 0.9034611853921372, 0.6466798271076357, 0.3040823823950943, 0.5992197256943814, 0.6974866702345748, 11.190690548974072, 10.358655072476912, 8.78449950563306, 6.984680548248396, 0.6515133297654252, 0.30408238239509444]",3.004104910070722,0.6745,4.014418750139809,0.3040823823950943,11.190690548974072,18.0,2.0,7.0,1.0
2,"[1.1063937299848308, 0.8534230715208713, 0.0, 0.14829412466992564, 0.6745, 10.825615642182434, 0.0, 0.6745]",1.7853408210447577,0.6745,3.438363508380846,0.0,10.825615642182434,8.0,2.0,5.0,0.71
3,"[0.6745, 0.0, 1.5258206341019822, 0.0, 0.0, 0.0]",0.3667201056836637,0.0,0.5739014203931354,0.0,1.5258206341019822,6.0,4.0,1.0,0.14
4,"[0.8437456637926688, 0.5052543362073312, 0.5052543362073312, 1.043548391569606, 0.1318666018153021, 0.8123260308553145, 2.0371920457925667, 0.5366739691446856, 0.13186660181530238, 1.4161750745656703]",0.7963903051765777,0.6745000000000001,0.5574461500099819,0.1318666018153021,2.0371920457925667,10.0,2.0,3.0,0.43
5,"[0.6745, 0.3685104689353167, 1.9787015327068649, 3.5184950050177815, 0.0, 0.3458793990477579, 0.0, 0.6745, 1.055239092326907, 0.6310280125274991, 0.9953400303043751, 2.4429944161969916, 0.9568562459979844, 0.4083142557359589, 0.23353685341685007, 1.1979470307418234]",0.9676151464347569,0.6745,0.9193236331635243,0.0,3.5184950050177815,16.0,2.0,4.0,0.57
6,"[0.6745, 0.6745, 0.6745, 0.6745, 0.6745, 0.6745]",0.6745,0.6745,0.0,0.6745,0.6745,6.0,3.0,2.0,0.29
