Cluster,Dist,mean,median,std,min,max,bag_count,day_count,Cluster_Rank,Cluster_perc
0,"[0.0, 0.6744999999999994, 0.6745000000000005, 0.0, 0.0, 0.0, 0.0, 0.0, 0.0, 0.0, 0.0, 0.6745000000000001, 0.6745]",0.20753846153846156,0.0,0.3113076923076923,0.0,0.6745000000000005,13.0,11.0,1.0,0.14
1,"[1.1819334565619168, 0.1670665434380747, 565.4155212569276, 0.167066543438083, 0.36041984732823273, 0.36041984732823273, 3.5012213740457336, 0.9885801526717671]",71.51777862771746,0.6744999999999999,186.67864059507926,0.1670665434380747,565.4155212569276,8.0,2.0,5.0,0.71
2,"[0.6745, 0.0, 0.9037635467980254, 0.0, 0.6745, 3.3725]",0.9375439244663376,0.6745,1.142111614269704,0.0,3.3725,6.0,2.0,3.0,0.43
3,"[0.5901875000000009, 0.22103547297298096, 0.25293749999998955, 861.9266875000075, 834.4955016891965, 0.22103547297296575, 1.7067584459459704, 0.7588124999999991]",212.521619510137,0.6745,367.07983561539027,0.22103547297296575,861.9266875000075,8.0,1.0,6.0,0.86
4,"[0.0, 0.1758175355450575, 1.8061255924170643, 16.018575829383884, 0.6745, 0.4437499999999813, 0.6745, 0.0, 7.472749999999517, 3187.669249999792]",321.4935268957137,0.6745,955.4041660792554,0.0,3187.669249999792,10.0,2.0,7.0,1.0
5,"[0.674626126631512, 0.846158345487864, 0.8353505544335987, 0.830511075582482, 0.4832541886383185, 0.48350265810239734, 0.04805298533976596, 0.0, 0.6745, 0.6742931523243203, 0.6746400005609784]",0.5658990079182943,0.6745,0.2812931420317916,0.0,0.846158345487864,11.0,1.0,2.0,0.29
6,"[0.1616570247934627, 0.6410537190082645, 4.25325206611626, 0.7079462809917355, 10.440814049588003, 0.1616570247934627]",2.7277300275485317,0.6745,3.728764056440407,0.1616570247934627,10.440814049588003,6.0,1.0,4.0,0.57
