Cluster,Dist,mean,median,std,min,max,bag_count,day_count,Cluster_Rank,Cluster_perc
0,"[1.0900304836958556, 2.51977301486279, 0.2220261783534873, 0.2469875519448918, 1.0477969001534946, 0.4116543371644641, 0.6745, 0.4155683613492566, 0.9983160589270339, 1.2124005559507316, 0.5805255419115718, 0.9252879431694808, 0.0, 0.2734766575568117, 0.9754253303882294, 1.2771587173823515, 0.5955503444273895, 0.536039488962104, 0.3187181127447427, 0.1848538621750682, 0.8286338081829929, 0.8129605110378961, 0.24025373009767917, 0.18270991959244703, 3.799511687397497, 0.9065108093005708, 0.18270991959244703, 1.1898245003555932, 1.1286291346753947, 0.8967173962485488, 1.3111092816700778, 0.0, 0.7446539423756001, 0.6140750828934296, 1.243910379334698, 0.1606379143175207, 0.7379687698255947, 0.48723442980093606, 0.7072638045989394, 0.40976555224380845, 0.6745, 0.2479730731018303, 0.6340513620820233, 0.7980285612650033, 0.5752669370940718, 0.3836738289766598, 0.4970863608197738, 1.0174310754366234, 0.7899945608519034, 0.7149486379179767, 0.8448471243660062, 0.3836738289766597, 1.0149506528662409, 3.532554124203819, 0.3340493471337591, 0.03103988853503141, 1.7786822770700619, 0.03103988853503198, 1.264335504112397, 1.3872937801554959, 0.08466449588760304, 0.08466449588760258, 0.24064204431689248, 5.271548605085763, 0.24064204431689248, 1.1083579556831076, 1.172852325581395, 1.627383139534883, 5.261409302325579, 0.6745, 0.0, 0.0014029069767439576, 0.5678348837209302, 2.0348135151987523, 1.061998409976617, 0.0, 0.6744999999999999, 0.7394791114575209, 0.5143724032216156, 0.3270545180566377, 5.756882909846711, 0.6399916757599371, 0.6915703776651914, 0.33462101778574055, 2.351246449377676, 1.8246176955660227, 0.6574296223348085, 0.779139094220524, 0.33462101778574055, 0.5294298003108647]",0.929047340511595,0.6745,1.0707148340158366,0.0,5.756882909846711,90.0,10.0,2.0,0.67
1,"[0.6745000000000001, 0.6744999999999999, 0.0]",0.44966666666666666,0.6744999999999999,0.3179623492735509,0.0,0.6745000000000001,3.0,2.0,1.0,0.33
2,"[1.3936824185425027, 0.5315786565936892, 1.2030281889197252, 10.760108747044924, 0.40295638040908655, 0.0, 0.2846987614348854, 0.29996843200740037, 0.048512835337649975, 0.6745, 0.32620938688457185, 2.3676482166718076, 1.6144946808510647, 2.6434208937198083, 2.0290463048617546]",1.638656926885258,0.6745,2.57408073484919,0.0,10.760108747044924,15.0,1.0,3.0,1.0
