Cluster,Dist,mean,median,std,min,max,bag_count,day_count,Cluster_Rank,Cluster_perc
0,"[1.2709000000000084, 0.9869000000000144, 0.6674000000000007, 0.6815999999999993, 2.3998000000000075, 724.3491000000037, 0.19880000000000272, 0.0, 149.78870000000074, 27.64030000000012, 0.5822000000000097, 0.5183000000000164, 0.7738999999999895, 1.1359999999999988, 0.0, 0.1136000000000117, 0.6532000000000022, 0.5964000000000081, 3.6494000000000177, 0.22719999999999974, 0.6809855769230547, 0.46047596153846054, 577.196889423085, 0.1751105769230601, 623.7892740384702, 0.2788798076922809, 0.006485576923076299, 0.006485576923076299, 0.3437355769230871, 0.3437355769230871, 0.42156250000000267, 0.7588125000000134, 177.46484134615636, 0.6680144230769454, 1.9132451923076814, 483.4024759615452, 1.7316490384615448, 0.7847548076923188, 0.4687203389830741, 0.2743728813559393, 1.6462372881355596, 0.5487457627118786, 1.6005084745762428, 0.4229915254237572, 0.32010169491525614, 1.554779661016926, 3.7268983050847058, 417.5840932203379, 2.5036525423729032, 0.7087966101694876, 0.6745, 0.0, 0.43442372881354835, 1.1203559322034156, 0.5944745762711574, 0.47010606060608123, 426.9585000000039, 0.3781287878787838, 0.0, 1.9213030303030405, 0.6745, 0.8277954545454731, 0.0, 0.6745, 0.6394610389610712, 1.1387662337662812, 458.318370129881, 0.035038961038958004, 0.7182987012986974, 0.446746753246773, 2.540324675324718]",57.98009303987036,0.6745,162.00549638269104,0.0,724.3491000000037,71.0,5.0,3.0,1.0
1,"[0.5342813620071529, 3.387005376344052, 0.5342813620071691, 0.814718637992831, 0.6745, 0.9965872528508103, 0.0, 0.43237179487179933, 0.43237179487168415, 0.9166282051282006, 6.589346153845156, 1.3085300000000926, 0.6745, 0.6205400000000485, 1.092690000000017, 0.0, 3.2742718446602255, 1.218029126213605, 0.9036990291262131, 0.681048543689298, 0.6679514563107021, 0.5893689320388213, 0.1964563106796362, 0.3798155339805893, 0.1964563106795926, 1.1132524271844888, 0.6745, 0.6745, 0.6745000000000001, 2.8567058823528764, 0.0, 0.6744999999999999, 0.0, 0.056208333333325526, 0.7166562499999473, 3.611385416666587, 1.124166666666651, 0.37940624999999417]",1.0439797435131994,0.6745,1.2753210037391463,0.0,6.589346153845156,38.0,8.0,2.0,0.67
2,"[0.0, 0.0, 0.0, 0.6745000000000106, 0.6744999999999893]",0.2698,0.0,0.33043616630145073,0.0,0.6745000000000106,5.0,4.0,1.0,0.33
