Cluster,Dist,mean,median,std,min,max,bag_count,day_count,Cluster_Rank,Cluster_perc
0,"[0.2796707317073187, 0.4249898373983782, 0.1782215447154461, 0.0, 1.883664634146343, 5.527609756097574, 0.6745, 0.7293373983739824, 3.9811951219512314, 2.903205026455026, 20.18236044973545, 0.27747288359788425, 0.5852804232804242, 0.17130158730158776, 0.6745, 0.0, 28.188033068783064, 3.5759206349206347]",3.9020701721369084,0.6745,7.457925888054816,0.0,28.188033068783064,18.0,2.0,3.0,1.0
1,"[0.0, 0.0, 0.0, 0.6745, 0.6745000000000001, 0.0, 0.0]",0.19271428571428575,0.0,0.30470804025479603,0.0,0.6745000000000001,7.0,6.0,1.0,0.33
2,"[0.0, 0.7660392857142748, 0.6745, 0.24185258964143383, 0.6745, 0.8572330677290809, 2.9344780876493934, 0.0, 2.7467003610108165, 0.6745, 0.0, 0.21518563432835752, 1.1338143656716424, 3.300771455223879, 0.21518563432835752]",0.9623173654198156,0.6745,1.0734042083605544,0.0,3.300771455223879,15.0,4.0,2.0,0.67
