Cluster,Dist,mean,median,std,min,max,bag_count,day_count,Cluster_Rank,Cluster_perc
0,"[0.6745000000000012, 0.6744999999999989, 0.6745, 0.6745000000000001, 0.0, 0.6745000000000002, 0.6744999999999998, 0.0, 0.0]",0.4496666666666667,0.6744999999999998,0.3179623492735509,0.0,0.6745000000000012,9.0,6.0,1.0,0.17
1,"[0.6745, 0.0, 0.8818258196721255, 0.0, 5.639560423688009, 0.6745, 0.0, 29.299393173198442, 0.6745]",4.204919935173176,0.6745,9.026315753059587,0.0,29.299393173198442,9.0,3.0,6.0,1.0
2,"[0.6555887850467311, 2.048714953271036, 0.6745, 2.0298037383177565, 0.0]",1.0817214953271048,0.6745,0.8187155933119381,0.0,2.048714953271036,5.0,1.0,3.0,0.5
3,"[0.6744999999999999, 0.6744999999999999, 0.6745, 0.6745]",0.6745,0.6744999999999999,7.850462293418876e-17,0.6744999999999999,0.6745,4.0,2.0,2.0,0.33
4,"[0.10049368686868722, 0.35428282828282925, 0.10049368686868722, 0.9947171717171708, 5.339791666666673, 1.7509747474747488]",1.4401256313131325,0.6745,1.8380557274029543,0.10049368686868722,5.339791666666673,6.0,1.0,5.0,0.83
5,"[2.006089865651116, 0.7458530096265736, 0.6488129165344335, 0.17388728445995988, 0.3258691949645615, 5.758259229874113, 2.6398472971543425, 0.08112837194541425, 0.7614079657251667, 0.532935628900878, 0.6602293980746853, 0.18601729609647727, 0.5390719877287634, 2.9860520998624778, 1.1355831482069183, 2.5509414471596323, 0.309743414788956, 0.7300126414894741, 0.1894422405585529, 0.07413577700200985, 0.07413577700200985, 0.6139926478366655, 2.693647466412779, 1.210646514334074, 2.444625462816037, 0.25894007193483554, 0.7519893684544589, 0.43418306357770037, 0.10010827250608263, 0.6121374695863748, 0.7661172643605205, 2.4801592616100705, 1.3034054268486195, 2.5048474029408654, 0.5089610176663493, 0.6887706019253147, 0.44360166084840796, 3.429582407701259, 6.6046486300645295, 0.6164186501639692, 0.5139557283402094, 0.9015452766317572]",1.2617080871277953,0.6745,1.4325056082631136,0.07413577700200985,6.6046486300645295,42.0,1.0,4.0,0.67
