Cluster,Dist,mean,median,std,min,max,bag_count,day_count,Cluster_Rank,Cluster_perc
0,"[0.0, 0.0, 0.6745000000000001, 0.6744999999999999, 0.0, 0.0, 0.0, 0.0, 0.0, 0.0, 0.0]",0.12263636363636364,0.0,0.26015101304199617,0.0,0.6745000000000001,11.0,10.0,1.0,0.33
1,"[0.6744999999999999, 0.6744999999999999]",0.6744999999999999,0.6744999999999999,0.0,0.6744999999999999,0.6744999999999999,2.0,1.0,2.0,0.67
2,"[0.0, 0.6745000000000001, 4.742720224719092]",1.805740074906364,0.6745000000000001,2.094934662910436,0.0,4.742720224719092,3.0,1.0,3.0,1.0
