Cluster,Dist,mean,median,std,min,max,bag_count,day_count,Cluster_Rank,Cluster_perc
0,"[1.258712598425206, 2.5227362204724595, 0.6745, 1.03564960629921, 452.0690196850417, 0.24961811023621197, 0.24430708661416525, 0.0, 0.19650787401574513, 0.47333333333338445, 0.18933333333332225, 1.0768333333333886, 0.31949999999998135, 0.5916666666667109, 1261.8593333333988, 0.40233333333334925, 0.8756666666666943, 0.011833333333372054, 1.2070000000000871, 0.42600000000005395, 0.1656666666666964, 0.0, 0.6981666666666653, 2.804500000000112, 0.6745, 0.6745, 0.639000000000002, 1.5620000000000664, 1.1951666666667544, 1.4791666666667773]",57.85255170603903,0.6745,237.7868564817878,0.0,1261.8593333333988,30.0,2.0,3.0,1.0
1,"[0.0, 0.0, 0.0, 0.0]",0.0,0.0,0.0,0.0,0.0,4.0,4.0,1.0,0.33
2,"[0.24892261904761617, 0.35330952380950853, 5.452208333333273, 0.0, 0.8591845238095285, 0.3452797619047476, 0.17665476190476762, 2.1359166666666534, 0.6343511904761953, 0.8029761904761753, 0.6745, 1.485505952380936, 1.1723452380952324, 0.5299642857142761, 0.12847619047620193, 0.9796309523809428, 0.2328630952380943, 0.7226785714285657, 1.0840178571428352, 1.0599285714285522, 0.4416369047619057, 0.6263214285714199, 1.6380714285714533, 0.72267857142858, 0.562083333333331, 1.4052083333333545, 0.562083333333331, 0.7511477272726931, 0.5978522727272559, 0.597852272727307, 2.6366818181818252, 2.364497222222278, 0.07869166666668434, 3.4886638888889654, 0.37846944444443437, 0.8581138888888844, 0.24356944444444686, 0.07869166666665939, 0.49088611111111563, 1.675008333333353, 0.8880916666666843, 0.0, 1.8076599999999838, 1.079199999999991, 3.493909999999939, 0.7554399999999891, 0.18886000000001976, 0.4316799999999874, 1.821149999999937, 2.0639699999999497, 0.6745, 0.5126199999999766, 0.2832900000000072, 0.5935599999999659, 5.807559322033524, 3.566847457626819, 0.29723728813561906, 1.051762711864381, 0.2743728813558857, 0.2743728813559619, 1.3815620689655452, 0.36748620689654893, 0.15350689655171001, 0.06977586206895911, 0.19072068965518588, 0.7210172413793061, 2.591010344827627, 0.6279827586206939, 0.11629310344826518, 1.679272413793135, 0.09768620689654274, 1.018727586206927, 0.06977586206895911, 1.065244827586233, 0.5349482758620818, 0.7303206896551983, 0.9163896551724225, 1.0001206896552046, 0.6745, 0.6744999999999999, 0.6745, 0.6745]",0.9899127922557626,0.6745,1.0740546031815223,0.0,5.807559322033524,82.0,9.0,2.0,0.67
