Cluster,Dist,mean,median,std,min,max,bag_count,day_count,Cluster_Rank,Cluster_perc
0,"[0.8111552044609613, 0.5378447955390386, 4.622456319702653, 0.5378447955390344, 0.7178926206244037, 0.12060596026489548, 1.262852885525066, 0.05806953642383872, 0.6540799432355705, 0.5302833491012334, 1.8014318826868407, 0.05806953642384298, 0.6566324503311278, 2.05795884578997, 1.4491859035004724, 0.6923675496688722, 0.15251229895931853, 2.184307947019858, 0.6745, 0.6745]",1.0127275912398497,0.6745,1.0277926798972303,0.05806953642383872,4.622456319702653,20.0,3.0,2.0,0.67
1,"[0.6745000000000023, 0.6744999999999977, 0.0, 0.0]",0.33725,0.33724999999999883,0.33725,0.0,0.6745000000000023,4.0,3.0,1.0,0.33
2,"[6.571246869409638, 0.0, 0.6745, 0.6745, 0.0, 3.182796875000023, 0.2029108087679542, 0.6515578231292516, 2.101503401360559, 0.2029108087679525, 0.6974421768707484, 1.1481284958427906]",1.3422914382624098,0.6745,1.8103462047338292,0.0,6.571246869409638,12.0,3.0,3.0,1.0
