Cluster,Dist,mean,median,std,min,max,bag_count,day_count,Cluster_Rank,Cluster_perc
0,"[0.8993333333333332, 4.946333333334082, 0.4496666666666666, 0.4496666666666666, 8.094000000000749, 0.4496666666666666, 0.6744999999999999, 0.6744999999999999, 3.2687307692309058, 0.15565384615383618, 0.15565384615383618, 0.36319230769228444, 1.1933461538462502, 0.9858076923077155]",1.6257179487180708,0.6744999999999999,2.213009980322629,0.15565384615383618,8.094000000000749,14.0,3.0,3.0,1.0
1,"[0.0, 1.236583333333349, 0.5620833333333489, 0.6744999999999999, 1.7986666666666042, 0.6745, 0.0, 0.0, 1.6862499999997895, 1.3489999999998596, 2.3607499999997894, 0.3372500000000702]",0.8899652777777343,0.6744999999999999,0.7547537198409197,0.0,2.3607499999997894,12.0,2.0,2.0,0.67
2,"[0.6745000000000703, 0.6744999999999297, 0.0, 0.0, 0.0, 0.0]",0.22483333333333333,0.0,0.3179623492735508,0.0,0.6745000000000703,6.0,5.0,1.0,0.33
