Cluster,Dist,mean,median,std,min,max,bag_count,day_count,Cluster_Rank,Cluster_perc
0,"[0.0, 0.0, 0.0, 0.0, 0.0, 0.674500000000001, 0.674499999999999]",0.1927142857142857,0.0,0.304708040254796,0.0,0.674500000000001,7.0,6.0,1.0,0.33
1,"[1.0168234362628656, 0.3535384006334125, 0.3535384006334125, 0.9954615993665876, 0.6745, 0.6745]",0.6780603061493798,0.6745,0.26650776259470876,0.3535384006334125,1.0168234362628656,6.0,2.0,2.0,0.67
2,"[1.6365302503477046, 1.2500295549374116, 8.315862656467306, 10.540117872044494, 10.534489221140461, 0.488285465924896, 0.4254321974965225, 0.9442061891515976, 0.05863178025034744, 0.03517906815020783, 0.035179068150209394, 0.6608974269819193, 0.4845330319888727, 2.6149773991655048, 0.14212343532684266, 0.6881025730180806]",2.4284110744088987,0.6745,3.626544854624235,0.03517906815020783,10.540117872044494,16.0,1.0,3.0,1.0
