Cluster,Dist,mean,median,std,min,max,bag_count,day_count,Cluster_Rank,Cluster_perc
0,"[0.42599999999998134, 0.14199999999999377, 0.1420000000000529, 0.9230000000000187, 1.8460000000001555, 1.9880000000001492, 0.6745, 0.6745]",0.8520000000000438,0.6745,0.664855388411702,0.14199999999999377,1.9880000000001492,8.0,2.0,3.0,0.75
1,"[0.8504565217391358, 0.0, 0.6745, 0.6745, 0.8431250000000526, 0.6745, 0.33725000000003513, 0.0, 0.25293749999997367, 1.6019374999999736, 2.360749999999965, 1.2646875000000088, 0.5058749999999473, 1.2646875000000088]",0.807514751552793,0.6745,0.6234525697441572,0.0,2.360749999999965,14.0,2.0,2.0,0.5
2,"[0.4292272727272078, 0.42922727272730987, 1.16504545454538, 3.86304545454538, 0.6745, 2.391409090908933, 0.4292272727272078, 0.6745, 0.31741176470594845, 1.7457647058826171, 0.31741176470594845, 2.8567058823533373, 3.332823529412095, 0.7935294117647058, 0.7935294117648379, 0.5554705882352942, 0.31741176470588234, 1.5077058823530733, 0.47611764705882353, 0.3967647058824851]",1.1733414438503231,0.6745,1.067027021337097,0.31741176470588234,3.86304545454538,20.0,2.0,4.0,1.0
3,"[0.0, 0.0, 0.0, 0.0, 0.6745, 1.1803749999998947, 0.0, 0.0, 0.0, 0.0, 0.0]",0.16862499999999042,0.0,0.3736134479949938,0.0,1.1803749999998947,11.0,9.0,1.0,0.25
