Cluster,Dist,mean,median,std,min,max,bag_count,day_count,Cluster_Rank,Cluster_perc
0,"[0.7076299929428371, 0.7078584756527877, 0.7086391249117856, 0.31146001411432617, 0.45883136203246305, 0.02073480592801681, 0.45879328158080457, 0.6921122088920253, 0.860732448835568, 1.364365462244178, 4.10387315455187, 3.541558165137615, 3.1337165278757944, 0.5151142695836273, 0.40163452364149604, 0.020734805928017064, 0.024047805222300652, 0.7089628087508824, 0.6568877911079748, 0.7101433027522936, 0.5953497812279466, 0.5211119407198307, 0.02888402258292166, 0.1560156104446011, 0.5777946930134087, 2.2244124629498945, 2.759804573041637, 2.8868790402258298, 1.3395750882145379, 0.5959400282286521, 0.09756211714890606, 0.7064494989414256, 0.7090960903316867, 0.7056307692307693, 0.6528322230063516, 0.5988722230063517, 0.6745, 0.6764693775381599, 0.6765402184567988, 0.6760821138496009, 0.4344342949166783, 0.4004589903374878, 0.309806228119311, 0.24497261938103915, 0.1058835597255287, 0.0, 0.05598321663632539, 0.7817673190029409, 0.4526026291835878, 0.6461069598095505, 0.085150784203893, 0.07215383699761943, 0.059997535359193326, 0.06368126312841342, 0.9764003815992157, 0.97688209984596, 0.8815207779022547, 0.9057153129813753, 0.6678409536479486, 0.1864863569528078, 0.12508617140456518, 0.08337503851001267, 1.3484804999299818, 1.4001565887130656, 0.21107287844839664, 0.733236567007422, 0.7430362274191289, 0.8624551253325865, 1.3828572363814593, 0.7817578735471223, 0.6764741002660691, 0.6757420774401345, 0.6765921684638005, 0.6678173400084022, 0.6769699866965412]",0.7642744960419439,0.6745,0.7895881289243126,0.0,4.10387315455187,75.0,2.0,2.0,0.67
1,"[1.8490690002960217, 1.8486753731974466, 1.848888350178318, 0.014083102860122949, 0.0025509698199916325, 0.0, 0.01047390366642735, 0.6726706798607294, 0.6745, 0.6834193618640845, 0.6911112537178784]",0.7541310904964564,0.6745,0.7293609683191633,0.0,1.8490690002960217,11.0,1.0,1.0,0.33
2,"[0.6738457123565158, 0.6736340310600945, 0.6744647197839297, 3.342027515192437, 3.424387575962187, 3.4704475016880485, 3.7001505739365292, 3.6733889264010804, 3.7500881161377437, 4.006661883862255, 0.2077170830519919, 0.0, 0.0013759284267387307, 0.5456245779878461, 0.6578669817690749, 0.6745, 0.674663571910871]",1.7735790999721965,0.6745,1.5682998468710807,0.0,4.006661883862255,17.0,1.0,3.0,1.0
