Cluster,Dist,mean,median,std,min,max,bag_count,day_count,Cluster_Rank,Cluster_perc
0,"[7.419499999994945, 3.3724999999977534, 0.6745, 0.6744999999994383, 0.0, 0.5781428571428456, 0.7708571428571143, 0.8672142857143287, 0.5781428571428857, 1.68625, 0.0, 0.28907142857143425, 0.8672142857142627, 0.6745, 0.33725000000004013, 1.349, 0.04817857142856569, 1.156285714285697, 0.33725000000004013, 0.09635714285713139, 0.9153928571428687, 1.01175, 0.1445357142856971, 1.1081071428570912, 0.6745, 0.6745, 0.0, 1.0540960480240125, 0.6252368684342173, 0.6745843546773387, 0.6744156453226614, 0.6252368684342174, 1.8224828039019525]",0.9630773511753496,0.6745,1.307481891318512,0.0,7.419499999994945,33.0,5.0,2.0,0.67
1,"[0.6744999999999705, 0.6745000000000295, 0.0, 0.0, 0.0, 0.6745000000000001, 0.6745, 0.6744999999999297, 0.6745000000000703, 0.0, 0.0]",0.3679090909090909,0.6744999999999297,0.3358535136702132,0.0,0.6745000000000703,11.0,8.0,1.0,0.33
2,"[0.8431250000000351, 0.5620833333333412, 0.5620833333333412, 0.5620833333333412, 0.5620833333333412, 65.31408333333601, 0.5620833333333412, 99.99462500000406, 0.44966666666668226, 0.0, 0.39345833333339963, 0.28104166666669395, 0.16862500000003508, 0.6745, 1.6862500000000702, 0.6745, 0.6745, 0.7869166666667056, 1.0117500000000235, 0.11241666666665885, 0.22483333333336453, 0.8993333333334113, 0.7869166666667056, 74.98191666666975, 1.2365833333333878, 0.0, 0.1686249999999883, 0.056208333333376236, 0.1686249999999883, 0.11241666666665885, 0.8431250000000351, 0.11241666666665885, 58.85012500000242, 135.40587500000552, 0.6745000000000467, 0.22483333333336453, 71.83425000000292, 0.5058750000000117, 0.8993333333334113, 1.8548750000000584, 28.385208333334543, 0.056208333333376236, 98.81425000000405]",15.185400193799069,0.6745,33.24229526542698,0.0,135.40587500000552,43.0,1.0,3.0,1.0
