Cluster,Dist,mean,median,std,min,max,bag_count,day_count,Cluster_Rank,Cluster_perc
0,"[0.6744999999999999, 0.6745000000000001, 0.0, 0.0, 0.0, 0.0, 0.0, 0.0, 0.0]",0.14988888888888888,0.0,0.2804164341532248,0.0,0.6745000000000001,9.0,8.0,1.0,0.25
1,"[0.0, 0.6745, 377.5430819672134]",126.07252732240448,0.6745,177.81674766940708,0.0,377.5430819672134,3.0,1.0,4.0,1.0
2,"[0.6744999999999999, 0.6745, 0.6745, 0.6745, 0.6745, 0.6745]",0.6745,0.6745,4.5324665183683945e-17,0.6744999999999999,0.6745,6.0,3.0,2.0,0.5
3,"[29.06344610778443, 1.194883233532934, 0.15411676646706587, 0.15411676646706587]",7.641640718562874,0.6745,12.375181393325999,0.15411676646706587,29.06344610778443,4.0,1.0,3.0,0.75
