Cluster,Dist,mean,median,std,min,max,bag_count,day_count,Cluster_Rank,Cluster_perc
0,"[0.6745, 0.6745, 0.6601630651553783, 0.6888369348446217, 0.7992415494913286, 0.6601630651553783]",0.6929007691077844,0.6745,0.0485550674478068,0.6601630651553783,0.7992415494913286,6.0,2.0,2.0,0.67
1,"[0.0, 0.6745000000000003, 0.6744999999999995, 0.6745000000000009, 0.6744999999999991, 0.0, 0.0, 0.6745000000000002, 0.6744999999999998, 0.0, 0.0, 0.0, 0.0, 0.0]",0.28907142857142853,0.0,0.3337909342014879,0.0,0.6745000000000009,14.0,11.0,1.0,0.33
2,"[5144.839832116728, 0.0, 0.6745, 0.0, 0.6745, 0.9276392416712679]",857.8527452263999,0.6745,1917.1989408855097,0.0,5144.839832116728,6.0,2.0,3.0,1.0
