Cluster,Dist,mean,median,std,min,max,bag_count,day_count,Cluster_Rank,Cluster_perc
0,"[0.0, 0.0, 0.0, 0.6745000000000001, 0.6744999999999999, 0.0, 0.0, 0.6744999999999998, 0.6745000000000002, 0.0, 0.0, 0.0, 0.0, 0.0, 0.6745, 0.0, 1.2802622920221844, 0.6745, 1.884913128355294, 0.0, 0.0]",0.34343692477987997,0.0,0.50918904668168,0.0,1.884913128355294,21.0,15.0,2.0,0.67
1,"[0.0, 26.564382867960237, 0.6745]",9.079627622653412,0.6745,12.366655086797275,0.0,26.564382867960237,3.0,1.0,3.0,1.0
2,[0.0],0.0,0.0,0.0,0.0,0.0,1.0,1.0,1.0,0.33
