Cluster,Dist,mean,median,std,min,max,bag_count,day_count,Cluster_Rank,Cluster_perc
0,"[0.0, 0.0, 0.0, 0.0, 0.6744999999999993, 0.6745000000000007, 0.0, 0.0, 0.0, 0.6744999999999998, 0.6745000000000002, 0.0]",0.22483333333333333,0.0,0.3179623492735509,0.0,0.6745000000000007,12.0,10.0,1.0,0.33
1,"[0.0, 316.6367884615349, 0.6745, 15.900822631372035, 0.6745, 0.0]",55.64776851548449,0.6745,116.85643401454301,0.0,316.6367884615349,6.0,2.0,3.0,1.0
2,"[0.6745, 0.6745]",0.6745,0.6745,0.0,0.6745,0.6745,2.0,1.0,2.0,0.67
