Cluster,Dist,mean,median,std,min,max,bag_count,day_count,Cluster_Rank,Cluster_perc
0,"[1.3147593272171292, 0.4344027522935796, 0.4344027522935769, 0.9145972477064203, 1.0087933956750434, 0.0, 0.5948687901811802, 0.6745, 0.47542197545295123, 1.0135239625949728, 2.351091759205141, 1.3387803030303054, 0.0, 0.14648232323232138, 0.6745000000000001, 1.1582323232323257]",0.7833973070071841,0.6745000000000001,0.5777502153921209,0.0,2.351091759205141,16.0,3.0,2.0,0.67
1,"[0.0, 0.6744999999999992, 0.6745000000000008, 0.0, 0.0]",0.2698,0.0,0.33043616630145073,0.0,0.6745000000000008,5.0,4.0,1.0,0.33
2,"[0.0, 0.6745, 0.44966666666666627, 1.1166984265734283, 7.663986596736608]",1.9809703379953405,0.6745,2.864249950402171,0.0,7.663986596736608,5.0,1.0,3.0,1.0
