Cluster,Dist,mean,median,std,min,max,bag_count,day_count,Cluster_Rank,Cluster_perc
0,"[0.809399999999999, 0.5096222222222218, 0.11991111111111027, 1.558844444444443, 0.809399999999999, 0.08993333333333271, 0.6595111111111113, 0.7194666666666664, 0.6894888888888888, 0.08993333333333271, 0.9222755102040815, 0.42672448979591704, 0.4267244897959185, 2.546581632653061, 0.8610638297872337, 0.48793617021276625, 2.525787234042554, 0.48793617021276625]",0.8189189243230779,0.6745000000000001,0.6945922001703344,0.08993333333333271,2.546581632653061,18.0,3.0,5.0,0.71
1,"[0.3854285714285712, 0.9635714285714287, 0.3854285714285712, 1.310457142857143, 1.9293837209302322, 0.1254883720930233, 0.0, 1.0666511627906978, 0.6745, 0.6745, 0.0, 1.400884615384618, 0.3631923076923089, 1.5046538461538508]",0.7702956956664603,0.6745,0.5843302269532434,0.0,1.9293837209302322,14.0,3.0,4.0,0.57
2,"[0.0, 0.6745, 9.442999999999806, 0.6745000000000012, 0.6745, 0.0, 0.8672142857142843, 0.6745, 0.0, 0.1556538461538453, 0.8128589743589754, 0.9858076923076942, 0.5361410256410245, 1.0549871794871792, 0.15565384615384714, 0.6745, 7.6218500000000065, 0.0, 0.0, 24.45062500000015, 0.6745, 4.344573529411764, 0.0, 0.6745]",2.2979110574678576,0.6745,5.181135305391006,0.0,24.45062500000015,24.0,7.0,7.0,1.0
3,"[1.3707580645161312, 6.157532258064522, 0.8485645161290325, 0.6745, 1.327241935483872, 1.3707580645161312, 0.32637096774193497, 0.39164516129032284, 0.7615322580645167, 0.0, 0.02175806451612892, 0.21758064516129036, 0.1523064516129036]",1.0477344913151374,0.6745,1.5504309819251096,0.0,6.157532258064522,13.0,1.0,6.0,0.86
4,"[0.674499999999995, 0.674500000000005, 0.0, 1.8736111111110991, 0.6745, 0.0, 1.4022500000000016, 0.6745, 0.0, 0.0]",0.5973861111111101,0.6744999999999974,0.6105590062143393,0.0,1.8736111111110991,10.0,5.0,1.0,0.14
5,"[0.6745, 0.6745, 0.6745, 0.6745]",0.6745,0.6745,0.0,0.6745,0.6745,4.0,2.0,2.0,0.29
6,"[1.1241666666666676, 0.0, 0.6744999999999999, 0.5620833333333338, 0.8993333333333352, 0.0, 0.1284761904761915, 2.441047619047622, 0.6745, 0.6745]",0.717860714285715,0.6744999999999999,0.676411052639545,0.0,2.441047619047622,10.0,2.0,3.0,0.43
