Cluster,Dist,mean,median,std,min,max,bag_count,day_count,Cluster_Rank,Cluster_perc
0,"[0.781432926829268, 0.2056402439024387, 2.525262195121953, 0.5675670731707319, 0.2220914634146346, 6.095176829268294, 2.574615853658538, 0.781432926829268, 0.07403048780487763, 0.07403048780487849, 0.47777083333333314, 7.391395833333329, 0.47777083333333314, 0.8712291666666668, 0.0, 0.2505285714285711, 6.648642857142862, 2.119857142857145, 0.057814285714285416, 4.432428571428576, 1.4068142857142873, 0.38542857142857145, 0.6745, 15.942727272727296, 4.721500000000007, 0.5518636363636369, 0.0, 0.0, 0.6745, 2.084818181818185]",2.102362351036499,0.6745,3.304621662895512,0.0,15.942727272727296,30.0,4.0,4.0,1.0
1,"[0.34361320754717045, 2.0998584905660374, 0.0, 0.8908490566037743, 0.6745, 0.0, 4.271833333333283, 0.6745, 1.117140625, 0.45950312499999996, 0.25715312500000026, 0.8894968750000001, 1.3869406250000005, 0.25715312500000026, 0.9443, 0.595147058823529, 0.753852941176471, 0.595147058823529, 0.9031440677966097, 0.44585593220338904, 1.2461101694915238, 0.44585593220339026, 1.2815499999999937, 1.0117499999999966, 0.6745, 0.0674499999999993, 0.0]",0.8254520277247666,0.6745,0.8266102237309283,0.0,4.271833333333283,27.0,6.0,3.0,0.75
2,"[0.6744999999999998, 0.6745000000000002, 0.6745000000000002, 0.6744999999999997, 0.6745000000000008, 0.6744999999999992, 0.6745000000000011, 0.6744999999999988, 0.0, 0.0, 0.6745, 0.0, 1.3490000000000175, 0.0, 0.6745000000000014, 0.6744999999999984, 0.0]",0.5157941176470598,0.6744999999999997,0.3679444514830525,0.0,1.3490000000000175,17.0,10.0,1.0,0.25
3,"[1.2880774193548385, 0.156658064516129, 0.156658064516129, 1.192341935483871, 0.6745, 0.6745, 0.778269230769233, 1.815961538461542, 2.127269230769233, 0.5707307692307669, 0.15565384615384553, 0.15565384615384553, 0.6745, 0.6745]",0.7925195675292452,0.6745,0.5951811881621618,0.15565384615384553,2.127269230769233,14.0,4.0,2.0,0.5
