Cluster,Dist,mean,median,std,min,max,bag_count,day_count,Cluster_Rank,Cluster_perc
0,"[1.7199750000000016, 0.6745, 0.9105750000000005, 0.2023500000000007, 0.0, 0.33724999999999855, 0.8431249999999992, 0.5058750000000007, 1.911083333333335, 2.4731666666666703, 0.4496666666666676, 1.9672916666666684, 0.33725000000000144]",0.9486237179487187,0.6745,0.7656219208334821,0.0,2.4731666666666703,13.0,2.0,3.0,0.6
1,"[0.3372499999999975, 3.5170357142857083, 0.7226785714285711, 0.6263214285714289, 0.3372500000000025, 3.8061071428571394, 0.44966666666666666, 0.8993333333333333, 0.3934583333333337, 2.3045416666666663, 0.3934583333333337, 12.59066666666666]",2.19814732142857,0.6745,3.356240566625155,0.3372499999999975,12.59066666666666,12.0,2.0,5.0,1.0
2,"[0.6745, 0.6745, 2.585583333333351, 0.22483333333333333, 0.6745, 2.3607500000000177, 0.0, 0.7994074074074079, 0.7744259259259253, 0.5745740740740747, 0.5745740740740733, 0.6745, 0.6745, 0.6745, 0.6745, 1.2333714285714272, 1.0406571428571427, 0.3083428571428573, 0.3083428571428573, 0.6745, 0.6745]",0.8026363063744032,0.6745,0.6003229140272677,0.0,2.585583333333351,21.0,7.0,2.0,0.4
3,"[0.6745, 0.0, 1.4910000000000032, 0.0, 0.0, 0.6744999999999998, 0.6745000000000002, 1.3490000000000175, 0.6745, 0.0, 0.6744999999999994, 0.6745000000000004]",0.5739166666666683,0.6744999999999999,0.48476965463564065,0.0,1.4910000000000032,12.0,6.0,1.0,0.2
4,"[0.5306727941176472, 0.8183272058823527, 2.058216911764705, 2.18716544117647, 0.2727757352941174, 0.2727757352941174, 2.404266129032259, 0.5765887096774194, 0.7724112903225806, 0.5765887096774194, 1.661573170731707, 0.7732073170731709, 0.5757926829268291, 0.5757926829268291, 0.6617735849056605, 1.349, 0.6872264150943396, 0.6617735849056605]",0.967551561155738,0.6745000000000001,0.6455389789426478,0.2727757352941174,2.404266129032259,18.0,4.0,4.0,0.8
