Cluster,Dist,mean,median,std,min,max,bag_count,day_count,Cluster_Rank,Cluster_perc
0,"[0.2890714285714286, 2.2162142857142957, 37.67564285714308, 0.6745, 0.2890714285714286, 0.6745, 0.6745, 0.0, 0.7099999999999997, 35.54733333333332, 0.07100000000000016, 0.9466666666666661, 0.2958333333333333]",6.15879487179489,0.6745,13.002673049131154,0.0,37.67564285714308,13.0,2.0,6.0,0.86
1,"[0.4047000000000019, 0.4046999999999972, 135.03489999999988, 0.9442999999999981, 0.7869166666666658, 0.5620833333333318, 0.562083333333334, 4.788949999999995, 0.8190357142857163, 0.09635714285714501, 2.023500000000005, 0.0, 0.6745, 0.24089285714285624, 0.6745000000000024, 2.3607500000000017, 0.5781428571428564, 0.7708571428571436, 0.5781428571428564]",8.016069047619043,0.6745,29.95744103097702,0.0,135.03489999999988,19.0,4.0,7.0,1.0
2,"[0.404700000000007, 4.856400000000027, 0.6745, 0.674500000000007, 0.0, 1.0650000000000002, 2.3784999999999985, 0.28399999999999986, 6.354499999999995, 0.28399999999999986, 0.28399999999999986]",1.569100000000003,0.6745,2.022343513217909,0.0,6.354499999999995,11.0,2.0,4.0,0.57
3,"[0.6744999999999961, 0.6745000000000039, 0.6745000000000012, 0.6744999999999988, 0.0, 0.0]",0.44966666666666666,0.6744999999999974,0.3179623492735509,0.0,0.6745000000000039,6.0,4.0,1.0,0.14
4,"[16.188000000000105, 0.6745, 0.0, 0.0, 12.719142857142838, 0.6745, 0.0, 0.6745, 0.7358181818181847, 0.6745, 3.897111111111103, 0.0]",3.0198393458393524,0.6745,5.259463592209266,0.0,16.188000000000105,12.0,4.0,5.0,0.71
5,"[0.6745, 0.6745, 0.6917948717948721, 0.6572051282051288, 0.6572051282051279, 0.6917948717948713, 0.6745, 0.6745, 0.6745, 0.6745]",0.6745000000000001,0.6745,0.010938237342479788,0.6572051282051279,0.6917948717948721,10.0,4.0,2.0,0.29
6,"[0.3372499999999992, 1.2263636363636357, 4.936113636363632, 0.6745, 0.0, 0.37472222222222, 1.274055555555556, 0.599555555555556, 0.6745, 0.0, 0.749444444444444, 3.147666666666668, 0.5753088235294114, 0.0, 4.324735294117647, 0.6745, 1.4085147058823524]",1.2339547376883013,0.6745,1.4363684553647256,0.0,4.936113636363632,17.0,3.0,3.0,0.43
