Cluster,Dist,mean,median,std,min,max,bag_count,day_count,Cluster_Rank,Cluster_perc
0,"[0.5395999999999985, 4.406733333333331, 1.034233333333331, 0.044966666666666356, 0.8993333333333341, 0.0, 0.6745, 3.998821428571424, 4.769678571428563, 0.24089285714285785, 0.6745, 0.0, 0.0, 0.0, 0.0]",1.1522173015873,0.5395999999999985,1.6610276653176066,0.0,4.769678571428563,15.0,3.0,5.0,0.56
1,"[0.8697500000000002, 0.4792499999999998, 0.4792499999999979, 1.721749999999995, 0.9243148148148147, 0.24981481481481468, 0.6745, 1.7487037037037039, 0.0]",0.7941481481481474,0.6745,0.5709531923867851,0.0,1.7487037037037039,9.0,2.0,3.0,0.33
2,"[14.220708333333327, 0.0, 0.6745, 0.6744999999999999, 5.05875000000001, 0.0, 0.0, 0.6745, 4.866035714285708, 0.0, 0.9635714285714283, 0.6745, 3.067887096774191, 0.0, 0.6745, 3.1331612903225774, 0.2610967741935489]",2.0555123904400467,0.6745,3.448534164615363,0.0,14.220708333333327,17.0,5.0,8.0,0.89
3,"[1.8286444444444447, 0.2698, 1.498888888888888, 0.2698, 0.9592888888888895, 0.3897111111111104]",0.8693555555555554,0.6745,0.6155793904999017,0.2698,1.8286444444444447,6.0,1.0,4.0,0.44
4,"[0.0, 0.0, 0.6745000000000004, 0.6744999999999995, 0.0, 0.0]",0.22483333333333333,0.0,0.3179623492735508,0.0,0.6745000000000004,6.0,5.0,1.0,0.11
5,"[0.6745, 0.6745, 0.6745, 0.6745]",0.6745,0.6745,0.0,0.6745,0.6745,4.0,2.0,2.0,0.22
6,"[3.5855000000000024, 0.10649999999999941, 0.9584999999999984, 3.940500000000004, 0.10649999999999941, 0.3905000000000015, 1.349, 0.0, 5.685071428571442, 0.0, 1.0599285714285724, 0.2890714285714275, 4.33928333333333, 0.9218166666666664, 0.4271833333333336, 0.4271833333333328]",1.4741586309523818,0.6745,1.7694966590525172,0.0,5.685071428571442,16.0,3.0,6.0,0.67
7,"[0.0, 0.7651890756302521, 0.07368487394957968, 0.6745, 7.657558823529411]",1.8341865546218485,0.6745,2.9278968418353863,0.0,7.657558823529411,5.0,1.0,7.0,0.78
8,"[0.5212045454545462, 1.5636136363636386, 1.502295454545457, 0.21461363636363853, 0.27593181818182005, 0.21461363636363534, 0.8277954545454538, 15.605477272727292]",2.590693181818185,0.6745,4.945507136969178,0.21461363636363534,15.605477272727292,8.0,1.0,9.0,1.0
