Cluster,Dist,mean,median,std,min,max,bag_count,day_count,Cluster_Rank,Cluster_perc
0,"[1.1177428571428565, 0.5974142857142851, 0.5588714285714292, 0.6745, 9.539357142857144, 1.6573428571428572, 0.5781428571428567, 4.4517000000000015, 1.0792000000000006, 0.0, 0.4817857142857144, 0.8093999999999991, 0.5588714285714282, 16.67676811594203, 15.024731884057973, 0.0, 0.6745, 0.07820289855072467, 0.7527028985507247, 0.4007898550724639]",2.7856012111801247,0.6745,4.8398850152901165,0.0,16.67676811594203,20.0,2.0,8.0,0.89
1,"[1.1241666666666628, 0.6745, 0.6182916666666642, 5.789458333333318, 0.0, 6.641230769230764, 2.1791538461538433, 0.7263846153846156, 0.38913461538461536, 0.38913461538461397, 0.6226153846153842]",1.7412791375291343,0.6745,2.1813053552230643,0.0,6.641230769230764,11.0,2.0,5.0,0.56
2,"[0.0, 0.6745, 3.035249999999991, 2.6366818181818155, 0.6745, 0.0, 0.27593181818181944, 2.85129545454545, 1.0424090909090924, 3.24986363636364, 0.6745, 0.0, 0.30659090909091086, 0.6745, 0.0, 19.653078431372546, 0.6745, 1.1241666666666665, 1.3489999999999986, 0.0, 0.1405208333333324]",1.8589185075545365,0.6745,4.112509884602129,0.0,19.653078431372546,21.0,5.0,6.0,0.67
3,"[0.4316799999999964, 0.9173200000000007, 0.9712799999999975, 0.4316799999999992, 0.6745, 0.6745, 0.6745, 0.6745, 0.6745, 0.6745, 0.9259408284023669, 0.9738343195266267, 0.423059171597633, 0.423059171597633]",0.681775249366018,0.6745,0.19702982396848795,0.423059171597633,0.9738343195266267,14.0,5.0,3.0,0.33
4,"[0.0, 0.0, 0.0]",0.0,0.0,0.0,0.0,0.0,3.0,3.0,1.5,0.17
5,"[0.7644333333333327, 0.0, 0.6745, 0.9442999999999981, 0.3597333333333332, 1.318340909090909, 0.030659090909090764, 3.3418409090909154, 0.030659090909090764, 0.0, 0.33725000000000216, 0.5901875000000005, 2.698, 4.047, 1.2646875000000006, 0.6745, 1.3662948717948726, 1.0376923076923077, 0.31130769230769223, 0.31130769230769223]",1.0051347115384621,0.6745,1.0971224924872383,0.0,4.047,20.0,4.0,4.0,0.44
6,"[0.8820384615384599, 0.4669615384615347, 0.46696153846154015, 18.419038461538427, 0.5865217391304339, 0.5865217391304369, 0.762478260869563, 1.6422608695652183]",2.9765978260869517,0.6745,5.8476534638786335,0.4669615384615347,18.419038461538427,8.0,2.0,9.0,1.0
7,"[0.0, 0.0, 0.0]",0.0,0.0,0.0,0.0,0.0,3.0,1.0,1.5,0.17
8,"[0.0, 6.571557142857144, 2.0813142857142863, 0.6745, 0.5781428571428567, 0.6745, 2.385426829268292, 0.378378048780488, 5.626317073170729, 0.0]",1.8970136236933797,0.6745,2.2419556224350625,0.0,6.571557142857144,10.0,2.0,7.0,0.78
