Cluster,Dist,mean,median,std,min,max,bag_count,day_count,Cluster_Rank,Cluster_perc
0,"[0.24356944444444498, 0.5808194444444443, 38.11549537037038, 0.7681805555555556, 1.1429027777777783, 0.2435694444444443, 0.316432098765432, 1.0075864197530866, 11.291629629629632, 0.6745, 0.1831975308641978, 1.8069938271604942, 0.0, 0.5079567901234568, 1.1075123456790124]",3.866023045267491,0.6745,9.53871377550071,0.0,38.11549537037038,15.0,2.0,6.0,1.0
1,"[0.6745, 1.2141000000000008, 0.7323142857142854, 0.5010571428571429, 0.0, 0.3939557522123889, 0.39395575221238954, 0.9550442477876104, 2.327920353982302, 0.959865384615385, 0.3891346153846123, 0.38913461538461497, 2.3088653846153795, 0.8431250000000066, 0.5058749999999934, 1.1803749999999846, 0.5058749999999934, 0.6271666666666676, 0.8875000000000005, 0.6271666666666663, 0.7218333333333324, 0.3570882352941175, 1.349, 0.3570882352941175, 0.9919117647058824, 0.752326923076924, 0.6745, 0.0]",0.7721671199929928,0.6745,0.5348341136532234,0.0,2.327920353982302,28.0,7.0,3.0,0.5
2,"[1.4281666666666661, 0.6491666666666666, 1.5484999999999993, 0.642833333333333, 0.6428333333333334, 0.6998333333333334, 0.3570882352941175, 0.6745, 0.03967647058823505, 0.9125588235294124, 4.95955882352941, 0.0, 1.2696470588235298, 1.1506176470588236, 0.3967647058823526, 4.616577777777778, 0.08993333333333281, 0.389711111111112, 1.199111111111112, 0.08993333333333436, 0.7194666666666656, 0.389711111111112, 0.6595111111111104, 1.1691333333333327, 0.6894888888888896]",1.0153729150326796,0.6745,1.1895111716515565,0.0,4.95955882352941,25.0,3.0,4.0,0.67
3,"[0.06131818181818153, 1.2876818181818184, 0.06131818181818153, 5.334681818181825, 22.701140624999955, 0.48479687499999824, 0.8642031249999995, 0.48479687500000046, 5.665800000000005, 0.3372499999999982, 0.0, 1.5513500000000024, 0.6745, 0.8672142857142834, 0.48178571428571415, 0.48178571428571665, 4.625142857142861, 0.5665799999999981, 2.401219999999994, 0.5665800000000009, 0.782419999999999]",2.3943602891156446,0.6745,4.835365494109862,0.0,22.701140624999955,21.0,5.0,5.0,0.83
4,"[0.6744999999999999, 0.6745, 0.6745, 0.6745, 0.6745, 0.6745]",0.6745,0.6745,4.5324665183683945e-17,0.6744999999999999,0.6745,6.0,3.0,2.0,0.33
5,"[0.0, 0.6744999999999955, 0.6745000000000043, 0.0, 0.0, 0.0]",0.2248333333333333,0.0,0.3179623492735508,0.0,0.6745000000000043,6.0,5.0,1.0,0.17
