Cluster,Dist,mean,median,std,min,max,bag_count,day_count,Cluster_Rank,Cluster_perc
0,"[0.6194387755102044, 0.12388775510204002, 0.7295612244897955, 0.3991938775510193, 6.0154387755102015, 1.3627653061224476, 6.703704081632648, 1.9133775510204074, 0.5919081632653066, 1.5554795918367348, 0.12388775510204146, 0.2064795918367348, 0.0, 14.16450000000007, 113.31600000000066, 0.6745, 0.0, 2.3607499999999977, 0.08431249999999944, 0.33725000000000216, 4.805812499999999, 0.6745, 0.0, 1.2646875000000006, 38.95237499999997, 0.39795499999999945, 0.9510449999999998, 0.3979550000000001]",7.097384462463581,0.6745,21.77078512261968,0.0,113.31600000000066,28.0,4.0,6.0,1.0
1,"[1.0960625000000013, 0.7588125000000002, 0.4496666666666664, 0.4496666666666671, 0.8009687500000008, 0.5901874999999998, 1.2659846153846148, 0.4980923076923077, 0.8509076923076923, 0.4980923076923077, 0.0, 1.815961538461542, 0.051884615384615175, 0.6745, 1.2971153846153873, 0.9695937500000003, 0.0, 0.42156249999999945, 0.6745, 0.8852812499999986]",0.7024420272435902,0.6745,0.4427327458454647,0.0,1.815961538461542,20.0,4.0,3.0,0.5
2,"[0.6959126984126978, 1.595246031746032, 0.032119047619047436, 0.032119047619048546, 3.7793412698412707, 0.6530873015873023, 1.0390945945945962, 2.2057972972973, 0.12760810810810927, 0.3099054054054037, 1.6589054054054055, 0.12760810810810738, 0.5857499999999997, 1.4554999999999982, 0.08875000000000031, 0.0, 1.224749999999999, 0.05324999999999964, 0.6745, 0.8165, 1.3489999999999982]",0.8811783007497292,0.6745,0.9043466179589608,0.0,3.7793412698412707,21.0,3.0,4.0,0.67
3,"[0.6745, 0.6745, 0.6745, 0.6745]",0.6745,0.6745,0.0,0.6745,0.6745,4.0,2.0,2.0,0.33
4,"[0.0, 0.6745000000000011, 0.6744999999999988, 1.2646874999999989, 0.0, 0.6745, 0.0, 0.6745000000000002, 0.6744999999999998, 0.6745, 1.5597812500000057, 0.0, 0.0, 0.0]",0.49081919642857175,0.6744999999999992,0.4920369288078155,0.0,1.5597812500000057,14.0,8.0,1.0,0.17
5,"[0.6745, 19.560499999999088, 0.0, 0.0, 6.576375000000013, 0.6744999999999999, 0.6305108695652177, 0.21994565217391307, 1.0997282608695653, 0.7184891304347822, 0.7184891304347822, 0.21994565217391307]",2.591081974637606,0.6744999999999999,5.392459634715311,0.0,19.560499999999088,12.0,3.0,5.0,0.83
