Cluster,Dist,mean,median,std,min,max,bag_count,day_count,Cluster_Rank,Cluster_perc
0,"[0.6745, 0.6745, 0.6745, 0.6745, 0.6745, 0.6745, 0.6745, 0.6745, 0.6745, 0.6745, 0.6745, 0.6745, 0.6745, 0.6745]",0.6745,0.6745,0.0,0.6745,0.6745,14.0,7.0,4.0,0.5
1,"[0.0, 0.0, 0.6745, 0.0, 1.0874591836734695, 0.6744999999999994, 0.6745000000000005, 0.6745, 1.630041666666666, 0.0, 0.0, 0.0, 1.6267352941176463, 0.6745, 0.0]",0.5144490762971855,0.6744999999999994,0.5651403658565911,0.0,1.630041666666666,15.0,8.0,2.0,0.25
2,"[1.292791666666667, 8.206416666666662, 0.056208333333332965, 0.056208333333332965, 0.9274374999999939, 0.42156249999999723, 0.421562500000006, 8.852812500000004]",2.5293749999999995,0.6745,3.489786164441069,0.056208333333332965,8.852812500000004,8.0,2.0,8.0,1.0
3,"[1.259066666666666, 0.22483333333333194, 0.7194666666666657, 1.753700000000001, 0.6295333333333342, 0.2248333333333343, 7.124406249999997, 0.6745, 0.0, 0.6745, 0.7160076923076926, 0.0]",1.1667372729700853,0.6745,1.8601115262200376,0.0,7.124406249999997,12.0,3.0,6.0,0.75
4,"[0.0, 0.0, 0.0]",0.0,0.0,0.0,0.0,0.0,3.0,1.0,1.0,0.12
5,"[0.06977586206896515, 0.8838275862068966, 5.093637931034486, 0.0, 2.791034482758622, 0.06977586206896515, 0.6745]",1.3689359605911338,0.6745,1.7672803965827277,0.0,5.093637931034486,7.0,1.0,7.0,0.88
6,"[0.10376923076923025, 2.0235000000000034, 1.2452307692307698, 0.10376923076923025]",0.8690673076923083,0.6745,0.8132613485143805,0.10376923076923025,2.0235000000000034,4.0,1.0,5.0,0.62
7,"[0.6745, 1.0117500000000006, 0.051884615384616424, 0.0, 0.9598653846153843]",0.5396000000000003,0.6745,0.43515079740164764,0.0,1.0117500000000006,5.0,1.0,3.0,0.38
