Cluster,Dist,mean,median,std,min,max,bag_count,day_count,Cluster_Rank,Cluster_perc
0,"[0.6611875000000007, 25.315937500000004, 0.8475625000000006, 0.11093749999999981, 0.11093749999999936, 0.6878124999999992, 1.7767317073170776, 101.5369268292688, 0.5922439024390254, 0.2961219512195135, 0.7567560975609747, 0.2961219512195118, 1.7767317073170776, 0.3619268292682956]",9.651995426829306,0.6744999999999999,26.261849793348695,0.11093749999999936,101.5369268292688,14.0,2.0,6.0,1.0
1,"[0.0, 26.998736111111118, 0.6745, 0.18736111111111198, 1.1803750000000028, 2.1921250000000017, 6.126708333333321, 0.11241666666666275, 0.3372500000000058, 4.384249999999991, 1.8548749999999956, 0.6745, 0.11241666666666275, 0.0, 5.556595238095214, 0.4496666666666689, 0.0, 0.6745, 0.4175476190476183, 1.220523809523804, 0.8029761904761825]",2.569396352985636,0.6745,5.7388283875627195,0.0,26.998736111111118,21.0,3.0,5.0,0.83
2,"[0.28907142857142243, 0.0, 3.9506428571428676, 0.6745, 0.8190357142857138, 5.733250000000101, 0.6745, 0.16862500000001096, 11.297875000000218, 0.0, 0.21386585365853722, 0.21386585365853547, 4.09635365853659, 1.1351341463414628]",2.0904799651568187,0.6745,3.1028910481327365,0.0,11.297875000000218,14.0,3.0,4.0,0.67
3,"[0.0, 0.0, 0.6745, 1.6862500000000131, 0.0, 0.6745, 1.7344285714286072, 0.0, 0.6745000000000012, 0.6744999999999988, 0.6745, 0.6745000000000001, 0.6744999999999994, 0.6745000000000005]",0.6297627551020444,0.6745,0.5304221865576164,0.0,1.7344285714286072,14.0,7.0,1.0,0.17
4,"[0.6745, 0.6745, 0.6745, 0.6745, 0.18933333333333335, 1.419999999999999, 0.18933333333333335, 1.1596666666666666, 0.6745, 0.6745, 0.6745, 0.6745, 0.6745, 0.6745, 0.6745, 0.6745]",0.6907708333333333,0.6745,0.2803674478536553,0.18933333333333335,1.419999999999999,16.0,7.0,2.0,0.33
5,"[0.6745, 11.166722222222225, 0.0, 0.8832738095238106, 0.22483333333333402, 1.8629047619047654, 0.22483333333333322, 0.5139047619047605, 0.8350952380952396]",1.8206741622574962,0.6745,3.3438187547794773,0.0,11.166722222222225,9.0,2.0,3.0,0.5
