Cluster,Dist,mean,median,std,min,max,bag_count,day_count,Cluster_Rank,Cluster_perc
0,"[0.9274375000000006, 0.08431250000000165, 1.1382187499999992, 0.0, 0.25293750000000054, 0.6745, 0.969593749999998, 1.1730434782608679, 0.5865217391304339, 0.5865217391304339, 0.7624782608695662, 0.6745, 0.7038260869565218, 0.0, 0.7507478260869567, 1.0557391304347832, 0.19941739130434788, 0.522004347826087, 2.8017692307692244, 0.6745, 3.6838076923076843, 0.5707307692307674, 0.0, 0.6745, 0.7907931034482765, 0.0]",0.7791500306059981,0.6745,0.801571257868319,0.0,3.6838076923076843,26.0,5.0,3.0,0.5
1,"[0.6745, 1.0117499999999977, 1.349, 0.0, 0.5058750000000011, 0.0, 0.0, 0.6745, 1.3911562499999999, 0.0, 2.023499999999999, 0.6745, 0.0, 0.6745000000000011, 0.6744999999999989, 0.0, 1.9735370370370373, 0.6745, 0.0, 0.0, 0.6745000000000007, 0.6744999999999994]",0.6204917403198652,0.6744999999999997,0.6102699470086291,0.0,2.023499999999999,22.0,10.0,1.0,0.17
2,"[20.01016666666667, 0.8852812499999999, 0.4637187500000002, 0.4637187500000002, 0.7038260869565215, 0.6451739130434784, 3.225869565217395, 0.6451739130434784, 0.2922833333333337, 1.0567166666666663, 0.2922833333333337, 12.028583333333321, 0.1587058823529402, 1.1902941176470598, 0.1587058823529402, 19.6795294117647]",3.8687519284819896,0.6744999999999999,6.654905065925625,0.1587058823529402,20.01016666666667,16.0,4.0,5.0,0.83
3,"[18.2115, 0.6102619047619045, 0.6873476190476189, 21.01228095238095, 0.661652380952381, 2.4731666666666663, 0.21198571428571436, 0.21198571428571436]",5.510022619047619,0.6744999999999999,8.198940239710312,0.21198571428571436,21.01228095238095,8.0,1.0,6.0,1.0
4,"[0.6745, 0.6745, 0.6745, 0.6745]",0.6745,0.6745,0.0,0.6745,0.6745,4.0,2.0,2.0,0.33
5,"[0.6808890392422193, 1.9678240866035182, 0.48374154262516916, 0.7922408660351828, 0.6681109607577809, 0.4837415426251691, 0.49329104477611946, 0.49329104477611946, 1.3187985074626858, 2.325514925373134, 0.795305970149253, 0.553694029850747]",0.9213702966897582,0.6745000000000001,0.5960916028538009,0.4837415426251691,2.325514925373134,12.0,2.0,4.0,0.67
