Cluster,Dist,mean,median,std,min,max,bag_count,day_count,Cluster_Rank,Cluster_perc
0,"[0.92578431372549, 1.1109411764705883, 0.42321568627450995, 0.42321568627450995, 0.0, 1.1854848484848475, 0.34746969696969693, 0.7766969696969701, 1.1241666666666659, 0.16351515151515153, 0.6745, 0.5126199999999996, 0.9442999999999997, 0.8363800000000003, 1.2140999999999993, 0.21584000000000003, 0.21584000000000003]",0.6525923644752016,0.6745,0.38391299218612995,0.0,1.2140999999999993,17.0,3.0,2.0,0.29
1,"[0.0, 1.2299705882352987, 0.6745, 0.0, 0.0, 0.0, 0.0, 0.0, 0.6745000000000004, 0.6744999999999995, 0.0, 0.0, 1.5840530303030305, 0.6745, 0.0]",0.3674682412358886,0.0,0.5044045351356483,0.0,1.5840530303030305,15.0,10.0,1.0,0.14
2,"[0.014663043478260786, 0.8944456521739141, 0.014663043478260786, 0.8651195652173925, 4.472228260869565, 0.4838804347826075]",1.1241666666666668,0.6745,1.5384709195779422,0.014663043478260786,4.472228260869565,6.0,1.0,5.0,0.71
3,"[0.9153928571428553, 0.0, 4.046999999999995, 0.1445357142857132, 0.6745, 0.0, 2.3607500000000177, 6.070500000000035, 0.6745, 0.11241666666667251]",1.4999595238095287,0.6745,1.9515354658419115,0.0,6.070500000000035,10.0,2.0,7.0,1.0
4,"[0.3466180555555555, 0.3466180555555555, 1.0023819444444444, 1.0585902777777785, 0.6745, 0.6745, 0.6745, 0.6745, 0.6745, 0.6745]",0.6801208333333334,0.6745,0.21673234929004234,0.3466180555555555,1.0585902777777785,10.0,4.0,3.0,0.43
5,"[0.3653541666666635, 0.7026041666666664, 1.0960624999999964, 0.9836458333333336, 0.2529374999999978, 0.1405208333333321, 1.0398541666666634, 10.314229166666639, 0.14052083333333504, 0.30914583333333356, 0.7026041666666664, 0.6463958333333336]",1.3911562499999965,0.6745,2.7102798253698754,0.1405208333333321,10.314229166666639,12.0,1.0,6.0,0.86
6,"[2.7830720720720716, 0.6198108108108109, 0.32813513513513504, 0.7656486486486485, 0.8993333333333335, 0.7291891891891891, 0.32813513513513504, 0.5104324324324325]",0.8704695945945946,0.6745,0.7475408727778365,0.32813513513513504,2.7830720720720716,8.0,1.0,4.0,0.57
