Cluster,Dist,mean,median,std,min,max,bag_count,day_count,Cluster_Rank,Cluster_perc
0,"[0.6745, 0.8993333333333391, 0.0, 0.0, 0.6745, 0.3174117647058821, 0.7803039215686275, 0.9323970588235292, 0.6745, 0.0, 6.576374999999997, 43.197977777777794, 1.1391555555555553, 0.20984444444444478, 0.20984444444444478, 0.6745, 0.6745, 0.9257843137254886, 0.5290196078431368, 1.1902941176470598, 0.2909607843137251, 0.1851568627450969, 0.18515686274509827, 1.2696470588235298, 0.8199803921568632, 3.300232142857144, 0.6745, 0.0]",2.3930669801253837,0.6745,7.953773915746796,0.0,43.197977777777794,28.0,7.0,3.0,1.0
1,"[0.0, 0.0, 0.6744999999999999, 0.6745000000000001, 0.6745000000000005, 0.6744999999999993, 0.6744999999999997, 0.6745000000000003, 0.0, 0.6744999999999992, 0.6745000000000009, 1.5095952380952353, 0.6745, 0.0, 0.0, 0.0, 0.6744999999999998, 0.6745000000000002]",0.49606084656084637,0.6744999999999997,0.39818728075895987,0.0,1.5095952380952353,18.0,11.0,1.0,0.33
2,"[5.246111111111111, 0.8243888888888881, 0.0, 0.6745, 0.0, 0.6745, 0.06131818181818153, 14.471090909090927, 4.353590909090914, 0.6745, 1.4103181818181831, 0.0, 0.9672075471698123, 5.217830188679246, 0.0763584905660386, 0.38179245283018776, 5.599622641509432, 0.2036226415094354, 1.272641509433964, 0.07635849056603729, 1.0117499999999942, 0.2248333333333314, 0.2810416666666642, 0.9555416666666671, 5.508416666666654, 0.3934583333333299, 0.8431249999999986, 0.8993333333333284, 1.2927916666666612, 0.5058750000000015, 0.2248333333333343, 0.28104166666666713, 0.0, 0.6745, 1.7705625000000016, 9.105749999999993, 0.6745]",1.806300170560784,0.6745,2.9575354440907664,0.0,14.471090909090927,37.0,5.0,2.0,0.67
