Cluster,Dist,mean,median,std,min,max,bag_count,day_count,Cluster_Rank,Cluster_perc
0,"[6.616523809523819, 0.0, 0.6745, 2.0556190476190506, 0.5460238095238101, 0.39970370370370395, 0.8993333333333333, 0.39970370370370395, 11.391555555555557, 3.3974814814814827, 0.44966666666666666, 1.2535518867924527, 0.4008820754716982, 0.9481179245283018, 3.5188537735849046, 0.28634433962264166, 0.28634433962264166, 3.4174666666666664, 0.809399999999999, 0.539600000000001, 0.5395999999999963, 0.6332040816326512, 0.7157959183673474, 1.899612244897955, 0.6332040816326526]",1.7084835377572416,0.6745,2.4612335697885133,0.0,11.391555555555557,25.0,5.0,4.0,0.67
1,"[0.7082250000000007, 0.6407749999999993, 0.6407749999999993, 0.8768499999999996, 0.12548837209302233, 0.12548837209302396, 1.223511627906976, 2.8862325581395303, 0.0, 0.6745, 1.034233333333331, 0.9892666666666668, 0.3597333333333332]",0.7911599433512218,0.6745,0.7041607246527545,0.0,2.8862325581395303,13.0,3.0,3.0,0.5
2,"[0.0, 3.276142857142853, 0.6745, 0.6745, 0.0, 101.9169500000001, 0.0, 0.8121530612244896, 0.6745]",12.003193990929715,0.6745,31.80344540876169,0.0,101.9169500000001,9.0,3.0,6.0,1.0
3,"[0.0, 0.0, 0.0, 0.0, 1.0539062499999996, 0.6745, 0.0, 0.0, 0.6744999999999999, 0.6745000000000001]",0.30774062499999993,0.0,0.39096370816677545,0.0,1.0539062499999996,10.0,7.0,1.0,0.17
4,"[0.6745, 0.6745, 0.5657096774193533, 0.7832903225806443, 0.5657096774193556, 0.7832903225806443, 1.0117500000000117, 0.33725, 1.01175, 0.33725]",0.674500000000001,0.6745,0.2241186264344869,0.33725,1.0117500000000117,10.0,3.0,2.0,0.33
5,"[33.88781034482758, 1.8258017241379303, 0.6745, 0.0, 0.15118103448275827, 0.7907931034482757, 0.5930948275862068, 0.5349482758620687, 3.500422413793102, 1.0001206896551722, 0.0]",3.9053338557993724,0.6745,9.52958824548791,0.0,33.88781034482758,11.0,1.0,5.0,0.83
