Cluster,Dist,mean,median,std,min,max,bag_count,day_count,Cluster_Rank,Cluster_perc
0,"[0.6745, 4.029705128205125, 0.0, 1.01175, 1.997557692307687, 0.3372499999999973, 0.33725, 0.9650149812734078, 1.1115355805243448, 0.15662546816479384, 0.8589138576779024, 0.1566254681647941, 0.4900861423220976, 2.1583999999999914, 0.6745, 0.0, 0.0, 0.6745, 11.466500000000071]",1.4263533851915902,0.6745,2.5497428876529153,0.0,11.466500000000071,19.0,5.0,4.0,0.57
1,"[1.3104571428571372, 0.192714285714286, 3.6230285714285593, 0.19271428571428398, 0.6552285714285716, 0.6937714285714284, 0.9138387096774204, 0.26109677419354815, 0.0, 0.4134032258064518, 0.32637096774193614, 0.6745, 0.6962580645161288, 5.374241935483877, 1.6100967741935504, 2.110532258064519, 0.2175806451612915]",1.1332843317972348,0.6745,1.373956966110782,0.0,5.374241935483877,17.0,2.0,3.0,0.43
2,"[0.33725000000001754, 0.0, 2.6980000000000173, 27.317250000000158, 0.6745, 0.0, 46.264568181818234, 0.27593181818181844, 0.6745, 6.40775000000001, 36.77274074074075, 0.0, 0.5495925925925933, 0.8743518518518519, 0.6745]",8.234729012345698,0.6745,14.770861368516027,0.0,46.264568181818234,15.0,3.0,7.0,1.0
3,"[0.0, 0.6745, 1.1691333333333322, 0.674500000000007, 0.6744999999999929, 0.0, 1.180375000000001, 0.6745, 0.0, 0.6744999999999991, 0.6745000000000008, 0.6744999999999955, 0.6745000000000043, 0.0, 0.6744999999999993, 0.6745000000000005, 0.6745, 0.6745000000000001, 0.0]",0.5496583333333334,0.6745,0.36122594671940905,0.0,1.180375000000001,19.0,10.0,1.0,0.14
4,"[0.5418114754098357, 4.35660655737705, 1.747065573770492, 0.0, 0.6745]",1.4639967213114755,0.6745,1.5533407056835125,0.0,4.35660655737705,5.0,1.0,5.0,0.71
5,"[2.2587906976744123, 0.09411627906976827, 45.489534883720815, 0.09411627906976665, 0.5646976744186047, 0.7843023255813952]",8.214259689922459,0.6745,16.685858659264046,0.09411627906976665,45.489534883720815,6.0,1.0,6.0,0.86
6,"[0.6745, 0.6745, 0.6745, 0.6745]",0.6745,0.6745,0.0,0.6745,0.6745,4.0,2.0,2.0,0.29
