Cluster,Dist,mean,median,std,min,max,bag_count,day_count,Cluster_Rank,Cluster_perc
0,"[0.6131818181818094, 0.6131818181818158, 0.7358181818181841, 1.594272727272711, 1.5118103448275837, 0.0, 0.697758620689655, 1.9304655172413763, 0.18606896551724125, 0.023258620689655004, 0.6745, 0.0793529411764701, 1.2696470588235298, 0.0793529411764701, 8.213029411764703, 0.5388862433862435, 0.8101137566137565, 2.1805264550264547, 0.5388862433862435, 0.037472222222222004, 1.3115277777777778, 1.349, 0.037472222222222004, 0.3583281249999999, 0.31617187500000016, 0.0, 0.6745, 1.3911562499999999, 4.531796874999999, 0.0, 0.8009687499999991, 0.10539062500000042, 1.349, 0.8642031249999998, 0.8348993902439018, 0.6703871951219512, 0.6703871951219509, 0.6786128048780488]",1.0071417394305784,0.6745,1.4448103570841655,0.0,8.213029411764703,38.0,7.0,2.0,0.5
1,"[0.7987499999999993, 0.47925000000000106, 4.313250000000004, 0.7632499999999994, 0.5857500000000005, 0.4792499999999992, 0.6969833333333337, 0.831883333333333, 0.6520166666666662, 0.8768499999999994, 0.629533333333333, 7.037283333333332, 2.720483333333333, 0.44966666666666744, 0.35973333333333346, 0.3147666666666671, 1.663766666666667, 0.3147666666666659]",1.3315129629629632,0.6745,1.6948426609897966,0.3147666666666659,7.037283333333332,18.0,2.0,3.0,0.75
2,"[0.711972222222222, 0.0, 0.6745, 0.0, 124.27662499999992, 0.6745, 1.6300416666666613, 0.0, 0.5620833333333314, 1.8548749999999956, 0.6745, 0.0, 0.6745, 2.806790322580643, 0.0, 0.6745, 0.6745, 1.7039999999999988, 0.9230000000000003, 0.4259999999999997, 0.4259999999999997, 1.0960624999999973, 0.0, 0.6745, 0.8431249999999989, 0.5058750000000011]",5.480305770953953,0.6745,23.768168571754085,0.0,124.27662499999992,26.0,7.0,4.0,1.0
3,"[0.674500000000007, 0.6744999999999929, 0.6744999999999964, 0.6745000000000035, 0.6744999999999995, 0.6745000000000004, 0.0, 0.6744999999999998, 0.6745000000000002, 0.0]",0.5395999999999999,0.6744999999999997,0.2698,0.0,0.674500000000007,10.0,6.0,1.0,0.25
