Cluster,Dist,mean,median,std,min,max,bag_count,day_count,Cluster_Rank,Cluster_perc
0,"[0.0, 0.5707307692307646, 0.6745, 5.551653846153833, 1.1414615384615374, 0.26174626865671474, 1.2281940298507492, 0.4228208955223886, 0.9261791044776115, 3.5637761194029838, 0.26174626865671585, 1.0233793103448277, 0.3256206896551725, 0.3256206896551725, 15.257655172413788, 3.5411250000000134, 0.741950000000005, 0.6745, 0.43842499999999884, 0.0, 4.586600000000016, 0.06744999999999982, 0.6534218750000012, 0.6534218749999989, 0.6955781249999988, 2.0024218750000036, 0.9442999999999989, 0.6745, 0.5695777777777762, 0.8393777777777766, 3.2226111111111084, 0.6145444444444433, 0.0]",1.5895421079876788,0.6745,2.7646459789889266,0.0,15.257655172413788,33.0,6.0,5.0,0.83
1,"[0.24282000000000326, 20.5722500000001, 0.0, 0.9038300000000026, 0.3912100000000038, 1.0522200000000044, 0.6745000000000001, 1.1691333333333334, 0.33725000000000144, 0.8768500000000005, 0.47214999999999946, 33.09546666666667, 0.3372500000000003]",4.624994615384624,0.6745000000000001,9.788639720581443,0.0,33.09546666666667,13.0,2.0,6.0,1.0
2,"[0.0, 0.6745000000000003, 0.6744999999999997, 0.0, 0.6745, 1.0960624999999902, 0.0]",0.44565178571428427,0.6744999999999997,0.40987195825280354,0.0,1.0960624999999902,7.0,4.0,1.0,0.17
3,"[0.0, 0.14453571428571518, 2.5052857142857063, 0.6745, 0.7226785714285684, 0.9303448275862087, 0.0, 0.6745, 0.6745, 0.9230000000000075, 0.0, 0.6745, 0.0, 4.046999999999859]",0.8550603448275762,0.6745,1.0855971757704965,0.0,4.046999999999859,14.0,4.0,4.0,0.67
4,"[0.6745, 0.6745, 0.6745, 0.6745, 0.6745, 0.6745, 0.6745, 0.6745, 0.6745, 0.6745]",0.6745,0.6745,0.0,0.6745,0.6745,10.0,5.0,2.0,0.33
5,"[0.6745, 0.6744999999999938, 1.7060882352941091, 0.0, 0.7935294117646983]",0.7697235294117603,0.6745,0.5455190070555017,0.0,1.7060882352941091,5.0,1.0,3.0,0.5
