Cluster,Dist,mean,median,std,min,max,bag_count,day_count,Cluster_Rank,Cluster_perc
0,"[0.6546617647058822, 1.577139705882353, 2.350830882352941, 0.9125588235294118, 0.0, 0.7439338235294116, 0.2876544117647057, 0.6745, 0.15870588235294122, 0.3670073529411763, 3.03525, 1.2299705882352938, 0.31741176470588245, 0.6745, 0.6745, 0.6745, 0.6745]",0.8828014705882352,0.6745,0.7640258672565118,0.0,3.03525,17.0,3.0,3.0,1.0
1,"[0.0, 0.0, 0.6744999999999994, 0.6745000000000005, 0.0, 0.0, 0.6744999999999995, 0.6745000000000004, 0.0, 0.6745000000000007, 0.6744999999999993, 0.0, 0.6745, 0.6745000000000001, 0.0, 0.0, 0.6745000000000001, 0.6744999999999999, 0.674500000000005, 0.674499999999995, 0.6745000000000003, 0.6744999999999997, 0.0]",0.4105652173913044,0.6744999999999994,0.3291845096581335,0.0,0.674500000000005,23.0,16.0,1.0,0.33
2,"[0.8243888888888883, 1.0342333333333338, 0.5246111111111117, 0.5246111111111109, 1.372258620689655, 0.19769827586206892, 1.139672413793103, 0.05814655172413817, 0.0, 1.7443965517241373, 0.6745, 0.13955172413793074, 0.7791637931034483, 0.6745, 0.3817924528301884, 2.5961886792452837, 1.0053867924528301, 0.12726415094339613, 0.0, 1.3617264150943402, 1.236583333333334, 0.6745, 0.0, 0.749444444444444, 0.11241666666666601]",0.7173214124195763,0.6745,0.6185594277732043,0.0,2.5961886792452837,25.0,4.0,2.0,0.67
