Cluster,Dist,mean,median,std,min,max,bag_count,day_count,Cluster_Rank,Cluster_perc
0,"[0.0, 0.0, 0.0, 0.0, 0.0, 0.0, 0.6745000000000003, 0.6744999999999997, 0.0, 0.6744999999999998, 0.6745000000000002, 0.0, 0.0, 0.0, 0.6745000000000001, 0.6744999999999999, 0.0]",0.23805882352941174,0.0,0.32233317081923263,0.0,0.6745000000000003,17.0,14.0,1.0,0.33
1,"[0.33725, 0.33725, 1.7199750000000016, 1.01175, 1.4555, 0.9584999999999999, 0.3905, 0.3905, 1.1390790816326528, 0.4989923469387753, 0.49899234693877564, 0.8500076530612243]",0.7990247023809526,0.6745,0.44798859518854217,0.33725,1.7199750000000016,12.0,3.0,2.0,0.67
2,"[3.2845217391304398, 0.0, 0.6745, 0.0, 10.791999999999872, 0.6745]",2.570920289855052,0.6745,3.840734754663648,0.0,10.791999999999872,6.0,2.0,3.0,1.0
