Cluster,Dist,mean,median,std,min,max,bag_count,day_count,Cluster_Rank,Cluster_perc
0,"[0.023420138888888744, 0.8759131944444445, 1.447364583333333, 0.023420138888888744, 1.5597812500000001, 0.16394097222222218, 0.7916006944444444, 1.2506354166666669, 0.17330902777777768, 0.5573993055555556, 0.8672142857142857, 4.914214285714316, 0.48178571428571426, 0.48178571428571426]",0.9722703373015893,0.6745,1.1948070094080343,0.023420138888888744,4.914214285714316,14.0,2.0,3.0,1.0
1,"[0.0, 0.0, 0.0, 0.6744999999999998, 0.6745000000000002, 0.6744999999999987, 0.6745000000000013, 0.0, 0.0, 0.0, 0.0, 0.6744999999999997, 0.6745000000000003]",0.3113076923076923,0.0,0.3362507385443155,0.0,0.6745000000000013,13.0,10.0,1.0,0.33
2,"[0.6745, 0.6745]",0.6745,0.6745,0.0,0.6745,0.6745,2.0,1.0,2.0,0.67
