Cluster,Dist,mean,median,std,min,max,bag_count,day_count,Cluster_Rank,Cluster_perc
0,"[2.7689999999999957, 1.2069999999999999, 0.14200000000000018, 0.14199999999999896, 10.117500000000064, 0.6745, 0.0, 0.6451739130434799, 0.6745, 1.114391304347827, 0.0, 0.8797826086956543]",1.5304873188405848,0.6745,2.688892001492132,0.0,10.117500000000064,12.0,3.0,4.0,1.0
1,"[0.6745000000000035, 0.6744999999999964, 0.6745000000000017, 0.6744999999999983, 0.6745000000000021, 0.6744999999999978, 0.6745000000000004, 0.6744999999999995, 0.0, 0.0, 0.0, 0.0, 0.0, 0.0]",0.38542857142857134,0.6744999999999971,0.3337909342014879,0.0,0.6745000000000035,14.0,10.0,2.0,0.5
2,"[1.1674038461538485, 0.23348076923077077, 0.23348076923076805, 1.1155192307692292, 0.6745, 0.6745]",0.6831474358974362,0.6745,0.3710344589550737,0.23348076923076805,1.1674038461538485,6.0,2.0,3.0,0.75
3,"[0.0, 0.0, 0.0]",0.0,0.0,0.0,0.0,0.0,3.0,1.0,1.0,0.25
