Cluster,Dist,mean,median,std,min,max,bag_count,day_count,Cluster_Rank,Cluster_perc
0,"[0.6745, 0.0, 8.262625000000051, 1.1562857142857152, 0.5781428571428564, 0.578142857142859, 0.7708571428571411]",1.7172219387755177,0.6745,2.6908224856731056,0.0,8.262625000000051,7.0,2.0,3.0,1.0
1,"[0.6745, 1.8886000000000003, 0.0, 0.0, 0.0, 0.0, 0.6745000000000001, 0.6744999999999999, 0.0, 0.6744999999999999, 0.6745000000000001, 0.0, 0.0, 0.0, 0.0]",0.35074000000000005,0.0,0.5161577921527486,0.0,1.8886000000000003,15.0,11.0,1.0,0.33
2,"[0.6745, 0.6745, 0.6745, 0.6745, 0.6745, 0.6745, 0.6745, 0.6745]",0.6745,0.6745,0.0,0.6745,0.6745,8.0,4.0,2.0,0.67
