Cluster,Dist,mean,median,std,min,max,bag_count,day_count,Cluster_Rank,Cluster_perc
0,"[74.65715740740741, 0.36223148148148193, 0.3622314814814807, 0.986768518518518, 1.507705882352942, 0.0, 0.650694117647059, 0.6745, 2.2298176470588253, 0.0555470588235291, 0.015870588235294445, 0.626888235294118, 3.015411764705884, 1.6584764705882362, 0.4919882352941182, 0.7697235294117655, 0.6824352941176474, 0.9125588235294121, 0.5157941176470588]",4.746094771241831,0.6745,16.495145440245565,0.0,74.65715740740741,19.0,2.0,5.0,1.0
1,"[3.6492179487179506, 0.0, 0.29401282051282074, 5.5689487179487225, 2.715294871794874, 0.6572051282051283, 4.427487179487183, 1.5392435897435917, 0.6745, 0.1556538461538462, 0.5015512820512821, 1.1060124223602494, 0.11730434782608676, 0.6116583850931678, 2.873956521739132, 1.5249565217391317, 0.5949006211180122, 0.5613850931677018, 0.7792360248447205, 2.061204968944101, 0.48597515527950386, 0.7373416149068323, 0.11730434782608717]",1.3806239743243531,0.6745,1.4684760561798682,0.0,5.5689487179487225,23.0,2.0,3.0,0.6
2,"[0.6745, 0.6745, 0.6745, 0.6745]",0.6745,0.6745,0.0,0.6745,0.6745,4.0,2.0,2.0,0.4
3,"[0.0, 0.6745, 4.721500000000035, 0.6745, 3.844650000000003, 0.0]",1.6525250000000062,0.6745,1.8973122708518593,0.0,4.721500000000035,6.0,2.0,4.0,0.8
4,"[1.454116883116883, 0.0, 0.6745, 0.0, 0.0, 0.0, 0.0, 0.6744999999999984, 0.6745000000000014, 0.6744999999999998, 0.6745000000000002, 0.6744999999999998, 0.6745000000000002, 0.0, 0.0, 0.0, 0.6745, 1.1382187499999992, 0.0]",0.4204387175324675,0.6744999999999984,0.4407526006019671,0.0,1.454116883116883,19.0,12.0,1.0,0.2
