Cluster,Dist,mean,median,std,min,max,bag_count,day_count,Cluster_Rank,Cluster_perc
0,"[2.221080808080807, 0.09538383838383778, 1.2536161616161623, 0.09538383838383778, 5.542630434782629, 0.6745, 0.0]",1.4117992973210391,0.6745,1.8418318205023583,0.0,5.542630434782629,7.0,2.0,3.0,1.0
1,"[0.6744999999999991, 0.6745000000000009, 0.6744999999999998, 0.6745000000000002, 0.0, 0.6745000000000011, 0.6744999999999988, 0.0, 0.0, 1.483900000000014, 0.6745, 0.0, 0.0, 0.0, 0.0, 0.0, 0.0]",0.36502352941176547,0.0,0.42850588235294335,0.0,1.483900000000014,17.0,12.0,1.0,0.33
2,"[0.6745, 0.6745, 0.6745, 0.6745, 0.6745, 0.6745, 0.6745, 0.6745, 0.6745, 0.6745]",0.6745,0.6745,0.0,0.6745,0.6745,10.0,5.0,2.0,0.67
