Cluster,Dist,mean,median,std,min,max,bag_count,day_count,Cluster_Rank,Cluster_perc
0,"[1.0599285714285713, 4.914214285714316, 0.2890714285714286, 0.2890714285714286, 0.05865217391304308, 0.0, 0.6745, 0.3812391304347831, 3.7537391304347802, 4.369586956521736, 0.6745, 0.9274374999999991, 0.4552874999999988, 0.8937124999999995, 0.45528750000000057]",1.279748540372672,0.6745,1.5745834909949716,0.0,4.914214285714316,15.0,3.0,4.0,1.0
1,"[0.6801680672268909, 0.0, 0.6745, 0.6745, 0.2414876543209879, 2.4898209876543205, 0.9909320987654321, 1.5738333333333332, 0.28312345679012346, 0.774425925925926, 0.39970370370370384, 0.0, 0.6745, 5.829607142857147, 0.0, 0.6744999999999981, 0.10649999999999912, 0.6745000000000019, 0.8875000000000001, 0.1065000000000028, 1.1004999999999945]",0.8969810652656124,0.6745,1.24217828468676,0.0,5.829607142857147,21.0,4.0,3.0,0.75
2,"[0.3973082191780822, 0.3973082191780822, 1.3120410958904107, 0.9516917808219177, 1.38190243902439, 0.8225609756097559, 0.5264390243902439, 0.5264390243902439, 0.0, 0.7331521739130434, 0.6745, 1.414983695652174, 0.10997282608695622, 1.1437173913043472, 0.3005923913043479]",0.7128406171162663,0.6745,0.4371474232411617,0.0,1.414983695652174,15.0,3.0,2.0,0.5
3,"[0.0, 0.6744999999999991, 0.6745000000000008, 0.0, 0.0, 0.0, 0.0, 0.0, 0.0, 0.0]",0.13489999999999996,0.0,0.26979999999999993,0.0,0.6745000000000008,10.0,9.0,1.0,0.25
