Cluster,Dist,mean,median,std,min,max,bag_count,day_count,Cluster_Rank,Cluster_perc
0,"[0.0, 0.42156250000000167, 7.841062499999998, 14.501749999999992, 0.6745, 0.40470000000000006, 0.0, 0.22874347826086974, 1.0616043478260873, 0.11143913043478257, 0.7155565217391304, 0.7272869565217391, 0.7272869565217391, 0.6745]",2.0064280279503097,0.6745,3.9590359892999127,0.0,14.501749999999992,14.0,2.0,4.0,0.67
1,"[0.6745000000000035, 0.6744999999999964, 0.0, 1.0376923076923117, 0.6745, 0.6745000000000003, 0.6744999999999997, 0.0, 0.6745000000000011, 0.6744999999999989, 0.6744999999999998, 0.6745000000000002, 0.0, 0.0, 1.5738333333333177, 0.6745, 0.0]",0.5503838612368017,0.6744999999999998,0.4168211971355717,0.0,1.5738333333333177,17.0,9.0,1.0,0.17
2,"[2.107812499999999, 0.0, 0.6745, 26.44039999999988, 0.6745, 0.0, 0.8093999999999999, 0.6745, 0.0, 7.204886363636373, 0.0, 0.6745]",3.271708238636354,0.6745,7.242663212882694,0.0,26.44039999999988,12.0,4.0,5.0,0.83
3,"[0.5015512820512821, 0.0, 0.6745, 0.778269230769232, 1127.3835128205137]",225.86756666666685,0.6745,450.75805235776977,0.0,1127.3835128205137,5.0,1.0,6.0,1.0
4,"[0.23460869565217382, 1.1143913043478262, 0.23460869565217382, 1.6422608695652152, 0.23805882352941032, 1.1109411764705897, 0.23805882352941032, 2.142529411764705]",0.869432225063938,0.6745,0.7017512607755345,0.23460869565217382,2.142529411764705,8.0,2.0,3.0,0.5
5,"[0.6744999999999999, 0.6745, 0.6745, 0.6745, 0.6745, 0.6745]",0.6745,0.6745,4.5324665183683945e-17,0.6744999999999999,0.6745,6.0,3.0,2.0,0.33
