Cluster,Dist,mean,median,std,min,max,bag_count,day_count,Cluster_Rank,Cluster_perc
0,"[2.117343478260869, 0.39296956521739146, 0.8387260869565217, 0.39296956521739146, 0.8035347826086957, 0.5454652173913042, 1.292791666666667, 8.824708333333328, 0.056208333333332965, 0.056208333333332965, 1.092047619047619, 6.777119047619046, 0.25695238095238104, 0.25695238095238104]",1.693142627920733,0.6744999999999999,2.578918293435711,0.056208333333332965,8.824708333333328,14.0,3.0,4.0,0.67
1,"[0.6745, 0.6745, 0.6745, 0.6745, 1.1459951456310677, 0.3470728155339805, 0.3470728155339805, 1.0019271844660194]",0.6925084951456311,0.6745,0.2601295130690706,0.3470728155339805,1.1459951456310677,8.0,3.0,2.0,0.33
2,"[0.7004423076923075, 0.0, 0.38913461538461436, 7.601096153846154, 0.6745, 0.6295333333333336, 0.6745, 0.9442999999999981, 64.52716666666662, 0.0]",7.614067307692302,0.6745,19.090918394593206,0.0,64.52716666666662,10.0,2.0,6.0,1.0
3,"[0.19271428571428428, 0.6745, 1.5417142857142843, 2.7943571428571397, 0.0]",1.0406571428571416,0.6745,1.0259207943728057,0.0,2.7943571428571397,5.0,1.0,3.0,0.5
4,"[0.6744999999999998, 0.6745000000000002, 0.0, 0.6744999999999994, 0.6745000000000005, 0.0, 0.6744999999999984, 0.6745000000000014, 0.6745, 1.3844999999999998, 0.0, 0.0, 0.674500000000007, 0.6744999999999929, 0.0, 1.6685, 0.0, 0.6745, 0.6744999999999998, 0.6745000000000001]",0.55735,0.6744999999999998,0.4442609058875201,0.0,1.6685,20.0,11.0,1.0,0.17
5,"[5.80351041666667, 5.887822916666671, 0.5901874999999998, 0.7588125000000002, 0.028104166666666514, 0.028104166666667246]",2.1827569444444457,0.6745,2.60404563346285,0.028104166666666514,5.887822916666671,6.0,1.0,5.0,0.83
