Cluster,Dist,mean,median,std,min,max,bag_count,day_count,Cluster_Rank,Cluster_perc
0,"[0.6744999999999998, 0.6745000000000002, 0.6745000000000003, 0.6744999999999997, 0.6745000000000002, 0.6744999999999999, 0.0, 0.6744999999999991, 0.6745000000000009]",0.5995555555555555,0.6744999999999999,0.2119748995157006,0.0,0.6745000000000009,9.0,5.0,1.0,0.14
1,"[0.6745, 0.6745, 0.6745, 0.6745, 0.6745, 0.6745]",0.6745,0.6745,0.0,0.6745,0.6745,6.0,3.0,2.0,0.29
2,"[0.9443, 0.4047, 0.4047, 13.085300000000085, 0.9048170731707317, 0.44418292682926835, 0.4441829268292666, 3.0105731707317016, 1.2141000000000015, 0.1348999999999986, 17.402099999999916, 0.1348999999999986]",3.2107296747967475,0.6745,5.502721168974479,0.1348999999999986,17.402099999999916,12.0,3.0,7.0,1.0
3,"[0.6745, 0.33725, 3.0352500000000173, 8.094000000000053, 0.0, 0.6745, 0.09635714285714381, 0.0, 5.042690476190469, 3.4046190476190423]",2.1359166666666725,0.6745,2.5914717701068692,0.0,8.094000000000053,10.0,2.0,6.0,0.86
4,"[0.0, 3.439950000000003, 0.6745, 0.6745, 5.311687499999996, 0.0, 0.0, 0.6745, 5.0346607142857165, 0.6745, 0.0, 0.6985892857142868, 10.370437499999994, 0.6745, 0.0, 3.7097500000000014, 0.0, 0.6745]",1.8117819444444443,0.6745,2.696036879964131,0.0,10.370437499999994,18.0,6.0,4.0,0.57
5,"[1.0650000000000015, 0.0, 9.265500000000005, 0.5324999999999989, 0.7454999999999996, 0.6745, 0.6745]",1.8510714285714294,0.6745,3.0413268771162034,0.0,9.265500000000005,7.0,1.0,5.0,0.71
6,"[0.06245370370370396, 0.6745, 1.7986666666666657, 2.0110092592592586, 0.0]",0.9093259259259255,0.6745,0.848980863848573,0.0,2.0110092592592586,5.0,1.0,3.0,0.43
