Cluster,Dist,mean,median,std,min,max,bag_count,day_count,Cluster_Rank,Cluster_perc
0,"[0.0, 0.6744999999999998, 0.6745000000000002, 0.6744999999999992, 0.6745000000000007, 0.0, 1.8548749999999756, 0.6745]",0.6534218749999969,0.6744999999999999,0.5361472910727071,0.0,1.8548749999999756,8.0,4.0,3.0,0.33
1,"[0.6745, 0.6745, 0.6745, 0.6745, 0.6745, 0.6745, 0.6745, 0.6745, 0.5590034246575337, 0.7899965753424663, 0.5590034246575337, 0.799236301369862]",0.6752699771689498,0.6745,0.06805047590383342,0.5590034246575337,0.799236301369862,12.0,5.0,4.0,0.44
2,"[2.330090909090913, 0.6949393939393927, 0.6540606060606072, 0.6540606060606072, 0.2498148148148148, 6.3952592592593005, 0.2498148148148148, 1.099185185185185, 0.6131818181818178, 1.37352727272727, 0.735818181818182, 0.6131818181818178, 0.786916666666667, 3.237599999999996, 0.5620833333333329, 0.5620833333333318]",1.300726125841753,0.6745,1.5174641682922165,0.2498148148148148,6.3952592592593005,16.0,4.0,9.0,1.0
3,"[0.3747222222222234, 0.824388888888891, 4.771462962962973, 0.7244629629629576, 0.3747222222222234, 0.6245370370370424]",1.282382716049385,0.6745000000000001,1.5692445022742665,0.3747222222222234,4.771462962962973,6.0,1.0,8.0,0.89
4,"[2.0235000000000065, 0.0, 0.6745, 0.0, 0.8225609756097556, 0.6745, 0.0, 0.6745, 0.8820384615384501, 3.962687499999996, 0.0, 0.6745]",0.8657322447623507,0.6745,1.0831257253673403,0.0,3.962687499999996,12.0,4.0,6.0,0.67
5,"[0.0, 0.0, 0.0]",0.0,0.0,0.0,0.0,0.0,3.0,1.0,1.0,0.11
6,"[3.249863636363634, 0.776696969696969, 0.0, 2.7388787878787864, 0.02043939393939381, 0.0, 0.6745]",1.0657683982683976,0.6745,1.2632532219844692,0.0,3.249863636363634,7.0,1.0,7.0,0.78
7,"[0.8363800000000025, 0.5126199999999974, 1.322019999999992, 0.5126199999999946]",0.7959099999999966,0.6744999999999999,0.33126122667767666,0.5126199999999946,1.322019999999992,4.0,1.0,5.0,0.56
8,"[0.0, 0.6263214285714266, 0.9635714285714203, 0.6745, 0.7708571428571418]",0.6070499999999978,0.6745,0.32476788697185255,0.0,0.9635714285714203,5.0,1.0,2.0,0.22
