Cluster,Dist,mean,median,std,min,max,bag_count,day_count,Cluster_Rank,Cluster_perc
0,"[0.699481481481482, 0.0, 0.6745, 0.6745, 0.6745, 2.7792650602409625, 0.34131325301204773, 1.0076867469879522, 0.29255421686746974, 1.251481927710843, 0.29255421686746974, 18.076599999999925, 0.0, 0.6745, 0.07494444444444401, 0.07494444444444401, 1.274055555555556, 2.173388888888892, 0.6745, 5.058750000000035, 0.0, 0.6745, 0.0, 0.4905454545454548, 3.234534090909091, 0.7051590909090908]",1.6105484181871215,0.6745,3.4878065801501714,0.0,18.076599999999925,26.0,7.0,2.0,0.67
1,"[0.0, 0.0, 0.6745, 1.8412027027027034, 0.0, 0.0, 0.0, 0.6745000000000008, 0.6744999999999991, 0.6745, 0.0, 0.7869166666666673, 0.3372499999999994, 1.2365833333333351, 0.6744999999999992, 0.6745000000000008, 0.0, 0.6745000000000003, 0.6744999999999997, 0.0, 1.4769224137931032, 0.6745, 0.0, 0.0]",0.48955729652065866,0.6744999999999992,0.5072803664321535,0.0,1.8412027027027034,24.0,13.0,1.0,0.33
2,"[0.46371875000000135, 124.57171874999995, 1.0539062499999976, 0.2950937499999981, 0.8852812499999986, 0.29509375000000243]",21.260802083333324,0.6745,46.20293374156764,0.2950937499999981,124.57171874999995,6.0,1.0,3.0,1.0
