Cluster,Dist,mean,median,std,min,max,bag_count,day_count,Cluster_Rank,Cluster_perc
0,"[0.6745, 10.937837837837828, 0.0, 0.8932567567567561, 0.3099054054054051, 2.3151756756756736, 0.43751351351351325, 6.407750000000002, 0.0, 0.0, 0.974277777777778, 0.6745]",1.968726413913913,0.6745,3.19491099877392,0.0,10.937837837837828,12.0,2.0,6.0,0.75
1,"[1.3490000000000026, 0.6745, 0.0, 0.8820384615384634, 0.051884615384615175, 0.8350952380952376, 0.0, 0.8886269841269833, 0.36401587301587285, 0.5888492063492058, 1.4025317460317457, 0.6745, 3.1757708333333317, 0.0, 0.05620833333333443, 1.5738333333333316, 0.6745]",0.775962036737772,0.6745,0.7756729354989745,0.0,3.1757708333333317,17.0,3.0,3.0,0.38
2,"[0.0, 0.0, 0.0, 0.0, 0.6744999999999998, 0.6745000000000002, 0.0, 0.0, 1.0792000000000002, 0.0, 0.6745, 0.6744999999999991, 0.6745000000000009, 0.0]",0.3179785714285715,0.0,0.38021410167462877,0.0,1.0792000000000002,14.0,10.0,1.0,0.12
3,"[0.44744059405940556, 1.0418019801980196, 0.15359900990098985, 0.480831683168317, 2.4575841584158415, 1.121940594059406, 0.868168316831683, 0.7346039603960391, 0.0, 0.6811782178217818, 0.6344306930693072, 1.0484801980198017, 0.16027722772277198, 0.4808316831683166, 0.6745, 0.47611764705882476, 0.8728823529411752, 4.761176470588235, 0.47611764705882476]",0.9248401281304601,0.6745,1.0372706081953815,0.0,4.761176470588235,19.0,2.0,4.0,0.5
4,"[0.6745, 0.6745, 0.6745, 0.6745, 0.6745, 0.6745]",0.6745,0.6745,0.0,0.6745,0.6745,6.0,3.0,2.0,0.25
5,"[5.216133333333327, 0.6745, 0.0, 0.0, 8.667325000000009, 0.6745]",2.538743055555556,0.6745,3.2804769036921755,0.0,8.667325000000009,6.0,2.0,7.0,0.88
6,"[0.9067049180327873, 0.42018032786885223, 1.0725655737704918, 0.6745, 0.0, 32.18802459016394, 0.06634426229508157]",5.046902810304451,0.6745,11.086534594580915,0.0,32.18802459016394,7.0,1.0,8.0,1.0
7,"[4.820207317073169, 0.3290243902439029, 0.0, 1.8260853658536573, 0.6745]",1.5299634146341459,0.6745,1.7566020261704756,0.0,4.820207317073169,5.0,1.0,5.0,0.62
