Cluster,Dist,mean,median,std,min,max,bag_count,day_count,Cluster_Rank,Cluster_perc
0,"[1.0039069767441853, 3.827395348837204, 0.2509767441860463, 0.3450930232558147, 1.380372093023254, 0.2509767441860463, 52.28239743589737, 1.2279358974358965, 0.12106410256410347, 0.12106410256410167, 0.6507675925925926, 0.6507675925925923, 0.8731027777777775, 0.6982324074074076]",4.548860917076029,0.6745000000000001,13.269730418882528,0.12106410256410167,52.28239743589737,14.0,3.0,8.0,0.89
1,"[0.0, 0.0, 0.6745, 1.349, 0.0, 0.0, 0.0, 1.4453571428571421, 0.0, 0.6745, 0.6744999999999988, 0.6745000000000012]",0.4576964285714285,0.3372499999999994,0.5175927470579283,0.0,1.4453571428571421,12.0,7.0,1.0,0.11
2,"[0.6745, 0.0, 0.8093999999999991, 0.8431250000000033, 0.6745, 0.0]",0.5002541666666671,0.6745,0.359249968225662,0.0,0.8431250000000033,6.0,2.0,2.0,0.22
3,"[1.03733448275862, 0.7396241379310345, 0.6093758620689654, 0.609375862068965, 1.9008636363636362, 1.0424090909090908, 0.3065909090909093, 0.3065909090909093, 0.33724999999999916, 1.011749999999999, 1.622011904761901, 0.3372500000000008]",0.821702232920336,0.6745,0.5027740477145217,0.3065909090909093,1.9008636363636362,12.0,3.0,4.0,0.44
4,"[0.6745, 0.6745, 0.6745, 0.6745]",0.6745,0.6745,0.0,0.6745,0.6745,4.0,2.0,3.0,0.33
5,"[0.39676470588235463, 0.6745, 0.0, 0.9522352941176474, 102.40497058823527]",20.885694117647056,0.6745,40.76085384737406,0.0,102.40497058823527,5.0,1.0,9.0,1.0
6,"[0.023258620689655046, 1.0001206896551742, 4.023741379310348, 0.8605689655172416, 0.023258620689655046, 9.605810344827594, 0.9536034482758617, 0.4884310344827584, 0.2558448275862079, 0.4884310344827584]",1.7723068965517257,0.6745,2.8327586879425795,0.023258620689655046,9.605810344827594,10.0,1.0,7.0,0.78
7,"[4.817857142857135, 0.5299642857142843, 0.19271428571428553, 0.0, 0.6745, 2.553464285714282, 0.7708571428571421]",1.3627653061224472,0.6745,1.6079798450738347,0.0,4.817857142857135,7.0,1.0,6.0,0.67
8,"[0.0, 2.9977777777777797, 0.6745, 2.0984444444444437, 0.44966666666666794, 0.0, 0.6745, 3.1026999999999973, 1.3489999999999978, 0.13489999999999908]",1.1481488888888884,0.6745,1.1306869103293462,0.0,3.1026999999999973,10.0,2.0,5.0,0.56
