Cluster,Dist,mean,median,std,min,max,bag_count,day_count,Cluster_Rank,Cluster_perc
0,"[0.1888599999999988, 0.7824200000000007, 0.8903400000000001, 3.0487400000000004, 0.35074000000000066, 0.1888600000000016, 11.35858, 0.5665799999999993, 0.7708571428571437, 50.99920779220779, 0.07007792207792166, 0.8409350649350644, 0.07007792207792256, 0.5781428571428564]",5.050315621521336,0.6745000000000001,13.054056397167336,0.07007792207792166,50.99920779220779,14.0,2.0,8.0,1.0
1,"[0.6745000000000012, 0.6744999999999988, 0.0, 0.0, 0.0, 1.388676470588235, 0.6745, 0.6745000000000013, 0.6744999999999987, 0.0, 1.6664117647058831, 0.6745, 0.0, 0.0]",0.5072920168067228,0.6744999999999988,0.5231920806176201,0.0,1.6664117647058831,14.0,8.0,2.0,0.25
2,"[0.6745, 3.969173076923076, 0.0, 2.4450624999999975, 0.0, 0.6745]",1.2938725961538455,0.6745,1.4490185341010358,0.0,3.969173076923076,6.0,2.0,6.0,0.75
3,"[1.0117500000000004, 2.3607500000000003, 0.3372499999999996, 0.3372499999999996, 0.5447884615384625, 1.1674038461538423, 0.8042115384615374, 0.5447884615384598]",0.8885240384615377,0.6744999999999999,0.6236616559550081,0.3372499999999996,2.3607500000000003,8.0,2.0,5.0,0.62
4,"[0.6745, 0.6745, 0.6745, 0.6745, 0.6745, 0.6745, 0.6745, 0.6745]",0.6745,0.6745,0.0,0.6745,0.6745,8.0,4.0,3.0,0.38
5,"[0.0, 0.0, 0.0]",0.0,0.0,0.0,0.0,0.0,3.0,1.0,1.0,0.12
6,"[0.4918229166666669, 2.3466979166666686, 0.8571770833333331, 0.4918229166666669, 0.57073076923077, 0.5707307692307646, 0.7782692307692299, 19.456730769230727, 2.7479629629629625, 0.7994074074074079, 0.5495925925925921, 0.5495925925925921]",2.5175448272791985,0.6745,5.158206559026096,0.4918229166666669,19.456730769230727,12.0,3.0,7.0,0.88
7,"[0.9212682926829266, 0.3180569105691057, 0.6745, 0.9322357723577234, 0.0, 0.0, 0.6745, 0.5395999999999975, 1.4164499999999978, 1.416449999999996]",0.6893060975609746,0.6745,0.4776253662002951,0.0,1.4164499999999978,10.0,2.0,4.0,0.5
