Cluster,Dist,mean,median,std,min,max,bag_count,day_count,Cluster_Rank,Cluster_perc
0,"[1.4787115384615386, 3.8654038461538462, 2.101326923076923, 0.09512179487179519, 0.025942307692307535, 0.025942307692307535, 0.3026602564102564, 1.0463397435897437, 0.04215624999999979, 3.5622031250000044, 1.791640625000002, 0.6323437500000002, 5.311687500000006, 0.6745, 0.0]",1.397065331196582,0.6745,1.6006943920583085,0.0,5.311687500000006,15.0,2.0,5.0,0.71
1,"[0.9262499999999988, 0.6127499999999999, 0.7362500000000001, 0.6127499999999994, 0.6745, 0.6932361111111109, 0.3684768518518518, 1.4676620370370363, 0.23107870370370356, 1.0742037037037033, 0.0, 0.3372499999999994, 1.654130952380951, 1.0117499999999997, 0.3372500000000002]",0.7158358906525569,0.6745,0.4385217497718568,0.0,1.654130952380951,15.0,3.0,3.0,0.43
2,"[0.6745, 2.201000000000001, 1.0294999999999999, 0.0, 0.2130000000000007, 2.900349999999987, 0.2023499999999979, 0.0, 1.2815499999999973, 0.6745, 1.1109411764705897, 0.0, 0.3967647058823526, 1.8251176470588228, 0.6745]",0.8789382352941166,0.6745,0.8384317774109863,0.0,2.900349999999987,15.0,3.0,4.0,0.57
3,"[0.6745, 0.0, 5.058750000000035, 0.6745, 24.95650000000014, 0.0, 0.8159274193548389, 0.0, 0.6745, 0.0, 0.8021081081081083, 0.6745, 0.6745, 0.0, 0.8243888888888901]",2.3886782944234684,0.6745,6.148683149854834,0.0,24.95650000000014,15.0,5.0,7.0,1.0
4,"[0.0, 0.6745000000000035, 0.6744999999999964, 0.6745, 1.471636363636366, 0.0, 0.6744999999999955, 0.6745000000000043, 0.0, 1.124166666666647, 0.0, 0.6745, 0.0]",0.5109848484848472,0.6744999999999964,0.46116858933559696,0.0,1.471636363636366,13.0,7.0,1.0,0.14
5,"[0.6745, 0.6745]",0.6745,0.6745,0.0,0.6745,0.6745,2.0,1.0,2.0,0.29
6,"[0.8485645161290319, 3.0678870967741942, 0.5004354838709679, 0.5004354838709679, 0.4614999999999999, 0.8875000000000001, 0.4614999999999999, 5.28949999999999]",1.5021653225806442,0.6744999999999999,1.6497458165089647,0.4614999999999999,5.28949999999999,8.0,2.0,6.0,0.86
