Cluster,Dist,mean,median,std,min,max,bag_count,day_count,Cluster_Rank,Cluster_perc
0,"[1.4539222222222234, 0.0, 0.6745, 0.0, 0.0, 0.0, 0.0, 0.0, 0.0, 0.6745, 0.6745000000000001, 0.0, 0.6745, 2.02349999999998]",0.44110158730158594,0.0,0.6155284914951323,0.0,2.02349999999998,14.0,9.0,1.0,0.14
1,"[0.6745, 0.6745, 0.0, 0.0, 0.6745, 0.6745]",0.44966666666666666,0.6745,0.3179623492735508,0.0,0.6745,6.0,3.0,2.0,0.29
2,"[0.6370277777777857, 1.0117500000000057, 0.7119722222222142, 0.18736111111111392, 1.3864722222222143, 0.18736111111111783, 0.0, 0.6745, 4.047000000000026, 27.654500000001647, 0.6745, 0.0, 0.6745, 0.824388888888892, 0.0]",2.5780888888890012,0.6745,6.769661600342638,0.0,27.654500000001647,15.0,4.0,6.0,0.86
3,"[7.859391304347895, 1.1143913043478315, 0.23460869565216833, 0.23460869565216833, 0.04414909090909066, 1.3048509090909093, 0.04414909090909066, 6.112196363636366, 5.12619999999996, 0.2697999999999972, 0.26979999999998316, 1.0792000000000028, 0.9865820895522387, 0.3624179104477612, 30.100820895522308, 0.36241791044776017]",3.469099016282221,0.6745,7.265142515774885,0.04414909090909066,30.100820895522308,16.0,4.0,7.0,1.0
4,"[1.252642857142856, 0.6745, 2.2804523809523802, 0.0, 0.03211904761904742]",0.8479428571428567,0.6745,0.852117788532125,0.0,2.2804523809523802,5.0,1.0,4.0,0.57
5,"[0.5759775280898874, 1.21258426966292, 0.704814606741574, 0.6745, 0.0]",0.6335752808988764,0.6745,0.38645476344439694,0.0,1.21258426966292,5.0,1.0,3.0,0.43
6,"[0.8644999999999999, 0.06650000000000045, 4.49349999999999, 1.2634999999999956, 0.06650000000000145, 0.4845, 1.7665476190476188, 0.3318968253968246, 1.0171031746031756, 1.5095952380952382, 0.18200793650793656, 0.18200793650793545]",1.0190132275132262,0.6745,1.1877408677639372,0.06650000000000045,4.49349999999999,12.0,2.0,5.0,0.71
