Cluster,Dist,mean,median,std,min,max,bag_count,day_count,Cluster_Rank,Cluster_perc
0,"[0.6612745098039212, 0.42321568627450973, 4.919882352941173, 0.423215686274509, 0.6877254901960786, 1.018362745098038, 54.25167567567569, 25.959135135135146, 0.5468918918918926, 0.7291891891891897, 0.0, 0.14583783783783796, 0.6745]",6.956992784639843,0.6745,15.230894927138129,0.0,54.25167567567569,13.0,2.0,8.0,1.0
1,"[0.0, 0.0, 1.6603076923076963, 0.6745, 0.0, 0.0, 0.6745, 1.753700000000005, 1.04240909090909, 0.6745, 0.0, 0.0, 0.0]",0.4984551371705224,0.0,0.6234892496090138,0.0,1.753700000000005,13.0,7.0,1.0,0.12
2,"[2.623055555555554, 0.24356944444444484, 3.5785972222222204, 1.0866944444444442, 0.24356944444444384, 0.2623055555555558, 1.7087333333333368, 2.4282000000000057, 0.2697999999999991, 0.989266666666668, 0.3597333333333321, 0.2697999999999991]",1.1719437500000003,0.6745,1.104659803981439,0.24356944444444384,3.5785972222222204,12.0,2.0,4.0,0.5
3,"[1.0813412698412694, 2.5374047619047575, 0.2676587301587304, 0.2676587301587293, 0.4192837837837827, 1.585986486486485, 0.9297162162162155, 0.41928378378378467, 0.809399999999999, 0.539600000000001, 0.9443000000000005, 0.5395999999999985]",0.8617694801944795,0.6745,0.6258151315167889,0.2676587301587293,2.5374047619047575,12.0,3.0,3.0,0.38
4,"[0.6745, 0.6745, 0.6744999999999999, 0.6744999999999999]",0.6744999999999999,0.6744999999999999,7.850462293418876e-17,0.6744999999999999,0.6745,4.0,2.0,2.0,0.25
5,"[0.30960655737704823, 1.0393934426229505, 0.30960655737704934, 4.599868852459013, 0.5886545454545441, 0.5886545454545453, 2.5998909090909073, 0.7603454545454547, 24.077088607594924, 0.2732151898734177, 1.0757848101265823, 0.2732151898734168]",3.0412770551541546,0.6745,6.458081753814802,0.2732151898734168,24.077088607594924,12.0,3.0,7.0,0.88
6,"[8.543666666666667, 2.847888888888892, 0.0, 0.0, 6.670055555555556, 0.44966666666666794, 0.6745]",2.7408253968253975,0.6745,3.2440414767186154,0.0,8.543666666666667,7.0,1.0,6.0,0.75
7,"[8.633600000000056, 0.6745, 0.0, 2.0235000000000114, 0.6745, 0.0, 0.0, 0.6745, 0.6745]",1.4839000000000075,0.6745,2.5956324281805223,0.0,8.633600000000056,9.0,3.0,5.0,0.62
