Cluster,Dist,mean,median,std,min,max,bag_count,day_count,Cluster_Rank,Cluster_perc
0,"[0.5246111111111113, 0.5246111111111113, 0.8243888888888888, 1.986027777777775, 0.0, 0.0, 1.0649999999999997, 0.28400000000000025, 0.39049999999999974, 0.9585000000000002, 3.8695000000000026, 1.2780000000000002]",0.9754282407407407,0.6745000000000001,1.0266954159671682,0.0,3.8695000000000026,12.0,2.0,4.0,0.5
1,"[0.0, 0.6745, 1.1922979797979791, 0.0, 0.0, 0.6745, 1.2599150943396231, 0.0, 0.6745, 1.0679583333333322, 0.6745, 0.0, 1.2285535714285711, 0.0, 0.6745000000000029, 0.6744999999999971, 0.6744999999999998, 0.6745000000000003, 0.0, 0.6745000000000039, 0.6744999999999961, 0.0, 0.0]",0.4997271729956307,0.6744999999999998,0.4405833685253566,0.0,1.2599150943396231,23.0,12.0,1.0,0.12
2,"[0.6745, 0.0, 6.070500000000035, 0.0, 2.698000000000003, 0.6745]",1.6862500000000062,0.6745,2.15945364907424,0.0,6.070500000000035,6.0,2.0,7.0,0.88
3,"[0.6745, 0.6745, 0.6745, 0.6745, 0.6745, 0.6745]",0.6745,0.6745,0.0,0.6745,0.6745,6.0,3.0,2.0,0.25
4,"[0.0, 0.6745, 0.5707307692307697, 0.778269230769233, 7.004423076923092]",1.805584615384619,0.6745,2.613336965661854,0.0,7.004423076923092,5.0,1.0,8.0,1.0
5,"[0.6745, 0.5025686274509801, 4.166029411764705, 1.3093235294117649, 0.0, 0.6745, 0.11241666666667251, 4.2718333333333565, 1.236583333333345, 0.0]",1.2947754901960824,0.6745,1.5250739347498201,0.0,4.2718333333333565,10.0,2.0,6.0,0.75
6,"[1.0021142857142857, 0.3468857142857142, 2.8136285714285707, 0.3468857142857142]",1.1273785714285713,0.6745,1.0096371135063267,0.3468857142857142,2.8136285714285707,4.0,1.0,5.0,0.62
7,"[1.608423076923072, 0.0, 1.5046538461538423, 0.0, 0.6745]",0.7575153846153829,0.6745,0.6981132360125076,0.0,1.608423076923072,5.0,1.0,3.0,0.38
