Cluster,Dist,mean,median,std,min,max,bag_count,day_count,Cluster_Rank,Cluster_perc
0,"[0.0, 0.0, 0.0, 0.0, 0.674500000000001, 0.6744999999999991, 0.0, 0.0, 0.0, 1.558844444444443, 0.6745, 0.0, 0.0]",0.27556495726495717,0.0,0.4647313664269362,0.0,1.558844444444443,13.0,10.0,1.0,0.25
1,"[0.6745, 0.6745, 0.6745, 0.6745]",0.6745,0.6745,0.0,0.6745,0.6745,4.0,2.0,2.0,0.5
2,"[0.0, 0.6745, 11.196699999999991, 0.8277954545454554, 0.6745, 0.0]",2.2289159090909076,0.6745,4.023945823147859,0.0,11.196699999999991,6.0,2.0,4.0,1.0
3,"[2.6503080808080814, 0.5518636363636367, 0.7971363636363632, 0.551863636363636]",1.1377929292929294,0.6744999999999999,0.8789731582808818,0.551863636363636,2.6503080808080814,4.0,1.0,3.0,0.75
