Cluster,Dist,mean,median,std,min,max,bag_count,day_count,Cluster_Rank,Cluster_perc
0,"[0.0, 0.0, 0.0, 0.0, 0.6744999999999961, 0.6745000000000039, 0.0, 0.674499999999995, 0.674500000000005, 0.0]",0.2698,0.0,0.33043616630145073,0.0,0.674500000000005,10.0,8.0,1.0,0.2
1,"[0.9096467889908252, 0.6745, 0.0, 0.6745, 45.19150000000026, 0.0]",7.908357798165181,0.6745,16.67711151872502,0.0,45.19150000000026,6.0,2.0,5.0,1.0
2,"[0.6745, 0.6745, 0.6745, 0.6745, 0.6745, 0.6745, 0.6745, 0.6745, 0.6745, 0.6745]",0.6745,0.6745,0.0,0.6745,0.6745,10.0,5.0,2.0,0.4
3,"[0.44966666666666666, 0.4496666666666628, 0.8993333333333333, 5.3210555555555406]",1.7799305555555507,0.6745,2.0526946778304596,0.4496666666666628,5.3210555555555406,4.0,1.0,4.0,0.8
4,"[0.6745, 1.7935568181818158, 0.9044431818181802, 0.6438409090909085, 0.0]",0.8032681818181808,0.6745,0.5793351423477519,0.0,1.7935568181818158,5.0,1.0,3.0,0.6
