Cluster,Dist,mean,median,std,min,max,bag_count,day_count,Cluster_Rank,Cluster_perc
0,"[24.24086248561668, 0.6745, 0.0, 1.4088595608417342, 3.001926120768555, 0.6745, 0.0, 0.635622140896623, 118.85913996138162, 0.6745, 0.0, 1.1794919182776225, 0.0, 0.5979226417534107, 0.0019187948535578179, 0.9796319906898574, 0.6745, 0.8070712807913639]",8.578358160881724,0.6745,27.291743226962392,0.0,118.85913996138162,18.0,4.0,4.0,1.0
1,"[7.730034016775421, 31.329362068965654, 0.4205410065237585, 1.5463839701770947, 0.08580545200371253, 1.3200838769804402, 0.38125279589935973, 0.08674836905872985, 0.2979617893755929, 0.08580545200372927, 0.9284589934762415, 15.674738816402671, 2.243828285181729, 0.2357292637464928, 0.051355929804704485, 0.7016098216812954, 0.334481743560718, 0.3423092272855931, 0.45303948485706547, 0.11836682705915906, 0.09965723181432411, 0.6785091989810368, 0.728910557599769, 0.43891183130484246, 0.5471602037928154, 0.027300735918483757, 1.0569012170959609, 0.31195386357203464, 0.0, 0.6745, 0.8194039060288691, 12.608930795358091, 1.7520199547127098, 1.402837814888204, 7.779182422870099, 10.457327342202124, 4.757773705066529, 0.1548486992240992, 1.4903032861707086, 0.3810160505096564, 1.0689588467975149, 0.5766036056595197, 0.9341204168568452, 0.36213456564734836, 1.7123659668340292, 0.3483839190628388, 0.6800413053400309, 0.1548486992240992, 0.6517190780465578, 0.7407904305492244, 0.6689586946599692, 4.34797497337595, 11.583072645671724]",2.5351947010500973,0.6745,5.286273337860126,0.0,31.329362068965654,53.0,3.0,2.0,0.5
2,"[0.0, 0.6744999999999983, 0.6745000000000017]",0.44966666666666666,0.6744999999999983,0.3179623492735509,0.0,0.6745000000000017,3.0,2.0,1.0,0.25
3,"[28.906309798265713, 0.05248270893379311, 0.052482708933585934, 1.2965172910662068, 5.153192456582735, 0.6736615761622334, 0.6753384238377665, 0.6736615761622334]",4.685455817493034,0.6745,9.284074783514196,0.052482708933585934,28.906309798265713,8.0,2.0,3.0,0.75
