Cluster,Dist,mean,median,std,min,max,bag_count,day_count,Cluster_Rank,Cluster_perc
0,"[1.8174336177770183, 0.11175441826214873, 2.465813761587121, 0.5316588625140826, 0.11175441826215185, 0.6752888547171443, 0.6737111452828557, 2.136247790868933, 0.6745, 9.567667200854691, 0.0, 0.6745, 0.6761519404672199, 0.0, 0.0025414468726447834, 2.7881578278070798, 1.7291959099501715, 0.43444337515037473, 0.9145566248496253, 0.43444337515036235]",1.3209910285186812,0.6745,2.063361755486428,0.0,9.567667200854691,20.0,4.0,2.0,0.67
1,"[0.1355865139949063, 1.1318899491094119, 0.13558651399492916, 0.21711005089058807, 10.847779262086398, 75.2947096055973, 21.13745873153748, 76.87522429771096, 0.0, 0.5899189110917978, 0.2031508832898986, 1.7090068056761876, 0.542647263249335, 0.6745, 1.230625543006047]",12.715012955415682,0.6745,25.46294756248265,0.0,76.87522429771096,15.0,2.0,3.0,1.0
2,"[0.0, 0.0, 0.0, 0.6744999999999995, 0.6745000000000005]",0.26980000000000004,0.0,0.33043616630145073,0.0,0.6745000000000005,5.0,4.0,1.0,0.33
