Cluster,Dist,mean,median,std,min,max,bag_count,day_count,Cluster_Rank,Cluster_perc
0,"[3.5795209461385005, 7.6995645483043775, 0.5322571957822742, 0.830198204616706, 0.6808432601880833, 0.17588130521516118, 0.6577768595041301, 7.229778854374477, 0.031331860929045184, 1.010692789968658, 6.3851641493303015, 0.32619734967227315, 0.6022252778569471, 0.5349482758620764, 0.0, 0.7262071815332063, 0.8567245654032546, 0.3675246508976929, 0.5095752351097229, 0.04286506127101659, 1.0254937304075291, 0.3388838700484396, 0.6745, 0.7781065830721082, 0.3769434311769699, 0.0841923624964363, 1.0914251923624987, 0.08957452265602023, 0.7658045027073334, 4.110432601880883, 0.9964685095468843, 0.24700270732402924, 0.32196850954688433, 15.655550584212055, 20.553124109432922, 3.1314561128526726, 0.16088814477059427, 0.9801210994272016, 0.10016299051038718, 0.10108562024450693, 0.09849072411729475, 0.8379784560143624, 0.5110215439856376, 0.1277265538172172, 0.44972433102504905, 0.1206915020945533, 1.0618314952551935, 7.227074036077611, 1.1339696075916879, 13.180342395485996, 0.09849072411729475, 13.182187654954234, 3.179901043002472]",2.369280996682507,0.6745,4.31534043840594,0.0,20.553124109432922,53.0,2.0,2.0,0.67
1,"[2.69205924387204, 0.6745, 0.0, 1.112938367023385, 0.23606163297661506, 2.3654284581846885, 0.23606163297661506, 0.6745, 4346.983875003111, 0.0]",435.4975424338145,0.6745,1303.8290845542374,0.0,4346.983875003111,10.0,3.0,3.0,1.0
2,"[0.0, 0.0, 0.6745000000000151, 0.6744999999999849, 0.0]",0.2698,0.0,0.33043616630145073,0.0,0.6745000000000151,5.0,4.0,1.0,0.33
