Cluster,Dist,mean,median,std,min,max,bag_count,day_count,Cluster_Rank,Cluster_perc
0,"[4.14327171985816, 4.1415238338788924, 0.8773927645935645, 0.5188921508456071, 0.5513660324604457, 0.6325967334969982, 0.7164032665030018, 0.24898175804691774, 0.252385536006547, 2.953605325968362, 0.6206375136388422, 0.24898175804691774, 12.991898492907817, 9.835676384342618, 1.8570462658733828, 1.859681733416228, 0.2292856762276852, 0.41676325370748946, 0.5942979309119963, 5.275966432821272, 0.5261351567356387, 0.5304477399875728, 2.354430867596142, 0.9139082674718061, 0.7547020690880036, 0.90061113577835, 0.049954089334871325, 0.04995408933487771, 0.4717486901696152, 36.93284317556187]",3.081712994820383,0.6745,6.914707912251706,0.049954089334871325,36.93284317556187,30.0,2.0,3.0,1.0
1,"[3.252918634745987, 0.7792428016823026, 0.569757198317674, 0.5697571983176973, 55.88831675126875, 0.6745, 0.0, 1.1151569520340032, 0.6745, 0.278236369156042, 1.3682480267152415, 0.34367965998785627, 0.02104996964177335, 0.8260270188221028, 0.540419064966607, 0.9918057680631465, 0.7568160291438982, 0.0, 0.12016152644230774, 4.0534855769280304e-05, 0.6705762259615384, 0.7809283173076923, 0.1117059555288461, 1.1339220552884615, 1.001891923076923, 0.0003648137019230907, 1.3374718870192306, 0.0, 0.6745, 0.7607906009615383, 0.7413825120192309, 5.4331174556213, 4.059871375739647, 0.27179556213017675, 1.0656301775147923, 2.7034877958579893, 0.9032911982248542, 0.0, 0.5759192307692284, 0.41148491124260334, 0.6745, 0.3261746301775167]",2.200224765054873,0.6745,8.454244994176497,0.0,55.88831675126875,42.0,5.0,2.0,0.67
2,"[0.0, 0.0, 0.6745, 1.3445373345935605]",0.5047593336483901,0.33725,0.5575847367206371,0.0,1.3445373345935605,4.0,2.0,1.0,0.33
