Cluster,Dist,mean,median,std,min,max,bag_count,day_count,Cluster_Rank,Cluster_perc
0,"[2.270771512436278, 21.929117256295424, 14.728545805654287, 12.348570523713914, 21.927137416962815, 0.1349416808280536, 0.0547060868221848, 0.5862408465935415, 0.33386343272053143, 0.19485787115711395, 0.8066282249343449, 0.7627591534064584, 0.28197080179205797, 0.0547060868221848, 0.4583271651560935, 0.9383904833836851, 0.5262526435045248, 0.8298795317220535, 0.8684272406847873, 0.5342338872104689, 0.35321248741187905, 0.0, 0.2930984390735151, 0.3897224320241643, 0.16404003021147748, 0.8064452416918425, 0.5744797331319247, 7.3517443353474, 1.136053625377643, 0.6972550352467222, 1.2029602215508501, 0.6745, 14.79230123363539, 10.686465160244891, 16.57577070579766, 15.115163665826463, 1.8387836694274426, 0.3928713539791162, 0.49063377745768694, 0.0, 0.2498103168887318, 0.6604124954987379, 0.265598037450489, 0.22382129996399083, 0.8044450846236983, 0.6745, 0.2850290781418805, 1.4851387288440787, 1.6266209938782867, 0.8904274396831154, 3.9788324468085112, 1.6209526595744876, 0.34686521276595544, 0.6005920212765893, 0.34686521276597077, 0.7484079787234106, 0.6734004709291793, 0.8985072321266857, 0.6735924521955134, 0.9026784614588452, 0.6734004709291799, 0.6754075478044865]",2.796953781315624,0.6745,5.366829745494074,0.0,21.929117256295424,62.0,5.0,3.0,1.0
1,"[2.4248648015614895, 0.32500631099544497, 1.7880174365647414, 0.9823037085230981, 0.32500631099544497, 0.3666962914769019, 7.722095723306508, 0.0, 0.6745, 0.6745, 0.5100113392519032, 1.4660094458703241, 0.7313445112971763, 0.0, 0.2629665309814539, 8.104372229760227, 18.26153075531421, 0.6745, 0.0]",2.38388028399468,0.6745,4.3864989094982985,0.0,18.26153075531421,19.0,4.0,2.0,0.67
2,"[0.0, 0.0, 0.6744999999999993, 0.6745000000000007, 0.0, 1.3796493281110669, 0.6745, 0.6744999999999899, 0.6745000000000101, 0.0, 0.0, 0.0, 0.0, 0.6744999999999807, 0.6745000000000193]",0.40674328854073777,0.6744999999999807,0.4168518903210356,0.0,1.3796493281110669,15.0,10.0,1.0,0.33
