Cluster,Dist,mean,median,std,min,max,bag_count,day_count,Cluster_Rank,Cluster_perc
0,"[3.3128071825566487, 0.5318386978562308, 0.321327795761316, 0.3213277957613116, 0.8171613021437693, 1.0061679594454243, 13.787894829734212, 1.0487242524916902, 9.561205564784045, 0.0, 0.6745, 0.2764665697674393, 0.12856955980066329, 1.973644478895778, 0.8965223544708943, 0.046887127425481255, 0.9316033706741348, 0.6541934886977413, 0.9104198339667947, 0.7012830066013177, 0.11111237247449475, 0.7259746449289832, 0.04688712742548845, 0.5834917483496688, 0.17209936987397148, 0.6948065113022587, 0.4354768453690773]",1.5063849552058826,0.6745,3.005846917502341,0.0,13.787894829734212,27.0,3.0,4.0,0.67
1,"[0.6621045908367726, 0.6868954091632272, 0.6621045908367724, 1.3693013058482626, 0.7221908821067071, 0.0, 0.7447272623487333, 0.5639741989496911, 0.6745, 0.8045445507173347, 0.17741064686634775, 1.1106415806695136, 0.9191399446262241, 0.44853486030707135, 0.7928303548955467, 0.697928391643603, 0.6745, 0.0, 0.11985829348100402, 0.2877617669267638, 0.7281476214447508, 0.7300151019380794, 0.0028861062169698503, 0.2392072741001829]",0.575800197246815,0.6745,0.345333206462209,0.0,1.3693013058482626,24.0,3.0,3.0,0.5
2,"[0.7393607875166598, 0.0, 0.6745, 0.6745, 0.8769670329670286, 0.0]",0.49422130341394804,0.6745,0.35592552370291325,0.0,0.8769670329670286,6.0,2.0,2.0,0.33
3,"[4.972034176847031, 0.8491087841768522, 0.6860751890634169, 0.6745, 0.31821960442117053, 0.9350398487492874, 1.1651703025014566, 0.6089726585223958, 0.408074461896461, 1.3089773123909239, 0.001961896451417201, 0.00019618964513858352, 0.28800639906922226, 0.11280904595695428, 0.0, 0.6637095695171688, 1.0657021524142083, 0.00137332751600145, 0.40199258289702894, 0.4116058755090182, 48.71467364746974, 4.110957824316485, 59.99381253635869, 0.7333568935427565, 0.9776130017451965]",5.176157731239121,0.6745,14.634083408111987,0.0,59.99381253635869,25.0,1.0,5.0,0.83
4,"[0.715338867187503, 0.5068330965909074, 0.6745, 0.6879133522727322, 0.13461257102272922, 0.0, 36.86947301136386, 0.8690128324778347, 0.415779048063478, 0.12684251049928416, 1.315322211852532, 0.1268425104993177, 0.5271990200653534, 0.8218009799346466, 161.49947246850235]",13.686062832022168,0.6745,40.52749798750613,0.0,161.49947246850235,15.0,2.0,6.0,1.0
5,"[0.6744999999999995, 0.6745000000000003, 0.0, 0.0]",0.33724999999999994,0.33724999999999977,0.33724999999999994,0.0,0.6745000000000003,4.0,3.0,1.0,0.17
