Cluster,Dist,mean,median,std,min,max,bag_count,day_count,Cluster_Rank,Cluster_perc
0,"[1.2013543094121961, 0.030891272989539118, 0.09802506310854281, 0.8710366029570945, 0.8557936651039825, 0.49320633489601756, 0.14813216732779544, 0.20375267460031848, 0.030891272989547757, 1.47005162880153, 1.223894398365183, 26.928676703930734, 0.04120029543277054, 0.37613446183328075, 0.0, 0.021381068348771178, 11.3807064436282, 2.5906099488981065, 0.3103755589268595, 1.072069386777382, 1.0709922548706445, 2.590071382944737, 0.4718376317470459, 1.070561402107949, 2.5889942510379993, 2.59023295273075, 0.43710012775471185, 0.3988619450654745, 0.7523227802618974, 0.6745, 0.4082868492494413, 10.048491249719477, 0.5833963428315094, 0.7656036571684905, 0.9868553960062946, 0.2102042853937717, 0.21020428539375557, 0.6745, 0.0002855479705773092, 0.6731436471397583, 0.0, 0.7754769010954127, 0.2882249828015036, 0.2889388527279459, 4.752838889770869, 0.9814640683706416, 0.9383463248134641, 0.948947293221148, 0.6745, 0.2720329027048841, 0.6966557419165406, 1.7493629206885162, 0.5946898190626493, 0.5945165339303414, 0.0, 1.8184541784416628, 57.04440109002825]",2.6135698201279993,0.6745,8.268128008621753,0.0,57.04440109002825,57.0,5.0,3.0,1.0
1,"[0.6745, 0.6745, 1.3747557325765145, 0.6745, 0.9656659463991993, 0.406218370045473, 0.9022555068210392, 0.903234398684167, 0.05203354081336477, 0.24248239107298264, 0.0, 0.4170731931499331, 0.33043038668687624, 1.0201140871416132, 0.16873920405069825, 1.465879688457445, 0.001522720675975934, 1.5129317573451149, 1.6545882865159478, 0.0012602475914115442, 0.34497693704790033, 0.7918719977453732, 0.8022989624542027, 0.221726130705719, 0.8022144765821527, 0.6745, 0.6888766792271639, 0.221824697556444, 0.0, 1.010521434610607, 0.001757608922245227, 0.0017576089222414804, 2.6338824265165908, 0.8927950281425968, 0.6839207838232229, 0.6650792161767771, 0.3430999466276182, 1.2226457681859548, 1.0059000533723819, 0.3430999466276182, 0.0, 2.5924817319337925, 0.6745]",0.6991259742606595,0.6745,0.6137733119674632,0.0,2.6338824265165908,43.0,6.0,2.0,0.67
2,"[0.0, 0.0]",0.0,0.0,0.0,0.0,0.0,2.0,2.0,1.0,0.33
