Cluster,Dist,mean,median,std,min,max,bag_count,day_count,Cluster_Rank,Cluster_perc
0,"[0.5641445840273063, 0.22786937508869137, 0.6725252294777094, 0.7087461479860481, 2.0647283723327194, 0.5219792032324806, 0.17336167852955048, 1.595740524008336, 0.3455495776415147, 1.5965667035125595, 0.17336167852954995, 0.17412740587492861, 1.4146560821862568, 1.9637732670605204, 0.3749998543591426, 0.5222613133070936, 0.876400135184591, 0.6764747705222905, 0.7349622342054359, 0.7041719346333956, 0.7320303045014228, 0.6702481981611909, 0.7404835313800029, 0.8261543158240656, 0.4292758176427098, 0.31452754479389927, 0.2832498909811691, 0.07666170465807724, 0.0034092666005945396, 0.7837703369672945, 0.6744999999999999, 1.8621547869177406, 2.4126911793855306, 0.0, 1.1671590782953418, 0.41622465807730435, 2.53939556987116, 0.031029629629623467, 0.49962962962963586, 0.8493703703703642, 0.03102962962965149, 0.9782222222222645, 2.0111407407407644, 3.7324962962964143, 0.40180740740744303]",0.8567347151485285,0.6744999999999999,0.7840555806075348,0.0,3.7324962962964143,45.0,3.0,3.0,0.6
1,"[1.3133777267508548, 0.0, 0.3810034443168747, 0.6745, 1.7923424225028735, 0.05401413717622273, 0.05401413717620961, 1.2949858628237774, 3.307904505654883]",0.9857935818224107,0.6745,1.0228783500508538,0.0,3.307904505654883,9.0,2.0,4.0,0.8
2,"[0.9035014540167202, 0.26455307161032704, 128.66277517266525, 0.44549854598327976, 3.5333404216648847, 0.26455307161032704, 5.374969641322172, 0.6522573650074239, 0.22311154958193508, 0.016181253418767843, 0.7372221223724261, 0.3109225209033378, 0.696742634992576, 0.016181253418767843, 0.3445500117214966, 0.24651375322340952, 15.11756001406575, 0.5336651168242519, 0.09924853481284925, 0.8832223568023745, 1.7274937485348099, 3.016723255450487, 11.836191568336295, 0.360467726810971, 4.269795303586764, 5.571042158318341, 4.2682140736109915, 0.37459338126122976, 0.9542722903805558, 0.6320176213174934]",6.411246033120876,0.6745,22.960951731386274,0.016181253418767843,128.66277517266525,30.0,2.0,5.0,1.0
3,"[0.6745, 0.6745, 0.6745, 0.6745]",0.6745,0.6745,0.0,0.6745,0.6745,4.0,2.0,2.0,0.4
4,"[0.0, 0.0, 0.0, 0.0, 0.6744999999999843, 0.6745000000000155, 0.6745000000000025, 0.6744999999999973, 0.0]",0.2997777777777777,0.0,0.33516174462746845,0.0,0.6745000000000155,9.0,7.0,1.0,0.2
