Cluster,Dist,mean,median,std,min,max,bag_count,day_count,Cluster_Rank,Cluster_perc
0,"[0.6745, 0.6745, 10.499141511627837, 0.0, 0.6745]",2.5045283023255673,0.6745,4.005833574811562,0.0,10.499141511627837,5.0,2.0,3.0,0.5
1,"[11.955471714592862, 0.09344389948938585, 1.2555561005106142, 0.09344389948938585, 0.0, 0.6745, 4.640348299912818, 3.4643102114210986, 0.4590510571054933]",2.5151250202801845,0.6745,3.678684237368911,0.0,11.955471714592862,9.0,2.0,4.0,0.67
2,"[11.418554927302127, 3.7043016962843414, 0.7804695072697949, 0.4246952746365138, 0.0, 0.4804041801292425, 0.6745, 0.25070004683110153, 0.857181470496402, 0.49181852950359795, 0.2507000468310903, 14.008773259444219, 2.3500102247892456, 44.558990448364845, 4.115063939768502, 0.10975120800089869, 0.10975120800089869, 1.0112573322845282, 0.33774266771547184]",4.522877156192254,0.6745,10.165414412111833,0.0,44.558990448364845,19.0,3.0,6.0,1.0
3,"[0.6744999999999967, 0.6745000000000033, 0.0, 1.067819942983025, 0.6745, 0.0]",0.5152199904971709,0.6744999999999983,0.38995306319796186,0.0,1.067819942983025,6.0,3.0,1.0,0.17
4,"[23.678347802786455, 11.939541622007726, 0.1204894605216195, 0.22073669167560372, 0.6453415505537647, 0.0, 0.026507681314748843, 1.0386191496963064, 2.176039657020341, 0.23133976420149815, 0.6745, 1.4947922472311377, 1.2003160057163116, 6.922266754270667, 0.0007597146611628527, 0.5514684312621201, 0.8370367311181953, 4.163067517677226, 22.0231994868906, 1.872527814279448, 0.5617667855578506, 0.8028495713659974, 0.7872332144421493, 0.3523387772980407, 0.09699023840811266, 0.36348125899505684, 0.0007597146611583543]",3.06601176457827,0.6745,6.135839029131286,0.0,23.678347802786455,27.0,2.0,5.0,0.83
5,"[8.665985455607517, 0.930431775700941, 0.0, 0.26255070093457894, 0.6745, 0.0, 0.6750068066298335, 0.6745, 8.200906386740312, 0.17887292817679457]",2.0262754053789975,0.6745,3.2191367735724934,0.0,8.665985455607517,10.0,2.0,2.0,0.33
