Cluster,Dist,mean,median,std,min,max,bag_count,day_count,Cluster_Rank,Cluster_perc
0,"[10.405073791530047, 0.28439990018537087, 0.28439990018537087, 0.6789242121773831, 0.30786746043062974, 1.014971980607445, 0.7106631256238477, 1.1034562241551482, 0.9420686582061892, 0.32844966490802535, 0.4217428347354901, 0.7781804505917611, 0.3900039212890357, 0.6700757878226169, 0.448480464850996, 11.098713318123519, 0.6283343077142448, 1.1271161414515938, 0.32611247436531704, 0.012830811116610132, 0.28299331730429117, 22.893458206633117, 25.20472134219636, 0.878934410579166, 0.31027667774556195, 0.13159928576479357, 0.6659143271338658, 0.06253231737500524, 0.8786482214836289, 0.5836826603493389, 0.08485506682695729, 0.6830856728661342, 4.8933088536878415, 15.62187027084359, 15.624732161798969, 16.974304539990044, 0.35997818400396214, 0.012830811116610132, 3.507962838554545, 1.8003679018456873, 0.3673237041227654, 1.5090274025882129, 0.8112983876670684, 8.95003928293611, 0.02351520401669179, 0.1836857011526783, 4.547664538454023, 1.2207273126035634, 0.049639097377906, 0.049639097377913007, 0.1369513110439594, 0.49119694902037037, 28.029127254118233, 0.8578030509796296, 1.319742518764008, 0.30697343795691645, 0.201252022614292, 0.2598984793839562, 0.10894302563602022, 0.12603728433569836, 19.026633151379208, 7.267755580465905, 4.9612141046885485, 2.2488812262403717]",3.538638931610847,0.6745,6.56061173190825,0.012830811116610132,28.029127254118233,64.0,3.0,3.0,1.0
1,"[0.8182478768617003, 0.5307521231382998, 1.5388799356917973, 0.5307521231382998, 0.7415575953458308, 0.0, 0.6745, 1.6805128735632167, 0.0, 0.08971182266009951, 1.4197505090311984, 0.6745, 0.05839021346469625, 0.7305422003284072, 0.6018590969370277, 0.960490192932921, 0.7471409030629709, 0.6018590969370292]",0.688858142394083,0.6745,0.47782024534714207,0.0,1.6805128735632167,18.0,4.0,2.0,0.67
2,"[0.6744999999999872, 0.6745000000000128, 0.0, 1.3459145564450286, 0.6745, 1.3038585115245753, 0.0, 0.6745, 0.0]",0.5941970075521782,0.6745,0.4891833622670462,0.0,1.3459145564450286,9.0,4.0,1.0,0.33
