Cluster,Dist,mean,median,std,min,max,bag_count,day_count,Cluster_Rank,Cluster_perc
0,"[4.3388477942373544, 1.8149902327852954, 0.06609946280319669, 0.9701907862607887, 0.3788092137392113, 0.06609946280318499, 0.6628911123313089, 1.1420482701328702, 0.662891112331309, 0.6861088876686909, 2.24320126811595, 2.2512659420289873, 0.07698097826087279, 0.5469315217391342, 0.3035249999999971, 0.21921249999999787, 0.8020684782608658, 1.0625818840579688, 0.07698097826087279, 0.2805528985507274, 0.8748949275362367, 1.5694344202898673, 1.4247590579710163, 0.5173610507246365, 1.7327174719869296, 0.0, 0.9558680588851595, 0.6745, 0.26214385665832074]",0.9194467802903706,0.6745,0.9043825500114199,0.0,4.3388477942373544,29.0,4.0,2.0,0.67
1,"[9.029699330191011, 1.8420325601587644, 0.8633298809228431, 0.7061250310096726, 0.5842264326469853, 0.08224181344579656, 2.7666882287273604, 0.5070881294964052, 2.7658515876953573, 0.0, 1.0170208385016135, 0.5100163731084113, 0.44283409823865105, 0.6745, 0.15603355246837347, 4.446412428677742, 0.28261734061027144, 0.20765430414288852, 0.5666569709749444, 0.7888688290746736, 1.8268056933763313, 4.198408741258748, 0.3175967365967314, 0.8057837995337968, 0.3175967365967398, 10.595467365967384, 0.744151165501161, 0.6048488344988389, 0.3364638694638622, 1.0886335664335611, 0.4202653846153944]",1.5966425685140098,0.6745,2.425237834199288,0.0,10.595467365967384,31.0,2.0,3.0,1.0
2,"[0.0, 0.0]",0.0,0.0,0.0,0.0,0.0,2.0,2.0,1.0,0.33
