Cluster,Dist,mean,median,std,min,max,bag_count,day_count,Cluster_Rank,Cluster_perc
0,"[0.6745, 0.6745, 0.0, 0.9775339173671128, 0.9785320527998121, 0.6737014916538406, 0.6745, 3.52499411918453, 0.26849542603240784, 0.26849542603241255, 1.0805045739675874, 0.0, 1.7775792602377851, 0.744890356671056, 0.6745, 0.7101406869220567, 0.4392714663144021, 0.1051400264200791, 0.0, 0.6745, 0.6751112780062096, 0.5161110766132421, 0.8562080473273477]",0.7377917045891252,0.6745,0.7143691463699376,0.0,3.52499411918453,23.0,5.0,2.0,0.67
1,"[0.0, 0.0, 0.0, 0.0, 0.0, 0.6744999999999953, 0.6745000000000047, 0.0, 0.0]",0.14988888888888888,0.0,0.2804164341532248,0.0,0.6745000000000047,9.0,8.0,1.0,0.33
2,"[5.334809055444914, 10.412369812417046, 0.24952245185923194, 6.607222402058465, 0.6853049883798148, 0.5361625581009372, 12.215851137118248, 1.590460698871191, 0.2864721530544546, 0.006214267928290295, 0.2114530627490013, 0.006214267928284329, 0.6636950116201852, 0.044843500996013044, 0.9837018177290862, 0.9632115288844647, 0.006774111885788334, 1.586877697543164, 8.261955289445185, 0.9732314959682291, 11.293592911301003, 5.436344987363099, 5.440241485136597, 0.6822929955469963, 0.0008929474064304534, 0.17753417980503228, 44.08197225899628, 0.241176976772178, 0.6667070044530037, 0.0008929474064304534, 0.09408418582260193, 0.41911704176194586, 7.17453078112914, 0.61315336426914, 7.176095746326356, 1.3838465583913355, 0.6126317092034036, 0.2158087006960554, 3.312092343387462, 0.4903035962877018, 0.11252099767981599, 10.608325251353419, 4.634018445475628, 5.956622699149252, 13.370958313998424, 6.62517583139983, 11.998431670533616, 0.6745, 0.6493040603248265, 0.3649498839907186, 0.5558756380510428, 0.6302636504253668, 0.0, 0.3445531709203408, 0.7679805877803535]",3.607875276955033,0.6745,6.712183477278535,0.0,44.08197225899628,55.0,3.0,3.0,1.0
