Cluster,Dist,mean,median,std,min,max,bag_count,day_count,Cluster_Rank,Cluster_perc
0,"[0.3294069767441808, 2.5701188411509435, 0.0, 0.6745, 7.578753251872219, 34.86190198135203, 0.0, 0.6745]",5.836147631389922,0.6745,11.224575033832581,0.0,34.86190198135203,8.0,2.0,4.0,1.0
1,"[1.0968285327662837, 1.1865358592692692, 0.2521714672337163, 0.25217146723370937, 0.6745, 0.6745]",0.6894512210838298,0.6745,0.36421688956623205,0.25217146723370937,1.1865358592692692,6.0,2.0,2.0,0.5
2,"[2.692049362834331, 0.6845121831676237, 0.010956728749476143, 0.08897619381038946, 0.24492066937403792, 0.6745, 0.692824184287914, 0.6337900854222074, 0.0, 0.31840631564206556, 5.307118260747779, 7.452936913597515, 2.2994962190169397]",1.6231143935884833,0.6745,2.2183273165710546,0.0,7.452936913597515,13.0,1.0,3.0,0.75
3,"[0.0, 0.0]",0.0,0.0,0.0,0.0,0.0,2.0,2.0,1.0,0.25
