Cluster,Dist,mean,median,std,min,max,bag_count,day_count,Cluster_Rank,Cluster_perc
0,"[0.6745, 0.0, 1.7997740039986327, 1.1526723801628709, 3.0853926464134163, 0.34897571560930246, 0.4571548983274001, 0.6764405812649317, 0.5507632759545514, 4.257472251308925, 0.40646570680628485, 0.40646570680628485, 0.42659476439789873, 0.7126392670157122, 1.414684293193734, 1.9585219895288026, 0.6363607329842877, 7.588803116621936, 0.3087691018766729, 0.6745, 0.0, 0.9092413706434292]",1.2930087183143213,0.6745,1.6950237806595039,0.0,7.588803116621936,22.0,3.0,2.0,0.67
1,"[0.6745000000000065, 0.6744999999999933, 0.0, 0.0, 0.0, 0.6745, 1.0872360093886508, 0.0]",0.3888420011735813,0.33724999999999666,0.40886245778653285,0.0,1.0872360093886508,8.0,5.0,1.0,0.33
2,"[0.0, 2.506622074544932, 0.6745, 0.6745, 0.6745, 15.549417358229746, 0.6744999999999999, 0.0]",2.5942549290968344,0.6745,4.950329109108134,0.0,15.549417358229746,8.0,3.0,3.0,1.0
