Cluster,Dist,mean,median,std,min,max,bag_count,day_count,Cluster_Rank,Cluster_perc
0,"[9.704902205303261, 0.0, 0.21869453924915055, 0.9029339721711799, 0.6745, 0.713299782227653, 0.6357002177723471, 2.507189621288575, 0.6357002177723471]",1.7769911728649461,0.6745,2.880720229740273,0.0,9.704902205303261,9.0,2.0,4.0,0.8
1,"[0.0, 1.5952542127488427, 1.1867022521616717, 0.43966603659762765, 0.6744999999999999, 0.0, 0.6745, 1.3108468017633035, 0.0, 0.0]",0.5881469303271446,0.5570830182988138,0.57579998119804,0.0,1.5952542127488427,10.0,4.0,1.0,0.2
2,"[4.685584907357442, 0.0, 0.6745, 0.4306864022662633, 1.0845501416430414, 0.7050722379603157, 0.43871161473087444, 0.0, 1.4877215297450228, 0.6745]",1.0181326833702962,0.6745,1.294732199844117,0.0,4.685584907357442,10.0,2.0,3.0,0.6
3,"[7.165950389889784, 0.840449852110783, 0.31829725732724234, 15.794073137940382, 20.17152191449324, 2.949373218607167, 0.3605555256789513, 0.19115972035493084, 0.0, 0.08796248991664583, 1.4304333154073747, 1.4434916644259266, 0.15760701801559945, 0.11081460069911907, 0.8896000268889477, 0.6745, 0.08905068566818941, 0.6079386931970994, 1.7957043560096848]",2.8988675719279513,0.6745,5.461466679874435,0.0,20.17152191449324,19.0,1.0,5.0,1.0
4,"[0.6745, 0.6745, 0.6512311418902695, 0.6512311418902696, 0.6977688581097302, 0.7038222313048051]",0.6755088955325124,0.6745,0.020322423168803977,0.6512311418902695,0.7038222313048051,6.0,2.0,2.0,0.4
