Cluster,Dist,mean,median,std,min,max,bag_count,day_count,Cluster_Rank,Cluster_perc
0,"[0.7469285043703466, 0.6745, 0.2120886532858531, 12.230121778892848, 0.21825719488507614, 0.89991925380382, 0.0, 5.965807464162089, 10.576280029658852, 0.5267968363816129, 0.6745, 1.4183504695996143, 2.3999263470093952, 1.0039147305981102, 0.03934305486899745, 0.3877624814631621, 0.0003334157192399346, 0.0]",2.109712789705501,0.6745,3.5628278313322017,0.0,12.230121778892848,18.0,2.0,2.0,0.67
1,"[0.6744999999999999, 0.6745000000000001, 0.6745000000000123, 0.6744999999999876, 0.0, 0.0, 0.6745000000000008, 0.6744999999999992, 0.6745000000000011, 0.674499999999999, 0.0, 0.6745, 0.0, 1.8673095109290676]",0.5669863936377906,0.6744999999999995,0.4690999795673114,0.0,1.8673095109290676,14.0,8.0,1.0,0.33
2,"[0.0, 0.6745, 3.331160517174834, 0.6745, 0.0, 718.9997051279161]",120.61331094084848,0.6745,267.60890550958834,0.0,718.9997051279161,6.0,2.0,3.0,1.0
