Cluster,Dist,mean,median,std,min,max,bag_count,day_count,Cluster_Rank,Cluster_perc
0,"[7.4303346919203666, 0.7872131383361316, 0.5617868616638684, 0.24095061136418194, 0.24095061136418194, 1.7261119635578872, 1.4052757132582006, 0.4078372093023332, 5.946599819467452, 0.5654150744696818, 0.32979163532421024, 1.0177877237851694, 0.32979163532421024, 0.7835849255303182, 0.36916368286445245, 0.9165163231533067]",1.4411944762928721,0.6745,2.041364067725172,0.24095061136418194,7.4303346919203666,16.0,2.0,2.0,0.67
1,"[0.6744999999999981, 0.674500000000002, 0.0, 0.6745000000000007, 0.6744999999999993, 0.6744999999999983, 0.6745000000000017, 0.0, 0.0]",0.4496666666666667,0.6744999999999983,0.3179623492735509,0.0,0.674500000000002,9.0,6.0,1.0,0.33
2,"[11.068575799086698, 4.2068472602739435, 0.0, 0.32739429223744404, 2.9554803652967983, 0.4715340182648329, 0.6745, 1.1557005124311917, 0.3659888973239742, 0.9830111026760258, 0.15182330613019981, 3.1822728221673673, 0.15182330613019296]",1.976534744770667,0.6745,2.9293236084851557,0.0,11.068575799086698,13.0,2.0,3.0,1.0
