Cluster,Dist,mean,median,std,min,max,bag_count,day_count,Cluster_Rank,Cluster_perc
0,"[0.6384889936138322, 0.7105110063861677, 0.8463833035585935, 0.6384889936138322, 1.151430091185397, 0.4051747720364773, 0.3766884498480251, 0.3766884498480251, 0.9438252279635228, 1.5236945288753703, 1.196417370856003, 1.0160168208801974, 0.0675487100352881, 1.0163432008355857, 0.0675487100352881, 0.3329831791198027, 0.15917099898064313, 0.8230137614679134, 0.845359582059138, 0.6745, 0.0, 0.6745, 0.6745]",0.6590989630956132,0.6745,0.3861793558672665,0.0,1.5236945288753703,23.0,5.0,2.0,0.67
1,"[0.0, 0.0, 0.0]",0.0,0.0,0.0,0.0,0.0,3.0,3.0,1.0,0.33
2,"[6.707832478092689, 0.5847761111549705, 0.582912410199733, 1.9037971500749997, 0.0876471934949063, 3.074307847161921, 1.3519819215283817, 0.0, 0.6745, 0.42324778697886806, 0.13828983438035167, 10.05461472015991, 0.6745, 0.6030438320959441, 0.6047772701313535, 0.548344231867504, 0.2006936036550501, 0.25693403769274686, 0.0, 0.11219196173615444, 0.04073579383209851, 8.083791976013705, 9.255114577384353, 9.259448172472872, 3.7556861079383244, 5.132998929183322, 14.922205025699599, 2.4060119931467745, 12.090441390633922, 0.6052587806967401, 3.608054968589381, 0.9635989434608796, 0.5697233009708699, 0.5551816818960552, 0.9900820245573924, 0.72245845231296, 0.3141663004901119, 10.232063545715942, 0.6620747000169008, 0.930415582220752, 0.31416630049012406, 0.6869252999830991]",2.7305951485264686,0.6745,3.8598519420290733,0.0,14.922205025699599,42.0,3.0,3.0,1.0
