Cluster,Dist,mean,median,std,min,max,bag_count,day_count,Cluster_Rank,Cluster_perc
0,"[0.6745, 0.6745, 8.063809772472947, 0.4332297650130634, 0.9157702349869367, 0.43322976501304994]",1.8658399229143328,0.6745,2.776712325180596,0.43322976501304994,8.063809772472947,6.0,2.0,3.0,0.6
1,"[0.3721379310344798, 1.0835589582831056, 0.43817289606945325, 0.2833322884012491, 0.29146467325778186, 0.8129131902580201, 1.178545213407291, 1.8167747769472085, 0.5360868097419799, 0.2312850253195085, 1.1551239450205077, 10.978068965517336, 0.2312850253195085, 12.016411863998181, 13.639801285797795, 6.795065166569265, 0.6576473553477497, 0.33764421390999544, 0.15246222969023812, 0.15246222969023812, 25.27374364406782, 17.89090553769727, 0.6913526446522503, 0.21612777615429646, 0.5398759497369988, 0.16389443308006998, 1.2265965809468162, 0.9294578462887205]",3.5747213734358985,0.6745,6.29832045388422,0.15246222969023812,25.27374364406782,28.0,2.0,4.0,0.8
2,"[0.0, 0.0]",0.0,0.0,0.0,0.0,0.0,2.0,2.0,1.0,0.2
3,"[0.7289629747200749, 0.17475646427334718, 0.2245867770980024, 0.1392523663857791, 0.7098094482280964, 5.76984413598061, 3.862666772480666, 0.1392523663857791, 0.6391905517719035, 3.265715196814037, 0.27099125591596496, 0.5347026145677019, 3.348090932702298, 5.287035120627959, 0.11170063694268056, 0.3227188085425209, 1.5180672536530648, 6.655032971150287, 0.06242094417384655, 1.8635305357812129, 1.3472309853877944, 0.6745, 0.0]",1.6369590918949404,0.6745,1.9867732693758113,0.0,6.655032971150287,23.0,2.0,2.0,0.4
4,"[2.2254744613894992, 0.0, 0.6745, 0.38424055077634817, 0.5620051517167349, 1.0520407261539393, 0.7869948482832652, 0.7872803811438853, 0.38424055077634817, 0.0, 112.58284782608865, 0.6745]",10.009510374694056,0.6745,30.93195998045382,0.0,112.58284782608865,12.0,3.0,5.0,1.0
