Cluster,Dist,mean,median,std,min,max,bag_count,day_count,Cluster_Rank,Cluster_perc
0,"[16.3317459016394, 0.6745, 0.0, 0.0, 0.6745, 3.1791120723324515, 266.99550000002955, 0.6745, 0.0, 0.06311603243918094, 0.5692014192139733, 0.06311603243917532, 1.1313548814722456, 1.1277783063006912, 0.6740792264504055, 0.6749207735495945, 2.502235106051163, 0.6745, 0.12235116279070063, 2.7949682875264235, 1.5489257928118334, 0.0, 1.3760940803382538, 0.3676238900634224, 0.6745, 0.6745, 1.3110656142082067, 0.46319881598423684, 0.425264430192408, 0.8858011840157631, 0.42526443019237253, 1.5612994573260894, 0.6505787100356144, 2.4221242298265335, 0.0013517949273498854, 0.0013517949273498854, 0.6984212899643856, 0.7199038688098368]",8.240388120680489,0.6745,42.618543850080556,0.0,266.99550000002955,38.0,8.0,3.0,1.0
1,"[0.0, 0.6745000000000005, 0.6744999999999995, 0.0, 0.0]",0.26980000000000004,0.0,0.33043616630145073,0.0,0.6745000000000005,5.0,4.0,1.0,0.33
2,"[53.69020000000014, 0.6745, 0.1686250000000036, 0.8822895161290317, 1.3057558467742072, 0.0, 0.592635282258057, 10.326984682185516, 0.85860246049934, 0.2834348088288437, 0.334361958750454, 1.2682975515619432, 1.273992280786402, 0.2834348088288523, 1.597778313834274, 0.566869617657696, 0.6724661681341189, 0.6021769388493599, 0.6765338318658811]",4.003102056154954,0.6745,11.913103338402495,0.0,53.69020000000014,19.0,2.0,2.0,0.67
