Cluster,Dist,mean,median,std,min,max,bag_count,day_count,Cluster_Rank,Cluster_perc
0,"[91.09092117116482, 0.6745, 0.0, 0.6745, 0.17675113657028402, 0.0, 11.41203955264599, 13.0104046190217, 0.6744999999999999, 0.6744999999999999, 6.558227233799588, 0.9594728803882374, 0.3895271196117523, 0.3895271196117625, 1.0466510281972137, 0.8130396853535775, 0.46406691624259605, 0.46406691624259616, 0.5359603146464224, 0.8885999659353186, 3.1671613006056822, 0.3648076718733437, 0.14076272447136162, 0.4786219317819586, 0.8703780682180413, 1.194333014557439, 0.14076272447136162, 0.9426228881096651]",4.935596642268597,0.6744999999999999,16.879650423299434,0.0,91.09092117116482,28.0,6.0,3.0,1.0
1,"[0.0, 0.0, 0.6745000000000014, 0.6744999999999985]",0.33725,0.3372499999999993,0.33725,0.0,0.6745000000000014,4.0,3.0,1.0,0.33
2,"[10.334697330185268, 7.5712808754086565, 0.8833671449328016, 0.8603366327642509, 1.440999545949872, 0.46024273519796877, 0.9857794224482443, 0.7380789139121045, 0.04128341808935665, 1.45765991645478, 0.4678379041046201, 1.1009319832909588, 1.0698162913185634, 1.3608827642571768, 0.24684298946603223, 0.24684298946603223, 0.04128341808935665, 0.7050031783508842, 0.3252447330185249, 0.2514980929894591, 0.6439968216491158, 0.14737077733381385, 0.8279959135488595, 0.6006308572466423, 0.3166695423174741, 0.05255366872502234, 5.237673883318146, 3.318930435278034, 0.46913719234275497, 0.6817245897903355, 0.6745, 0.0, 0.46852233363719026]",1.3342307968146152,0.6745,2.1981199277160584,0.0,10.334697330185268,33.0,2.0,2.0,0.67
