Cluster,Dist,mean,median,std,min,max,bag_count,day_count,Cluster_Rank,Cluster_perc
0,"[10.886133516483588, 0.04274304029306389, 2.449200915750923, 0.21519761904760193, 0.0180360805860738, 0.27251776556778207, 0.7473855311355153, 1.0913064102564383, 0.695006776556786, 2.050924725274727, 1.5212075091575392, 0.07189725274727007, 2.7748386446886677, 0.018036080586100133, 0.5561536630036438, 0.653993223443214, 8.00361347517731, 21.952415906788257, 16.569292299898688, 9.257299392097268, 0.007733029381965423, 0.007733029381965423, 0.16519908814589504, 2.678253799392101, 0.8995851063829795, 0.4494148936170206, 0.2968404255319132, 0.1466398176291788, 0.9684711317722492, 0.2591312557392028, 0.4763772382920007, 0.2591312557392111, 0.3442953971533565, 4.9920897038566805, 7.5428331611569215, 1.3543421143250562, 0.5686641988062433, 0.7803358011937567]",2.6853755335799514,0.6745,4.780231986170147,0.007733029381965423,21.952415906788257,38.0,3.0,4.0,1.0
1,"[0.25206427439990586, 0.6792667844522974, 0.6745, 0.8067371755818222, 0.5793286828317314, 0.0, 0.17776818569514075, 2.1439024003899183, 6.350507493603046, 6.352315584257367, 0.41290215669550373, 0.42933934446204713, 1.7593543925916972, 14.465486559139853, 0.6745000000000001, 0.03583681214422012, 0.8922939595192928, 0.0]",2.0381168780979912,0.6745000000000001,3.5469659942522087,0.0,14.465486559139853,18.0,2.0,3.0,0.75
2,"[0.6745, 0.6745]",0.6745,0.6745,0.0,0.6745,0.6745,2.0,1.0,2.0,0.5
3,[0.0],0.0,0.0,0.0,0.0,0.0,1.0,1.0,1.0,0.25
