Cluster,Dist,mean,median,std,min,max,bag_count,day_count,Cluster_Rank,Cluster_perc
0,"[0.7338781781686088, 0.6151218218313842, 0.6151218218313911, 0.7548958612119938, 3.1025528898582833, 0.6745000000000001, 0.0, 0.020571260997032853, 0.7437302052785902, 1.9012592375365454, 4.353195307917712, 0.020571260997075017, 0.6052697947214097, 1.6027584552424894, 0.839325603273906, 0.5096743967260939, 0.5096743967260905, 5.068402530541008, 1.3344034904013946, 0.6575884525887133, 0.0, 0.6745, 0.1514666666666966, 0.15146666666664613, 1.1975333333333034, 9.28301333333307, 0.9897049575694499, 0.0, 0.6745, 9.43033441447583, 0.0, 0.6745000000000001, 0.9267793923061044, 0.373862485888051, 0.38685678648166355, 0.2748044842613835, 0.27480448426138365, 1.342580635371523, 1.3656952608130906, 0.8196480571033175, 0.6260354346480206, 0.7229645653519792, 0.5971846754313888, 1.151051410906468, 0.5971846754313891, 1.179912013748322, 0.7102614636150469, 0.638738536384953]",1.2474558062478918,0.6745000000000001,1.9485954428567938,0.0,9.43033441447583,48.0,10.0,2.0,0.67
1,"[5.8307969597755225, 0.037416136576237616, 0.03741613657624434, 0.5597277362020604, 0.9425963985032781, 0.7892722637979395, 0.12133428437793019, 1.037493311506081, 0.20327139671034192, 5.776875313632565, 5.775465012545303, 0.8816262196821874, 0.00028206021745125247, 0.0, 0.6745, 8.7700926800473, 0.0, 1.9587973730814798, 0.6744999999999999, 1.1365762987013113, 0.1666341499409736, 0.293252213695404]",1.6212693611622553,0.6744999999999999,2.4280863881713004,0.0,8.7700926800473,22.0,3.0,3.0,1.0
2,[0.0],0.0,0.0,0.0,0.0,0.0,1.0,1.0,1.0,0.33
