Cluster,Dist,mean,median,std,min,max,bag_count,day_count,Cluster_Rank,Cluster_perc
0,"[0.6745, 0.6745, 11.775419079259606, 0.0, 0.6745, 1.6250225413402997, 0.9057906875543967, 0.44320931244560324, 0.027590513489993796, 0.027590513489993796, 1.0534879895561355, 0.32552310477613616, 0.32552310477613616, 1.5582233174320363, 1.0234768952238638]",1.40762380395628,0.6745,2.8137841427151593,0.0,11.775419079259606,15.0,4.0,2.0,0.5
1,"[0.14178746376232435, 1.8461676560127294, 1.8477358845625684, 1.8628202829263332, 0.6644486351383754, 0.6845513648616247, 1.8812763726722515, 0.29592472735463154, 0.14178746376232462, 0.14224813089883945, 19.93361587700624, 0.6629294137307185, 5.613702778557357, 0.21240218916643044, 0.1345971091776573, 0.2663546168958668, 0.13270404153802545, 0.6186545046309216, 0.7468151838338469, 0.6822615773224763, 0.042404715127706466, 0.9601639068200832, 1.4218831041257245, 0.6745, 0.5200256806062287, 0.3858071849564998, 0.0, 0.9217346337356097, 0.9166233511086117, 1.622737580690415, 1.2401486107212911, 0.29285756385069217, 11.670951305079905]",1.7934128154737667,0.6745,3.8359879281249682,0.0,19.93361587700624,33.0,2.0,4.0,1.0
2,"[0.0, 0.0]",0.0,0.0,0.0,0.0,0.0,2.0,2.0,1.0,0.25
3,"[0.05798482932996846, 3.1177267874701595, 3.1228430959404485, 0.45762536873156845, 1.156664700098325, 0.7848796179238696, 0.03202430116589695, 0.034487708947879704, 0.7412962494732417, 0.08659825818232597, 0.6077037505267584, 0.741485742379555, 0.7966281781149039, 0.03202430116589695, 9.570540932080926, 0.8264087066473988, 0.5225912933526011, 6.733693352601158, 0.5215678468208093, 0.5215678468208094]",1.523317143388725,0.6745000000000001,2.406045922834486,0.03202430116589695,9.570540932080926,20.0,2.0,3.0,0.75
