Cluster,Dist,mean,median,std,min,max,bag_count,day_count,Cluster_Rank,Cluster_perc
0,"[2.0347989379155385, 2.0388758742768185, 0.12982130213280463, 0.786091572403075, 0.12982130213279844, 0.5629084275969249, 4.167090090892878, 0.3196391908750684, 1.0293608091249316, 0.3196391908750684, 0.3690946317332357, 1.5530697141810186, 0.6649192927812387, 0.661823286918285, 0.5160378343715646, 0.3690946317332357, 1.2000730120923413, 1.0951990655917918, 0.6840807072187612, 0.6846660864785635, 2.6022947361557125, 1.5552765107673236, 0.0, 0.6202369626526254, 0.6745, 0.6745, 0.6745]",0.9673115989222814,0.6745,0.8814648505895412,0.0,4.167090090892878,27.0,5.0,2.0,0.67
1,"[0.0, 0.6745000000000043, 0.6744999999999957, 0.0, 0.0, 0.0]",0.22483333333333333,0.0,0.3179623492735508,0.0,0.6745000000000043,6.0,5.0,1.0,0.33
2,"[13.372611081981951, 14.076793022733234, 0.04872890528444579, 0.06676542077075821, 0.23854175873562838, 0.14315536871278253, 0.2158066551814535, 3.1890024530916445, 1.507867851391333, 5.562143084528669, 0.7302262649338965, 2.281316074304334, 1.302039380547545, 0.06929154338788905, 0.6187737350661034, 0.8881594509568926, 0.26243887869368143, 0.04872890528444579, 0.9038719336354433, 0.07934551140406812, 2.8558650351274526, 4.531873976659123, 0.2712020263601038, 0.6391752017650839, 3.097185885153577, 0.9606230331533377, 0.4085849445508938, 0.43921021308714747, 0.03489400801253937, 0.4890252278929312, 1.1912132903675363, 0.03489400801254355, 0.2363471810950462, 0.12825799802589175, 1.341754891714565, 0.53022443825118, 6.352785083899444, 2.7702552691168814, 2.7723700574812815, 0.7831374615339932, 1.1643476455901967, 0.7612063229402506, 1.1501707309992437, 0.6948646286941857, 0.5553669221390043, 0.6541353713058142, 0.30644849910003763, 0.41657414503860757]",1.69120001620196,0.6745,2.878268175943583,0.03489400801253937,14.076793022733234,48.0,2.0,3.0,1.0
