Cluster,Dist,mean,median,std,min,max,bag_count,day_count,Cluster_Rank,Cluster_perc
0,"[2.1739875891583686, 0.4780194008559181, 0.0, 0.6745, 1.263941797432256, 0.41332677442023724, 0.6745, 8.488840829233878, 2.6302182009837853, 0.0, 0.002191358024694021, 9.37609053497936, 0.002191358024686236, 1.346808641975306, 0.3626767971946269, 0.0, 3.2857729398013054, 1.0797518994739808, 0.6745, 0.5487457627118697, 2.434270894213935, 0.1695119812974848, 2.9538448275862352, 0.534160002383141, 0.5341600023831398, 0.814839997616859, 0.8577583409934271, 1.2342599364069915, 1.0649838746309286, 0.6745, 2.9077184873949298, 0.04335305473540147, 0.14308039972745573, 0.0, 0.0, 16.57452198581581, 0.6745]",1.7592304775528649,0.6745,3.1966395082153003,0.0,16.57452198581581,37.0,7.0,2.0,0.5
1,"[0.0, 0.6745, 0.12926673119468715, 0.4018833655973411, 18.800288509402645, 18.796371335730083, 18.798889518805304, 0.6745, 0.6749583758069996, 0.0, 0.5862053601766897, 0.6877928984029897]",5.018721341259728,0.6745,7.959597398659127,0.0,18.800288509402645,12.0,2.0,4.0,1.0
2,"[3.445827010723857, 14.521912667560315, 3.6009800938337757, 2.2408589812332416, 0.38571273458445227, 15.326249396782831, 6.311819101876673, 26.54175583109918, 9.724463605898116, 0.07016246648793753, 0.0, 0.6745, 0.11934852546917014, 0.224953887399463, 0.467629222520106, 0.016003552278821616, 0.24168076407506736, 0.3730545576407515, 1.0986393431635395, 1.0988201742627315, 0.24267533512064307, 0.3056045576407482, 0.6687134048257378, 0.16500837801608498, 1.0895073726541564, 0.9678080428954411, 20.111311528150125, 0.6745, 0.062399365975563455, 7.542519460385041, 1.4161440901517972, 18.799502429655707, 4.231232645316556, 0.2631761153276567, 59.760144367826825, 0.0700471121806737, 4.397141915031476, 3.4931158830062987, 3.9489527721214417, 3.4926164383561695, 3.044583371899301, 0.0, 0.05013175675675589, 2.2959782719363226, 0.1789572611995565, 0.06224328952239943, 0.07291891891891933, 0.013079206775268455, 0.014015665494262568, 0.2235014809329885]",4.482838047099279,0.6745,9.79431556528926,0.0,59.760144367826825,50.0,2.0,3.0,0.75
3,"[0.6745, 0.6745000000000001, 0.0, 0.6745000000000007, 0.6744999999999992, 0.6745000000000001, 1.3823439265536623, 0.0]",0.5943554908192078,0.6745000000000001,0.4122436151028094,0.0,1.3823439265536623,8.0,4.0,1.0,0.25
