Cluster,Dist,mean,median,std,min,max,bag_count,day_count,Cluster_Rank,Cluster_perc
0,"[0.18976758409786149, 0.18976758409786149, 1.1592324159021385, 1.6910316930775435, 8.014287598147764, 0.6745, 0.0]",1.70265526790331,0.6745,2.6367171872726374,0.0,8.014287598147764,7.0,2.0,3.0,1.0
1,"[0.6745000000006912, 0.6744999999993088, 0.0, 0.0, 0.674500000000001, 0.6744999999999989, 0.0]",0.3854285714285714,0.6744999999993088,0.3337909342014879,0.0,0.6745000000006912,7.0,5.0,1.0,0.33
2,"[0.0, 0.8810862376922899, 2.3770368505659856, 0.6744999999999999, 0.6439593315322956, 0.6745, 0.3182499999999881, 4.293472222222218, 0.0, 0.36100000000000076, 1.0048888888888863, 1.3210277777777775]",1.0458101090566199,0.6744999999999999,1.1563952507531512,0.0,4.293472222222218,12.0,2.0,2.0,0.67
