Cluster,Dist,mean,median,std,min,max,bag_count,day_count,Cluster_Rank,Cluster_perc
0,"[0.6745000000000001, 0.6744999999999999, 0.6745000000000034, 0.6744999999999964, 0.0, 0.0, 0.0, 0.6745000000000028, 0.6744999999999972]",0.44966666666666666,0.6744999999999972,0.3179623492735508,0.0,0.6745000000000034,9.0,6.0,1.0,0.2
1,"[9.753295468848387, 0.0, 0.6745, 0.0, 0.8856634919519225, 0.6745]",1.997993160133385,0.6745,3.4849488952732197,0.0,9.753295468848387,6.0,2.0,4.0,0.8
2,"[36.426345615589035, 3.3208819309123143, 3.3312772364924688, 0.9009264836138173, 0.049108857395925784, 0.0725281665190442, 0.44807351638618265, 0.049108857395925784]",5.574781333038089,0.6745,11.733506224387424,0.049108857395925784,36.426345615589035,8.0,1.0,5.0,1.0
3,"[0.6893194914309084, 0.6596805085690916, 0.6596805085690916, 4.702718614074869]",1.6778497806609902,0.6745,1.7464507526228905,0.6596805085690916,4.702718614074869,4.0,1.0,3.0,0.6
4,"[0.0, 0.6745, 0.3393873674186453, 0.9873973007585448, 0.7121309558992538]",0.5426831248152888,0.6745,0.34049760447385596,0.0,0.9873973007585448,5.0,1.0,2.0,0.4
