Cluster,Dist,mean,median,std,min,max,bag_count,day_count,Cluster_Rank,Cluster_perc
0,"[0.8024858233369819, 6.010920392584458, 0.16623446019628152, 0.0, 0.11548146128679544, 0.6745, 3.9918336968374466, 14.602087584650134, 16.380801289906508, 18.1301945823928, 4.879630119316358, 0.08630815865849714, 0.6179037729764605, 0.6130315382134813, 0.13041928410190176, 0.5154128345694956, 0.7310962270235396, 1.6947546597871683, 0.08630815865849714, 0.7296071115269904, 0.4874829522194292, 0.3244495292122343, 0.004141908883561305, 0.6041269957307459, 0.0, 3.437468799344996, 4.1473130884847125, 0.6745, 4.146484706708, 9.844212907187568, 0.6761962103046979, 0.38870828703433086]",2.9904405169104393,0.6745,4.844417828263078,0.0,18.1301945823928,32.0,3.0,4.0,0.8
1,"[0.03244681307018816, 0.4965862909974081, 0.03244681307018816, 3.150231759087292, 2.8299485376655715, 2.835138375818928, 2.846688174786212, 1.533356266710207, 0.1409103006306504, 0.5612734249035658, 0.35268873604506373, 0.7877265750964343, 0.0, 5.571210943257188, 0.36177124785064824, 0.6745, 9.247409911569644, 0.41180374457381647, 1.0134055336930505, 0.001067203537668936, 0.0, 0.6745, 6.284570083979067, 6.143808673779871, 0.009329183955737202, 0.009329183955737202, 9.75566093657384, 1.3396708160442627]",2.039195697523294,0.6745,2.766646381066113,0.0,9.75566093657384,28.0,4.0,3.0,0.6
2,"[54.508031249995284, 0.6745, 0.0, 11.912518796992442, 0.6745, 0.0, 0.0, 0.6745, 2.64493876329319]",7.898776534475656,0.6745,16.865079273050448,0.0,54.508031249995284,9.0,3.0,5.0,1.0
3,"[0.0, 0.0, 0.0, 0.0]",0.0,0.0,0.0,0.0,0.0,4.0,4.0,1.0,0.2
4,"[0.6745, 0.6745, 0.6745, 0.6745]",0.6745,0.6745,0.0,0.6745,0.6745,4.0,2.0,2.0,0.4
