Cluster,Dist,mean,median,std,min,max,bag_count,day_count,Cluster_Rank,Cluster_perc
0,"[2.134667899226709, 0.4369099208297537, 0.43746876150730357, 0.4369099208297526, 0.9115312384926965, 0.9270131950411191, 0.633257406161437, 0.29996113931534985, 0.2999611393153513, 0.715742593838563, 1.6473108854771925, 2.2126878504291767, 0.3343496404906245, 0.06839278665082267, 0.507963666391412, 0.7896857062294818, 0.22724011097460262, 0.022958349277960165, 0.3839138637691083, 0.02284967070149646, 0.5866945026283458, 0.7566745886286278, 0.8241775694346541, 0.8267179311594934, 0.7645402006001893, 0.7683847052425932, 0.15273415439769603, 0.7838781947997018, 0.3151135324565467, 0.0, 0.2101436124146544, 0.8033588296308232, 0.7319909669493062, 0.28028884111095437, 0.6745, 0.7752654176149523, 0.978297375682262, 0.9359942397937605, 0.5110813830537149, 0.9362931058790355, 0.8479645928581498, 0.4752160460731486, 0.4752160460731488, 0.8737839539268512, 2.8425025645837243, 0.6745, 0.6745]",0.7006508106370692,0.6745,0.5476209815669364,0.0,2.8425025645837243,47.0,5.0,2.0,0.67
1,"[0.6744999999999994, 0.6745000000000005, 0.0, 0.0]",0.33725,0.3372499999999997,0.33725,0.0,0.6745000000000005,4.0,3.0,1.0,0.33
2,"[1.7539992078580535, 0.05855925221799388, 0.0, 0.6745, 10.217948352344749, 1.4504761160714275, 3.249142782738092, 1.5126063988095257, 0.1921120535714246, 1.234074032738094, 2.82848363095238, 0.0, 8.34412708333333, 1.6163910714285739, 0.699492633928572, 0.25865870535713886, 0.6117674851190459, 0.06775111607142573, 1.4422456101190513, 3.6272441964285713, 0.6745, 1.0016124255952332, 0.27843199404761887, 0.961965476190471, 0.37719806547619006, 0.46733214285713914, 0.08411175595238098, 1.2506354166666642, 0.04807819940476392, 0.27612343749999807, 0.11562857142857463, 1.6919712053571403, 0.25554717261904736, 1.8187410714285674, 1.8226555803571403, 1.132497544642859, 0.5992209821428561, 0.7770802083333314, 0.9366717261904711, 1.3933644345238059, 0.25524605654761945, 0.9013407738095227, 0.5541539434523816, 0.5968120535714332, 0.3454805059523814, 0.1305840029761927, 0.46713139880951876, 0.5736261160714284]",1.242235874812337,0.6745,1.8714962422295576,0.0,10.217948352344749,48.0,2.0,3.0,1.0
