Cluster,Dist,mean,median,std,min,max,bag_count,day_count,Cluster_Rank,Cluster_perc
0,"[2.8092921044253423, 0.0, 0.6745, 4.425220268542201, 0.0, 0.6745, 0.6745, 0.6834444370773096, 0.0, 1.0715413346613551, 0.0, 1.8903713919830887, 0.27437381087893337, 3.2389737885193925, 0.0003701825351653286, 0.6745, 0.07109238776837687, 1.2366564736499581, 0.6745, 1.5565722186076423, 1.4955731945347839, 0.0, 0.3164050097592462, 0.18782433311647212, 0.9342944046844409, 0.275592713077424, 2.4623418998047595]",0.9741644427268847,0.6745,1.1092704348254105,0.0,4.425220268542201,27.0,5.0,2.0,0.67
1,"[0.0, 0.6745, 1.987000650541134, 0.0, 0.0]",0.5323001301082269,0.0,0.7728395296159111,0.0,1.987000650541134,5.0,3.0,1.0,0.33
2,"[15.60691263467188, 12.639376885406461, 0.05707815866798032, 0.7560213516160651, 0.5929786483839349, 0.05707815866796624]",4.951574306235715,0.6745,6.546637166903811,0.05707815866796624,15.60691263467188,6.0,1.0,3.0,1.0
