Cluster,Dist,mean,median,std,min,max,bag_count,day_count,Cluster_Rank,Cluster_perc
0,"[0.3445026881720476, 1.0057060931899782, 0.12470594384708011, 0.0, 2.199982078853055, 0.6745, 0.9277396953405037, 0.5280893939393947, 1.6193378787878876, 0.8209106060606053, 0.5280893939393947]",0.7975967065572679,0.6745,0.6147720490655424,0.0,2.199982078853055,11.0,2.0,2.0,0.67
1,"[0.0, 0.6744999999999999, 0.6745000000000002, 0.0]",0.33725000000000005,0.33724999999999994,0.33725,0.0,0.6745000000000002,4.0,3.0,1.0,0.33
2,"[0.6961140913063376, 0.0, 0.3480710807773942, 0.4597345291106581, 0.7631177743559858, 0.5930962794956088, 2.5772979316659006, 3.6474761538141376, 1.5331408298306195, 2.5781681093678444, 4.009105164592779, 0.17900397436431026, 0.6745, 0.5425136917890883, 0.6018541970119438]",1.2802129204988404,0.6745,1.2470633303635605,0.0,4.009105164592779,15.0,1.0,3.0,1.0
