Cluster,Dist,mean,median,std,min,max,bag_count,day_count,Cluster_Rank,Cluster_perc
0,"[12.068813155291798, 0.0817939663699298, 1.2672060336300701, 0.03776132542037795, 0.03776132542037795, 12.090962908011887, 1.0740642131979767, 0.7974164974619288, 0.32389695431472143, 0.6745000000000001, 0.1637745346869714, 0.661831725888324, 0.0, 0.40139027072758726, 24.07999238578691, 28.869741285956128, 23.200403299492486, 4.652205136757825, 0.8531367578385576, 0.0, 0.9291811207471616, 0.32802568378918634, 0.3043274405158977, 1.2410080053368875, 1.131516121859008, 0.30042772959750613, 0.2953281076273104, 0.2861787858572335, 0.6745, 0.8934837669557433, 0.12955551429295958, 0.6779823466541064, 0.4793053059671757, 0.4713875493641517, 0.8329406633817598, 5.883418562733227, 0.26066281113003187, 0.6545956396507367, 0.6034723470164131, 0.5862194576283465, 4.384909813050246, 6.044950572443019, 0.6710176533458936, 5.066741069164154, 2.121237862758593, 3.633407186333824, 4.161990752146656, 0.1295555142929609, 0.7534698471069888, 1.9461185917176882, 0.5138599597840662, 0.5859017698634102, 0.6848292958692498, 0.45136304712862446, 3.245648998096947, 2.7840019590283243, 0.0, 2.5526800962722516, 2.5524384753162455, 2.075010567558493, 1.8369082167245065, 0.5867462890406359, 0.5286515504309867, 0.5920619500727642, 0.5983893988581666, 0.6745, 0.5468335273704248]",2.6570655626885644,0.6745,5.46882943363747,0.0,28.869741285956128,67.0,5.0,3.0,1.0
1,"[0.0, 0.0]",0.0,0.0,0.0,0.0,0.0,2.0,2.0,1.0,0.33
2,"[2.200186008920286, 0.0, 0.00016152303409463302, 2.2248990331367677, 0.6745, 0.5687326982368964, 0.5685106040650163, 0.857323884215883, 1.6204697443649534, 3.8257278110730732, 2.633899400684942, 8.698913313356197, 0.6745000000000001, 0.584412671232876, 0.19990532248858436, 0.0, 0.9241458653550574, 0.6745, 0.672841223486013, 0.7888519059329856, 0.0, 8.759677764566083, 4.032563614744385, 0.0, 0.6745, 0.6648757431628809]",1.6355422358483453,0.6745,2.3126680279560055,0.0,8.759677764566083,26.0,4.0,2.0,0.67
