Cluster,Dist,mean,median,std,min,max,bag_count,day_count,Cluster_Rank,Cluster_perc
0,"[19.626362249346585, 0.6745, 0.0, 7.076396094503389, 0.33172131147541695, 0.3317213114754083, 1.017278688524583, 0.6745, 0.6745, 7.342256193601325, 10.01192608695654, 0.0, 0.48305045118950113, 0.6745, 2.1241630727762817, 0.6745, 0.0]",3.0421985564617073,0.6745,5.089536171975142,0.0,19.626362249346585,17.0,5.0,3.0,1.0
1,"[0.0, 0.0, 0.6744999999999304, 0.6745000000000696, 0.0, 0.6745000000000001, 0.6744999999999999]",0.3854285714285715,0.6744999999999304,0.3337909342014879,0.0,0.6745000000000696,7.0,5.0,1.0,0.33
2,"[4.670648294930903, 20.685081105990907, 11.13565308755767, 18.221197880184437, 0.3351985253456203, 1.1210998156682093, 0.4728338248847955, 0.681338248847928, 1.16275096774194, 0.6745, 0.20278516129032376, 0.9860754838709701, 0.5787645161290339, 0.23573308755760555, 0.0, 0.20775843317972417, 0.1260724423963118, 7.089460937500003, 0.4828554687500007, 0.07945898437499961, 0.024406249999997322, 0.31811328125000027, 0.6745, 0.8729394531249958, 0.0, 0.7041757812500022, 9.077460937500007, 1.3426210937500025, 3.5760703125000033, 1.7806855468750016, 0.9834609374999994, 1.2068613281250036, 0.029259765625003258, 1.8573710937500054, 0.18609765624999994, 0.6953007812500033, 1.1702519531250002, 0.4670468750000005, 1.290203124999999, 0.5334707031250034, 0.35583203124999613, 0.893740234374999, 0.09707031250000044, 0.1005371093750047, 0.8862519531250017, 0.5860273437500042, 0.2152187499999986, 0.464966796874998, 0.2540468750000017, 0.06434375000000034, 0.9089941406250028, 1.0756777343750012, 5.180262925409089, 0.5753665796606751, 5.501385687514634, 0.5763371482113557, 0.8124335910049194, 0.6891262423451462, 0.6300118462001805, 0.5753665796606762, 0.5879162567345982, 1.6209623364454682, 5.618598768530595, 0.6598737576548538]",1.951092373309744,0.6745,3.809516490397089,0.0,20.685081105990907,64.0,3.0,2.0,0.67
