Cluster,Dist,mean,median,std,min,max,bag_count,day_count,Cluster_Rank,Cluster_perc
0,"[0.19771879762573, 0.8854739913371283, 0.4635260086628716, 0.2762220060960941, 14.349180015240195, 13.04183919547602, 13.694589857223033, 0.19771879762573288, 0.6148281249999971, 1.8804062499999812, 1.3457343750000024, 0.6745, 1.071125000000001, 0.23898437499998976, 0.0, 0.0397812500000072, 15.79523437499989, 0.5486249999999989, 0.42779687499999136, 1.8617031249999931, 59.02053124999957]",6.0297866032993435,0.6745,12.9934182056768,0.0,59.02053124999957,21.0,2.0,3.0,1.0
1,"[0.0, 0.0, 0.0, 1.7734986647773658, 0.0, 0.6745]",0.4079997774628943,0.0,0.658466001844245,0.0,1.7734986647773658,6.0,4.0,1.0,0.33
2,"[2.9516085912823886, 1.9171480101073977, 0.19617169930511746, 0.6745, 0.0, 0.5267992700730187, 0.0, 0.6745, 0.963336982968397, 0.8635569343065878]",0.8767621488042907,0.6745,0.8717787070772579,0.0,2.9516085912823886,10.0,2.0,2.0,0.67
