Cluster,Dist,mean,median,std,min,max,bag_count,day_count,Cluster_Rank,Cluster_perc
0,"[0.0, 0.6744999999999993, 0.6745000000000007, 0.6744999999999997, 0.6745000000000002, 0.6744999999999984, 0.6745000000000015, 0.0]",0.505875,0.6744999999999994,0.29206706742630195,0.0,0.6745000000000015,8.0,5.0,1.0,0.2
1,"[0.6745, 0.6745, 0.6745, 0.6745]",0.6745,0.6745,0.0,0.6745,0.6745,4.0,2.0,2.0,0.4
2,"[2.205803579890584, 0.39311207082238425, 0.7044868177314434, 0.6445131822685566, 0.39311207082238425, 15.481711648645186]",3.3037898950300897,0.6745,5.4814774787576575,0.39311207082238425,15.481711648645186,6.0,1.0,5.0,1.0
3,"[1.319459854014589, 5.946431386861211, 0.029540145985410843, 0.029540145985410843, 0.6742728709537258, 0.6747271290462741, 0.6742728709537257, 1.4672902726482726]",1.3519418345560774,0.6744999999999999,1.8027159109645796,0.029540145985410843,5.946431386861211,8.0,2.0,4.0,0.8
4,"[0.05411638194020561, 1.3796590909090998, 0.8572199511897518, 0.7407565588773706, 0.0, 1.728843502135459, 0.6745, 0.6524830689444712, 0.349184411226348]",0.7151958850247451,0.6745,0.5351948494325071,0.0,1.728843502135459,9.0,1.0,3.0,0.6
