Cluster,Dist,mean,median,std,min,max,bag_count,day_count,Cluster_Rank,Cluster_perc
0,"[6.232172606568824, 6.229250244584202, 0.0, 0.6745, 0.19928623340321883, 0.6641783084424173, 0.6848216915575827, 0.6641783084424173, 0.7800676862529222, 0.6745, 0.6745, 0.016047808764940483, 0.16884262948207146, 1.3859654714475425, 1.3355385126162014, 0.6745, 1.597728419654714, 0.0, 6.726920384841625, 0.0, 0.6745000000000001, 8.257186626746478, 0.41076546906187145, 0.9382345309381209, 0.41076546906187894, 0.6745, 0.6745]",1.5342018667358162,0.6745,2.2788245193279772,0.0,8.257186626746478,27.0,7.0,3.0,1.0
1,"[10.042832103321052, 0.12708183199479625, 1.069214998914691, 0.9659976123290669, 0.30028207076188956, 0.7542921640981156, 0.17905654438897242, 1.153838615150862, 0.1784709138267884, 0.3193150640329986, 0.0, 1.069214998914699, 1.262765899717829, 0.2790529628825651, 0.9414011287171747, 0.530727696982854, 0.08608769264162686, 0.9769781853700893, 0.6745, 2.4542312784892535, 0.25050347297590536]",1.124564058833868,0.6745,2.070613440002939,0.0,10.042832103321052,21.0,1.0,2.0,0.67
2,[0.0],0.0,0.0,0.0,0.0,0.0,1.0,1.0,1.0,0.33
