Cluster,Dist,mean,median,std,min,max,bag_count,day_count,Cluster_Rank,Cluster_perc
0,"[0.060123287671245536, 0.4468904109589137, 0.7417808219178019, 0.10541095890411394, 2.3554794520548104, 0.06012328767123166, 1.6891780821917843, 2.096506849315072, 0.607219178082198, 3.571479452054805, 0.9062934017944972, 0.44270659820550273, 0.44270659820550273, 4.99443052284854, 0.16401896891149215, 1.469180987340388, 0.11249043693435055, 1.1849810310885078, 0.11249043693435103, 1.4055910165969432]",1.1484540889841026,0.6745,1.2660713690288539,0.06012328767123166,4.99443052284854,20.0,3.0,3.0,0.6
1,"[0.0, 0.6745, 0.9942483965014947, 0.3821184270001537, 1.1863964140424954, 0.9668815729998463, 0.3821184270001537]",0.6551804625063063,0.6745,0.3915309633370821,0.0,1.1863964140424954,7.0,2.0,2.0,0.4
2,[0.0],0.0,0.0,0.0,0.0,0.0,1.0,1.0,1.0,0.2
3,"[1.8812268364271025, 0.6237225527526569, 8.891671426304946, 0.0, 8.893544145644944, 0.6745, 0.3853521339044886, 0.6745000000000001, 7.446265873015963, 1.2402234920635085, 7.267683968254061, 0.41133793650794925, 0.0, 0.4505231746031878]",2.774325109962772,0.6745000000000001,3.438889997994839,0.0,8.893544145644944,14.0,2.0,4.0,0.8
4,"[0.8085951073985671, 0.3238887828162317, 12.158868615751778, 0.6745, 0.0]",2.7931705011933152,0.6745,4.691327296464702,0.0,12.158868615751778,5.0,1.0,5.0,1.0
