Cluster,Dist,mean,median,std,min,max,bag_count,day_count,Cluster_Rank,Cluster_perc
0,"[0.9336367859340481, 0.29021061099734663, 0.7938556030786925, 0.290210610997347, 1.02598054633674, 0.5551443969213073, 0.7621715637450307, 0.5868284362549693, 1.0097345617529838, 0.5277089143426429, 0.8085266434263052, 0.5277089143426249]",0.6759764656775031,0.6745,0.24209600062389733,0.29021061099734663,1.02598054633674,12.0,2.0,3.0,1.0
1,"[0.0, 0.6745, 1.0269123947082823, 0.6745, 0.0, 1.0269663658736596, 0.6744999999999997, 0.6745000000000003]",0.5939848450727427,0.6745,0.37189817383803603,0.0,1.0269663658736596,8.0,3.0,2.0,0.67
2,"[0.8178498507591817, 0.8710334331876975, 0.8501349331660684, 0.541960472812216, 0.47402028809966684, 0.1719877254834105, 0.9750736795431934, 0.32949603646666953, 0.6745000000000001, 0.8740897932257646, 0.7290403436864645, 0.8238093881126445, 0.8325918642124844, 0.7229349180256953, 0.14545793679975771, 0.9217806808841977, 0.33498143682138687, 0.14202226716269412, 0.9221016351602718, 0.8703112860665313, 0.1870288099666912, 0.37454634576285845, 0.37503507159233485, 0.0, 0.8236562053899729, 0.09341957758359645, 0.000328248691439213, 0.24531118873556249, 1.0311750281178353, 0.048529745425444436, 1.0166153750486657, 0.5888197971190033, 0.4954731636890599, 0.6790371263572262, 0.4752311610503094, 0.7417180375913829, 0.8670142103214085]",0.5694085692464537,0.6745000000000001,0.3188072372423575,0.0,1.0311750281178353,37.0,1.0,1.0,0.33
