Cluster,Dist,mean,median,std,min,max,bag_count,day_count,Cluster_Rank,Cluster_perc
0,"[3.263438279589762, 0.6452714589300559, 0.010781530074839845, 0.7037285410699442, 0.4893443592349601, 0.010781530074839845, 18.763103021343433, 0.7292801441374869, 0.569287587305469, 0.04463055998039603, 0.46399252542579955, 0.6464819262345294, 0.7025180737654705, 0.04463055998039603, 0.5268059061389535, 10.051959196176892, 18.353078054159937, 9.04215145202789, 1.7605929420414066, 0.07636784707756183, 0.9802193358656979, 1.2484985908589572]",3.1421337918861223,0.6744999999999999,5.53573688783317,0.010781530074839845,18.763103021343433,22.0,2.0,3.0,0.75
1,"[0.6744999999999983, 0.6745000000000018, 0.0, 0.0]",0.33725000000000005,0.33724999999999916,0.33725,0.0,0.6745000000000018,4.0,3.0,1.0,0.25
2,"[0.6745, 0.6745, 0.6745, 0.6745]",0.6745,0.6745,0.0,0.6745,0.6745,4.0,2.0,2.0,0.5
3,"[100.28191203702349, 0.6745, 0.0, 0.6745, 2.9256297678274827, 0.0]",17.426090300808493,0.6745,37.06732467823047,0.0,100.28191203702349,6.0,2.0,4.0,1.0
