Cluster,Dist,mean,median,std,min,max,bag_count,day_count,Cluster_Rank,Cluster_perc
0,"[8.144145043731555, 10.789050291544882, 0.0, 0.6745, 0.1189715743440399, 0.6668666796250703, 0.6821333203749298, 1.9581797546542283, 0.6668666796250703, 0.6745, 0.6745, 2.216025564374806, 0.0, 0.028958792907947443, 1.9857805638593962, 0.7868239614472728, 0.48385171631790513, 0.6745, 0.705996598288835, 0.3861635913823307, 3.974750617809967, 1.2604269706007671, 0.08857302939923282, 0.08857302939923282]",1.5720890741536444,0.6745,2.5674031789596996,0.0,10.789050291544882,24.0,5.0,2.0,0.67
1,"[0.5755352135637444, 0.7756640039126196, 0.0, 0.7325593413759431, 0.8534063417019934, 0.15141612324747888, 3.1503790348875373, 0.2908465112487835, 0.042224975546137834, 0.6745, 30.710092761656586, 0.6232492059613997, 0.6397285609577374, 0.8714282922062101, 0.5233843146836122, 2.0137771805521734, 0.7092714390422624, 0.2636696799413705, 13.892755436110491, 0.2636696799413705, 2.2632746151966816, 0.2788306865379929, 2.029926948448573, 0.7677100086601545, 1.0661155511567413, 1.6080186811827182, 0.12600457750834462, 0.38819423481379695, 0.5812899913398456, 0.12600457750835353, 9.699348385500432, 2.993902140294449, 0.49433848818508924, 5.5639583995271, 0.1915323826061254, 0.5114507703107106, 0.6619404995012377, 0.4729499205674803, 0.7506544315956696, 0.6932644918166033, 0.6850160897033286, 0.6639839102966715, 0.45353751801086245, 0.1915323826061254, 0.5316107621827318, 4.760324805113238, 3.0255188790778442, 4.760972715853254, 0.7448232349355303, 0.4823197066538588, 0.4847618317508404, 6.296421491114642, 6.297119241142352]",2.2340417065516385,0.6745,4.713391594059464,0.0,30.710092761656586,53.0,4.0,3.0,1.0
2,"[0.0, 0.6745, 0.0, 1.990303131991075, 0.0, 0.0, 0.0]",0.38068616171301073,0.0,0.6971168308699349,0.0,1.990303131991075,7.0,5.0,1.0,0.33
