Cluster,Dist,mean,median,std,min,max,bag_count,day_count,Cluster_Rank,Cluster_perc
0,"[0.0, 0.0]",0.0,0.0,0.0,0.0,0.0,2.0,2.0,1.0,0.33
1,"[2.5632182296231125, 0.01702506573181219, 15.857193514460869, 0.01702506573181219, 0.7670737949167438, 0.8945253286590711, 0.8486522348816851, 0.5819262050832563, 0.8375386503067473, 0.2305477651183074, 0.23196652059596787, 0.46677055214723145, 1.2314797546012077, 0.9777589833479307, 1.1929368974583567, 0.26010517090271773, 0.19413304119194078, 0.37171393514461026]",1.5300883727724097,0.6745000000000001,3.5236745802640357,0.01702506573181219,15.857193514460869,18.0,1.0,3.0,1.0
2,"[4.0907193078824395, 0.6745, 0.0, 0.0, 0.9695296502787556, 0.6745]",1.0682081596935327,0.6745,1.398657729398486,0.0,4.0907193078824395,6.0,2.0,2.0,0.67
