Cluster,Dist,mean,median,std,min,max,bag_count,day_count,Cluster_Rank,Cluster_perc
0,"[15.598390035619651, 127.27997963284288, 7.0726706091880365, 4.277644625079905, 0.6745, 0.13903977532194672, 0.19959631016531243, 0.05957087405242269, 0.0, 0.06326710201845148, 0.3698076080007313, 0.47089944287149627, 3.166620102292438, 4.091601150790015, 3.1657576491003665, 19.71990159644065, 0.21994948966239297, 1.1219895315362376, 0.2270104684637625, 0.21994948966239297, 1.7253501701125356, 15.391958298465775, 2.789438493723847, 0.0963302649930256, 1.969878661087861, 0.1561603905160389, 0.4466563458856316, 12.28455467224542, 2.0101417015341676, 0.471115202231527, 6.55026987447696, 0.03142022315202251, 0.3875788005578712, 0.0, 0.8095881450488167, 0.6744999999999999, 0.6745, 3.527641952584292, 4.77642541599174, 0.043602635841552065, 0.6080531585922506, 0.5402158003239574, 0.9058224120159017, 0.21185517596819112, 0.9779306434987478, 0.2120538212339854, 0.7927932557797077, 0.0, 0.38199484611986245, 9.374864673832988, 4.447071565307013, 4.443297305256943, 1.8982541599175302, 0.023042850831986202, 0.21831114710646496, 0.1131284788690939, 30.32002149904277]",5.235508202372905,0.6745,17.228033644231694,0.0,127.27997963284288,57.0,4.0,3.0,1.0
1,"[0.0, 0.6745, 15.108800000001796, 1.1823523316062146, 0.16664766839378536, 2.5401813471502352, 0.16664766839376577, 2.6179111854684547, 0.7441854365838109, 0.9032453473550047, 0.6048145634161891, 0.16082246653919793, 0.16082246653919793, 0.0, 0.3273444781672214, 0.7342853273285035, 1.090752039684094, 0.6745]",1.5476562403681928,0.6745,3.370246965056552,0.0,15.108800000001796,18.0,4.0,2.0,0.67
2,"[0.0, 0.6745, 1.0965183881997442, 0.0, 0.0, 0.6745000000000008, 0.6744999999999992]",0.4457169125999635,0.6744999999999992,0.40997532372024903,0.0,1.0965183881997442,7.0,4.0,1.0,0.33
