Cluster,Dist,mean,median,std,min,max,bag_count,day_count,Cluster_Rank,Cluster_perc
0,"[0.20358922103272012, 2.3194539431319687, 0.20318202901758772, 0.4567540699078359, 3.3349501096711895, 2.5772472079124253, 0.8922459300921641, 0.9307527216565382, 0.20318202901758772, 0.20381996317462903, 0.0003846044191018824, 0.0, 0.6745, 0.8868977904490383, 5.20586119030649, 4.905322765424579, 4.9025149169120406, 0.25447553897180786, 0.7167661099265581, 0.25447553897180786, 0.6322338900734419]",1.4170766461937863,0.6745,1.6972341337217831,0.0,5.20586119030649,21.0,3.0,3.0,1.0
1,"[0.6745000000000002, 0.6744999999999998, 1.8522916086350962, 0.0, 0.6745, 0.0]",0.6459652681058494,0.6744999999999999,0.6180895549764103,0.0,1.8522916086350962,6.0,3.0,1.0,0.33
2,"[0.6745, 3.3303985695708294, 0.0, 1.1701997194480078, 0.8097930209694628, 0.5392069790305372, 0.5392069790305369, 1.7626822567227378, 2.5290088159984423, 0.7242062900420272, 0.17629300230123476, 0.7732494408971569, 0.6247937099579728, 0.17629300230123476, 0.562837563067881]",0.9595112899558705,0.6745,0.8846028158541541,0.0,3.3303985695708294,15.0,3.0,2.0,0.67
