Cluster,Dist,mean,median,std,min,max,bag_count,day_count,Cluster_Rank,Cluster_perc
0,"[7.577665658093828, 0.34653585476550514, 0.11102208774583866, 2.2496258698941136, 0.0, 0.21449304084720958, 1.7185974281391858, 1.2551210287443313, 0.6745, 0.5316368879339638, 0.0, 6.16523357457878, 0.6745, 1.3630346036413008, 38.7204392365299, 0.00651848272530382, 1.3424815172746962, 0.006518482725286452]",3.4976624307577353,0.6745,8.78483180718153,0.0,38.7204392365299,18.0,3.0,3.0,1.0
1,"[0.6745000000000019, 0.6744999999999982, 0.0, 0.0, 0.0, 0.0, 0.6744999999999992, 0.6745000000000007]",0.33725,0.3372499999999991,0.33725,0.0,0.6745000000000019,8.0,6.0,1.0,0.33
2,"[0.6745, 0.0, 0.7068465940054509, 2.8436596166876456, 0.00868342851611952, 2.4370401219630304, 0.513236327557833, 0.835763672442167, 0.00868342851611952]",0.8920459099653741,0.6745,0.9877301153926334,0.0,2.8436596166876456,9.0,2.0,2.0,0.67
