Cluster,Dist,mean,median,std,min,max,bag_count,day_count,Cluster_Rank,Cluster_perc
0,"[25.37783318223017, 33.14874992444832, 17.644218797219626, 0.42214853430039195, 1.4814947113931685, 0.46169310970081323, 0.2578550921728608, 1.2240472952553554, 0.0, 0.03322559685705134, 0.06257827138108422, 0.6745, 0.743601087941978, 4.32290379341864, 0.408049893357706, 0.6736436877919975, 0.6753563122080024, 0.4047616544789739, 1.0739182663010316, 1.2824474151939833, 0.5942464198659329, 0.40476165447897755, 20.19591791082669, 0.6745, 0.2655206948640453, 0.056649848942600174, 42.933657099697946, 38.21460241691848, 4.860883081570998, 0.0]",6.619125525093894,0.6745,12.252756245020498,0.0,42.933657099697946,30.0,3.0,3.0,1.0
1,"[0.6745, 0.6745, 10.3144322141947, 0.0, 0.6745, 2.0058964301784887, 0.6741290435478211, 0.6741290435478229, 0.6748709564521771, 5.135119855595668, 0.6745, 0.0, 3.6593657615974813, 1.538053817119211, 0.18593303299647143, 0.0022995251430634423, 1.2547194691343024, 0.0022995251430721953, 0.7468529161086078, 0.6021470838913922]",1.508412433732514,0.6745,2.3742832495724855,0.0,10.3144322141947,20.0,5.0,2.0,0.67
2,"[0.6745000000000008, 0.6744999999999992, 0.0, 0.0]",0.33725,0.3372499999999996,0.33725,0.0,0.6745000000000008,4.0,3.0,1.0,0.33
