Cluster,Dist,mean,median,std,min,max,bag_count,day_count,Cluster_Rank,Cluster_perc
0,"[0.6745, 0.4412531559963947, 0.3232612714156953, 5.617995040577143, 0.0, 1.0984192966636703, 1.5150401262398752, 0.6003205465920425, 1.2828159367797092, 1.1031417517286721, 0.10438426078366575, 0.6225299637800369, 0.06840500493909503, 0.06840500493908319, 1.8022942048073818, 0.7264700362199632, 6.545559433651649]",1.329105590300828,0.6745,1.8155880040759136,0.0,6.545559433651649,17.0,2.0,5.0,0.83
1,"[0.4843420849845906, 10.352357276530178, 3.2149384632320603, 15.180853588727455, 0.4430582892998688, 0.0, 0.6745, 0.0, 0.39956745877158817, 0.3742901311517977, 0.47939336449811687, 2.731002415270744, 3.769264705882353, 0.4202727957408123, 2.0994896377093886, 2.8821058304116347, 3.149611076483573, 3.9653698221010263, 0.6745, 0.5382161407609398]",2.5916566540778065,0.6745,3.7147863367789813,0.0,15.180853588727455,20.0,2.0,6.0,1.0
2,[0.0],0.0,0.0,0.0,0.0,0.0,1.0,1.0,1.0,0.17
3,"[0.6683293455313177, 0.6806706544686822, 0.6683293455313093, 4.1579135585268565, 0.6948000330399783, 0.6541999669600217, 0.6541999669600215, 1.311499639563872]",1.1862428138227574,0.6745,1.1427074978692797,0.6541999669600215,4.1579135585268565,8.0,2.0,4.0,0.67
4,"[0.6745, 0.6752601485774742, 0.31550819936061064, 1.2943778950757834, 0.0, 0.3383591963936615, 1.6186820994043098, 0.0, 0.6745, 3.2894458955224466]",0.8880633434334285,0.6745,0.938581072266293,0.0,3.2894458955224466,10.0,2.0,3.0,0.5
5,"[0.6745, 0.6745]",0.6745,0.6745,0.0,0.6745,0.6745,2.0,1.0,2.0,0.33
