Cluster,Dist,mean,median,std,min,max,bag_count,day_count,Cluster_Rank,Cluster_perc
0,"[0.0, 0.0, 0.0]",0.0,0.0,0.0,0.0,0.0,3.0,3.0,1.0,0.33
1,"[0.6745, 0.6745]",0.6745,0.6745,0.0,0.6745,0.6745,2.0,1.0,2.0,0.67
2,"[1.0244638909916732, 0.0, 1.024974489023468, 4.238270022710084, 0.6745, 0.12775162755488478, 0.5740143073429218, 1.0543849356548156, 0.586166540499622, 0.3431218773656339, 0.12244140802422403, 0.9148895533686632, 0.925203633610909]",0.8930909450882232,0.6745,1.0294103697175532,0.0,4.238270022710084,13.0,1.0,3.0,1.0
