Cluster,Dist,mean,median,std,min,max,bag_count,day_count,Cluster_Rank,Cluster_perc
0,"[0.24315030714563138, 0.24315030714563138, 0.6322606637798331, 0.716739336220167, 0.6239544676382156, 4.152690523801989, 1.7985049416639098, 1.7982526506596082, 2.4981299599563336, 0.6745, 0.6797791226792917, 0.5624107207863134, 0.0, 0.2094461230433194, 19.000912995995748, 53.92318616822393, 1.4014471028037188, 0.1616278504672792, 0.6745, 1.0981112149532752, 1.8137115887850443, 0.0, 0.031266542056064384, 0.47000672897196133]",3.891989138199053,0.6745,11.077411859471908,0.0,53.92318616822393,24.0,3.0,3.0,1.0
1,"[0.6745, 0.0, 35.241192664093106, 1.5321914489889439, 0.2406844890301885, 0.2406844890301885, 1.1083155109698115, 3.152286607142853, 0.6745, 0.0, 1.0108848214285704, 0.6485616071428563, 0.9220428571428567, 0.021408928571428676]",3.2476609588243437,0.6745,8.908708506289594,0.0,35.241192664093106,14.0,3.0,2.0,0.67
2,"[0.0, 0.0, 0.0, 0.0]",0.0,0.0,0.0,0.0,0.0,4.0,4.0,1.0,0.33
