Cluster,Dist,mean,median,std,min,max,bag_count,day_count,Cluster_Rank,Cluster_perc
0,"[0.6744999999999978, 0.6745000000000022, 0.0]",0.44966666666666666,0.6744999999999978,0.3179623492735509,0.0,0.6745000000000022,3.0,2.0,1.0,0.33
1,"[45.05522522292993, 37.81753949044585, 0.7026829299363072, 0.5234463694267512, 0.39078038216560546, 0.6566278980891717, 0.08042445859872639, 0.10190535031847268, 3.657078853503183, 0.0, 0.6745, 6.55596815286624, 0.7454728662420383]",7.458588613424789,0.6745,14.664653069803522,0.0,45.05522522292993,13.0,1.0,3.0,1.0
2,"[0.4028044129601677, 0.4028044129601677, 0.9461955870398322, 2.3739642782487502]",1.0314421728022296,0.6745,0.8062263097597343,0.4028044129601677,2.3739642782487502,4.0,1.0,2.0,0.67
