Cluster,Dist,mean,median,std,min,max,bag_count,day_count,Cluster_Rank,Cluster_perc
0,"[1.9899482292511486, 0.0, 0.6745, 0.6761411192214113, 0.6729682887266828, 0.4287601458977793, 0.4686901472828847, 0.7547710743801651, 0.3029224063899534, 0.7836706542314972, 0.0, 0.25469000415531645, 0.7636713975714483, 0.6795075996121704, 0.6745, 1.1073085784200563]",0.6395031028212821,0.6745,0.4507931015992439,0.0,1.9899482292511486,16.0,2.0,2.0,0.33
1,"[0.6744999999999587, 0.6745000000000412, 0.0]",0.4496666666666666,0.6744999999999587,0.3179623492735508,0.0,0.6745000000000412,3.0,2.0,1.0,0.17
2,"[0.49580386522425113, 2.700406937870935, 0.36805880474795216, 0.8531961347757488, 0.36805880474795216, 13.958744816317338]",3.1240448939473633,0.6745,4.9130017159480115,0.36805880474795216,13.958744816317338,6.0,1.0,5.0,0.83
3,"[0.5283769244093253, 0.8206230755906746, 0.5283769244093253, 0.9721482264297229, 0.1682156855445186, 1.1807843144554808, 0.16821568554451913, 2.136420567080161]",0.8128951754329659,0.6744999999999999,0.6026615649905603,0.1682156855445186,2.136420567080161,8.0,2.0,4.0,0.67
4,"[0.6744999999999999, 0.6744999999999999]",0.6744999999999999,0.6744999999999999,0.0,0.6744999999999999,0.6744999999999999,2.0,1.0,3.0,0.5
5,"[0.029313539119806376, 0.02708719437652649, 0.592413844743278, 0.02708719437652649, 0.47153157090464626, 10.173529676039115, 17.327434993887522, 7.281342940097794, 14.498575397310503, 0.3627705073349613, 1.1229435513447443, 0.756586155256722]",4.389218047066012,0.6745,6.0437652619288755,0.02708719437652649,17.327434993887522,12.0,1.0,6.0,1.0
