Cluster,Dist,mean,median,std,min,max,bag_count,day_count,Cluster_Rank,Cluster_perc
0,"[0.0, 0.0, 0.0, 1.854874999999886, 0.6745, 0.0, 0.0, 0.0, 0.0, 0.0, 0.0]",0.22994318181817144,0.0,0.5488747977878566,0.0,1.854874999999886,11.0,9.0,2.0,0.67
1,"[0.6744999999999999, 0.6744999999999999]",0.6744999999999999,0.6744999999999999,0.0,0.6744999999999999,0.6744999999999999,2.0,1.0,3.0,1.0
2,[0.0],0.0,0.0,0.0,0.0,0.0,1.0,1.0,1.0,0.33
