Cluster,Dist,mean,median,std,min,max,bag_count,day_count,Cluster_Rank,Cluster_perc
0,"[0.0, 0.0, 0.0, 0.0, 0.6745, 0.6745000000000001, 0.6745000000000011, 0.6744999999999989, 0.0, 0.6745000000000059, 0.6744999999999941]",0.36790909090909096,0.6744999999999941,0.33585351367021327,0.0,0.6745000000000059,11.0,8.0,1.0,0.33
1,"[0.7809746045624353, 2.162213642264789, 2.212537993800173, 2.121646782184774, 0.42355733513499183, 0.38527794557931233, 0.5680253954375647, 0.8632163182576899, 0.5551941154651192, 0.38527794557931283]",1.0457922078266162,0.6745,0.748151051946382,0.38527794557931233,2.212537993800173,10.0,1.0,3.0,1.0
2,"[0.6745, 0.6745]",0.6745,0.6745,0.0,0.6745,0.6745,2.0,1.0,2.0,0.67
