Cluster,Dist,mean,median,std,min,max,bag_count,day_count,Cluster_Rank,Cluster_perc
0,"[0.665242156862746, 1.2630343137254991, 1.2114549019607899, 0.0, 0.6745, 3.2222038043478425, 2.8849538043478544, 0.5058749999999939, 0.6745, 2.6210190217391385, 0.0769809782608612, 0.0, 2.4881555555554367, 0.6744999999999999, 0.0]",1.1308279691200107,0.6745,1.086791862189278,0.0,3.2222038043478425,15.0,3.0,3.0,1.0
1,"[0.6744999999999906, 0.6745000000000094, 0.0, 0.0, 0.0, 0.67449999999998, 0.67450000000002, 0.0]",0.33725,0.33724999999999,0.33725,0.0,0.67450000000002,8.0,6.0,1.0,0.33
2,"[1.5621536796535904, 0.47010606060605115, 0.8788939393939488, 0.16643506493506038, 2.8235562770561615, 0.16643506493502147]",1.0112633477633055,0.6745,0.942136609342795,0.16643506493502147,2.8235562770561615,6.0,1.0,2.0,0.67
