Cluster,Dist,mean,median,std,min,max,bag_count,day_count,Cluster_Rank,Cluster_perc
0,"[0.0, 0.6744999999999748, 0.6745000000000252]",0.44966666666666666,0.6744999999999748,0.3179623492735509,0.0,0.6745000000000252,3.0,2.0,1.0,0.25
1,"[0.6745, 0.0, 2.204463414634007, 0.6745, 2.445062499999772, 0.0]",0.9997543191056298,0.6745,0.9790163331922159,0.0,2.445062499999772,6.0,2.0,3.0,0.75
2,"[0.6745, 0.6745, 0.6745, 0.6745]",0.6745,0.6745,0.0,0.6745,0.6745,4.0,2.0,2.0,0.5
3,"[3.2279642857138384, 0.8190357142855195, 0.0, 0.6745, 0.5781428571427196]",1.0599285714284155,0.6745,1.1191540967831892,0.0,3.2279642857138384,5.0,1.0,4.0,1.0
