Cluster,Dist,mean,median,std,min,max,bag_count,day_count,Cluster_Rank,Cluster_perc
0,"[0.6744999999999971, 0.6745000000000029, 0.0]",0.44966666666666666,0.6744999999999971,0.3179623492735509,0.0,0.6745000000000029,3.0,2.0,1.0,0.33
1,"[0.3747222222222221, 0.08208201058201063, 1.673759259259259, 5.556595238095237, 0.5959867724867725, 0.7530132275132274, 1.0742037037037038, 0.08208201058201044]",1.2740555555555553,0.6744999999999999,1.6926870146468431,0.08208201058201044,5.556595238095237,8.0,1.0,2.0,0.67
2,"[9.123644897959196, 2.0427714285714313, 0.0, 0.4652673469387753, 2.3593734693877577, 1.4068142857142887, 0.6249448979591844, 0.1872081632653064, 0.1321469387755096, 0.6745, 12.878820408163284]",2.7177719851577025,0.6745,4.052933344390023,0.0,12.878820408163284,11.0,1.0,3.0,1.0
