Cluster,Dist,mean,median,std,min,max,bag_count,day_count,Cluster_Rank,Cluster_perc
0,"[0.6745, 0.6745, 1.1861302325581398, 1.2076930232558143, 0.23365581395348847, 0.0, 0.6745, 3583.7726714296487, 0.6745, 0.0]",358.90981504994164,0.6745,1074.9543593528786,0.0,3583.7726714296487,10.0,3.0,3.0,1.0
1,"[0.0, 0.0, 0.0, 1.9957445001442589, 0.0, 0.6745, 0.6744999999999988, 0.6745000000000013, 0.0, 0.0, 0.0, 0.0, 0.0, 0.6744999999999994, 0.6745000000000005]",0.35788296667628394,0.0,0.5376829358336743,0.0,1.9957445001442589,15.0,11.0,1.0,0.33
2,"[15.20228859022662, 5.374645700950347, 0.5909792779620985, 0.7580207220379015, 0.06770412753753573, 0.06770412753753573, 0.7947272818154552, 0.5542727181845448, 0.5542727181845448, 9.183395381385584, 0.9623350885198032, 0.6855426446431827, 0.6634573553568169, 0.6634573553568172]",2.5802002206927708,0.6744999999999999,4.2726918367659135,0.06770412753753573,15.20228859022662,14.0,3.0,2.0,0.67
