Cluster,Dist,mean,median,std,min,max,bag_count,day_count,Cluster_Rank,Cluster_perc
0,"[0.22483333333332942, 0.22483333333332942, 1.1241666666666705, 3.1476666666666353, 2.173388888888937, 1.7237222222222655, 0.6745, 0.0, 0.29977777777778125]",1.065876543209883,0.6745,1.0158453225399655,0.0,3.1476666666666353,9.0,2.0,7.0,1.0
1,"[0.0, 0.0, 0.0, 0.0, 0.0, 0.6745000000000047, 0.6744999999999953, 0.0, 0.6745000000000703, 0.6744999999999297, 1.9008636363636247, 0.0, 0.6744999999999999, 0.0, 0.0]",0.35155757575757496,0.0,0.5185970097587912,0.0,1.9008636363636247,15.0,11.0,1.0,0.14
2,"[2.6980000000000626, 0.8993333333333438, 0.14988888888890622, 0.149888888888875, 1.0492222222222498, 0.4496666666666562, 0.3679090909091001, 0.9810909090908742, 0.36790909090907464, 1.3490000000000255, 0.8584545454545246, 0.4905454545454754]",0.8175757575757641,0.6745,0.6736392068776671,0.149888888888875,2.6980000000000626,12.0,2.0,6.0,0.86
3,"[0.6744999999999999, 0.6744999999999999, 0.6745, 0.6745]",0.6745,0.6744999999999999,7.850462293418876e-17,0.6744999999999999,0.6745,4.0,2.0,4.0,0.57
4,"[0.6745, 0.9635714285714142, 0.0, 1.0599285714285656, 0.2890714285714142, 0.7708571428571314, 0.48178571428571715, 0.5781428571428485, 1.2526428571428487]",0.6744999999999934,0.6745,0.3690197623895124,0.0,1.2526428571428487,9.0,1.0,3.0,0.43
5,"[0.0, 0.9742777777777744, 0.6745]",0.5495925925925914,0.6745,0.40743563286064366,0.0,0.9742777777777744,3.0,1.0,2.0,0.29
6,"[0.16862500000001757, 0.8431250000000176, 0.6745, 1.5176249999999825, 0.0, 0.33725, 1.349]",0.6985892857142882,0.6745,0.5364938661041158,0.0,1.5176249999999825,7.0,1.0,5.0,0.71
