Cluster,Dist,mean,median,std,min,max,bag_count,day_count,Cluster_Rank,Cluster_perc
0,"[0.0, 0.0, 0.6744999999999999, 0.6745000000000001]",0.33725,0.33724999999999994,0.33725,0.0,0.6745000000000001,4.0,3.0,1.0,0.33
1,"[0.6965287713841345, 0.6524712286158655, 0.6524712286158655, 2.4263118195956666]",1.106945762052883,0.6745,0.7619486700413567,0.6524712286158655,2.4263118195956666,4.0,1.0,2.0,0.67
2,"[0.0, 3.9190775862072837, 0.6745]",1.531192528735761,0.6745,1.7107958865728414,0.0,3.9190775862072837,3.0,1.0,3.0,1.0
