Cluster,Dist,mean,median,std,min,max,bag_count,day_count,Cluster_Rank,Cluster_perc
0,"[0.0, 0.6745000000000201, 0.6744999999999799, 0.6744999999999999, 0.0, 1.573833333333302, 0.0, 0.0, 0.0, 0.0, 0.0, 0.0, 1.517625000000022, 0.3372500000000263, 1.0960625000000022, 0.6745]",0.45142317708333457,0.16862500000001315,0.539357396075075,0.0,1.573833333333302,16.0,9.0,1.0,0.2
1,"[0.4046999999999981, 0.9442999999999832, 2.3832333333333824, 0.4047000000000168, 1.1674038461538463, 0.59667307692307, 0.59667307692307, 0.7523269230769298]",0.9062512820512871,0.6744999999999999,0.6092620292211507,0.4046999999999981,2.3832333333333824,8.0,2.0,4.0,0.8
2,"[0.6745, 0.6745, 0.6745000000000063, 1.7782272727272919, 1.9008636363636555, 0.12263636363636363, 0.12263636363636363, 0.6744999999999935, 0.6745, 0.6745]",0.7971363636363675,0.6745,0.5639939565791988,0.12263636363636363,1.9008636363636555,10.0,3.0,3.0,0.6
3,"[2.542346153846128, 0.3631923076923318, 4.929038461538471, 0.9858076923076682, 0.7782692307692083, 0.5707307692307917, 0.46696153846150773, 0.36319230769231015]",1.3749423076923022,0.6745,1.5008471408383748,0.36319230769231015,4.929038461538471,8.0,1.0,5.0,1.0
4,"[0.404700000000014, 1.4839000000000702, 0.8093999999999437, 0.6744999999999578, 0.6745000000000421, 0.40469999999998596, 0.6745, 0.6745000000002106, 0.0]",0.6445222222222472,0.6745,0.37502188018473853,0.0,1.4839000000000702,9.0,2.0,2.0,0.4
