Cluster,Dist,mean,median,std,min,max,bag_count,day_count,Cluster_Rank,Cluster_perc
0,"[0.6745, 4.721500000000118, 0.0, 0.0, 0.6745, 49.084121065709354, 0.6745, 0.0, 0.82925817861797, 0.6745, 607.4683607594923, 0.0, 0.6745, 0.6745, 9074.514698541081, 0.6745, 0.0]",573.0199669732293,0.6745,2130.124109002818,0.0,9074.514698541081,17.0,6.0,3.0,1.0
1,"[1.9321614583332056, 15.253536458332855, 0.6955781250000438, 0.6534218749999562, 0.428588541666654, 0.428588541666654, 0.45669270833341036, 1.5105989583333577, 1.5015143312102035, 1.5186990445859978, 0.7196098726114601, 0.16755095541400927, 0.6745, 0.0, 0.3522866242038272, 0.5005047770700678, 813.2278949044619]",49.41304277507198,0.6745,190.9847065395379,0.0,813.2278949044619,17.0,2.0,2.0,0.67
2,"[0.0, 0.6745, 0.0, 1.1654082840236637, 0.0, 0.6744999999999587, 0.6745000000000412, 0.0, 0.0, 0.6745, 1.3001231884058344, 0.0, 0.0]",0.3971947286484229,0.0,0.4655328040529563,0.0,1.3001231884058344,13.0,8.0,1.0,0.33
