Cluster,Dist,mean,median,std,min,max,bag_count,day_count,Cluster_Rank,Cluster_perc
0,"[0.6745, 0.33724999999992983, 1.01175, 0.0, 1.1803750000000526, 0.33724999999992983, 0.0, 0.0, 2.023500000000035, 0.33725000000003513, 1.1803750000000526, 1.686250000000035, 1.1803750000000175, 0.8993333333333333, 0.44966666666666666, 2.9228333333330054, 0.44966666666661986]",0.8629632352941007,0.6745,0.7682604040185694,0.0,2.9228333333330054,17.0,2.0,6.0,0.86
1,"[0.0, 0.0, 0.6745000000000233, 0.6744999999999766, 0.6745, 2.023499999999579, 0.0, 0.6744999999999945, 0.6745000000000054, 0.0, 0.0]",0.4905454545454162,0.6744999999999766,0.5817153495772369,0.0,2.023499999999579,11.0,7.0,2.0,0.29
2,"[0.0, 4.72150000000007, 0.6745, 0.6745, 0.6745, 0.0, 0.6745, 12.815499999998876, 0.0, 0.6745, 6.295333333334035, 0.0]",2.2670694444444153,0.6745,3.7278269936670925,0.0,12.815499999998876,12.0,4.0,7.0,1.0
3,"[1.483899999999952, 0.13489999999998034, 1.6187999999999607, 0.9442999999999747, 1.7536999999999128, 0.13489999999998034, 0.40470000000002526, 0.13489999999998034, 0.4761176470588323, 0.7141764705882567, 1.190294117647089, 0.0, 0.7141764705882567, 0.0, 2.1425294117647535, 0.6348235294117434]",0.7801386029411687,0.6745000000000001,0.6579880541097,0.0,2.1425294117647535,16.0,2.0,4.0,0.57
4,"[0.5995555555555643, 0.0, 1.6487777777777586, 0.6745, 0.899333333333323]",0.7644333333333292,0.6745,0.5328966341759361,0.0,1.6487777777777586,5.0,1.0,3.0,0.43
5,"[0.6745, 0.7226785714285556, 0.8190357142857171, 0.7708571428571414, 0.04817857142856569, 0.04817857142856569, 0.0]",0.4404897959183637,0.6745,0.356306114558774,0.0,0.8190357142857171,7.0,1.0,1.0,0.14
6,"[1.397178571428525, 0.5299642857142749, 1.1081071428571347, 0.240892857142865, 0.3372499999999749, 0.240892857142865, 1.204464285714245, 0.6263214285714451, 0.722678571428555, 2.0716785714285546]",0.8479428571428439,0.6745000000000001,0.5619364842185519,0.240892857142865,2.0716785714285546,10.0,1.0,5.0,0.71
