Cluster,Dist,mean,median,std,min,max,bag_count,day_count,Cluster_Rank,Cluster_perc
0,"[0.0, 0.0, 0.6745, 0.31741176470575794, 0.0, 0.4166029411764395, 0.9522352941172739, 1.5275441176465925, 1.2696470588232962, 0.0, 0.0, 0.0, 0.0, 0.0]",0.36842436974781145,0.0,0.5127721578782362,0.0,1.5275441176465925,14.0,8.0,1.0,0.33
1,"[2761.882249997399, 0.0, 0.6745, 0.6745, 0.6745, 2.6417916666619243, 4.609083333323848, 0.0, 0.056208333332085254, 0.6745]",277.1887333330717,0.6745,828.2323146107937,0.0,2761.882249997399,10.0,3.0,3.0,1.0
2,"[0.697868503936992, 0.6511314960630079, 0.026555118110213043, 0.026555118110213043, 0.04779921259842876, 0.44293937007874296, 7.030733070866468, 6.977622834645929, 174.7889740157544, 174.93343385827416, 0.00018561627128829816, 0.0, 0.0003712325425763715, 4.6404067822018345e-05, 0.0003248284747543532, 1.528684987710224, 1.5286512392972627, 1.528752484536147, 1.528322192270888, 1.5276978466311004, 0.6740992375960823, 0.6742004828349667, 0.6745, 0.6746518678583266, 0.6746687420648074]",15.06555079042379,0.6745,47.155828958939495,0.0,174.93343385827416,25.0,2.0,2.0,0.67
