Cluster,Dist,mean,median,std,min,max,bag_count,day_count,Cluster_Rank,Cluster_perc
0,"[0.5176086433260416, 0.5201915207877476, 0.5169444748358899, 0.5266118161925624, 0.14478873085338884, 0.00014759299781278343, 0.0, 13.95875536105036, 13.956689059080999, 13.963847319474867, 17.576481126914697, 17.575226586433303, 0.6817320568927792, 0.6775256564551444, 0.6777470459518615, 0.6739096280087528, 0.6745, 0.004014880951874081, 0.0, 0.3051309523809422, 0.4737559523808352, 0.6745, 252.06627083344117, 255.98077976201478, 256.281895833443, 255.5592172620141, 0.000488538317852018, 0.00044996950328461514, 0.0005163935728172756, 0.0003342630595830919, 0.0, 0.00021855661588134024, 0.00017141695363226698, 0.0001799878013139374, 0.7580036262500476, 0.7581471879487147, 0.7579800564189232, 0.757995055402366, 0.7588071432201989, 2.402361465494237, 2.4022007621002066, 2.401911495990952, 2.401915781414794, 0.6744935718642386, 0.6745, 0.6741957349073027, 0.6743671518609349, 0.6746414189867466, 0.6747464118708463]",22.886467307866074,0.6745,69.34446088683842,0.0,256.281895833443,49.0,3.0,3.0,1.0
1,"[0.0, 0.6745, 0.0, 1.2253416666667964, 0.0, 0.0]",0.3166402777777994,0.0,0.47519225179614594,0.0,1.2253416666667964,6.0,4.0,1.0,0.33
2,"[0.25306254634779396, 0.36693287680756326, 0.0, 0.6753909552280312, 0.6745, 3.863338176677788, 3.862947406840933, 0.6745, 0.6745, 0.00020348582085345738, 0.00020348582085345738, 0.000573460040587554, 1.8748258597992489, 1.8572520843618074, 1.8556611952169428, 0.673630560583621, 0.675369439416379]",1.0578171489977886,0.6745,1.1921941158686695,0.0,3.863338176677788,17.0,3.0,2.0,0.67
