Cluster,Dist,mean,median,std,min,max,bag_count,day_count,Cluster_Rank,Cluster_perc
0,"[0.6744999999999998, 0.6745000000000002, 0.0, 0.0, 0.0, 0.0, 0.0]",0.1927142857142857,0.0,0.304708040254796,0.0,0.6745000000000002,7.0,6.0,1.0,0.33
1,"[0.6663368486893781, 0.6826631513106218, 0.6852533820149518, 0.666336848689376]",0.6751475576760819,0.6745,0.008858174458437158,0.666336848689376,0.6852533820149518,4.0,1.0,2.0,0.67
2,"[0.6745, 0.0, 1728.0086788617916]",576.2277262872639,0.6745,814.432168557815,0.0,1728.0086788617916,3.0,1.0,3.0,1.0
