Cluster,Dist,mean,median,std,min,max,bag_count,day_count,Cluster_Rank,Cluster_perc
0,"[0.0, 0.6744999999998595, 0.6745000000001404, 0.0, 0.0, 0.0, 0.0, 0.6745000000000058, 0.6744999999999942, 0.0, 0.0, 0.0, 0.6744999999999935, 0.6745000000000063, 0.0, 0.0, 0.674499999999986, 0.674500000000014, 0.0]",0.284,0.0,0.3330195189474635,0.0,0.6745000000001404,19.0,15.0,2.0,0.5
1,"[0.11902941176469277, 2.023499999999992, 0.7538529411764866, 0.8332058823529485, 0.5951470588235134, 0.11902941176470927, 0.6745, 5.396, 0.0, 2.3866923076922992, 0.0, 0.6745]",1.1312880844645536,0.6745,1.4749259440065738,0.0,5.396,12.0,3.0,3.0,0.75
2,"[0.0, 0.0, 0.0]",0.0,0.0,0.0,0.0,0.0,3.0,1.0,1.0,0.25
3,"[1.0242407407407446, 0.32475925925925536, 0.32475925925925536, 2.7229814814814786, 1.349, 0.0, 0.0, 5.396]",1.3927175925925916,0.6745,1.7354377349352748,0.0,5.396,8.0,2.0,4.0,1.0
