Cluster,Dist,mean,median,std,min,max,bag_count,day_count,Cluster_Rank,Cluster_perc
0,"[1.8610119899449857, 1.8599857498814805, 1.6241587578968266, 1.6231920100109154, 0.41404324649121915, 4.079802499421178, 0.6751097948203442, 0.6738902051796558, 0.0027292036471485686, 5.205565539534253e-05, 0.0005726122093471826, 5.205565539534253e-05, 0.012567654659732782, 0.0, 1.552987668697955, 0.10326709844835096, 0.6767739420816982, 0.6745, 0.6746936796094821, 0.6089645588063257, 0.6094810377649448, 0.609179758372417, 1.4394627242659181, 1.4371457422710017, 3.9017187729317557]",1.004613712748939,0.6745,1.0762063135015665,0.0,4.079802499421178,25.0,2.0,3.0,0.75
1,"[0.0, 0.0, 0.0, 0.0, 0.0]",0.0,0.0,0.0,0.0,0.0,5.0,5.0,1.0,0.25
2,"[16.34365384614651, 0.6745, 0.0, 0.0, 0.6745, 608.3440988371822]",104.33945878055478,0.6745,225.47366127031756,0.0,608.3440988371822,6.0,2.0,4.0,1.0
3,"[0.6745, 0.6745]",0.6745,0.6745,0.0,0.6745,0.6745,2.0,1.0,2.0,0.5
