Cluster,Dist,mean,median,std,min,max,bag_count,day_count,Cluster_Rank,Cluster_perc
0,"[0.0, 0.6744999999999882, 0.6745000000000118, 0.0, 0.6745000000000255, 0.6744999999999745, 0.0, 0.0, 0.0, 0.0, 0.0, 0.0, 0.0]",0.20753846153846153,0.0,0.3113076923076923,0.0,0.6745000000000255,13.0,11.0,1.0,0.33
1,"[0.6745, 0.6745, 0.6745, 0.6745]",0.6745,0.6745,0.0,0.6745,0.6745,4.0,2.0,2.0,0.67
2,"[0.9850190010857648, 0.6378821932681861, 0.6378821932681763, 0.7111178067318139]",0.7429752985884853,0.6745,0.1429065912385766,0.6378821932681763,0.9850190010857648,4.0,1.0,3.0,1.0
