Cluster,Dist,mean,median,std,min,max,bag_count,day_count,Cluster_Rank,Cluster_perc
0,"[0.0, 0.0, 0.0, 0.0, 0.0, 0.0, 0.0]",0.0,0.0,0.0,0.0,0.0,7.0,7.0,1.0,0.33
1,"[0.6745, 0.6745, 0.6745, 0.6745, 0.6744999999999999, 0.6745]",0.6745,0.6745,4.5324665183683945e-17,0.6744999999999999,0.6745,6.0,3.0,2.0,0.67
2,"[9.920085365853442, 10.0253731707315, 9.952987804877852, 0.0, 0.13819024390244297, 0.6745, 0.2961219512195175]",4.42960836236925,0.6745,4.798658896251156,0.0,10.0253731707315,7.0,1.0,3.0,1.0
