Cluster,Dist,mean,median,std,min,max,bag_count,day_count,Cluster_Rank,Cluster_perc
0,"[0.0, 0.0, 0.674500000000068, 0.6744999999999319, 0.0]",0.2698,0.0,0.33043616630145073,0.0,0.674500000000068,5.0,4.0,1.0,0.33
1,"[0.7932120000000444, 0.1456920000000243, 0.08093999999999353, 0.6852920000000171, 0.6745, 186.4803640000057, 0.0]",26.980000000000825,0.6745,65.11645051715206,0.0,186.4803640000057,7.0,1.0,3.0,1.0
2,"[2.067489130434828, 0.6744999999999999, 0.0]",0.9139963768116092,0.6744999999999999,0.8608703781623018,0.0,2.067489130434828,3.0,1.0,2.0,0.67
