Cluster,Dist,mean,median,std,min,max,bag_count,day_count,Cluster_Rank,Cluster_perc
0,"[0.6745, 0.6745, 2.2687727272726566, 0.5518636363636144, 2.0234999999999617, 0.06131818181817369, 0.06131818181819922, 1.6555909090909195, 0.3065909090909195, 0.7971363636363857]",0.907509090909083,0.6745,0.7548863407961713,0.06131818181817369,2.2687727272726566,10.0,2.0,2.0,0.67
1,"[0.0, 0.0, 0.6745, 0.0, 1.686249999999848, 0.0, 0.0, 0.0]",0.295093749999981,0.0,0.570279179677274,0.0,1.686249999999848,8.0,6.0,1.0,0.33
2,"[0.6295333333333496, 0.7194666666666505, 2.518133333333211, 2.3382666666665344, 0.539599999999955, 0.5395999999999738]",1.2140999999999456,0.6745000000000001,0.8622194665619834,0.539599999999955,2.518133333333211,6.0,1.0,3.0,1.0
