Cluster,Dist,mean,median,std,min,max,bag_count,day_count,Cluster_Rank,Cluster_perc
0,"[0.6745, 0.6745, 0.6745, 0.6745, 0.6745, 0.6745]",0.6745,0.6745,0.0,0.6745,0.6745,6.0,3.0,2.0,0.67
1,"[0.6745, 0.6745000000000001, 0.0, 0.6745000000000002, 0.6744999999999998, 0.0]",0.44966666666666666,0.6744999999999999,0.3179623492735509,0.0,0.6745000000000002,6.0,4.0,1.0,0.33
2,"[0.0, 0.6745, 317.792280952315, 6.918442857145586, 0.6745, 0.0]",54.34328730157677,0.6745,117.84279877340295,0.0,317.792280952315,6.0,2.0,3.0,1.0
