Cluster,Dist,mean,median,std,min,max,bag_count,day_count,Cluster_Rank,Cluster_perc
0,"[0.6747428782907899, 0.67425712170921, 3.3466199687925102, 0.67425712170921, 0.0, 0.5901874999977534, 0.6745, 6.576374999955069, 10.45474999992811, 0.6745, 0.6745]",2.2740626900347864,0.6745,3.1614595871868163,0.0,10.45474999992811,11.0,3.0,3.0,1.0
1,"[0.6744999999988405, 0.6745000000011595, 0.0, 0.0]",0.33725,0.33724999999942024,0.33725,0.0,0.6745000000011595,4.0,3.0,1.0,0.33
2,"[1.391978521373215, 1.3909433055328333, 0.6745, 0.6743350480254336, 0.6750460479158059, 0.6753702638658156, 0.6749379759324692, 0.6751313679026505, 0.000403847937731144, 0.0003640319438704978, 0.0005062319219447974, 0.0005460479158057467, 0.0, 0.0015505911392673937, 0.0010075269614593515, 0.0005502097590948449, 0.0, 0.6748358423204867, 0.674507145581287, 0.6745928925567303, 0.6745, 0.6740569739602092, 0.7031466353793677, 0.70321094561095]",0.4840008938973512,0.6745,0.4206475090053636,0.0,1.391978521373215,24.0,2.0,2.0,0.67
