Cluster,Dist,mean,median,std,min,max,bag_count,day_count,Cluster_Rank,Cluster_perc
0,"[1.2141000000000393, 3.5074000000001013, 0.6745, 0.0, 0.5396000000000112, 3.8221666666665577, 0.6744999999999999, 0.0]",1.3040333333333387,0.6744999999999999,1.4134132791854483,0.0,3.8221666666665577,8.0,2.0,3.0,1.0
1,"[0.0, 0.0, 0.0, 0.0, 0.0, 0.0, 0.0]",0.0,0.0,0.0,0.0,0.0,7.0,7.0,1.0,0.33
2,"[1.3489999999999718, 0.5395999999999888, 0.0, 0.6745, 2.158399999999955]",0.944299999999983,0.6745,0.7437872706627718,0.0,2.158399999999955,5.0,1.0,2.0,0.67
