Cluster,Dist,mean,median,std,min,max,bag_count,day_count,Cluster_Rank,Cluster_perc
0,"[0.6745, 0.6745, 0.09307616487455349, 1.2559238351254465, 0.09307616487454946, 3.7846944444444297]",1.09596176821983,0.6745,1.266339236933442,0.09307616487454946,3.7846944444444297,6.0,2.0,2.0,0.67
1,"[0.6745, 28.41504732510289, 0.33586213991769565, 0.0, 1.2351954732510322, 0.1415617283950647, 3.169872427983538]",4.853148442092888,0.6745,9.671055181739277,0.0,28.41504732510289,7.0,1.0,3.0,1.0
2,"[0.6744999999999965, 0.6745000000000034]",0.6745,0.6745,3.4416913763379853e-15,0.6744999999999965,0.6745000000000034,2.0,1.0,1.0,0.33
