Cluster,Dist,mean,median,std,min,max,bag_count,day_count,Cluster_Rank,Cluster_perc
0,"[0.0, 1.587058823529233, 0.6745, 2.3012352941175926, 1.3093235294116403, 0.4761176470587303, 0.23805882352936514, 0.0]",0.8232867647058202,0.5753088235293651,0.7781925520628029,0.0,2.3012352941175926,8.0,2.0,1.0,0.33
1,"[0.6745, 0.0, 12.646875000001684]",4.440458333333894,0.6745,5.809342673241792,0.0,12.646875000001684,3.0,1.0,3.0,1.0
2,"[0.6572051282051016, 0.6917948717948408, 0.6572051282051592, 1.5565384615384923]",0.8906858974358984,0.6745,0.38468942551223484,0.6572051282051016,1.5565384615384923,4.0,1.0,2.0,0.67
