Cluster,Dist,mean,median,std,min,max,bag_count,day_count,Cluster_Rank,Cluster_perc
0,"[0.0, 0.0, 0.0, 0.0, 0.6745000000000003, 0.6744999999999997, 0.0, 0.0]",0.168625,0.0,0.2920670674263019,0.0,0.6745000000000003,8.0,7.0,1.0,0.25
1,"[0.6745, 0.6745, 0.6744999999999999, 0.6745, 0.6745000000000001, 0.6745000000000001]",0.6745000000000001,0.6745,1.199177923332954e-16,0.6744999999999999,0.6745000000000001,6.0,3.0,2.0,0.5
2,"[0.6173321754664549, 0.5390109170305674, 1.1085470424771748, 0.0, 3.168797786820169, 1.9953846764589127, 0.6745]",1.1576532283218968,0.6745,0.9997979096100115,0.0,3.168797786820169,7.0,1.0,3.0,0.75
3,"[0.9234426433915207, 9.756196758104746, 0.42555735660847915, 0.42555735660847915]",2.8826885286783064,0.6744999999999999,3.9736238816891274,0.42555735660847915,9.756196758104746,4.0,1.0,4.0,1.0
