Cluster,Dist,mean,median,std,min,max,bag_count,day_count,Cluster_Rank,Cluster_perc
0,"[0.0, 2.254634849286092, 0.6745, 0.6198251610631204, 0.783388581608767, 0.7291748389368796, 0.6198251610631199]",0.8116212274225684,0.6745,0.6370675577656433,0.0,2.254634849286092,7.0,2.0,2.0,0.5
1,"[0.0, 0.0, 0.0, 0.0]",0.0,0.0,0.0,0.0,0.0,4.0,4.0,1.0,0.25
2,"[0.674709778247752, 0.6742902217522457, 0.674290221752248, 11.525888221938853, 0.1748703703705676, 0.1748703703705676, 1.1741296296294323, 19842.166203671622]",2482.1549065607105,0.6745,6561.468504298675,0.1748703703705676,19842.166203671622,8.0,2.0,3.0,0.75
3,"[1.6737592592590127, 0.07494444444442595, 0.6745, 0.0, 39035.58831480951]",7807.602303702642,0.6745,15613.993017043498,0.0,39035.58831480951,5.0,1.0,4.0,1.0
