Cluster,Dist,mean,median,std,min,max,bag_count,day_count,Cluster_Rank,Cluster_perc
0,"[5.099878048781145, 0.6745, 0.0, 0.37772000000002154, 0.3777199999999856, 1.559443999999972, 0.9712799999999785, 0.6745, 2.4989672131147755, 0.0]",1.223400926189588,0.6745,1.478410995189865,0.0,5.099878048781145,10.0,3.0,3.0,1.0
1,"[0.0, 0.0, 0.6745000000000069, 0.6744999999999931, 0.0, 0.6745000000000216, 0.6744999999999785, 0.6745000000000001, 0.6744999999999999, 0.0, 0.0, 0.0, 0.0]",0.31130769230769234,0.0,0.3362507385443155,0.0,0.6745000000000216,13.0,10.0,1.0,0.33
2,"[0.6745, 0.6745, 0.6744999999999999, 0.6745, 0.6745, 0.6745, 0.6745, 0.6745]",0.6744999999999999,0.6745,1.0385185452638061e-16,0.6744999999999999,0.6745,8.0,4.0,2.0,0.67
