Cluster,Dist,mean,median,std,min,max,bag_count,day_count,Cluster_Rank,Cluster_perc
0,"[0.6745, 0.6745, 0.21461363636368277, 0.2146136363636147, 1.1343863636363172, 4869.511871212166]",812.070747474755,0.6745,1814.5428606723472,0.2146136363636147,4869.511871212166,6.0,2.0,3.0,1.0
1,"[0.6745000000000002, 0.6744999999999998, 0.6745000000008986, 0.6744999999991014]",0.6745,0.6745,6.3541643742755e-13,0.6744999999991014,0.6745000000008986,4.0,2.0,1.0,0.33
2,"[2.7771202512474025, 1.3485970491472228, 0.00040295085277716904, 0.00040295085277656416]",1.0316308005250447,0.6745,1.148266386909853,0.00040295085277656416,2.7771202512474025,4.0,1.0,2.0,0.67
