Cluster,Dist,mean,median,std,min,max,bag_count,day_count,Cluster_Rank,Cluster_perc
0,"[4.003483870967746, 0.0, 0.6745, 0.29977777777777775, 1.0492222222222223, 0.29977777777777775, 1.723722222222472]",1.1500691244239996,0.6745,1.2804039218438887,0.0,4.003483870967746,7.0,2.0,3.0,1.0
1,[0.0],0.0,0.0,0.0,0.0,0.0,1.0,1.0,1.0,0.33
2,"[0.6745, 0.6745]",0.6745,0.6745,0.0,0.6745,0.6745,2.0,1.0,2.0,0.67
