Cluster,Dist,mean,median,std,min,max,bag_count,day_count,Cluster_Rank,Cluster_perc
0,"[0.674269608988764, 0.6745, 0.6743464059925093, 0.0, 1.6326881318352056, 1.6324860344569287, 1.632490076404494, 0.6745, 0.0, 1.0117499999996902, 0.6745, 0.5140606796115725, 0.0, 512.8655703883065, 512.9048616504424, 0.6745, 0.6745]",60.99500135153165,0.6745,165.00772261817988,0.0,512.9048616504424,17.0,4.0,3.0,1.0
1,"[0.0, 0.6745000000006847, 0.6744999999993153]",0.44966666666666666,0.6744999999993153,0.3179623492735509,0.0,0.6745000000006847,3.0,2.0,1.0,0.33
2,"[1.0765704627271926, 1.0761519477858752, 0.2728480522141248, 0.27227160710627196, 0.27227160710627196, 8.673832709924792, 0.20906151084270366, 1.0068735531168542, 2.2626713537793592, 0.21907279296332166, 0.21001400124689207, 0.21049024644898637, 0.21027745603954, 0.20906151084270366, 0.21116914918388643, 1.1755656834245964, 1.0498673487016545, 1.0502827966439068, 0.6894206608528438, 0.6890052129105917, 0.6883263101756916, 0.6883769745588926, 0.6606736898243084, 0.659528674763954, 4.721499999964055, 29.00349999981129, 0.0, 0.6745, 0.6745, 1.729692885996412, 1.7307827423698419, 0.0051162701974853736, 0.004510794434470088, 0.009294052962296812, 0.004631889587072499, 0.004510794434470088, 1.3608975987432705, 1.3598682899461425, 1.3562354353680446, 1.3542979129263928, 1.3587178859964109, 1.3564170780969504, 1.3570225538599658, 0.6611492594254934, 0.6656297800718133, 0.6638133527827658, 0.6721689183123887, 0.6759228680430877, 0.6730771319569124]",1.5473763838463725,0.6745,4.18752111477223,0.0,29.00349999981129,49.0,4.0,2.0,0.67
