Cluster,Dist,mean,median,std,min,max,bag_count,day_count,Cluster_Rank,Cluster_perc
0,"[1.927142857144691, 0.0, 0.6745, 0.0]",0.6504107142861727,0.33725,0.7868756974279364,0.0,1.927142857144691,4.0,2.0,2.0,0.67
1,"[0.6745, 0.6745]",0.6745,0.6745,0.0,0.6745,0.6745,2.0,1.0,3.0,1.0
2,[0.0],0.0,0.0,0.0,0.0,0.0,1.0,1.0,1.0,0.33
