Cluster,Dist,mean,median,std,min,max,bag_count,day_count,Cluster_Rank,Cluster_perc
0,"[0.0, 0.0, 0.0, 0.0, 0.0, 0.0, 0.0, 0.0, 0.0]",0.0,0.0,0.0,0.0,0.0,9.0,9.0,1.0,0.33
1,"[0.0, 0.6745, 35.948846534655054]",12.207782178218352,0.6745,16.789725829503627,0.0,35.948846534655054,3.0,1.0,3.0,1.0
2,"[0.6745, 0.6745]",0.6745,0.6745,0.0,0.6745,0.6745,2.0,1.0,2.0,0.67
