Cluster,Dist,mean,median,std,min,max,bag_count,day_count,Cluster_Rank,Cluster_perc
0,"[1.2526428571428687, 4.3360714285713735, 0.6745, 0.4817857142857372, 0.09635714285713139, 2.02349999999996, 0.0, 1.1933461538461605, 0.9339230769230694, 0.6745, 0.0, 0.5188461538461605, 3.7097500000000347, 1.236583333333345, 0.11241666666665495, 0.11241666666665495]",1.0847899496336968,0.6745,1.241730743559408,0.0,4.3360714285713735,16.0,3.0,3.0,0.75
1,"[0.0, 0.6745000000000066, 0.6744999999999933, 0.0, 0.0, 0.0, 0.0, 0.0, 0.0, 1.9560499999999803, 0.6745, 0.0]",0.33162916666666503,0.0,0.5679823575819061,0.0,1.9560499999999803,12.0,9.0,1.0,0.25
2,"[0.6745, 0.6745, 0.6744999999999999, 0.6744999999999999, 0.6745, 0.6745, 0.6744999999999999, 0.6744999999999999]",0.6744999999999999,0.6744999999999999,7.850462293418876e-17,0.6744999999999999,0.6745,8.0,4.0,2.0,0.5
3,"[6.0705, 0.0, 0.6745, 0.6745, 0.0, 5.171166666666916, 16.187999999998457, 0.0, 0.6745]",3.27257407407393,0.6745,5.062064357790204,0.0,16.187999999998457,9.0,3.0,4.0,1.0
