Cluster,Dist,mean,median,std,min,max,bag_count,day_count,Cluster_Rank,Cluster_perc
0,"[0.6745000000000869, 0.6744999999999131, 0.6744999999997935, 0.6745000000002065, 0.0, 0.0, 0.0]",0.3854285714285714,0.6744999999997935,0.3337909342014879,0.0,0.6745000000002065,7.0,5.0,1.0,0.33
1,"[0.9438473154362362, 0.40515268456376374, 0.007695637583858003, 0.007695637583954498, 442.05688825499914, 436.31322651003313]",146.6224176733667,0.6745,206.87990840496792,0.007695637583858003,442.05688825499914,6.0,1.0,3.0,1.0
2,"[0.6745, 4.426531021984455, 0.0]",1.7003436739948183,0.6745,1.9472734193831256,0.0,4.426531021984455,3.0,1.0,2.0,0.67
