Cluster,Dist,mean,median,std,min,max,bag_count,day_count,Cluster_Rank,Cluster_perc
0,"[0.0, 0.0, 0.0, 0.0]",0.0,0.0,0.0,0.0,0.0,4.0,4.0,1.0,0.33
1,"[0.6745, 0.6745]",0.6745,0.6745,0.0,0.6745,0.6745,2.0,1.0,2.0,0.67
2,"[0.0, 1.5002897196261586, 0.592551401869206, 7.375373831776166, 0.9455607476635766, 0.0, 0.6681962616822853, 0.6808037383177147]",1.4703469626168884,0.6745,2.2777957860359135,0.0,7.375373831776166,8.0,1.0,3.0,1.0
