Cluster,Dist,mean,median,std,min,max,bag_count,day_count,Cluster_Rank,Cluster_perc
0,"[0.0, 0.6745, 5.4421986301370895, 0.6745, 0.6745]",1.493139726027418,0.6745,1.9917351968903823,0.0,5.4421986301370895,5.0,2.0,2.0,0.67
1,"[0.674500000000066, 0.6744999999999339, 0.0]",0.44966666666666666,0.6744999999999339,0.3179623492735509,0.0,0.674500000000066,3.0,2.0,1.0,0.33
2,"[0.2221407185628768, 13.057835329341325, 0.22214071856286335, 1.1268592814371232]",3.657244011976047,0.6745,5.439986977776328,0.22214071856286335,13.057835329341325,4.0,1.0,3.0,1.0
