Cluster,Dist,mean,median,std,min,max,bag_count,day_count,Cluster_Rank,Cluster_perc
0,"[0.0, 2964.2347857136715, 0.6745, 0.0, 0.6745, 1.0072533333333635, 2.226285290408724, 0.0, 0.6745]",329.9435360374904,0.6745,931.3628346457854,0.0,2964.2347857136715,9.0,3.0,5.0,1.0
1,"[0.602290754257884, 0.602290754257906, 0.746709245742094, 0.8681520681264846, 2.342520270270302, 1.2213918918919033, 0.12760810810809664, 0.12760810810809664]",0.8298214000953459,0.6745,0.6651794491587302,0.12760810810809664,2.342520270270302,8.0,2.0,4.0,0.8
2,"[0.6745, 0.6745, 0.6745, 0.6745]",0.6745,0.6745,0.0,0.6745,0.6745,4.0,2.0,2.0,0.4
3,"[0.6745, 0.0, 1.5794192546584496, 0.0, 0.0, 0.6744999999999564, 0.6745000000000436, 0.0, 1.0394283074038768, 0.6745, 0.0, 0.0, 0.0, 0.0, 0.6744999999999376, 0.6745000000000624]",0.41661547262889537,0.3372499999999688,0.46954650033819695,0.0,1.5794192546584496,16.0,10.0,1.0,0.2
4,"[0.0, 0.6745, 0.6162098765432147, 0.46632098765433805, 1.1324938271605671, 1.373981481481535, 1.5238703703704115]",0.826768077601438,0.6745,0.5014052014367388,0.0,1.5238703703704115,7.0,1.0,3.0,0.6
