Cluster,Dist,mean,median,std,min,max,bag_count,day_count,Cluster_Rank,Cluster_perc
0,"[11.654534684209036, 0.6101371569710284, 0.7388628430289715, 0.9752201433813563, 0.6101371569710284, 0.6101371569710284, 2150.474624997369, 2149.361699997369, 0.6070500000032351, 0.6745, 0.0]",392.3924458305704,0.6745,828.5115870475541,0.0,2150.474624997369,11.0,2.0,3.0,1.0
1,"[0.0, 0.6744999999964055, 0.6745000000035944, 0.0, 0.0]",0.2698,0.0,0.33043616630145073,0.0,0.6745000000035944,5.0,4.0,1.0,0.33
2,"[521.1957857141783, 0.6745, 0.0, 4.7120352346775125e-05, 0.0, 2.401191042401649, 0.6745, 0.6745792478653105]",65.70257539059969,0.6745,172.16182446271523,0.0,521.1957857141783,8.0,2.0,2.0,0.67
