Cluster,Dist,mean,median,std,min,max,bag_count,day_count,Cluster_Rank,Cluster_perc
0,"[0.0, 0.6744999999999999, 0.6745000000000002, 0.0, 0.0]",0.26980000000000004,0.0,0.33043616630145073,0.0,0.6745000000000002,5.0,4.0,1.0,0.25
1,"[0.6745, 0.6745, 0.6745, 0.6745]",0.6745,0.6745,0.0,0.6745,0.6745,4.0,2.0,2.0,0.5
2,"[304.4406799761497, 0.0, 0.6745, 0.0, 2.4011593442185677, 0.6745]",51.36513988672805,0.6745,113.18166629916841,0.0,304.4406799761497,6.0,2.0,4.0,1.0
3,"[0.8037629682997119, 1.1021368876080693, 0.6745, 0.9155317002881843, 1.0185533141210374, 0.38584510086455315, 1.0467384726224784, 0.7454488472622479, 0.47040057636887617, 0.09135878962535984, 0.04373559077809761, 0.13606628242074922, 0.08261167146974083, 1.0127219020172904, 1.1468443804034578, 0.8008472622478384, 0.19146469740634037, 0.0728926512968296, 0.11176873198847243, 0.10399351585014435, 0.0, 0.0806678674351585, 192.6319517291066, 192.5969632564841, 350.1704654178673]",29.857490864553306,0.6745,83.55658498579506,0.0,350.1704654178673,25.0,1.0,3.0,0.75
