Cluster,Dist,mean,median,std,min,max,bag_count,day_count,Cluster_Rank,Cluster_perc
0,"[1.1104208978060148, 1.1102731280101483, 0.0, 0.0015944837650750025, 0.6745, 0.6745, 0.6745]",0.6065412156544626,0.6745,0.42348023354631315,0.0,1.1104208978060148,7.0,2.0,2.0,0.67
1,"[0.0, 0.0, 0.6745000000011595, 0.6744999999988405, 0.6744999999997546, 0.6745000000002453, 0.0]",0.3854285714285714,0.6744999999988405,0.3337909342014879,0.0,0.6745000000011595,7.0,5.0,1.0,0.33
2,"[732.0305602165089, 0.5969188092016238, 0.10222462787550739, 0.7520811907983761, 0.8050189445196209, 0.10222462787550758]",122.39817140279659,0.6744999999999999,272.63603876714404,0.10222462787550739,732.0305602165089,6.0,1.0,3.0,1.0
