Cluster,Dist,mean,median,std,min,max,bag_count,day_count,Cluster_Rank,Cluster_perc
0,"[0.0, 0.0, 0.0]",0.0,0.0,0.0,0.0,0.0,3.0,3.0,1.0,0.33
1,"[0.6741078545369978, 0.6748921454630019, 1.113859776747431, 0.674107854536998]",0.7842419078211071,0.6744999999999999,0.19030523470787614,0.6741078545369978,1.113859776747431,4.0,1.0,3.0,1.0
2,"[0.6746441571662383, 0.6743558428337614, 0.6749248842794388, 0.6743558428337618]",0.6745701817783001,0.6745000000000001,0.0002362036137670082,0.6743558428337614,0.6749248842794388,4.0,1.0,2.0,0.67
