Cluster,Dist,mean,median,std,min,max,bag_count,day_count,Cluster_Rank,Cluster_perc
0,"[0.0, 0.67449999999997, 0.67450000000003, 0.0, 0.0, 0.0, 0.6745000000000001, 0.6744999999999999]",0.33725,0.337249999999985,0.33725,0.0,0.67450000000003,8.0,6.0,2.0,0.67
1,"[0.26980000000047927, 0.26980000000047927, 6.834933333331496, 1.0791999999995208]",2.1134333333329938,0.6745,2.745913717385956,0.26980000000047927,6.834933333331496,4.0,1.0,3.0,1.0
2,[0.0],0.0,0.0,0.0,0.0,0.0,1.0,1.0,1.0,0.33
