Cluster,Dist,mean,median,std,min,max,bag_count,day_count,Cluster_Rank,Cluster_perc
0,"[0.0, 0.6745000000000002, 0.6744999999999998, 0.0, 0.0, 0.0, 0.0]",0.1927142857142857,0.0,0.304708040254796,0.0,0.6745000000000002,7.0,6.0,1.0,0.33
1,"[3.146791773289629, 0.6745, 0.0, 0.7686162790697674, 0.5803837209302326, 0.4235232558139535, 0.423523255814058, 1.1921395348839299, 1.1137093023257902, 0.0, 0.6923174234712876, 0.6745]",0.8075003787998875,0.6745,0.7860621934291846,0.0,3.146791773289629,12.0,3.0,3.0,1.0
2,"[2.894455064872474, 0.16904203393914793, 0.04661370121881612, 0.0, 6.41590675611906e-05, 0.6745, 0.6746668135756592, 0.6748464589648306, 0.6750132725404897]",0.6454668337976642,0.6745,0.8485384488041381,0.0,2.894455064872474,9.0,1.0,2.0,0.67
