Cluster,Dist,mean,median,std,min,max,bag_count,day_count,Cluster_Rank,Cluster_perc
0,"[0.0, 0.0, 0.0, 0.0, 0.0, 0.0]",0.0,0.0,0.0,0.0,0.0,6.0,6.0,1.0,0.33
1,"[0.0, 0.6745, 228.28998882681535]",76.32149627560511,0.6745,107.45830442169319,0.0,228.28998882681535,3.0,1.0,3.0,1.0
2,"[0.0, 0.6737013025458859, 0.6745, 5.520939101750826, 5.0779472638078325]",2.3894175336209087,0.6745,2.3928460010803687,0.0,5.520939101750826,5.0,1.0,2.0,0.67
