Cluster,Dist,mean,median,std,min,max,bag_count,day_count,Cluster_Rank,Cluster_perc
0,"[0.8634355742296869, 1.4888123249300094, 1.1430602240896677, 0.48556442577031317, 0.3249691876750649, 0.32496918767507743, 5.137397233201555, 4.172302371541543, 0.02399407114626029, 0.8504565217391652, 0.4985434782608348, 0.023994071146224774, 3.148555335968421, 0.2532707509882044]",1.338523197025859,0.6745,1.5671655303128638,0.023994071146224774,5.137397233201555,14.0,2.0,3.0,0.75
1,"[0.0, 0.0, 0.0, 1.2275466237941437, 0.6745, 0.0, 0.0, 0.0]",0.23775582797426797,0.0,0.4343958870809212,0.0,1.2275466237941437,8.0,6.0,1.0,0.25
2,"[0.0, 0.7857577319589558, 0.6745, 3.5881831395346935, 0.6745, 0.0, 81.86743750000844, 0.0, 0.6745]",9.807208707944675,0.6745,25.49837154550438,0.0,81.86743750000844,9.0,3.0,4.0,1.0
3,"[1.0708751753155628, 0.6536879382889256, 0.6953120617110744, 0.6536879382889194]",0.7683907784011206,0.6745,0.1754642358640122,0.6536879382889194,1.0708751753155628,4.0,1.0,2.0,0.5
