Cluster,Dist,mean,median,std,min,max,bag_count,day_count,Cluster_Rank,Cluster_perc
0,"[0.0, 0.0, 0.0]",0.0,0.0,0.0,0.0,0.0,3.0,3.0,1.5,0.5
1,"[0.6867092722571114, 0.35033136313261515, 0.7734200221647548, 0.4749157739194562, 0.6622907277428886, 0.5999985223494614, 0.4918592537864724, 1.4107938677502634, 1.036542297746576, 0.7644499445881029, 90.06157222016944, 0.35033136313262175]",8.138601219061647,0.6745,24.702353609457177,0.35033136313261515,90.06157222016944,12.0,1.0,3.0,1.0
2,[0.0],0.0,0.0,0.0,0.0,0.0,1.0,1.0,1.5,0.5
