Cluster,Dist,mean,median,std,min,max,bag_count,day_count,Cluster_Rank,Cluster_perc
0,"[0.0, 0.6744999999999276, 0.6745000000000725]",0.4496666666666667,0.6744999999999276,0.3179623492735509,0.0,0.6745000000000725,3.0,2.0,2.0,0.67
1,"[0.0, 1.9008636363638405, 1.4409772727272725, 0.3679090909092952, 1.4103181818181818, 0.06131818181818181, 2.176795454545863, 0.6744999999999999, 0.0]",0.8925202020202927,0.6744999999999999,0.8056653812520058,0.0,2.176795454545863,9.0,1.0,3.0,1.0
2,[0.0],0.0,0.0,0.0,0.0,0.0,1.0,1.0,1.0,0.33
