Cluster,Dist,mean,median,std,min,max,bag_count,day_count,Cluster_Rank,Cluster_perc
0,"[0.0, 0.6744999999999999, 1.5738333333332555, 0.0, 0.0, 1.5738333333334111, 0.6745, 0.0, 0.0, 0.0, 0.0, 0.0, 0.6744999999999719, 0.6745000000000281, 0.0, 0.6745000000000155, 0.6744999999999844, 0.0]",0.39970370370370367,0.0,0.5168209075493267,0.0,1.5738333333334111,18.0,12.0,1.0,0.25
1,"[8.768500000000984, 0.0, 0.6745, 5.845666666666917, 0.6745, 0.0, 0.0, 0.6744999999999999, 3.8221666666665577, 0.0, 0.6745, 0.9443000000000337]",1.8398861111112075,0.6745,2.704266717048818,0.0,8.768500000000984,12.0,4.0,4.0,1.0
2,"[0.6745, 0.6745, 0.6745, 0.6745]",0.6745,0.6745,0.0,0.6745,0.6745,4.0,2.0,2.0,0.5
3,"[1.0117499999999648, 0.6745, 0.6745, 1.686250000000035, 0.0, 2.0235, 0.6745, 0.0, 0.22483333333333333, 1.0117500000000117]",0.7981583333333344,0.6745,0.6348307620605184,0.0,2.0235,10.0,2.0,3.0,0.75
