Cluster,Dist,mean,median,std,min,max,bag_count,day_count,Cluster_Rank,Cluster_perc
0,"[0.0, 0.0]",0.0,0.0,0.0,0.0,0.0,2.0,2.0,1.0,0.33
1,"[0.6745, 0.6745]",0.6745,0.6745,0.0,0.6745,0.6745,2.0,1.0,2.0,0.67
2,"[0.693771428571491, 0.6552285714285091, 0.7708571428570695, 1.6958857142858095, 0.05781428571428021, 0.6359571428570823, 0.05781428571428021, 0.9250285714286116, 0.36615714285710804, 0.5781428571428021, 1.9849571428572108, 1.0021142857143188, 2.254757142857185, 0.25052857142867596]",0.8520724489796024,0.6745000000000001,0.6569743816746839,0.05781428571428021,2.254757142857185,14.0,1.0,3.0,1.0
