Cluster,Dist,mean,median,std,min,max,bag_count,day_count,Cluster_Rank,Cluster_perc
0,"[0.8891136363628938, 2.054159090908051, 0.5518636363633022, 0.0, 0.6745, 2.3401020408161917, 0.0, 0.6745]",0.8980298005563049,0.6745,0.8100126528488072,0.0,2.3401020408161917,8.0,2.0,3.0,1.0
1,"[0.0, 0.0, 0.0, 0.0]",0.0,0.0,0.0,0.0,0.0,4.0,4.0,1.0,0.33
2,"[0.6745, 0.6745, 0.6745, 0.6745]",0.6745,0.6745,0.0,0.6745,0.6745,4.0,2.0,2.0,0.67
