Cluster,Dist,mean,median,std,min,max,bag_count,day_count,Cluster_Rank,Cluster_perc
0,"[1.2889417808219092, 0.060058219178075335, 11.193928082191736, 0.06005821917809073, 0.864301162790698, 0.2274476744186061, 0.48469883720930196, 6.997545348837218, 2.4329058139534907, 0.2274476744186061]",2.383733281299773,0.6745,3.5513497884584857,0.060058219178075335,11.193928082191736,10.0,2.0,3.0,1.0
1,[0.0],0.0,0.0,0.0,0.0,0.0,1.0,1.0,1.0,0.33
2,"[0.6745, 0.6745]",0.6745,0.6745,0.0,0.6745,0.6745,2.0,1.0,2.0,0.67
