Cluster,Dist,mean,median,std,min,max,bag_count,day_count,Cluster_Rank,Cluster_perc
0,"[0.6745000000000176, 0.6744999999999823, 0.0, 0.0, 0.674500000000084, 0.674499999999916]",0.4496666666666666,0.6744999999999491,0.3179623492735509,0.0,0.674500000000084,6.0,4.0,2.0,0.67
1,"[0.2207454545454278, 0.6745, 0.7603454545455258, 0.4414909090908556, 1.7169090909090463, 0.2820636363635205, 0.0, 1.1895727272728283, 2.1093454545453625, 0.28206363636368387, 0.5518636363636511, 1.483899999999902, 0.6254454545454605, 0.012263636363553185, 1.7537000000000327, 0.12263636363634878, 1.312209090909177, 2.0725545454545395, 0.8829818181818747]",0.8681363636363573,0.6745,0.6772180944407937,0.0,2.1093454545453625,19.0,1.0,3.0,1.0
2,[0.0],0.0,0.0,0.0,0.0,0.0,1.0,1.0,1.0,0.33
