Cluster,Dist,mean,median,std,min,max,bag_count,day_count,Cluster_Rank,Cluster_perc
0,"[0.6745, 0.0, 37.02255555564475, 38.22054250000082, 0.6745, 0.0]",12.765349675940927,0.6745,17.581545605505887,0.0,38.22054250000082,6.0,2.0,3.0,1.0
1,"[0.0, 0.0, 0.6744999999999998, 0.6745000000000002, 0.0]",0.2698,0.0,0.33043616630145073,0.0,0.6745000000000002,5.0,4.0,1.0,0.33
2,"[0.6744999999999314, 0.6745000000000686]",0.6745,0.6745,6.861178292183467e-14,0.6744999999999314,0.6745000000000686,2.0,1.0,2.0,0.67
