Cluster,Dist,mean,median,std,min,max,bag_count,day_count,Cluster_Rank,Cluster_perc
0,"[0.6745, 0.6745, 0.6745, 0.6745]",0.6745,0.6745,0.0,0.6745,0.6745,4.0,2.0,2.0,0.67
1,"[0.3237600000000312, 1.0881933333333564, 0.6745, 0.0, 0.6745, 0.0, 0.8672142857143315, 0.8672142857143315, 0.6745, 0.32761428571425455, 0.0, 1.7500540540540788, 2.2604864864865255, 0.12760810810809664, 0.6745]",0.6873429892750005,0.6745,0.6230251480521537,0.0,2.2604864864865255,15.0,3.0,3.0,1.0
2,"[0.0, 0.0, 0.0, 0.6745000000000899, 0.6744999999999102, 0.0, 0.674500000000021, 0.674499999999979, 0.0, 1.3980545454545397, 0.6745]",0.43368677685950363,0.6744999999999102,0.4431684819585052,0.0,1.3980545454545397,11.0,7.0,1.0,0.33
