Cluster,Dist,mean,median,std,min,max,bag_count,day_count,Cluster_Rank,Cluster_perc
0,"[0.0010589270246861415, 0.0097494315721098, 0.0010589270246861415, 3.6527505142919154, 1.3392505684278901, 3.4539643514508596, 0.6745, 0.6745, 46.75445430107706, 46.84632168458963, 0.0, 0.6745, 0.19824014336916143]",8.021565296063692,0.6745,16.57740705419156,0.0,46.84632168458963,13.0,3.0,4.0,0.8
1,"[0.6744999999998885, 0.6745000000001115, 1.0884112068192022, 0.6745, 0.0, 0.6745, 1.2421637801635135, 0.0, 0.0]",0.5587305541091906,0.6745,0.4394178374753064,0.0,1.2421637801635135,9.0,4.0,1.0,0.2
2,"[11.682598462449455, 0.6122862719570411, 0.7366261878399261, 0.7371514290581237, 0.6122862719570411, 0.6123738121600739]",2.4988870725702768,0.6745,4.107458424206728,0.6122862719570411,11.682598462449455,6.0,1.0,3.0,0.6
3,"[559.9751558441694, 0.0, 0.6745, 0.0, 0.6745, 0.8942068403908665]",93.70306044742671,0.6745,208.5235012517736,0.0,559.9751558441694,6.0,2.0,5.0,1.0
4,"[0.9115326460481104, 0.0, 0.0052579037800677434, 0.006514432989690492, 3.133625257731959, 2.077530756013745, 0.6745]",0.972708713794796,0.6745,1.1211293861251348,0.0,3.133625257731959,7.0,1.0,2.0,0.4
