Cluster,Dist,mean,median,std,min,max,bag_count,day_count,Cluster_Rank,Cluster_perc
0,"[0.0, 0.0]",0.0,0.0,0.0,0.0,0.0,2.0,2.0,1.0,0.33
1,"[0.0, 19.22325000000225, 0.6745]",6.6325833333340825,0.6745,8.907203186031017,0.0,19.22325000000225,3.0,1.0,3.0,1.0
2,"[0.0, 1.4117441860463973, 0.6745]",0.6954147286821324,0.6745,0.5765318615744994,0.0,1.4117441860463973,3.0,1.0,2.0,0.67
