Cluster,Dist,mean,median,std,min,max,bag_count,day_count,Cluster_Rank,Cluster_perc
0,"[0.0, 0.6745, 1.0301454545454931, 0.0, 0.0, 0.0]",0.28410757575758216,0.0,0.41469812713660337,0.0,1.0301454545454931,6.0,4.0,1.0,0.33
1,"[0.6744999999999999, 0.6744999999999999, 0.6745, 0.6745]",0.6745,0.6744999999999999,7.850462293418876e-17,0.6744999999999999,0.6745,4.0,2.0,2.5,0.83
2,"[0.6744999999997696, 0.6745000000002304]",0.6745,0.6745,2.3037127760972e-13,0.6744999999997696,0.6745000000002304,2.0,1.0,2.5,0.83
