Cluster,Dist,mean,median,std,min,max,bag_count,day_count,Cluster_Rank,Cluster_perc
0,"[0.0, 0.6744999999998904, 0.6745000000001096, 0.0]",0.33725,0.3372499999999452,0.33725,0.0,0.6745000000001096,4.0,3.0,1.0,0.33
1,"[0.07183119490680467, 0.0, 0.6745, 0.6875450731323579, 2.5091662423353562]",0.7886085020749037,0.6745,0.907659251272363,0.0,2.5091662423353562,5.0,1.0,2.0,0.67
2,"[0.48076063829788607, 0.868239361702114, 1.3705265957447272, 0.48076063829788607]",0.8000718085106534,0.6745000000000001,0.3653712928076304,0.48076063829788607,1.3705265957447272,4.0,1.0,3.0,1.0
