Cluster,Dist,mean,median,std,min,max,bag_count,day_count,Cluster_Rank,Cluster_perc
0,"[695.5097635134647, 0.6745, 0.0, 836.1221029409406, 0.6745, 0.0, 280.48761309521564, 0.0, 0.6745]",201.57144217218013,0.6745,315.49418931525065,0.0,836.1221029409406,9.0,3.0,3.0,1.0
1,[0.0],0.0,0.0,0.0,0.0,0.0,1.0,1.0,1.5,0.5
2,[0.0],0.0,0.0,0.0,0.0,0.0,1.0,1.0,1.5,0.5
