Cluster,Dist,mean,median,std,min,max,bag_count,day_count,Cluster_Rank,Cluster_perc
0,"[0.0, 0.0, 0.6745000000001449, 0.674499999999855, 0.0, 0.0]",0.2248333333333333,0.0,0.3179623492735508,0.0,0.6745000000001449,6.0,5.0,1.0,0.33
1,"[0.7119722222222222, 0.0, 3.484916666667166, 0.11241666666666666, 1.0866944444446942, 1.9485555555555554, 0.6745, 0.562083333333583, 0.2997777777780274, 1.1991111111113608, 0.11241666666666666, 0.4121944444444444, 0.9368055555555557, 1.3490000000002496, 0.41219444444469405, 0.44966666666666666, 0.5246111111113607, 2.1733888888891384, 1.1616388888888889]",0.9269444444445757,0.6745,0.8340005208795136,0.0,3.484916666667166,19.0,1.0,3.0,1.0
2,"[0.5641272727272044, 0.6745, 1.459372727272714, 1.4225818181818093, 0.0]",0.8241163636363457,0.6745,0.5533278797056097,0.0,1.459372727272714,5.0,1.0,2.0,0.67
