Cluster,Dist,mean,median,std,min,max,bag_count,day_count,Cluster_Rank,Cluster_perc
0,"[0.6745, 3990.90196226459, 0.0, 0.8083702290076543, 1.75575954198476, 0.6745, 0.4428015267175465, 0.0, 0.6744999999999999, 4.4149090909097035, 0.0, 1.8006217391304213, 2.1583999999999843, 2.9208782608695785, 2.2405130434782357, 0.046921739130429345, 0.0, 0.11730434782611243, 0.6334434782608352, 0.6745]",200.54699426309526,0.6745,869.5678135507577,0.0,3990.90196226459,20.0,4.0,5.0,1.0
1,"[0.0, 0.0, 0.0, 0.0, 0.6744999999999168, 0.6745000000000831, 0.674500000000023, 0.6744999999999771, 1.8778079999999795, 0.0, 0.6745, 0.0]",0.437525666666665,0.3372499999999584,0.5403524796339428,0.0,1.8778079999999795,12.0,8.0,1.0,0.2
2,"[0.6744999999997572, 0.6380405405403042, 0.5286621621619455, 1.294310810810942, 3.11728378378383, 9.679986486485593, 0.6745000000002429, 0.5286621621621884]",2.1419932432431006,0.6745000000000001,2.963648937630589,0.5286621621619455,9.679986486485593,8.0,1.0,3.0,0.6
3,"[0.8662360406091404, 0.0, 0.7840634517766615, 0.6368375634517804, 1.9892614213198232, 0.5101548223350193, 0.03423857868019957, 0.047934010152279403, 0.2978756345177819, 0.33553807106597866, 2.9000076142132234, 0.6745, 1.8249162436548425, 0.1335304568527783, 0.968951776649762, 0.14380203045686102, 1.4380203045685418, 0.5067309644669993, 1.561279187817283, 1.626332487309662, 0.9073223350254027, 0.17119289340102067, 829.8678223350327]",36.87941514014599,0.6745,169.0672787216,0.0,829.8678223350327,23.0,1.0,4.0,0.8
4,"[0.6745, 0.6745, 0.6745, 0.6745, 0.6745, 0.6745]",0.6745,0.6745,0.0,0.6745,0.6745,6.0,3.0,2.0,0.4
