Cluster,Dist,mean,median,std,min,max,bag_count,day_count,Cluster_Rank,Cluster_perc
0,"[0.6745, 0.6745, 0.6745, 0.6745, 0.0, 0.6744999999999999, 38.562738833333334, 0.0, 0.0003365986193383824, 4.141384746185625, 4.1382556256873295, 0.6729977728285077, 0.6745, 0.674686999232966, 0.6745, 0.6745, 0.6745, 0.6745, 0.6744999999999999, 0.6744999999999999]",2.8142200287943555,0.6745,8.274454356090391,0.0,38.562738833333334,20.0,7.0,2.0,0.67
1,"[0.0, 0.0, 0.0, 0.0, 0.6745, 1.0589649999997628, 0.0]",0.24763785714282324,0.0,0.4048078138701786,0.0,1.0589649999997628,7.0,5.0,1.0,0.33
2,"[0.00933721295115031, 0.00357041699246901, 0.0028348208774025352, 0.0003782074365200028, 0.0003782074365200028, 4.336967130849006, 4.341575015947157, 4.341831780628833, 4.343906716840198, 4.342754745565661, 0.07585314467673565, 0.07381984598131626, 0.6749892408123789, 0.6749198449524673, 0.6749614824684143, 0.6740801550475327, 0.6232407480760526, 0.6166342622124368, 0.6168771477221284, 0.6172588249516442, 3.742667926149224, 3.7422931885056996, 3.744298728857154, 3.7442501517552156, 1896.1747420639015, 3.6883373015878695, 0.6477341269840885, 0.25159920634905464, 0.7012658730159116, 0.25159920634905464, 0.6817657091561804, 0.2191822262117449, 0.6672342908438196, 0.06660233393195533, 1.4083366247765492, 1.3211481149021258, 0.0666023339316972, 589.0322522444487]",66.76837054221274,0.6745,315.11092682579283,0.0003782074365200028,1896.1747420639015,38.0,3.0,3.0,1.0
