Cluster,Dist,mean,median,std,min,max,bag_count,day_count,Cluster_Rank,Cluster_perc
0,"[0.0, 0.0, 0.0, 0.6745000000001953, 0.6744999999998047, 0.0]",0.22483333333333333,0.0,0.3179623492735509,0.0,0.6745000000001953,6.0,5.0,1.0,0.33
1,"[0.6745, 0.6745, 2.1108468421809534e-06, 2.110846842405931e-06, 1.5296779354697376, 1.5294626290918196, 0.6743965685047255, 0.6746034314952746, 0.6745, 0.6745]",0.7106144786255243,0.6745,0.48571006466144223,2.1108468421809534e-06,1.5296779354697376,10.0,3.0,2.0,0.67
2,"[47536.11388459626, 0.6745, 0.6745, 0.6745]",11884.534346149067,0.6745,20583.449043557845,0.6745,47536.11388459626,4.0,1.0,3.0,1.0
