Cluster,Dist,mean,median,std,min,max,bag_count,day_count,Cluster_Rank,Cluster_perc
0,"[1.0940319579248403, 1.0978766931431978, 0.6761250942675534, 0.6750020616436344, 0.6745000000000001, 0.6742753934752161, 0.4452692232353601, 0.0011362447724353763, 0.0, 0.2612826205894124, 0.6165846841035102, 0.6200215987130596, 0.6205393390548822, 0.6149323213104579, 2.572034876409632, 0.7284606609451177, 1.7743071671797555, 1.7775127509982773, 1.6376457484423612, 1.6379762210009718, 1.645522011089245, 1.6258699096038742, 0.2637611647789906, 0.2658211103943296, 0.2660634569373105, 0.26128262058941176, 4.103026114436433, 2.7326060924236475, 2.7333635152453346, 2.734339178541068, 2.73328220997069, 2.7310655714303853, 8.558449962624747e-06, 0.0, 0.12724275481848982, 0.12460247300503755, 0.12538985040159378, 0.6591333030922082, 0.6745, 0.6742218503762168, 0.02178125515473723, 0.02082698798391084, 0.02179409282968128, 0.02315916559871092, 1.4097307609343879, 1.4128802705206132, 1.4081132138914623, 1.4157987019578486, 1.4180538535229856, 1.4181822302724245, 1.4183320031467692, 0.16340648513532388, 0.16118556737003725, 0.16027837167400494, 0.16382584918348975, 0.8447318489804726, 0.8434052892362746, 0.8430929058126407]",0.9629171595862013,0.6745000000000001,0.9145204337417714,0.0,4.103026114436433,58.0,3.0,4.0,1.0
1,"[0.6744999999999343, 0.6745000000000657, 1.0729093264248484, 0.6745, 0.0, 0.674499999995892, 0.6745000000041079]",0.6350584752035499,0.6745,0.2934501184758465,0.0,1.0729093264248484,7.0,3.0,1.0,0.25
2,"[0.6733098090568, 0.6756901909431999, 0.3685006556707157, 0.36850065567071516, 1.1249985474943338, 1.1251990007058201, 0.6745, 0.6745, 0.6745, 0.6745]",0.7034198859541585,0.6745,0.24186545083260252,0.36850065567071516,1.1251990007058201,10.0,3.0,2.0,0.5
3,"[0.38343669250660584, 0.38343669250623436, 0.9655633074933941, 2.091472868217276]",0.9559773901808776,0.6745,0.6973248115905062,0.38343669250623436,2.091472868217276,4.0,1.0,3.0,0.75
