Cluster,Dist,mean,median,std,min,max,bag_count,day_count,Cluster_Rank,Cluster_perc
0,"[0.7020436847103442, 0.6469563152896559, 0.6469563152896473, 1.2413874643874758, 0.6745, 0.6745]",0.7643906299461872,0.6745,0.21414769392065083,0.6469563152896473,1.2413874643874758,6.0,2.0,2.0,0.67
1,"[0.0, 0.0, 0.6744999999999891, 0.674500000000011, 0.0, 0.0, 0.0, 0.0, 0.0, 0.6744999999998337, 0.6745000000001664]",0.2452727272727273,0.0,0.324465319875103,0.0,0.6745000000001664,11.0,9.0,1.0,0.33
2,"[11.936606060604877, 0.5927424242423045, 11.895727272726234, 0.6745, 0.0]",5.019915151514683,0.6745,5.635591269469692,0.0,11.936606060604877,5.0,1.0,3.0,1.0
