Cluster,Dist,mean,median,std,min,max,bag_count,day_count,Cluster_Rank,Cluster_perc
0,"[6.520166666667415, 0.33725, 0.0, 8.094000000000749, 0.6745, 1.0252399999999533, 0.36422999999999645, 0.6475200000000035, 0.6745, 0.0, 1.079199999999991, 0.9847700000000036]",1.7001147222223425,0.6745,2.5511741396989978,0.0,8.094000000000749,12.0,2.0,4.0,1.0
1,"[0.6745, 0.6745, 0.6745, 0.6745]",0.6745,0.6745,0.0,0.6745,0.6745,4.0,2.0,2.0,0.5
2,"[0.4879361702127721, 1.6360212765957107, 0.4879361702127721, 0.861063829787228]",0.8682393617021208,0.6745,0.46872209037176227,0.4879361702127721,1.6360212765957107,4.0,1.0,3.0,0.75
3,"[0.674499999999925, 0.6745000000000748]",0.6744999999999999,0.6744999999999999,7.488456358589031e-14,0.674499999999925,0.6745000000000748,2.0,1.0,1.0,0.25
