Cluster,Dist,mean,median,std,min,max,bag_count,day_count,Cluster_Rank,Cluster_perc
0,"[0.0, 0.0, 0.0]",0.0,0.0,0.0,0.0,0.0,3.0,3.0,1.5,0.5
1,"[0.6745, 0.8189325481798714, 0.0, 1.3793308351177729, 0.06788329764453965]",0.5881293361884368,0.6745,0.5105451758359706,0.0,1.3793308351177729,5.0,1.0,3.0,1.0
2,[0.0],0.0,0.0,0.0,0.0,0.0,1.0,1.0,1.5,0.5
