Cluster,Dist,mean,median,std,min,max,bag_count,day_count,Cluster_Rank,Cluster_perc
0,"[0.0, 0.0, 0.0, 0.0]",0.0,0.0,0.0,0.0,0.0,4.0,4.0,1.0,0.33
1,"[53.023066552900815, 5.407510238907818, 3.225168941979508, 0.6353651877133151, 0.1542372013651855, 0.7849982935153611, 0.04373890784982438, 0.2808498293515499, 0.5294709897610933, 1.3006569965870363, 0.0, 0.0897798634812338, 0.0989880546075126, 0.09898805460749728, 0.2762457337883798, 0.775790102389067, 0.5547935153583601, 0.013812286689418226, 0.9553498293515192, 0.013812286689418226, 1.4433839590443733, 0.6745, 0.5202627986348144, 0.8908924914675829, 1.0221092150170712, 1.7817849829351349, 0.07366552901024587, 2.0856552901023666, 7.1685767918088406, 0.9760682593856772, 0.6906143344709725, 0.3107764505119407, 0.5340750853242326, 1.079660409556314, 1.1026808873720109, 0.052947098976103196, 3.1468993174061226, 0.8793822525597343, 1.0036928327645138, 0.19337201365187048, 0.29466211604095277, 0.41667064846416246, 599.720279863479]",16.147098499880883,0.6745,90.39820578489939,0.0,599.720279863479,43.0,1.0,3.0,1.0
2,"[0.6745, 0.6745]",0.6745,0.6745,0.0,0.6745,0.6745,2.0,1.0,2.0,0.67
