Cluster,Dist,mean,median,std,min,max,bag_count,day_count,Cluster_Rank,Cluster_perc
0,"[0.0, 0.6745, 0.6745000000000001, 0.0]",0.33725000000000005,0.33725,0.33725,0.0,0.6745000000000001,4.0,3.0,1.0,0.33
1,"[0.0, 0.6745, 5194.168846151757]",1731.6144487172523,0.6745,2448.395710137876,0.0,5194.168846151757,3.0,1.0,3.0,1.0
2,"[0.6745, 0.6745]",0.6745,0.6745,0.0,0.6745,0.6745,2.0,1.0,2.0,0.67
