Cluster,Dist,mean,median,std,min,max,bag_count,day_count,Cluster_Rank,Cluster_perc
0,"[0.0, 0.0, 0.0, 0.0, 1.879635584137193, 0.6745, 0.0, 0.0, 0.0, 0.6744999999999999, 0.6745000000000001, 0.0]",0.3252612986780994,0.0,0.5498743591450082,0.0,1.879635584137193,12.0,9.0,1.0,0.33
1,"[0.6745, 0.6745, 0.6745, 0.6745]",0.6745,0.6745,0.0,0.6745,0.6745,4.0,2.0,2.5,0.83
2,"[0.6745000000000007, 0.6744999999999993]",0.6745,0.6745,6.661338147750939e-16,0.6744999999999993,0.6745000000000007,2.0,1.0,2.5,0.83
