Cluster,Dist,mean,median,std,min,max,bag_count,day_count,Cluster_Rank,Cluster_perc
0,"[0.0, 0.0, 0.6744999999999999, 0.6745000000000001, 0.0, 0.0, 0.0]",0.1927142857142857,0.0,0.304708040254796,0.0,0.6745000000000001,7.0,6.0,1.0,0.33
1,"[33.296111304853234, 0.0, 0.6745000000000001]",11.323537101617745,0.6745000000000001,15.539396178745541,0.0,33.296111304853234,3.0,1.0,3.0,1.0
2,"[0.6745, 0.6745]",0.6745,0.6745,0.0,0.6745,0.6745,2.0,1.0,2.0,0.67
