Cluster,Dist,mean,median,std,min,max,bag_count,day_count,Cluster_Rank,Cluster_perc
0,"[0.6745000000000011, 0.674499999999999, 0.0, 0.0, 0.0, 0.6745000000000003, 0.6744999999999997, 0.0, 0.0, 0.0, 0.0]",0.2452727272727273,0.0,0.324465319875103,0.0,0.6745000000000011,11.0,9.0,2.0,0.67
1,"[0.6745, 0.6745, 0.6745, 0.6745]",0.6745,0.6745,0.0,0.6745,0.6745,4.0,2.0,3.0,1.0
2,[0.0],0.0,0.0,0.0,0.0,0.0,1.0,1.0,1.0,0.33
