Cluster,Dist,mean,median,std,min,max,bag_count,day_count,Cluster_Rank,Cluster_perc
0,"[0.0, 0.6745000000000007, 0.6744999999999994, 0.0, 0.0, 0.0, 0.0, 0.0, 0.0, 0.0, 0.0, 0.6744999999999998, 0.6745000000000002]",0.20753846153846153,0.0,0.3113076923076923,0.0,0.6745000000000007,13.0,11.0,1.0,0.33
1,"[0.0, 0.6745, 5.465695561035758]",2.046731853678586,0.6745,2.4332039490719666,0.0,5.465695561035758,3.0,1.0,2.0,0.67
2,"[159.43380722891538, 0.9964698795180721, 0.35253012048192794, 0.35253012048192794]",40.283834337349326,0.6745,68.79177123577973,0.35253012048192794,159.43380722891538,4.0,1.0,3.0,1.0
