Cluster,Dist,mean,median,std,min,max,bag_count,day_count,Cluster_Rank,Cluster_perc
0,"[0.0, 0.6744999999999993, 0.6745000000000007, 0.0, 0.0, 0.0, 0.0, 0.0, 0.6745000000000008, 0.6744999999999991, 0.0, 0.0, 0.0]",0.20753846153846153,0.0,0.3113076923076923,0.0,0.6745000000000008,13.0,11.0,1.0,0.25
1,"[14.822069230769344, 0.0, 0.6745, 0.0, 0.6745, 14.963349162011145]",5.189069732130082,0.6745,6.867153544428332,0.0,14.963349162011145,6.0,2.0,4.0,1.0
2,"[0.0, 0.6745, 8.726182848282432, 1.604351025763357, 0.5224478769083978]",2.3054963501908374,0.6745,3.2518162385318194,0.0,8.726182848282432,5.0,1.0,3.0,0.75
3,"[0.6745, 0.6745, 0.6744999999999999, 0.6744999999999999, 0.6745, 0.6745]",0.6745,0.6745,6.409875621278546e-17,0.6744999999999999,0.6745,6.0,3.0,2.0,0.5
