Cluster,Dist,mean,median,std,min,max,bag_count,day_count,Cluster_Rank,Cluster_perc
0,"[0.0, 0.0, 0.0, 0.6745, 0.6745000000000001, 0.6744999999999999, 0.6745000000000001, 0.0, 0.0, 0.0]",0.26980000000000004,0.0,0.33043616630145073,0.0,0.6745000000000001,10.0,8.0,2.0,0.67
1,"[1533.9609321148853, 1507.145770757184, 10.053043864229798, 0.07748825065273786, 0.22048929503916417, 0.08312375979112313, 0.1500454308093974, 1.5603315926893004, 5.9785707571801705, 0.922110182767623, 14.143719060052254, 1.7610966057441324, 1.7153080939947856, 0.09157702349869402, 1.1341462140992165, 0.16342976501305598, 0.07748825065274255, 0.1218678851174944, 0.2909331592689263, 0.18667624020888063, 0.42688981723237684, 18.384439686684118]",140.84770353667247,0.6744999999999999,436.34706519191633,0.07748825065273786,1533.9609321148853,22.0,1.0,3.0,1.0
2,[0.0],0.0,0.0,0.0,0.0,0.0,1.0,1.0,1.0,0.33
