Cluster,Dist,mean,median,std,min,max,bag_count,day_count,Cluster_Rank,Cluster_perc
0,"[0.0, 0.0, 0.0]",0.0,0.0,0.0,0.0,0.0,3.0,3.0,1.0,0.33
1,"[0.6745, 0.6745]",0.6745,0.6745,0.0,0.6745,0.6745,2.0,1.0,2.5,0.83
2,"[0.6745000000000146, 0.6744999999999853]",0.6745,0.6745,1.4654943925052066e-14,0.6744999999999853,0.6745000000000146,2.0,1.0,2.5,0.83
