Cluster,Dist,mean,median,std,min,max,bag_count,day_count,Cluster_Rank,Cluster_perc
0,"[0.0, 0.0, 0.6744999999999999, 0.6745000000000001, 0.0, 0.0, 0.6745000000000032, 0.6744999999999969, 0.0, 0.0, 0.0]",0.2452727272727273,0.0,0.324465319875103,0.0,0.6745000000000032,11.0,9.0,1.0,0.33
1,"[0.0, 0.6745, 0.7875213250648617, 41.9011971326161, 0.6745, 0.0]",7.339619742946827,0.6745,15.459734277888145,0.0,41.9011971326161,6.0,2.0,3.0,1.0
2,"[0.6745, 0.6745]",0.6745,0.6745,0.0,0.6745,0.6745,2.0,1.0,2.0,0.67
