Cluster,Dist,mean,median,std,min,max,bag_count,day_count,Cluster_Rank,Cluster_perc
0,"[0.0, 0.6745, 0.6745000000000001, 0.0]",0.33725000000000005,0.33725,0.33725,0.0,0.6745000000000001,4.0,3.0,1.0,0.33
1,"[0.6745, 0.6745, 0.6745, 0.6745, 0.6744999999999999, 0.6745, 0.6745, 0.6745]",0.6744999999999999,0.6745,1.0385185452638061e-16,0.6744999999999999,0.6745,8.0,4.0,2.0,0.67
2,"[0.6744999999999998, 0.6745000000000002]",0.6745,0.6745,2.220446049250313e-16,0.6744999999999998,0.6745000000000002,2.0,1.0,3.0,1.0
