Cluster,Dist,mean,median,std,min,max,bag_count,day_count,Cluster_Rank,Cluster_perc
0,"[0.0, 0.0, 0.0, 0.0, 0.0, 0.0, 0.6745000000000008, 0.6744999999999992]",0.168625,0.0,0.2920670674263019,0.0,0.6745000000000008,8.0,7.0,2.0,0.67
1,"[0.4401124057573687, 0.9088875942426313, 0.44011240575736627, 2.555240849897191]",1.0860883139136392,0.6745,0.8695370919166509,0.44011240575736627,2.555240849897191,4.0,1.0,3.0,1.0
2,[0.0],0.0,0.0,0.0,0.0,0.0,1.0,1.0,1.0,0.33
