Cluster,Dist,mean,median,std,min,max,bag_count,day_count,Cluster_Rank,Cluster_perc
0,"[0.0, 0.0, 1.892347222222225, 0.0, 0.6745, 0.0, 0.0, 0.0, 0.0]",0.28520524691358057,0.0,0.6058831903968181,0.0,1.892347222222225,9.0,7.0,1.0,0.33
1,"[0.6745, 0.6745, 0.6745, 0.6745]",0.6745,0.6745,0.0,0.6745,0.6745,4.0,2.0,2.0,0.67
2,"[35.25335341365459, 0.6745, 0.0]",11.975951137884863,0.6745,16.46191220349785,0.0,35.25335341365459,3.0,1.0,3.0,1.0
