Cluster,Dist,mean,median,std,min,max,bag_count,day_count,Cluster_Rank,Cluster_perc
0,"[6.310446225439504, 0.3462014822475014, 0.9346742502585308, 0.3462014822475014, 1.1711328852119953, 0.41432574974146924, 0.47411033369214317, 0.5292900968783653, 2.6902554718335137, 0.8197099031216346, 0.4741103336921399, 2.445334768568355]",1.412982748577721,0.6744999999999999,1.6617963102799709,0.3462014822475014,6.310446225439504,12.0,2.0,5.0,0.83
1,"[0.9611385397311185, 2.9192454366597502, 0.38786146026888146, 3.6123975844354637, 0.37606563558858985, 0.37606563558858985, 1.9194557287566247, 0.18366168057523694, 0.18366168057523788, 1.1653383194247622]",1.2084891701604257,0.6745,1.1590431800499532,0.18366168057523694,3.6123975844354637,10.0,2.0,4.0,0.67
2,"[0.2078969244484047, 0.2687778025406715, 1.0802221974593285, 1.1424559839536423, 0.2078969244484067, 2.592172498328506, 0.9912025644291604, 2.3845907527703485, 0.6713212329639537, 0.6776787670360461, 0.8440056043816082, 0.8254484779009056, 0.3542463805035457, 0.847957585021017, 0.14026667515815425, 0.14026667515815347, 0.1930743005137348, 0.6148480023776174, 0.6454340937896065, 0.7035659062103935, 2.8316461765948446, 0.6454340937896065]",0.8641095281717117,0.6744999999999999,0.7550142004817965,0.14026667515815347,2.8316461765948446,22.0,3.0,3.0,0.5
3,"[0.0, 0.0, 0.0, 0.0, 0.0, 0.0, 0.6745000000000007, 0.6744999999999993]",0.168625,0.0,0.2920670674263019,0.0,0.6745000000000007,8.0,7.0,1.0,0.17
4,"[0.6745, 0.6745, 0.6745, 0.6745]",0.6745,0.6745,0.0,0.6745,0.6745,4.0,2.0,2.0,0.33
5,"[1.8901726683937796, 0.13926852331606193, 0.6975658031088081, 0.9009642487046615, 0.651434196891192, 0.13926852331606424, 0.6745, 0.0, 80.44986333333509, 0.0, 14.273174434087803, 0.6745, 0.6785211797929068, 0.7183096956385338, 0.07597913398180252, 0.6704788202070932, 1.8903777847505454, 0.0759791339817997, 0.6745, 7.590483391608389, 0.0, 0.0, 6.4197946428563375, 0.6745, 0.8987100759310597, 0.0, 0.6745]",4.5012165033297,0.6745,15.203697432511243,0.0,80.44986333333509,27.0,7.0,6.0,1.0
