Cluster,Dist,mean,median,std,min,max,bag_count,day_count,Cluster_Rank,Cluster_perc
0,"[0.0, 0.0, 1.0321787352443366, 0.0, 0.6745, 0.0, 0.0, 0.0, 0.0, 0.6745000000000005, 0.6744999999999994, 0.0]",0.25463989460369474,0.0,0.3710509826161841,0.0,1.0321787352443366,12.0,9.0,1.0,0.33
1,"[0.6745, 0.6745]",0.6745,0.6745,0.0,0.6745,0.6745,2.0,1.0,2.0,0.67
2,"[0.0, 0.6745, 5.695228482720007]",2.123242827573336,0.6745,2.540741191454467,0.0,5.695228482720007,3.0,1.0,3.0,1.0
