Cluster,Dist,mean,median,std,min,max,bag_count,day_count,Cluster_Rank,Cluster_perc
0,"[0.0, 0.0, 0.0, 0.0, 0.0, 0.0, 0.0, 0.0, 0.0, 0.0, 0.0]",0.0,0.0,0.0,0.0,0.0,11.0,11.0,1.5,0.5
1,[0.0],0.0,0.0,0.0,0.0,0.0,1.0,1.0,1.5,0.5
2,"[0.6745000000000002, 0.6744999999999999]",0.6745000000000001,0.6745000000000001,1.7554167342883506e-16,0.6744999999999999,0.6745000000000002,2.0,1.0,3.0,1.0
