Cluster,Dist,mean,median,std,min,max,bag_count,day_count,Cluster_Rank,Cluster_perc
0,"[0.6745000000000084, 0.6744999999999916, 0.6744999999999993, 0.6745000000000007]",0.6745,0.6745,5.984915661702474e-15,0.6744999999999916,0.6745000000000084,4.0,2.0,2.0,0.67
1,"[0.6744999999999999, 0.6745]",0.6744999999999999,0.6744999999999999,7.850462293418876e-17,0.6744999999999999,0.6745,2.0,1.0,1.0,0.33
2,"[14.48426296296295, 0.6745, 0.0]",5.052920987654317,0.6745,6.67464836296834,0.0,14.48426296296295,3.0,1.0,3.0,1.0
