Cluster,Dist,mean,median,std,min,max,bag_count,day_count,Cluster_Rank,Cluster_perc
0,"[0.0, 0.6745, 1.850193336698639, 0.0, 0.0, 0.0, 0.0, 0.0, 0.0]",0.2805214818554043,0.0,0.5934770347632927,0.0,1.850193336698639,9.0,7.0,1.0,0.33
1,"[1.6829937931034484, 1.14246344827586, 0.20653655172413993, 0.20653655172413993, 0.4660155666915446, 1.646732167608486, 0.882984433308455, 0.46601556669154504]",0.8375347598909524,0.6745,0.5631406461269041,0.20653655172413993,1.6829937931034484,8.0,2.0,3.0,1.0
2,"[0.6745, 0.6745]",0.6745,0.6745,0.0,0.6745,0.6745,2.0,1.0,2.0,0.67
