Cluster,Dist,mean,median,std,min,max,bag_count,day_count,Cluster_Rank,Cluster_perc
0,"[0.0, 0.6744999999999919, 0.6745000000000082]",0.4496666666666667,0.6744999999999919,0.3179623492735509,0.0,0.6745000000000082,3.0,2.0,1.0,0.33
1,"[0.8916259079903094, 0.4573740920096906, 0.4573740920096722, 1.4062469733655747]",0.8031552663438117,0.6745,0.39072877503440523,0.4573740920096722,1.4062469733655747,4.0,1.0,3.0,1.0
2,"[0.136169018442876, 1.3859852085653983, 0.0, 0.6745, 1.6524790815694836]",0.7698266617155516,0.6745,0.6575665623387399,0.0,1.6524790815694836,5.0,1.0,2.0,0.67
