Cluster,Dist,mean,median,std,min,max,bag_count,day_count,Cluster_Rank,Cluster_perc
0,"[0.0, 0.0, 0.0, 0.0, 0.0, 0.0, 0.6745000000000003, 0.6744999999999997, 0.0, 0.0, 0.0, 0.0]",0.11241666666666666,0.0,0.25137130847060135,0.0,0.6745000000000003,12.0,11.0,2.0,0.67
1,"[0.6745000000000001, 0.6745000000000001]",0.6745000000000001,0.6745000000000001,0.0,0.6745000000000001,0.6745000000000001,2.0,1.0,3.0,1.0
2,[0.0],0.0,0.0,0.0,0.0,0.0,1.0,1.0,1.0,0.33
