Cluster,Dist,mean,median,std,min,max,bag_count,day_count,Cluster_Rank,Cluster_perc
0,"[8.226491071428576, 0.006022321428570768, 0.6745, 3.526069196428572, 0.0, 0.10539062499999972, 9.156939732142861, 1.7735736607142856, 9.138872767857146, 0.37037276785714235, 0.2830491071428574, 0.05927257933279074, 3.074490642799023, 0.14708380797396275, 0.05927257933279074, 0.1130569568755084, 1.2019161920260373, 3.0722953620829934, 1.4247371847030104, 0.08561594792514209, 2.8319121236777858]",2.158615934606146,0.6745,2.959152072090035,0.0,9.156939732142861,21.0,2.0,1.0,0.33
1,"[0.38221666666662424, 1.5063833333333159, 1.1016833333333609, 1.0117499999999626, 0.6520166666666691, 48.04688333333324, 48.45158333333327, 0.5620833333333458, 0.15738333333331586, 0.8318833333333159, 0.022483333333330836, 0.5171166666666841, 0.6070500000000075, 48.1817833333333, 49.30594999999992, 48.631449999999916, 0.29228333333330087, 1.1466500000000226, 49.665683333333284, 0.11241666666665419, 0.9667833333333009, 0.15738333333331586, 0.6070500000000075, 0.15738333333331586, 0.5620833333333458, 0.5620833333333458, 0.3822166666666991, 0.9667833333333757, 1.8211500000000223, 0.022483333333330836, 0.24731666666663918, 0.9667833333333757, 47.956949999999914, 47.552249999999965, 0.5171166666666841, 0.5620833333333458, 0.2023500000000524, 0.6520166666666691, 1.2365833333333458, 1.0117499999999626, 0.022483333333330836, 1.101683333333286, 0.6969833333333307, 1.5963166666667141]",9.357154545454534,0.6744999999999999,18.4466755530221,0.022483333333330836,49.665683333333284,44.0,1.0,3.0,1.0
2,"[2.9067738095238136, 0.0, 2.9549523809523865, 0.25695238095237966, 28.15234523809527, 0.5781428571428543, 0.6745]",5.074809523809529,0.6745,9.489204407242717,0.0,28.15234523809527,7.0,1.0,2.0,0.67
