Cluster,Dist,mean,median,std,min,max,bag_count,day_count,Cluster_Rank,Cluster_perc
0,"[0.6782162534435262, 1.2087910665092483, 0.6707837465564739, 0.6707837465564739, 0.6745, 0.6745]",0.7629291355109538,0.6745,0.19941167774534163,0.6707837465564739,1.2087910665092483,6.0,2.0,2.0,0.67
1,"[0.0, 0.6745000000000002, 0.6744999999999998]",0.44966666666666666,0.6744999999999998,0.3179623492735509,0.0,0.6745000000000002,3.0,2.0,1.0,0.33
2,"[1.145863202545069, 0.013160975609756076, 0.3719406150583245, 1.146721527041357, 0.5882383881230115, 0.7607616118769883, 0.013160975609756076, 7.52693361611877]",1.445847613997879,0.6744999999999999,2.3351222851494846,0.013160975609756076,7.52693361611877,8.0,1.0,3.0,1.0
