Cluster,Dist,mean,median,std,min,max,bag_count,day_count,Cluster_Rank,Cluster_perc
0,"[0.0, 0.0]",0.0,0.0,0.0,0.0,0.0,2.0,2.0,1.0,0.33
1,"[5.583787901797013, 0.4104019235636544, 0.9385980764363453, 0.41040192356365474]",1.8357974563401669,0.6745,2.1746208839849586,0.4104019235636544,5.583787901797013,4.0,1.0,2.0,0.67
2,"[8.766023861967696, 0.5987301762114539, 0.5987301762114539, 0.7502698237885462]",2.6784385095447876,0.6745000000000001,3.5152134859506443,0.5987301762114539,8.766023861967696,4.0,1.0,3.0,1.0
