Cluster,Dist,mean,median,std,min,max,bag_count,day_count,Cluster_Rank,Cluster_perc
0,"[0.0, 0.0]",0.0,0.0,0.0,0.0,0.0,2.0,2.0,1.0,0.33
1,"[0.08570271580989369, 0.08570271580989261, 1.2632972841901062, 1.790597963142581]",0.8063251697381184,0.6745,0.7443470103778913,0.08570271580989261,1.790597963142581,4.0,1.0,2.0,0.67
2,"[0.517146525011067, 0.8318534749889331, 5.815808322266489, 0.5171465250110667]",1.920488711819389,0.6745000000000001,2.252630691711059,0.5171465250110667,5.815808322266489,4.0,1.0,3.0,1.0
