Cluster,Dist,mean,median,std,min,max,bag_count,day_count,Cluster_Rank,Cluster_perc
0,"[1.0702809917355125, 27.989759149941648, 0.27871900826448753, 0.2787190082644196, 0.30065751903557236, 1.0483424809644277, 0.3006575190354811, 17.14218638959412]",6.051165258354459,0.6745000000000001,9.91797008864028,0.2787190082644196,27.989759149941648,8.0,2.0,3.0,1.0
1,"[0.37550979221397734, 0.9734902077859997, 0.3755097922140002, 1.3451874452670616]",0.7674243093702597,0.6745,0.4133604278371535,0.37550979221397734,1.3451874452670616,4.0,1.0,1.0,0.33
2,"[5.203046019900592, 0.0, 0.6745]",1.9591820066335306,0.6745,2.3102276749167405,0.0,5.203046019900592,3.0,1.0,2.0,0.67
