Cluster,Dist,mean,median,std,min,max,bag_count,day_count,Cluster_Rank,Cluster_perc
0,"[0.659170454545454, 0.48787944664031485, 1.044408596837943, 7.305528162055322, 0.6745, 0.0, 0.6891630434782592, 0.5865217391304335, 1.9328557312252919, 0.5326953769950498, 0.0, 0.6745, 0.6102177123463489, 72.69868900201683, 72.5853442946237, 72.77212795817165, 0.0, 0.6745, 30.963855319148827, 0.4592340425531777, 3.817382978723392]",12.817551136118668,0.6745,25.293219315703315,0.0,72.77212795817165,21.0,3.0,3.0,1.0
1,"[0.0, 0.0, 0.0]",0.0,0.0,0.0,0.0,0.0,3.0,3.0,1.0,0.33
2,"[0.6745, 0.6745]",0.6745,0.6745,0.0,0.6745,0.6745,2.0,1.0,2.0,0.67
