Cluster,Dist,mean,median,std,min,max,bag_count,day_count,Cluster_Rank,Cluster_perc
0,"[0.6745, 0.0, 1.6893022203451302, 0.0, 0.6745000000000004, 0.6744999999999995, 0.0, 0.0, 0.6744999999999993, 0.6745000000000007, 0.0]",0.4601638382131937,0.6744999999999993,0.5044560440057196,0.0,1.6893022203451302,11.0,7.0,1.0,0.33
1,"[0.6745, 0.6745]",0.6745,0.6745,0.0,0.6745,0.6745,2.0,1.0,2.0,0.67
2,"[0.0, 0.6745, 2.9069337649402454]",1.193811254980082,0.6745,1.242263824126249,0.0,2.9069337649402454,3.0,1.0,3.0,1.0
