Cluster,Dist,mean,median,std,min,max,bag_count,day_count,Cluster_Rank,Cluster_perc
0,"[0.6745, 0.6912108253116613, 0.16370222502761558, 1.2852434117090101, 1.1495344800378724, 0.0, 1.1576237967492502, 0.6172361527536688, 0.2766333438535584, 0.6621531481773709, 0.4274565251696386, 1.1363361211929932, 0.3148447214770396, 0.32091170901057287, 1.3373982168218397, 1.2154198358844877, 1.160604071327126, 0.5337884645731418, 2.089917547735521, 0.6745, 0.0, 0.9907318247592433]",0.7672612009805279,0.6745,0.5043370839986414,0.0,2.089917547735521,22.0,2.0,3.0,1.0
1,"[0.0, 0.6744999999999997, 0.6745000000000003, 0.6744999999999968, 0.6745000000000031, 0.0, 0.6745000000000007, 0.6744999999999994, 0.0, 0.6744999999999994, 0.6745000000000005, 0.0, 0.0, 0.6745000000000002, 0.6744999999999998, 0.6744999999999998, 0.6745000000000002, 0.0, 0.0, 0.6745000000000003, 0.6744999999999997, 0.0, 0.6744999999999998, 0.6745000000000002]",0.44966666666666666,0.6744999999999997,0.3179623492735509,0.0,0.6745000000000031,24.0,16.0,1.0,0.33
2,"[0.6745, 0.6745, 0.6745, 0.6745]",0.6745,0.6745,0.0,0.6745,0.6745,4.0,2.0,2.0,0.67
