Cluster,Dist,mean,median,std,min,max,bag_count,day_count,Cluster_Rank,Cluster_perc
0,"[0.0, 0.0, 0.0, 0.0, 0.0, 0.0, 0.6745, 1.0547523011920934, 0.0, 0.0, 0.0, 0.0, 0.0, 0.0]",0.12351802151372095,0.0,0.3109729942258101,0.0,1.0547523011920934,14.0,12.0,1.0,0.33
1,"[0.8921655078853667, 0.0, 0.6745, 0.0, 0.6745, 37.28169038461568]",6.5871426487501745,0.6745,13.731275784851558,0.0,37.28169038461568,6.0,2.0,3.0,1.0
2,"[0.6745, 0.6745]",0.6745,0.6745,0.0,0.6745,0.6745,2.0,1.0,2.0,0.67
