Cluster,Dist,mean,median,std,min,max,bag_count,day_count,Cluster_Rank,Cluster_perc
0,"[0.0, 0.0, 0.6745000000000004, 0.6744999999999995, 0.0, 0.0, 0.0, 0.6745, 0.6745000000000001, 0.0, 0.0, 0.0, 0.0]",0.20753846153846153,0.0,0.3113076923076923,0.0,0.6745000000000004,13.0,11.0,1.0,0.33
1,"[4.815084649487396, 0.6745, 0.0]",1.829861549829132,0.6745,2.1287563315309987,0.0,4.815084649487396,3.0,1.0,2.0,0.67
2,"[0.6745, 0.0, 40.709083477311914]",13.794527825770638,0.6745,19.03345680641388,0.0,40.709083477311914,3.0,1.0,3.0,1.0
