Cluster,Dist,mean,median,std,min,max,bag_count,day_count,Cluster_Rank,Cluster_perc
0,"[0.6745, 0.0, 7.144719605346236, 0.6745, 0.0, 5.626938787055848]",2.3534430654003473,0.6745,2.8979070976541705,0.0,7.144719605346236,6.0,2.0,3.0,1.0
1,"[0.5983839674662236, 0.7506160325337764, 0.9223373724841494, 0.4353658533223059, 0.4353658533223059, 1.5523542183622874]",0.7824038829151747,0.6745,0.3847400605688605,0.4353658533223059,1.5523542183622874,6.0,1.0,2.0,0.67
2,"[0.6745, 0.6745]",0.6745,0.6745,0.0,0.6745,0.6745,2.0,1.0,1.0,0.33
