Cluster,Dist,mean,median,std,min,max,bag_count,day_count,Cluster_Rank,Cluster_perc
0,"[0.3029771439364811, 4.5150984132980145, 0.22169059312431413, 1.0460228560635187, 0.2216905931242598, 30.311729316206435, 0.8640315748826605, 1.2055089704746647, 0.18163776510424315, 0.16144243450364992, 0.16144243450366702, 145.1821881126369, 0.48496842511733956, 1.7579153745619032]",13.329881714824145,0.6745,37.3557692779223,0.16144243450364992,145.1821881126369,14.0,2.0,3.0,1.0
1,"[0.6745, 0.6745]",0.6745,0.6745,0.0,0.6745,0.6745,2.0,1.0,1.0,0.33
2,"[1.1831146862057973, 0.1658853137941112, 5.167370500158947, 0.1658853137942028]",1.6705639534882646,0.6745000000000001,2.0611512820822115,0.1658853137941112,5.167370500158947,4.0,1.0,2.0,0.67
