Cluster,Dist,mean,median,std,min,max,bag_count,day_count,Cluster_Rank,Cluster_perc
0,"[0.0, 1.522382445141068, 0.6745, 0.0, 0.0]",0.4393764890282136,0.0,0.6012220993476366,0.0,1.522382445141068,5.0,3.0,1.0,0.33
1,"[0.6745, 0.6745]",0.6745,0.6745,0.0,0.6745,0.6745,2.0,1.0,2.0,0.67
2,"[0.0, 0.6745, 10.828707482993225]",3.834402494331075,0.6745,4.953380278040319,0.0,10.828707482993225,3.0,1.0,3.0,1.0
