Cluster,Dist,mean,median,std,min,max,bag_count,day_count,Cluster_Rank,Cluster_perc
0,"[0.6745000000000043, 0.6744999999999955, 0.6745000000000005, 0.6744999999999994]",0.6744999999999999,0.6745,3.126909199459607e-15,0.6744999999999955,0.6745000000000043,4.0,2.0,1.0,0.33
1,"[0.3286743997568555, 0.3286743997568555, 2.1498448991997066, 1.0203256002431444]",0.9568798247391406,0.6745,0.7443915547724791,0.3286743997568555,2.1498448991997066,4.0,1.0,3.0,1.0
2,"[0.6745, 0.6745]",0.6745,0.6745,0.0,0.6745,0.6745,2.0,1.0,2.0,0.67
