Cluster,Dist,mean,median,std,min,max,bag_count,day_count,Cluster_Rank,Cluster_perc
0,"[0.8954195232994107, 0.0, 0.6745, 0.0, 0.6745, 0.8521183333333332]",0.516089642772124,0.6745,0.37409694831878587,0.0,0.8954195232994107,6.0,2.0,2.0,0.67
1,[0.0],0.0,0.0,0.0,0.0,0.0,1.0,1.0,1.0,0.33
2,"[0.6745, 0.0, 2.284051536643026]",0.9861838455476754,0.6745,0.9581520304530251,0.0,2.284051536643026,3.0,1.0,3.0,1.0
