Cluster,Dist,mean,median,std,min,max,bag_count,day_count,Cluster_Rank,Cluster_perc
0,"[0.6744999999999999, 0.6745, 0.6745, 0.6745]",0.6745,0.6745,5.551115123125783e-17,0.6744999999999999,0.6745,4.0,2.0,1.0,0.2
1,"[5.515390593391774, 0.6744999999999999, 0.0]",2.0632968644639247,0.6744999999999999,2.4564813449969773,0.0,5.515390593391774,3.0,1.0,3.0,0.6
2,"[0.0, 0.569963344051447, 1.1629160771704181, 13.997501607717043, 0.6745]",3.2809762057877814,0.6745,5.371000078373058,0.0,13.997501607717043,5.0,1.0,4.0,0.8
3,"[0.0, 1.8646520293315143, 0.6745]",0.8463840097771714,0.6745,0.7708825601155007,0.0,1.8646520293315143,3.0,1.0,2.0,0.4
4,"[0.6745, 28.755668909825037, 13.319332436069987, 0.586442799461642, 0.0]",8.667188829071332,0.6745,11.220438185803353,0.0,28.755668909825037,5.0,1.0,5.0,1.0
