Cluster,Dist,mean,median,std,min,max,bag_count,day_count,Cluster_Rank,Cluster_perc
0,"[0.0, 0.0]",0.0,0.0,0.0,0.0,0.0,2.0,2.0,1.0,0.33
1,"[0.0, 3.1143580246913585, 5.037932098765432, 0.36972592592592546, 0.6745]",1.8393032098765432,0.6745,1.936824811836194,0.0,5.037932098765432,5.0,1.0,2.0,0.67
2,"[0.0, 6.104696068287636, 0.6745]",2.2597320227625453,0.6745,2.7327091497920155,0.0,6.104696068287636,3.0,1.0,3.0,1.0
