Cluster,Dist,mean,median,std,min,max,bag_count,day_count,Cluster_Rank,Cluster_perc
0,"[0.6744999999999998, 0.6745000000000001, 0.0, 0.0, 0.0, 0.0, 0.0]",0.19271428571428567,0.0,0.304708040254796,0.0,0.6745000000000001,7.0,6.0,1.0,0.33
1,"[0.6745, 0.6745]",0.6745,0.6745,0.0,0.6745,0.6745,2.0,1.0,2.0,0.67
2,"[0.0, 4.4258858024691206, 0.6745]",1.7001286008230403,0.6745,1.9469723169139828,0.0,4.4258858024691206,3.0,1.0,3.0,1.0
