Cluster,Dist,mean,median,std,min,max,bag_count,day_count,Cluster_Rank,Cluster_perc
0,"[0.826845035505611, 1.508463293174902, 1.7227430050407746, 1.5140433282479968, 0.522154964494389, 0.5129680626440081, 0.5103583884463249, 0.5103583884463249, 35.45756149957869, 0.20854380791911933, 0.20854380791911933, 1.1404561920808807]",3.7202533144581786,0.6745,9.582183512764884,0.20854380791911933,35.45756149957869,12.0,2.0,5.0,1.0
1,"[0.0, 1.214640592320149, 0.6745, 0.0, 0.0, 0.0, 0.0, 0.0, 0.6745, 0.6745000000000001, 0.6745, 0.6745000000000001, 0.0]",0.35285696864001154,0.0,0.4049215018304552,0.0,1.214640592320149,13.0,9.0,1.0,0.2
2,"[0.05464611701796941, 0.027469843934589365, 0.027469843934589365, 8.729497015482185, 9.126740315861467, 8.013855157619847, 0.903485263943294, 0.029650655972144585, 0.5823187527202636, 2.312876981906361, 14.870244326307281, 0.09767521606665408, 0.06269834607971157, 1.0449864142262015, 0.7666812472797364, 0.05640754212522532]",2.919168940029845,0.6745,4.449082744317362,0.027469843934589365,14.870244326307281,16.0,1.0,4.0,0.8
3,"[0.6745, 0.6745, 0.6918397482100811, 0.6571602517899189, 0.6977817180016957, 0.6571602517899189, 0.6745, 0.6745]",0.6752427462239519,0.6745,0.013414663718539312,0.6571602517899189,0.6977817180016957,8.0,3.0,2.0,0.4
4,"[2.555317307691826, 0.0, 0.6745]",1.0766057692306086,0.6745,1.0812580398109586,0.0,2.555317307691826,3.0,1.0,3.0,0.6
