Cluster,Dist,mean,median,std,min,max,bag_count,day_count,Cluster_Rank,Cluster_perc
0,"[109.07711637931033, 0.6376738505747125, 0.7113261494252876, 0.6376738505747125, 0.0, 1.7555006674082314, 4.371270189099, 0.6745, 0.015755839822024487]",13.097868547357145,0.6745,33.957152900869254,0.0,109.07711637931033,9.0,2.0,3.0,1.0
1,"[0.6745, 0.6745]",0.6745,0.6745,0.0,0.6745,0.6745,2.0,1.0,1.0,0.33
2,"[6.082990740740739, 0.6120462962962963, 6.586783950617282, 0.6745, 0.22899691358024588, 3.9304197530864187, 0.0]",2.587962522045854,0.6745,2.66822142463425,0.0,6.586783950617282,7.0,1.0,2.0,0.67
