Cluster,Dist,mean,median,std,min,max,bag_count,day_count,Cluster_Rank,Cluster_perc
0,"[0.0, 0.6745000000000001, 0.6744999999999999]",0.44966666666666666,0.6744999999999999,0.3179623492735509,0.0,0.6745000000000001,3.0,2.0,1.0,0.33
1,"[0.6744999999999998, 0.6745000000000003]",0.6745000000000001,0.6745000000000001,2.830524433501838e-16,0.6744999999999998,0.6745000000000003,2.0,1.0,2.5,0.83
2,"[0.6745000000000007, 0.6744999999999994]",0.6745000000000001,0.6745000000000001,6.131407058289218e-16,0.6744999999999994,0.6745000000000007,2.0,1.0,2.5,0.83
