Cluster,Dist,mean,median,std,min,max,bag_count,day_count,Cluster_Rank,Cluster_perc
0,"[0.791160969387755, 0.5578390306122446, 0.5578390306122448, 1.2880885204081625, 0.21478895639742676, 1.1342110436025732, 2.5608339885632594, 0.21478895639742676]",0.9149438119976366,0.6744999999999999,0.7199889800483049,0.21478895639742676,2.5608339885632594,8.0,2.0,3.0,1.0
1,[0.0],0.0,0.0,0.0,0.0,0.0,1.0,1.0,1.0,0.33
2,"[0.0009710857828433247, 0.46272237552489515, 0.9285198560287946, 1.4289527294541096, 0.9201037792441514, 0.828659868026395, 1.4538772645470908, 0.0275140971805641, 0.44734685062987395, 0.0009710857828435941, 1.4365595680863832, 0.6525696460707858, 0.5862121175764847, 0.6964303539292142]",0.7051007627046021,0.6745,0.48726229394334525,0.0009710857828433247,1.4538772645470908,14.0,1.0,2.0,0.67
