Cluster,Dist,mean,median,std,min,max,bag_count,day_count,Cluster_Rank,Cluster_perc
0,"[0.6744999999999984, 0.6745000000000015, 0.6745000000000025, 0.6744999999999973]",0.6745,0.6745,2.1477866287870186e-15,0.6744999999999973,0.6745000000000025,4.0,2.0,1.5,0.5
1,"[182.48713793103363, 0.6745, 0.0]",61.05387931034454,0.6745,85.86672216092359,0.0,182.48713793103363,3.0,1.0,3.0,1.0
2,"[0.6744999999999931, 0.6745000000000069]",0.6745,0.6745,6.8833827526759706e-15,0.6744999999999931,0.6745000000000069,2.0,1.0,1.5,0.5
