Cluster,Dist,mean,median,std,min,max,bag_count,day_count,Cluster_Rank,Cluster_perc
0,"[0.0, 0.0, 0.0, 0.0, 0.0, 0.0, 1.6831668424753863, 0.6745000000000001, 0.0, 0.6745000000000009, 0.674499999999999, 0.0, 0.0, 0.6744999999999995, 0.6745000000000004, 0.0, 0.0]",0.29739216720443445,0.0,0.4604528557755242,0.0,1.6831668424753863,17.0,13.0,2.0,0.67
1,"[0.6744999999999999, 0.6745000000000001]",0.6745,0.6745,1.1102230246251565e-16,0.6744999999999999,0.6745000000000001,2.0,1.0,3.0,1.0
2,[0.0],0.0,0.0,0.0,0.0,0.0,1.0,1.0,1.0,0.33
