Cluster,Dist,mean,median,std,min,max,bag_count,day_count,Cluster_Rank,Cluster_perc
0,"[1.0957109990220797, 0.6745, 0.0, 0.6745000000000003, 0.6744999999999997, 0.0, 0.0, 0.0, 0.0, 0.0, 0.0, 0.0]",0.2599342499185066,0.0,0.38238762750312283,0.0,1.0957109990220797,12.0,9.0,1.0,0.33
1,"[0.0, 3.832537500000009, 0.6744999999999999, 0.6745, 0.0, 56.90320388458515, 0.6745, 0.8632331205911996, 0.0, 0.6745, 0.7830262007087389, 0.0]",5.42333339215709,0.6745,15.553377225652156,0.0,56.90320388458515,12.0,4.0,3.0,1.0
2,"[0.6745, 0.6745]",0.6745,0.6745,0.0,0.6745,0.6745,2.0,1.0,2.0,0.67
