Cluster,Dist,mean,median,std,min,max,bag_count,day_count,Cluster_Rank,Cluster_perc
0,"[0.0, 0.0, 0.0, 0.0, 0.6745000000000008, 0.6744999999999991, 0.6745000000000002, 0.6744999999999998, 0.0, 0.0, 0.0, 0.6744999999999998, 0.6745000000000002, 0.0]",0.28907142857142853,0.0,0.33379093420148787,0.0,0.6745000000000008,14.0,11.0,1.0,0.33
1,"[2.833389359129388, 0.6745, 0.0, 0.5509368198307133, 8.45245556227329]",2.502256348246678,0.6745,3.1280712191500206,0.0,8.45245556227329,5.0,1.0,3.0,1.0
2,"[0.6745, 0.6745]",0.6745,0.6745,0.0,0.6745,0.6745,2.0,1.0,2.0,0.67
