Cluster,Dist,mean,median,std,min,max,bag_count,day_count,Cluster_Rank,Cluster_perc
0,"[0.0, 0.0, 0.0, 0.0, 0.0, 0.0, 0.0, 0.0, 0.0, 0.0, 0.6745, 1.3544075360769707, 0.0, 0.0, 0.0, 0.0]",0.12680672100481066,0.0,0.35637856556531117,0.0,1.3544075360769707,16.0,14.0,1.0,0.33
1,"[2.4563502390710417, 0.0, 0.6745]",1.0436167463570138,0.6745,1.036210887022837,0.0,2.4563502390710417,3.0,1.0,3.0,1.0
2,"[0.6745, 0.6745]",0.6745,0.6745,0.0,0.6745,0.6745,2.0,1.0,2.0,0.67
