Cluster,Dist,mean,median,std,min,max,bag_count,day_count,Cluster_Rank,Cluster_perc
0,"[0.0, 0.0]",0.0,0.0,0.0,0.0,0.0,2.0,2.0,1.0,0.33
1,"[0.6745, 0.0, 0.9760793269230779]",0.5501931089743594,0.6745,0.40806197689321455,0.0,0.9760793269230779,3.0,1.0,2.0,0.67
2,"[0.6745000000000003, 0.6744999999999997]",0.6745,0.6745,3.3306690738754696e-16,0.6744999999999997,0.6745000000000003,2.0,1.0,3.0,1.0
