Cluster,Dist,mean,median,std,min,max,bag_count,day_count,Cluster_Rank,Cluster_perc
0,"[2.316586309523809, 0.0, 0.6745, 0.724158459288152, 1.1996957581667473, 0.6248415407118475, 0.6248415407118478]",0.8806605154860577,0.6745,0.6694465798638826,0.0,2.316586309523809,7.0,2.0,2.0,0.67
1,"[0.1766773174157305, 0.012788974719101289, 10.15397226123595, 18.115345856741566, 0.043103581460674126, 0.012788974719100893, 1.2367412219101122, 1.1723226825842694]",3.865467608848313,0.6745,6.2716769960465415,0.012788974719100893,18.115345856741566,8.0,1.0,3.0,1.0
2,"[0.6745000000000004, 0.6744999999999995]",0.6745,0.6745,4.440892098500626e-16,0.6744999999999995,0.6745000000000004,2.0,1.0,1.0,0.33
