Cluster,Dist,mean,median,std,min,max,bag_count,day_count,Cluster_Rank,Cluster_perc
0,"[4.052643199673499, 0.8329913274155694, 0.4207624732170182, 0.7634836241199873, 0.17920599938781737, 0.646490460157126, 0.7706408529741854, 0.7025095398428739, 0.9896245281093752, 1.189751657994081, 0.8080786654423013, 0.019682379349045664, 0.1706723803693499, 0.6050611162126306, 0.47967197224772923, 2.315914090398936, 0.316707376798286, 0.019682379349045664, 0.4322783148531366, 3.1714853754208234, 4.340199277264724, 0.4322783148531366, 0.6172101028507894, 0.7317898971492106, 0.4801935015597494, 3.5875558575532014, 0.5322878787878791, 1.7708575757575766, 0.5322878787878791, 0.816712121212121]",1.090957003970303,0.6744999999999999,1.1619510078680275,0.019682379349045664,4.340199277264724,30.0,3.0,4.0,1.0
1,"[0.0, 0.0, 0.674500000000001, 0.674499999999999, 0.0, 0.0, 0.0, 0.0, 0.0]",0.14988888888888888,0.0,0.2804164341532248,0.0,0.674500000000001,9.0,8.0,1.0,0.25
2,"[0.6745, 0.6745, 0.6745000000000001, 0.6745000000000001]",0.6745000000000001,0.6745000000000001,7.850462293418876e-17,0.6745,0.6745000000000001,4.0,2.0,2.0,0.5
3,"[0.12552278847112805, 0.12552278847112805, 1.1983188391343376, 2.6895241847013067, 2.342688441208737, 1.3107915627804931, 0.6668986735813305, 0.8939967088860076, 0.49253904457963504, 0.24579864366211215, 0.3955380472723646, 0.6821013264186694, 0.13520943452677764, 2.3304455968884015]",0.9739211486130305,0.6744999999999999,0.8554880311572731,0.12552278847112805,2.6895241847013067,14.0,1.0,3.0,0.75
