Cluster,Dist,mean,median,std,min,max,bag_count,day_count,Cluster_Rank,Cluster_perc
0,"[0.638189233278956, 0.0, 0.9798405383360523, 4.145479200652529, 0.6745, 0.07097104404567697, 0.0957283849918434, 1.7176092985318108, 0.04566353996737359, 0.605729608482871, 1.5888711256117458, 2.4900383360522027, 1.4738870309951064, 0.6167328711256118, 1.5013951876019578, 1.5987740619902124, 0.046213703099510554, 0.07372185970636218, 4.1355762642740626, 0.8597573519065707, 2.0001530181511185, 0.7878182777543268, 0.5708621781342339, 0.7582074715069649, 0.5484642605881523, 0.5907925284930351, 0.5484642605881526]",1.0801274309580162,0.6745,1.0758403061923072,0.0,4.145479200652529,27.0,2.0,2.0,0.67
1,"[10.048984670176525, 0.39542536388974914, 0.3477988541344069, 0.39082982347476, 1.6387279343449985, 0.42634081759058534, 0.4451407556519047, 0.9038592443480953, 19.867983431402912, 2.7863597088882006, 1.6002925054196349, 0.3477988541344069]",3.266628496954682,0.6745,5.64525316108916,0.3477988541344069,19.867983431402912,12.0,1.0,3.0,1.0
2,"[0.31375796930342387, 0.7390035419126327, 0.0, 3.3263122786304593, 1.0949675324675323, 0.34999144037780405, 0.6745, 0.6745, 0.6137795298165136, 0.7201370412844037, 0.6675384174311927, 1.0813658256880734, 0.3616155389908258, 1.1935246559633028, 0.0, 1.0655088876146792]",0.8047814162175527,0.6745,0.7407074482243443,0.0,3.3263122786304593,16.0,2.0,1.0,0.33
