Cluster,Dist,mean,median,std,min,max,bag_count,day_count,Cluster_Rank,Cluster_perc
0,"[1.7520740582613554, 0.34999835790994765, 0.3499983579099482, 0.9990016420900517, 0.09311732440518591, 0.4847097877190484, 0.6720975922496084, 0.8430529277674883, 1.6121116968229094, 0.5160371847841574, 0.6953528992734009, 0.3602650662487534, 0.23293745547798828, 0.09311732440518591, 1.3889760649665195, 2.541747399914518, 0.33672147029491384, 1.0619603219831888, 0.6769024077503915, 2.193686565037755, 0.2300106437416851, 1.7999092211646721, 0.0, 0.6745, 3.3404697062736677]",0.9319502190580937,0.6745,0.8331767654669897,0.0,3.3404697062736677,25.0,3.0,3.0,1.0
1,"[0.0, 0.6745000000000004, 0.6744999999999997, 0.0, 0.0, 0.6745000000000013, 0.6744999999999988, 0.0, 0.0, 0.0, 0.674500000000001, 0.674499999999999]",0.33725000000000005,0.3372499999999994,0.33725,0.0,0.6745000000000013,12.0,9.0,1.0,0.33
2,"[0.6744999999999999, 0.6744999999999999, 0.6745, 0.6745, 0.6745, 0.6745, 0.6745, 0.6745, 0.6745, 0.6745]",0.6744999999999999,0.6745,9.930136612989092e-17,0.6744999999999999,0.6745,10.0,5.0,2.0,0.67
