Cluster,Dist,mean,median,std,min,max,bag_count,day_count,Cluster_Rank,Cluster_perc
0,"[0.0, 0.6744999999999999, 0.6745000000000001]",0.44966666666666666,0.6744999999999999,0.3179623492735509,0.0,0.6745000000000001,3.0,2.0,2.0,0.67
1,"[0.013326747345024202, 1.335673252654976, 0.013326747345023093, 2.3521709063966387]",0.9286244134354156,0.6745000000000001,0.9833251001364232,0.013326747345023093,2.3521709063966387,4.0,1.0,3.0,1.0
2,[0.0],0.0,0.0,0.0,0.0,0.0,1.0,1.0,1.0,0.33
