Cluster,Dist,mean,median,std,min,max,bag_count,day_count,Cluster_Rank,Cluster_perc
0,"[2.3967303265940902, 1.2999073094867808, 0.03356765163297042, 4.975145567651633, 6.4701648522550546, 0.04615552099533435, 0.049092690513219295, 0.03356765163297024, 0.0, 1.7436905564924117, 0.6135333895446885, 0.9572667790893766, 0.6744999999999999]",1.4841017150683482,0.6744999999999999,1.9652933449027286,0.0,6.4701648522550546,13.0,2.0,2.0,0.67
1,"[0.7519652888549831, 0.6263180872459948, 0.7226819127540052, 0.6263180872459948]",0.6818208440252445,0.6745,0.05646012331354283,0.6263180872459948,0.7519652888549831,4.0,1.0,1.0,0.33
2,"[0.5468918918918916, 0.5468918918918917, 8.823189189189188, 0.8021081081081083]",2.6797702702702697,0.6745,3.548434569019638,0.5468918918918916,8.823189189189188,4.0,1.0,3.0,1.0
