Cluster,Dist,mean,median,std,min,max,bag_count,day_count,Cluster_Rank,Cluster_perc
0,"[0.0, 0.6745000000001762, 0.6744999999998238]",0.44966666666666666,0.6744999999998238,0.3179623492735509,0.0,0.6745000000001762,3.0,2.0,1.0,0.33
1,"[0.0, 43.1679999994824, 0.6745]",14.614166666494134,0.6745,20.19248682172908,0.0,43.1679999994824,3.0,1.0,3.0,1.0
2,"[1.1133632442552117, 0.28050108288672393, 1.539326756478985, 1.3731900925042437, 0.77148320607885, 0.012850212906535322, 0.01285021290654588, 0.57751679392115, 0.28921644886572084, 2.8425710850892303]",0.8812869135893198,0.6745,0.8306424617385729,0.012850212906535322,2.8425710850892303,10.0,1.0,2.0,0.67
