Cluster,Dist,mean,median,std,min,max,bag_count,day_count,Cluster_Rank,Cluster_perc
0,"[0.7242076385153308, 0.6247923614846692, 2.671150618612157, 0.6247923614846692, 0.506937762605042, 8.821992384453784, 2.638131039915967, 0.6266756827731093, 0.7223243172268907, 0.5069377626050422]",1.8467941929676663,0.6745,2.460680740064006,0.506937762605042,8.821992384453784,10.0,2.0,3.0,1.0
1,[0.0],0.0,0.0,0.0,0.0,0.0,1.0,1.0,1.0,0.33
2,"[0.17986666666666656, 1.6048448275862066, 0.6745, 2.3033787356321844, 0.0]",0.9525180459770116,0.6745,0.8754347090001834,0.0,2.3033787356321844,5.0,1.0,2.0,0.67
