Cluster,Dist,mean,median,std,min,max,bag_count,day_count,Cluster_Rank,Cluster_perc
0,"[0.9648469336461124, 0.6820723022788203, 0.0, 0.009154574396782961, 0.6745, 0.6508789376675602, 0.645114946380697, 0.8739793063002679, 0.8824557640750668, 0.07901827553889407, 0.6542713214620431, 1.0695913776944703, 0.004425023430178108, 0.6460534208059981, 0.8483402061855669, 0.7048430178069353, 0.004425023430178108, 1.1998134957825677, 0.12579709465791947, 0.694728678537957, 4.914936738519212]",0.7775831637427251,0.6745,0.9962573251807297,0.0,4.914936738519212,21.0,2.0,2.0,0.67
1,"[0.6745, 0.6745]",0.6745,0.6745,0.0,0.6745,0.6745,2.0,1.0,1.0,0.33
2,"[0.021661683277962446, 7.707077519379843, 0.021661683277962137, 0.43696843853820594, 0.912031561461794, 1.8352674418604649]",1.822444721299372,0.6745,2.703796816273903,0.021661683277962137,7.707077519379843,6.0,1.0,3.0,1.0
