Cluster,Dist,mean,median,std,min,max,bag_count,day_count,Cluster_Rank,Cluster_perc
0,"[0.0, 0.0]",0.0,0.0,0.0,0.0,0.0,2.0,2.0,1.0,0.25
1,"[0.6745, 0.6745, 0.6745, 0.6745]",0.6745,0.6745,0.0,0.6745,0.6745,4.0,2.0,3.0,0.75
2,"[1.4771146676046432, 0.6745, 0.6400988392543087, 0.0, 0.6778214913823427]",0.6939069996482589,0.6745,0.46871139705431275,0.0,1.4771146676046432,5.0,1.0,4.0,1.0
3,"[0.6745, 0.0, 0.6463958333333333, 0.9212380514705882, 0.946242493872549]",0.6376752757352941,0.6745,0.341667511366751,0.0,0.946242493872549,5.0,1.0,2.0,0.5
