Cluster,Dist,mean,median,std,min,max,bag_count,day_count,Cluster_Rank,Cluster_perc
0,"[0.27472169130456414, 0.5802962769399234, 0.8560587078791497, 0.03750019909412186, 0.03750019909412164, 0.7687037230600767, 0.844174132696232, 1.2393866158976654, 0.6745, 0.6745]",0.5987341545965854,0.6745,0.3622918716897662,0.03750019909412164,1.2393866158976654,10.0,2.0,2.0,0.67
1,"[0.512777081863091, 13.06617647318278, 0.7373922459421313, 0.0, 0.6745000000000001, 1.0465579128440365, 0.10823178369795339]",2.3065193567899986,0.6745000000000001,4.405408726288711,0.0,13.06617647318278,7.0,1.0,3.0,1.0
2,[0.0],0.0,0.0,0.0,0.0,0.0,1.0,1.0,1.0,0.33
