Cluster,Dist,mean,median,std,min,max,bag_count,day_count,Cluster_Rank,Cluster_perc
0,"[0.4628921568627455, 7.717073529411746, 0.4628921568627427, 0.8861078431372544, 3.115733816425123, 0.6327917874396137, 0.6745, 0.0, 3.8306386473429983]",1.9758477708313582,0.6745,2.3773969168417413,0.0,7.717073529411746,9.0,2.0,3.0,1.0
1,"[0.7182616361071931, 0.0, 0.6745, 0.4730537729196051, 0.9589506346967558, 0.018441826643397254, 0.018441826643397254, 1.3305581733566025, 1.933252763234439]",0.6806067370668212,0.6745,0.6194727100145561,0.0,1.933252763234439,9.0,2.0,2.0,0.67
2,"[0.674500000000005, 0.674499999999995]",0.6745,0.6745,4.9960036108132044e-15,0.674499999999995,0.674500000000005,2.0,1.0,1.0,0.33
