Cluster,Dist,mean,median,std,min,max,bag_count,day_count,Cluster_Rank,Cluster_perc
0,"[0.6885711028070398, 1.131463529100206, 0.5846156211381189, 0.0075614811981375585, 0.8305126081327523, 0.0075614811981460205, 0.7281051462366797, 0.66042889719296, 1.240458707422404, 0.0894032622849644, 3.912756425193725, 0.08940326228498412, 1.2701365225139192, 0.10854129257759598]",0.810679952805831,0.6744999999999999,0.9651377034348273,0.0075614811981375585,3.912756425193725,14.0,2.0,2.0,0.67
1,"[0.6744999999999961, 0.6745000000000039]",0.6745,0.6745,3.885780586188048e-15,0.6744999999999961,0.6745000000000039,2.0,1.0,1.0,0.33
2,"[0.6745, 12.103573982739658, 0.0]",4.259357994246552,0.6745,5.5535292633362525,0.0,12.103573982739658,3.0,1.0,3.0,1.0
