Cluster,Dist,mean,median,std,min,max,bag_count,day_count,Cluster_Rank,Cluster_perc
0,"[0.0, 0.6745, 3.915588501129807, 0.977231577879935, 1.039702170091942, 0.7514254664683612, 2.242694260411033, 0.2845831868577609, 0.2304116076257435, 0.895883011087074, 0.12407480394808004, 1.0901346335857223, 1.5669174891833424, 0.12407480394808004, 0.8179999661979447, 0.1351097552731206, 0.4705357963764198, 0.5975745335316388, 0.3986718158464033]",0.859848072602232,0.6745,0.9004543190074237,0.0,3.915588501129807,19.0,2.0,3.0,0.75
1,"[0.6744999999999998, 0.6745000000000002, 0.0, 0.0, 0.0, 0.6745000000000013, 0.6744999999999987, 0.6745, 0.6745000000000001, 0.6745000000000004, 0.6744999999999995, 0.0]",0.4496666666666666,0.6744999999999997,0.3179623492735509,0.0,0.6745000000000013,12.0,8.0,1.0,0.25
2,"[0.6745, 0.6745, 0.6745, 0.6745]",0.6745,0.6745,0.0,0.6745,0.6745,4.0,2.0,2.0,0.5
3,"[0.5507717601904303, 3.792623401546326, 0.7982282398095694, 0.5507717601904306]",1.4230987904341892,0.6745,1.3717706607786002,0.5507717601904303,3.792623401546326,4.0,1.0,4.0,1.0
