Cluster,Dist,mean,median,std,min,max,bag_count,day_count,Cluster_Rank,Cluster_perc
0,"[0.28822420867526377, 0.9304426533802269, 0.16448055881203583, 0.49167985541227044, 0.33928927315357565, 2.9395428878468155, 1.5840921258304026, 1.73279259476358, 1.2684209652207896, 0.16448055881203621, 0.2979905236420477, 0.8573201445877295, 3.204164863689396, 5.349482116352441, 0.6908767163952422, 0.6581232836047579, 3.539438202867735, 0.1837805637439335, 0.030117885028270078, 0.030117885028270078, 5.549589664134341, 0.36543282686925116, 1.4686084566173505, 0.3654328268692521, 0.8821629348260693, 0.4668370651739306, 0.0, 1.111127206564145, 5.4256485461607085, 0.6745, 4.939412389125071, 0.12834132857467764, 0.5297914939029724, 0.5702728223026995, 0.5073648025682744, 0.7791047910215364, 0.6173741842929371, 4.283545246592837, 3.8743599083258973]",1.4688144707889426,0.6745,1.6880705541146537,0.0,5.549589664134341,39.0,4.0,4.0,0.8
1,"[0.9455703094777564, 0.9348859767891683, 0.7387364603481625, 0.6721310444874274, 0.27330880077369435, 0.45101479690522234, 0.6768689555125726, 0.9566254352030948, 0.2787882978723405, 0.27330880077369446, 0.07110201149425398, 31.63019396551729, 1.277897988505746, 0.07110201149425398]",2.8036810610824774,0.6745000000000001,8.002825138811659,0.07110201149425398,31.63019396551729,14.0,2.0,5.0,1.0
2,"[0.6745, 0.6745, 0.6745, 0.6745, 0.6745, 0.6745]",0.6745,0.6745,0.0,0.6745,0.6745,6.0,3.0,2.0,0.4
3,"[2.1436279620853083, 6.095736966824648, 4.548879146919434, 11.096526066350714, 0.12181042654028446, 0.0047109004739342535, 1.0044312796208539, 0.22259004739336516, 0.6088838862559246, 0.38461137440758336, 0.4850545023696688, 0.0, 0.8294549763033173, 0.019516587677725218, 0.9423483412322272, 0.14553317535545, 0.11878199052132743, 0.6327748815165878, 0.7160568720379147, 0.7929454976303323, 0.6745, 4.393251184834124, 3.455781990521328, 0.5861706161137448, 0.8785829383886268, 0.08597393364928864, 3.219732227488153, 0.7094952606635078, 0.9822227488151658, 1.491, 0.4310473933649287, 0.9297298578199052, 0.1610118483412325, 0.37973222748815144, 0.47866113744075844, 1.454995260663508, 1.0372393364928916, 0.8718530805687211, 0.4914478672985781, 0.043071090047393124, 0.9906350710900476, 0.3452417061611377, 0.4312156398104263]",1.2892294720599586,0.6745,2.0052226459528604,0.0,11.096526066350714,43.0,1.0,3.0,0.6
4,"[0.6745, 0.6745000000000001, 0.0, 0.0, 0.0, 0.0]",0.22483333333333336,0.0,0.31796234927355094,0.0,0.6745000000000001,6.0,5.0,1.0,0.2
