Cluster,Dist,mean,median,std,min,max,bag_count,day_count,Cluster_Rank,Cluster_perc
0,"[0.4578318678085774, 0.9167970155596231, 1.0059160336035564, 0.8911681321914225, 1.5701483361663175, 0.2414591821391214, 0.0827382550993724, 0.0827382550993724, 3.1812721604987613, 0.6442011429941651, 1.3791191484826686, 1.3629453813977037, 1.201207710548051, 2.208276303519569, 2.0802699224682284, 0.5243175871899396, 0.6340476114352702, 0.6893079823089014, 0.9155969546798818, 0.20718595635840442, 1.7610896144725974, 0.0, 0.4563338528761356, 0.760831974529081, 0.6304714118242615, 0.4243996483094877, 0.48693821437135315, 0.5784278235153064, 0.8557360456131937, 0.387182013161751, 1.7645759598220236, 0.25574319931793354, 0.20851579942983522, 1.1235915993925345, 1.1252808595102977, 0.11343201982255635, 0.13499704260250978, 0.34511224788852485, 0.45185911064929535, 1.9193229691205078, 0.6774112780752938, 3.0341268217302115, 0.6587755042229504, 0.07287180614392667, 0.3386966536114885, 0.6745, 0.10315269229744506, 1.161258505848187, 1.1048300295739748, 1.1493438307622625, 1.1484273172941144, 1.224551847707351, 0.39977958063570734]",0.8643040040317173,0.6745,0.7009298530308301,0.0,3.1812721604987613,53.0,2.0,1.0,0.33
1,"[2.8297828215262997, 0.6745, 1.419341593189419, 0.35535834600182414, 2.361631833384007, 0.561215171784737, 0.5916691851626634, 0.258418197020371, 0.131926375798115, 0.21164001216175118, 0.09462277287929458, 0.5807590605047126, 1.526679173000912, 0.653110413499544, 1.3104249163879598, 0.7383201276983886, 0.6004054879902705, 0.8278569778048039, 7.265876421404681, 0.692546822742475, 0.8260317877774399, 0.1889789449680755, 0.8469907114624506, 3.14878092125266, 0.0]",1.1478747230161142,0.6745,1.484168130249911,0.0,7.265876421404681,25.0,1.0,3.0,1.0
2,"[0.42154218754182626, 0.380736716010386, 0.4528504564070989, 0.3807367160103863, 1.22652941885055, 1.077463059132157, 1.0905713654736726, 0.7116221457825843, 3.5745773616725107, 0.43345882967047666, 0.42670606579757464, 1.276001539202827, 0.8041747329817708, 0.6373778542174157]",0.9210248891965168,0.6745,0.8011788114763,0.380736716010386,3.5745773616725107,14.0,1.0,2.0,0.67
