Cluster,Dist,mean,median,std,min,max,bag_count,day_count,Cluster_Rank,Cluster_perc
0,"[0.0, 0.48051980909370845, 0.832342553628246, 1.8583883814020326, 1.2684172226213688, 0.35396884943036006, 0.47152001436929053, 0.6745, 0.18477270861131065, 1.235464128091963, 0.6734615621471827, 0.8052739402648055, 0.597655598891512, 1.4585898080673305, 0.9468476341989115, 0.17019175938110634, 0.17019175938110598, 1.1788082406188938, 1.819928869083224]",0.7989917283832817,0.6745,0.5362038582482758,0.0,1.8583883814020326,19.0,2.0,3.0,0.43
1,"[0.6744999999999952, 0.6745000000000048, 0.6744999999999995, 0.6745000000000004, 0.6745000000000002, 0.6744999999999999, 0.0, 0.0, 0.6745000000000003, 0.6744999999999997, 0.6745, 0.6745000000000001, 0.0]",0.518846153846154,0.6744999999999999,0.28418374233633426,0.0,0.6745000000000048,13.0,8.0,1.0,0.14
2,"[1.7700927924791086, 0.4629719150417822, 0.8130355362116995, 0.13312450557103042, 0.21271174791086403, 2.151344993036211, 0.6007653133704741, 1.0008621796657375, 0.018572235376044337, 0.5187731685236775, 0.2504574442896941, 0.46520772284122575, 0.39202729108635126, 1.475961942896936, 2.718131664345403, 0.7482346866295259, 3.5191708704735363, 1.0231638927576594, 0.06285626044568296, 0.018572235376044834, 1.8980223328690802, 1.699204533426184, 1.9430766782729807, 0.10866213788300859, 0.21718725785622078, 0.10651964823811505, 0.6745, 0.30682470327778083, 0.0, 5.1545056884570455, 5.933866152143164, 1.1761959289096608, 2.080285591292048]",1.201663304574363,0.6745,1.4040064481098087,0.0,5.933866152143164,33.0,2.0,5.0,0.71
3,"[0.0, 0.6745, 0.7094592642724964, 0.0, 0.6745, 5.449342137404581]",1.2513002336128463,0.6745,1.9023690945028613,0.0,5.449342137404581,6.0,2.0,6.0,0.86
4,"[0.6745, 0.6745]",0.6745,0.6745,0.0,0.6745,0.6745,2.0,1.0,2.0,0.29
5,"[0.24656053534660266, 2.5335954472660713, 0.26051038663921317, 0.24656053534660186, 3.48539503546099, 1.0884896133607869]",1.3101852589033778,0.6745,1.267663958025368,0.24656053534660186,3.48539503546099,6.0,1.0,7.0,1.0
6,"[2.348215960581376, 0.3229957659642955, 2.0327022061554465, 0.0, 0.6745]",1.0756827865402236,0.6745,0.9401920745224875,0.0,2.348215960581376,5.0,1.0,4.0,0.57
