Cluster,Dist,mean,median,std,min,max,bag_count,day_count,Cluster_Rank,Cluster_perc
0,"[5.143453768808889, 7.647016884052875, 0.0, 0.6745, 0.6718322581212205, 0.9913452825592725, 2.3634104822994475, 0.3576547174407275, 0.3576547174407275]",2.022985345635907,0.6745,2.490657515215797,0.0,7.647016884052875,9.0,2.0,3.0,1.0
1,"[0.6744999999999993, 0.6745000000000007, 0.0, 0.0, 0.0, 0.0, 1.7418773823933267, 0.0, 0.6745, 0.0]",0.3765377382393327,0.0,0.5460019122777415,0.0,1.7418773823933267,10.0,7.0,1.0,0.33
2,"[0.6744999999999999, 0.6745, 0.6745, 0.6745]",0.6745,0.6745,5.551115123125783e-17,0.6744999999999999,0.6745,4.0,2.0,2.0,0.67
