Cluster,Dist,mean,median,std,min,max,bag_count,day_count,Cluster_Rank,Cluster_perc
0,"[1.1789887209692058, 0.4900429695296701, 0.003546029366905637, 0.31047824032055776, 0.7802737885869012, 1.1789861808335562, 0.5783761867461032, 0.2815613360849902, 0.27856651615405775, 0.3588703645819605, 0.0035460293669055012, 0.38274255941733176, 0.7706238132538966, 0.41655938532106634, 1.1790344434108997, 0.4395628537642589, 0.11710025344867182, 1.0059724614648804, 1.5978850310879462, 1.7545224959233554, 1.5040346392404826, 1.806574955655897, 1.1790014216474543, 1.1362814202917109, 0.6745253200195201, 0.23425069259356576, 0.25772235068883964, 0.7704122339427155, 1.2385793948721797, 1.4610461503810201, 0.6745, 0.0, 0.2407478096024625, 0.674477193575655, 0.6744771935756552, 2.4687042096365177, 0.6745228064243448]",0.7777593905886795,0.6745,0.5727180842855394,0.0,2.4687042096365177,37.0,3.0,4.0,0.57
1,"[0.6744999999999438, 0.6745000000000562, 0.6744999999999489, 0.6745000000000511, 0.0, 0.0, 0.6745000000000001, 0.6745, 0.0]",0.4496666666666667,0.6744999999999489,0.3179623492735509,0.0,0.6745000000000562,9.0,6.0,1.0,0.14
2,"[0.0, 1541.9376590909035, 0.6745, 0.6745, 6.070500000000561, 0.0]",258.22619318181734,0.6745,574.0971033316063,0.0,1541.9376590909035,6.0,2.0,6.0,0.86
3,"[0.2698000000000084, 0.6407749999999902, 0.4890124999999951, 176.46606249999735, 0.6745, 0.7419499999999914, 400.23143749999406, 0.2360749999999986, 0.13490000000001123, 732.0011249999891, 1482.567862499978, 1244.5873999999815, 1017.6012874999849, 0.10117499999998737, 0.0]",337.11622416666165,0.6745,503.6506956502572,0.0,1482.567862499978,15.0,1.0,7.0,1.0
4,"[0.6745, 0.6745, 0.6745, 0.6745, 0.6745, 0.6745]",0.6745,0.6745,0.0,0.6745,0.6745,6.0,3.0,3.0,0.43
5,"[0.7063160377358488, 0.6426839622641513, 0.637593396226416, 150.08388584905686, 149.67155000000025, 0.637593396226416]",50.39660377358499,0.6745000000000001,70.34387513634162,0.637593396226416,150.08388584905686,6.0,1.0,5.0,0.71
6,"[1.0266240189830962, 0.3140510548027906, 0.0, 0.7099488026562918, 0.6745]",0.5450247752884357,0.6745,0.353921591705791,0.0,1.0266240189830962,5.0,1.0,2.0,0.29
