Cluster,Dist,mean,median,std,min,max,bag_count,day_count,Cluster_Rank,Cluster_perc
0,"[0.6916136149104053, 0.6573863850895946, 0.6573863850895946, 0.7992779538712472, 0.6745, 0.6745]",0.6924440564934736,0.6745,0.04918710914720478,0.6573863850895946,0.7992779538712472,6.0,2.0,2.0,0.5
1,"[0.6745000000000017, 0.6744999999999983, 0.6745000000000001, 0.6745, 0.0, 0.0, 0.0, 1.5282841659164164, 0.6745, 0.0, 0.0]",0.4455258332651288,0.6744999999999983,0.46971730304885373,0.0,1.5282841659164164,11.0,7.0,1.0,0.25
2,"[0.0, 0.8878303361300939, 0.6745, 0.32237976758115544, 0.8448817837957653, 0.42242500414723577, 0.0, 0.3622579580852671, 1.1844870467992554, 2.1569255064236077, 1.6077450279247223, 0.6745]",0.7614943692405919,0.6745,0.6128667641845487,0.0,2.1569255064236077,12.0,2.0,3.0,0.75
3,"[2.4799354677465333, 0.6788861628578715, 0.1402193136291341, 0.1402193136291338, 0.6701138371421285, 1.0290024092566474, 1.0278490300180607, 0.7654968004608581, 0.4887454955393288, 0.4887454955393286, 0.5835031995391418, 0.8304140649327395]",0.7769275491909088,0.6745,0.5820264579306482,0.1402193136291338,2.4799354677465333,12.0,2.0,4.0,1.0
