Cluster,Dist,mean,median,std,min,max,bag_count,day_count,Cluster_Rank,Cluster_perc
0,"[0.8299853896103893, 1.8198360389610446, 0.2912613636363631, 0.4314172077922067, 2.00379058441559, 0.29126136363636496, 0.5190146103896108, 2.0563490259740314, 3.792341836734693, 0.7846224489795911, 3.3449693877550994, 0.3647806122448978, 0.6676173469387763, 3.0008367346938756, 0.5506122448979586, 2.856301020408163, 1.390295918367348, 1.0461632653061215, 1.1287551020408177, 0.8052704081632652, 1.0255153061224502, 0.29595408163265474, 0.08259183673469335, 0.6813826530612238, 0.055061224489795564, 0.027530612244897782, 0.536846938775511, 0.04129591836734524, 0.22712755102040885, 0.2340102040816326, 3.4413265306122427, 0.5574948979591823, 0.9773367346938785, 0.6882653061224475, 0.7020306122448978, 0.5299642857142873, 0.0, 0.4404897959183674, 0.6263214285714281, 1.3971785714285718, 0.6745, 3.5927448979591823, 0.1720663265306133, 4.033234693877549, 0.2340102040816326, 0.15830102040816296, 2.6567040816326517, 0.7915051020408177, 0.020647959183674052, 0.30283673469387845, 0.41984183673469333, 3.1247244897959168, 0.6882653061224503]",1.0832563972415727,0.6745,1.1217693536615438,0.0,4.033234693877549,53.0,2.0,1.0,0.33
1,"[3.9382096774193665, 2.0452580645161356, 0.6527419354838733, 0.5548306451612895, 5.7006129032258235, 0.6745, 0.4786774193548416, 0.9029596774193575, 0.054395161290321264, 0.6636209677419367, 0.5113145161290362, 0.0, 0.3807661290322579, 1.2075725806451627, 0.1414274193548371, 20.126209677419407, 1.425153225806457, 0.9029596774193575, 5.526548387096787, 3.078766129032267, 0.9899919354838733, 0.3046129032258054, 0.32637096774193664, 0.2719758064516154, 2.0235000000000043]",2.11531903225807,0.6745,3.990822983262498,0.0,20.126209677419407,25.0,1.0,3.0,1.0
2,"[4.8584285714285755, 0.15214285714285736, 0.3245714285714268, 0.6288571428571414, 0.8012857142857152, 0.4158571428571437, 0.111571428571429, 0.6592857142857139, 5.193142857142862, 0.6897142857142862, 5.1018571428571455, 5.335142857142859, 4.90914285714286, 0.111571428571429]",2.092326530612246,0.6745000000000001,2.238462911965836,0.111571428571429,5.335142857142859,14.0,1.0,2.0,0.67
