Cluster,Dist,mean,median,std,min,max,bag_count,day_count,Cluster_Rank,Cluster_perc
0,"[0.39126839826839727, 0.14599567099566982, 0.14599567099567223, 2.569523809523816, 0.9577316017316028, 2.5928831168831232, 5.208638888888898, 0.5870648148148191, 1.1741296296296329, 0.6495185185185213, 0.14988888888888832, 0.0, 1.0991851851851862, 5.758231481481494, 0.6745, 0.09992592592592554, 0.9992592592592606, 1.4988888888888936, 0.1873611111111117, 0.5995555555555584, 5.221129629629639, 3.8376724137931038, 0.14730459770114934, 0.3101149425287338, 0.0, 0.426408045977013, 2.6824942528735614, 3.5973333333333315, 0.8915804597701168, 0.6745, 4.1826536312849205, 0.6556592178770955, 0.6933407821229045, 0.6556592178770955]",1.4548646159210332,0.6745,1.6516460962462,0.0,5.758231481481494,34.0,4.0,4.0,0.67
1,"[0.6744999999999994, 0.6745000000000005, 0.0, 0.6744999999999993, 0.6745000000000008, 0.0, 0.0]",0.3854285714285715,0.6744999999999993,0.3337909342014879,0.0,0.6745000000000008,7.0,5.0,1.0,0.17
2,"[1.6113055555555582, 0.6745, 3.2600833333333368, 0.08029761904761921, 0.0]",1.1252373015873027,0.6745,1.2128521729254023,0.0,3.2600833333333368,5.0,1.0,3.0,0.5
3,"[0.6745, 2617.985693103451, 0.0, 0.6745, 5.717190476190505, 0.0]",437.5086472632736,0.6745,975.1409972307389,0.0,2617.985693103451,6.0,2.0,6.0,1.0
4,"[0.6745, 0.6745, 0.6745, 0.6745, 0.6745, 0.6745, 0.6745, 0.6745]",0.6745,0.6745,0.0,0.6745,0.6745,8.0,4.0,2.0,0.33
5,"[0.2521495327102809, 0.07564485981308287, 1.54231464174455, 0.4538691588785042, 13.754757009345811, 0.008404984423676846, 2.4542554517133994, 0.49169158878504743, 0.1680996884735212, 0.36561682242990695, 0.853105919003115, 0.6808037383177563, 0.2017196261682233, 21.722682242990675, 2.7988598130841167, 2.172688473520252, 2.147473520249225, 0.6429813084112148, 1.5717320872274165, 1.781856697819318, 0.6681962616822437, 1.7986666666666702, 0.4538691588785042, 0.008404984423675096]",2.3779101765316746,0.6745,4.842463269491503,0.008404984423675096,21.722682242990675,24.0,1.0,5.0,0.83
