Cluster,Dist,mean,median,std,min,max,bag_count,day_count,Cluster_Rank,Cluster_perc
0,"[0.6744760443242155, 0.6744760443242154, 0.6745239556757844, 1.4578186572509277, 1.4443499253359877, 0.0, 0.9680703334992531, 0.02923169072507057, 0.050853293512527015, 0.7815784138045461, 0.6745, 0.2761118964659034, 0.5182693711630991, 0.4783164094906255, 0.888209175377468, 1.1284641280902605, 0.7661120292019246, 8.768500000000842, 0.0, 0.6745, 0.7695674895988697, 0.1936427604207553, 1.7436452429547062, 0.5795913533244368, 0.7694086466755632, 0.19364276042075507, 0.0, 47369.01083333855, 71116.58200000784, 0.2248333333333333, 14818.540166668297, 0.6745, 0.4496666666666666, 0.6745, 34764.854166670484, 59408.16133333987, 0.6745, 0.0]",5986.97432525386,0.6745,16933.957342302194,0.0,71116.58200000784,38.0,6.0,3.0,1.0
1,"[0.0, 0.6745, 0.0, 1.1409418240497249, 0.0, 0.0, 0.6745000000000624, 0.6744999999999376, 0.0]",0.3516046471166361,0.0,0.41552731491975425,0.0,1.1409418240497249,9.0,6.0,1.0,0.33
2,"[3.739319962939526, 3.739350447437402, 0.4689822251778771, 0.5702691468343639, 0.7787308531656361, 0.4689822251778771, 0.0, 1748.091000000001, 0.6745, 1480.474250000001, 0.23075000000000429]",294.47601226006685,0.6745,624.7747706464984,0.0,1748.091000000001,11.0,2.0,2.0,0.67
