Cluster,Dist,mean,median,std,min,max,bag_count,day_count,Cluster_Rank,Cluster_perc
0,"[0.30307999916377165, 2.2529709619760068, 3.1852847287310584, 0.6563591948516216, 0.6038098486775407, 0.6926408051483782, 0.30307999916377165, 5.4802246631568305, 0.6544863823408473, 0.6945136176591528, 1.4648686940364923, 0.6544863823408473]",1.412150439770527,0.6744999999999999,1.4795412360685818,0.30307999916377165,5.4802246631568305,12.0,2.0,4.0,0.8
1,"[0.0, 0.6745, 0.0, 1.0176978009352335, 0.0, 0.0, 0.0, 0.6745, 1.2380267174251607, 0.0]",0.36047245183603943,0.0,0.4667885583173683,0.0,1.2380267174251607,10.0,6.0,1.0,0.2
2,"[8.67806703703707, 0.6745, 0.0, 2.8500799006180633, 0.09781386957437847, 1.5403523054502037, 0.7632340011471649, 0.09781386957437847, 0.5857659988528351, 54.925761363675655, 0.6745, 0.0]",5.907324028827478,0.6745,14.960338417843635,0.0,54.925761363675655,12.0,3.0,5.0,1.0
3,"[0.6745, 0.6745, 0.6745, 0.6745]",0.6745,0.6745,0.0,0.6745,0.6745,4.0,2.0,2.0,0.4
4,"[0.696303576831189, 0.6526964231688108, 0.8247852962348601, 0.9329270967001551, 0.5342738333698474, 0.5342738333698478]",0.6958766766124517,0.6744999999999999,0.14543383850635347,0.5342738333698474,0.9329270967001551,6.0,1.0,3.0,0.6
