Cluster,Dist,mean,median,std,min,max,bag_count,day_count,Cluster_Rank,Cluster_perc
0,"[0.3882296511627885, 3.8705319767442012, 3.9254331395349, 0.08235174418604427, 0.6235203488372082, 0.08235174418604753, 0.34117151162790654, 0.7254796511627918, 3.8626889534883886, 4.47444476744188, 2.886057620817846, 0.0075223048327150155, 0.624351301115242, 0.15796840148699026, 0.007522304832712929, 1.5821914498141278, 0.5190390334572484, 0.724648698884758, 1.7426672862453536, 1.1057788104089215, 0.46387546468401397, 1.6373550185873622, 0.6694664179104441, 0.6694664179104483, 0.6795335820895517, 6.166138059701481, 0.7531916666666725, 1.1016833333333402, 0.8656083333333414, 0.8768500000000023, 0.6969833333333356, 1.0904416666666747, 0.9443000000000047, 0.30352500000000115, 0.033724999999996494, 0.0, 0.3934583333333345, 0.6632583333333345, 0.7531916666666678, 0.44966666666666666, 0.7194666666666713, 0.08993333333333332, 0.3597333333333333, 2.5181333333333518, 0.3934583333333345, 2.506891666666682, 0.46090833333333214, 5.8681500000000355, 0.06745000000000233, 0.17986666666666665, 0.6745, 0.157383333333331, 0.7307083333333415, 1.9560500000000118, 0.3597333333333333, 0.29228333333333567, 0.9218166666666736, 0.854366666666676, 0.6745, 0.11241666666666901, 0.5958083333333368, 1.809908333333346, 0.4833916666666725, 0.6857416666666748, 0.2698, 2.2708166666666827, 0.6745, 2.349508333333351, 0.989266666666676, 0.6745000000000084, 19.642257575757508, 0.6744999999999916, 4.721499999999975, 0.3065909090909083, 0.3065909090909083]",1.3773080007345457,0.6745,2.5062651806173255,0.0,19.642257575757508,75.0,5.0,3.0,1.0
1,"[0.6744999999999896, 0.6745000000000104, 0.0, 0.6745000000000009, 0.6744999999999991, 0.0, 0.0, 0.0]",0.33725,0.3372499999999948,0.33725,0.0,0.6745000000000104,8.0,6.0,1.0,0.33
2,"[0.6745, 0.6745, 0.6745, 0.6745, 1.561141129032255, 2.6816814516129006, 0.054395161290321084, 0.054395161290323346, 2.5184959677419325, 0.734334677419355, 0.614665322580645, 0.4351612903225823, 0.11902941176470587, 0.6745, 0.1002352941176465, 0.07935294117647058, 1.1130294117647066, 0.35917647058823504, 0.8311176470588245, 0.7120882352941187, 0.7914411764705893, 0.707911764705883, 0.0856176470588237, 1.071264705882354, 0.0]",0.7198813946869069,0.6745,0.6717559264990661,0.0,2.6816814516129006,25.0,4.0,2.0,0.67
