Cluster,Dist,mean,median,std,min,max,bag_count,day_count,Cluster_Rank,Cluster_perc
0,"[0.7343365961199294, 0.009203134519801138, 0.6945349318582652, 0.009203134519801138, 0.7343365961199294, 0.3417055715889049, 0.6544650681417348, 0.734258731762065, 0.6745724120346762, 1.1196077256501786, 0.22591649668536462, 1.1773201172870986, 2.2738646098929123, 0.6745, 0.674328021417644, 0.674916369199388, 0.6747534421213666, 0.6746267210606833, 0.526064380418154, 0.6745633605303417, 0.6746719785823561, 0.2919019632840388, 0.603291815400306, 0.7484507904130545, 0.3989993625701173, 0.4899036206017337, 0.3544931157572666, 0.05827358490566035, 0.027625191228964785, 0.17092860785313613, 0.042732151963284094, 0.9373737888832229, 1.1015047169811318, 1.5195031871494138, 0.6746810300866904, 0.3795386282508924, 0.9194518103008669, 0.049502677205507425, 0.7945682049974504, 0.6746267210606833, 0.8183012493625702, 0.9837808516063232, 3.1483666496685365, 0.6746448240693523, 0.3044382967873534, 0.5229325599184089, 0.6744909484956655, 0.06359586945436001, 0.28527626211116774, 0.36721953085160636, 0.5370981642019378, 0.6746900815910251, 0.0]",0.6400742576702325,0.6745,0.5320628277771241,0.0,3.1483666496685365,53.0,2.0,1.0,0.33
1,"[0.8318833333333159, 1.5963166666666393, 0.8318833333333159, 0.29228333333333834, 931.3720833333325, 3152.90528333333, 1362.6473833333323, 0.15738333333331586, 0.5171166666666841, 5409.242683333328, 0.33725, 0.11241666666665419, 0.1573833333333533, 0.11241666666669163]",775.7938404761898,0.6745,1546.8631690934708,0.11241666666665419,5409.242683333328,14.0,1.0,3.0,1.0
2,"[1.8802479951711657, 0.301887751142537, 0.3268099939639563, 0.6745, 0.038347877324595624, 1.6807537294127797, 1.7102707381219284, 0.4810739271650713, 0.3764121396338133, 0.2743967046075135, 0.0, 1.4144414863039299, 1.1220922364979453, 0.20112279037682174, 0.0519867710039952, 0.722706267425484, 0.30832430082492596, 0.09670334281854501, 0.7546757566612059, 1.9237916415164846, 1.7524863614153094, 0.7700691917449919, 0.14155562501796456, 1.8807520623149674, 1.1095681066942604]",0.7997990718864078,0.6745,0.6647959763588401,0.0,1.9237916415164846,25.0,1.0,2.0,0.67
