Cluster,Dist,mean,median,std,min,max,bag_count,day_count,Cluster_Rank,Cluster_perc
0,"[1.1789814049586778, 0.6745, 0.0, 0.0, 0.0, 0.6744999999999999, 0.6745000000000001]",0.4574973435655254,0.6744999999999999,0.42923872273259234,0.0,1.1789814049586778,7.0,4.0,1.0,0.33
1,"[69.87793652343734, 0.27138085937499806, 1.0618105468749994, 0.4663535156250004, 0.8826464843749997, 0.2713808593750002, 0.41629296874999716, 1.3160654296874972]",9.32048339843748,0.6745000000000001,22.891404887471516,0.27138085937499806,69.87793652343734,8.0,1.0,3.0,1.0
2,"[0.7133989361702129, 0.0, 0.6745, 0.0, 3.2045018587360774, 0.6745, 0.7094417206290485, 0.6745, 0.0]",0.7389825017261489,0.6745,0.9268268607952342,0.0,3.2045018587360774,9.0,3.0,2.0,0.67
