Cluster,Dist,mean,median,std,min,max,bag_count,day_count,Cluster_Rank,Cluster_perc
0,"[0.18525000000001426, 2.5127500000000804, 0.1852499999999826, 0.7267500000000268, 0.9072499999999781, 0.9927500000000017, 0.34675000000003076, 0.8787500000000441, 0.7077499999999969, 0.6222499999999732, 0.6412500000000031, 0.6412499999999715, 0.651241379310363, 0.8838275862068881, 0.8280068965517221, 0.697758620689637, 0.35353103448278, 0.595420689655166, 0.35353103448278, 1.3303931034482779, 0.9396482758620849, 0.5768137931034439, 1.0792000000000224, 0.2360750000000365, 0.0, 2.0403625000000547, 0.2360750000000365, 0.7082250000000534, 0.6745, 0.5058750000000141, 0.9611625000000323, 0.6407750000000028, 1.264687500000007, 1.1972375000000126, 1.9729125000000602, 0.5564625000000099, 0.6070500000000056, 0.6745, 0.6745, 1.071808219178046, 0.09239726027396417, 1.40443835616444, 0.27719178082195406, 0.09239726027402573, 1.3859589041095857, 1.252642857142307, 2.6016428571397396, 0.09635714285769302, 0.09635714285705116, 0.4692173913043287, 0.46921739130437756, 0.8797826086956225, 1.3050108695649796, 3.2475925925930085, 0.6245370370371202, 1.024240740740907, 0.6745, 0.0, 0.04996296296296296, 2.648037037037287, 0.3950642857142614, 0.0, 0.780492857142842, 0.6745, 1.4164499999999582, 1.127378571428507, 0.24089285714285483, 0.6937714285714258, 0.0, 0.9956904761906562, 0.910039682539515, 1.7451349206347362, 0.760150793650642, 0.11776984127004278, 0.053531746031669054, 0.053531746031597736, 0.588849206349358]",0.7909650810201435,0.6745,0.6479493234564614,0.0,3.2475925925930085,77.0,10.0,2.0,0.67
1,"[0.11537499999998987, 1.4466250000000507, 0.9585000000000047, 0.0, 0.08875000000002178, 0.4881249999999868, 0.3017500000000031, 0.6745, 445.73800000001, 1.1626250000000165, 0.257375000000007, 0.8253750000000163, 1.1803750000000148, 0.19524999999998285, 0.3106250000000319, 5.271750000000099, 0.6833749999999993, 0.5781428571428685, 424.2002767857106, 0.18066964285716147, 0.7106339285714243, 2.131901785714273, 0.6745, 0.44565178571427283, 0.0, 1.047883928571424, 1.0358392857142829, 0.6142767857142929, 1.1924196428571212, 0.42156249999998996]",29.76440446428593,0.6745,108.33536926266441,0.0,445.73800000001,30.0,2.0,3.0,1.0
2,[0.0],0.0,0.0,0.0,0.0,0.0,1.0,1.0,1.0,0.33
