Cluster,Dist,mean,median,std,min,max,bag_count,day_count,Cluster_Rank,Cluster_perc
0,"[0.0, 0.6745, 5.638128205128202, 0.0, 1.7271756119910977, 1.6911504778112316, 0.6745, 0.006445673517476281]",1.301487496056001,0.6745,1.7674345680359105,0.0,5.638128205128202,8.0,2.0,3.0,0.75
1,"[0.6745, 0.6745, 0.6745, 0.6745, 0.6745, 0.6745, 0.6745, 0.6745]",0.6745,0.6745,0.0,0.6745,0.6745,8.0,4.0,2.0,0.5
2,"[6.549617892229832, 0.7110462935397432, 0.09939788627567704, 0.09939788627567704, 0.6379537064602566, 4.63595757665972]",2.122228540240151,0.6744999999999999,2.526486525047577,0.09939788627567704,6.549617892229832,6.0,1.0,4.0,1.0
3,"[0.0, 1.2370075471698148, 0.921392452830192, 0.6745, 0.3588849056603814, 0.0, 0.0, 0.0, 1.5843888888888893, 0.0, 0.6745, 2.000248803064156, 0.6745, 0.0]",0.5803873284009596,0.5166924528301907,0.6362946285911275,0.0,2.000248803064156,14.0,6.0,1.0,0.25
