Cluster,Dist,mean,median,std,min,max,bag_count,day_count,Cluster_Rank,Cluster_perc
0,"[0.0, 0.0, 0.0, 0.6745000000000001, 0.6745, 0.0]",0.22483333333333336,0.0,0.31796234927355094,0.0,0.6745000000000001,6.0,5.0,2.0,0.67
1,"[0.6744999999999999, 0.6745, 0.6745, 0.6744999999999999]",0.6744999999999999,0.6744999999999999,7.850462293418876e-17,0.6744999999999999,0.6745,4.0,2.0,3.0,1.0
2,[0.0],0.0,0.0,0.0,0.0,0.0,1.0,1.0,1.0,0.33
