Cluster,Dist,mean,median,std,min,max,bag_count,day_count,Cluster_Rank,Cluster_perc
0,"[0.0, 10.792000000001122, 0.0, 0.6745, 0.6745, 10.792000000001122, 10.792000000001122, 0.0, 0.0, 11.466500000001124, 0.0, 10.792000000001122, 0.0, 10.792000000001122, 10.792000000001122, 10.117500000001124, 0.0, 0.6745, 0.0, 0.0, 10.792000000001122, 0.0, 0.0, 10.792000000001122, 10.117500000001124, 11.466500000001124, 0.0, 0.0, 10.792000000001122, 10.792000000001122, 10.792000000001122, 0.0, 0.0, 0.0, 0.0, 0.0, 0.0, 0.0, 0.0, 0.0, 0.0, 0.0]",3.9024642857146867,0.0,5.142183288153789,0.0,11.466500000001124,42.0,2.0,5.0,1.0
1,"[0.6745, 1.6862499999999736, 0.6744999999999824, 0.0, 1.0117499999999737, 10.792000000001122, 0.0, 0.6745]",1.9391875000001315,0.6745,3.3840731115360443,0.0,10.792000000001122,8.0,2.0,4.0,0.8
2,"[0.0, 0.0]",0.0,0.0,0.0,0.0,0.0,2.0,2.0,1.5,0.3
3,"[0.0, 0.0, 0.0, 0.0, 0.0, 0.0, 0.0, 0.0, 0.0, 0.0, 0.0, 0.0]",0.0,0.0,0.0,0.0,0.0,12.0,4.0,1.5,0.3
4,"[0.6745, 0.6745, 0.6745, 0.6745, 0.6745, 0.6745, 0.6745, 0.6745, 0.6745, 0.6745, 0.6745, 0.6745]",0.6745,0.6745,0.0,0.6745,0.6745,12.0,6.0,3.0,0.6
