Cluster,Dist,mean,median,std,min,max,bag_count,day_count,Cluster_Rank,Cluster_perc
0,"[1.932961551845652, 0.0, 0.007210869086424081, 0.014833731242474982, 0.022565533873667495, 0.6789358580741784, 0.6779068657680675, 0.6774314891492673, 0.6745, 0.6820018285088906, 0.6667702627341516, 1.1221743138606357, 1.137244528303015, 1.1520565806136196, 0.6824556291311518, 0.6669981714911094, 0.6827077405879636, 0.010810539268088101, 0.007357620755594345, 0.007357620755594237, 0.02271826759622095]",0.548904714411703,0.6745,0.5076219022118809,0.0,1.932961551845652,21.0,2.0,2.0,0.67
1,"[0.6967633022214396, 0.6705903469269667, 0.6705903469269667, 0.6784096530730331]",0.6790884122871015,0.6744999999999999,0.010692248103087262,0.6705903469269667,0.6967633022214396,4.0,1.0,3.0,1.0
2,"[0.0, 0.02594834829970545, 0.05217325136418397, 0.07768457485042057, 0.10286812972655565, 0.6789248762363708, 0.6762515135102302, 0.6765758678639764, 0.6749370248134687, 0.6745, 0.8135865611427762, 0.4325521376433786, 0.8149522636848658, 0.852474941028782, 0.6644347722647984, 0.690386534820859, 0.26641783765451477]",0.480862860876758,0.6745,0.30722558898424607,0.0,0.852474941028782,17.0,1.0,1.0,0.33
