Cluster,Dist,mean,median,std,min,max,bag_count,day_count,Cluster_Rank,Cluster_perc
0,"[0.6744999999988768, 0.6745, 10.791999999991576, 0.0, 21.583999999984837, 0.6745, 0.6745, 1.0117499999999648, 0.33725, 0.33725000000003513, 1.011750000000035, 0.0, 0.0, 0.0, 0.6745, 0.6745000000000351, 0.0, 0.0, 0.0]",2.058999999998703,0.6744999999988768,5.164609496366714,0.0,21.583999999984837,19.0,6.0,2.0,0.67
1,"[0.0, 0.0, 0.0, 0.0, 0.0, 0.0]",0.0,0.0,0.0,0.0,0.0,6.0,6.0,1.0,0.33
2,"[1.944147058823537, 0.6745, 0.5951470588235372, 0.5951470588235372, 0.6745, 1.8647941176470741, 0.5951470588235372, 0.6745, 0.5951470588235372, 0.5951470588235372, 3.1344411764706117, 0.674500000000066, 1.8647941176471403, 0.5951470588235372, 0.7538529411764627, 0.5951470588235372, 0.674500000000066, 3.2137941176470743, 0.5951470588235372, 0.5951470588235372, 0.5951470588235372, 0.6745, 0.5951470588235372, 0.6745, 0.6323437500000044, 0.0, 0.6745000000000351, 1.9813437500000042, 0.6745, 0.04215624999999561, 0.0, 0.0, 74.86950000000044, 58.681500000000355, 0.6745000000000351, 0.04215624999999561, 45.86600000000024, 0.0, 0.0, 0.0, 1.349, 0.6745, 0.6745000000000351, 0.7166562499999957, 0.0, 0.0, 0.0, 1.349, 0.04215624999999561, 51.26200000000035, 0.6745, 0.6745000000000351, 0.0, 0.04215624999999561, 0.0, 0.0, 0.6745000000000351, 1.3911562499999957, 0.0, 0.6745, 0.7166562499999957, 0.0, 48.56400000000028, 123.43350000000073, 0.6745000000000351, 0.0, 0.6745000000000351, 0.6745, 1.349, 53.96000000000031, 16.86250000000014, 28.329000000000175, 0.0, 0.6323437500000044, 0.04215624999999561, 0.0, 53.28550000000032, 9.44300000000007, 62.054000000000386, 0.6745000000000351, 0.6745000000000351]",8.276860770697223,0.6745,21.2746727222648,0.0,123.43350000000073,81.0,2.0,3.0,1.0
