Cluster,Dist,mean,median,std,min,max,bag_count,day_count,Cluster_Rank,Cluster_perc
0,"[0.0, 0.0, 0.0, 0.0, 0.0]",0.0,0.0,0.0,0.0,0.0,5.0,5.0,1.0,0.33
1,"[0.0, 4.472999999999994, 0.6745, 3.6324328602620146, 0.6745, 0.0]",1.575738810043668,0.6745,1.7895288578954804,0.0,4.472999999999994,6.0,2.0,3.0,1.0
2,"[0.4872722419928768, 0.5328790035587117, 1.6538451957295253, 1.0369537366547932, 0.18962811387900905, 0.5376797153024794, 0.18962811387900508, 2.6067864768683062, 4.097407473309579, 0.6288932384341651, 0.864128113878993, 0.3840569395017778, 0.7201067615658349, 0.7609128113878901]",1.0492984239959247,0.6745,1.0436836358668566,0.18962811387900508,4.097407473309579,14.0,1.0,2.0,0.67
