Cluster,Dist,mean,median,std,min,max,bag_count,day_count,Cluster_Rank,Cluster_perc
0,"[0.0, 0.6745, 35.0965669144982, 0.6745, 0.0, 0.718269550748751, 0.6902121464226272, 0.2244592346089863]",4.759813480784821,0.6745,11.469933525371703,0.0,35.0965669144982,8.0,2.0,3.0,1.0
1,"[0.6745000000000034, 0.6744999999999965, 0.0, 0.0, 0.0, 0.0, 0.0, 0.0, 0.0]",0.14988888888888888,0.0,0.2804164341532248,0.0,0.6745000000000034,9.0,8.0,1.0,0.33
2,"[0.6745, 0.6745, 0.6745, 0.6745]",0.6745,0.6745,0.0,0.6745,0.6745,4.0,2.0,2.0,0.67
