Cluster,Dist,mean,median,std,min,max,bag_count,day_count,Cluster_Rank,Cluster_perc
0,"[0.0, 0.0, 1.7424583333333994, 0.955541666666694, 1.6862500000000702, 0.8431250000000351, 1.7424583333333994, 0.6745, 0.955541666666694, 0.0, 0.056208333333329426, 0.056208333333329426, 0.056208333333329426, 0.056208333333329426, 0.056208333333329426, 0.056208333333329426, 0.11241666666665885, 0.8431250000000351, 1.7424583333333994, 0.056208333333329426, 0.8431250000000351, 0.0, 0.8431250000000351, 1.7424583333333994, 0.11241666666665885, 0.0, 0.0, 0.0]",0.5440163690476364,0.08431249999999414,0.6511878234359998,0.0,1.7424583333333994,28.0,3.0,2.0,0.67
1,"[0.0, 0.0, 0.0, 0.0, 0.6744999999999999, 0.6745000000000001, 0.0]",0.1927142857142857,0.0,0.304708040254796,0.0,0.6745000000000001,7.0,6.0,1.0,0.33
2,"[0.0, 0.0, 0.6745, 0.6745, 0.0, 0.0, 0.6745, 0.0, 0.6745, 0.6745, 0.6745, 0.7166562499999957, 0.6745, 0.6745, 0.0, 0.04215624999999561, 0.6745, 0.6323437500000044, 0.7166562499999957, 0.0, 0.0, 0.0, 1.349, 0.6745, 0.6745, 0.6745, 0.7166562499999957, 0.6745, 0.6745, 0.0, 0.7166562499999957, 0.6745, 0.04215624999999561, 0.6745, 0.6745, 0.6745, 0.04215624999999561, 53.96000000000031, 53.28550000000032, 0.0, 0.0, 0.04215624999999561, 0.08431249999999121, 1.349, 0.0, 0.0, 1.349, 0.7166562499999957, 55.30900000000035, 0.6745, 1.349, 0.0, 0.0, 46.54050000000028, 0.6745, 0.04215624999999561, 0.0, 0.0, 0.0, 0.6745, 0.0, 0.04215624999999561, 0.0, 0.0, 0.6745, 0.0, 0.6745, 0.0, 0.6745, 43.168000000000276, 0.6745, 58.681500000000355, 0.0, 0.0, 0.6323437500000044, 0.6323437500000044, 0.0, 0.0, 0.6745, 0.04215624999999561, 0.6745, 0.0, 0.6323437500000044, 0.0, 0.6745, 3.372500000000035, 1.3911562499999957, 74.86950000000044, 0.0, 0.6745, 71.49700000000043, 0.6323437500000044, 0.0, 1.349, 0.6745, 0.08431249999999121, 0.0, 0.0, 0.6745]",5.019574494949523,0.6745,15.746436576213641,0.0,74.86950000000044,99.0,1.0,3.0,1.0
