Cluster,Dist,mean,median,std,min,max,bag_count,day_count,Cluster_Rank,Cluster_perc
0,"[1.5559198575788404, 0.2608249643947099, 0.25338693794506645, 0.13835827060020323, 0.020173245167853668, 0.04517709053916597, 0.07512132248219715, 3.3173323499491363, 3.2733629094608347, 0.03513163784333689, 0.0017291353001017223, 1.174714140386572, 1.5572372939979655, 0.9634851678535098, 0.7843412614445573, 0.1686593082400813, 0.0017291353001020878, 0.07201985757884041, 4.95232583926755, 2.955449033570703, 0.9059845574771109, 0.6766957273652086, 0.6723042726347914, 1.760945900305189, 1.4102379141956263, 0.01962438674574003, 0.6225291573231951, 0.37103603829210813, 0.5430027888128761, 0.5408069458514984, 0.5641473745318777, 0.531209730111211, 1.760835721847218, 2.219843678501098, 0.019624386745739828, 0.5375822813627619, 1.4117734687140722, 5.64961218426654, 5.8854887138450325, 0.5869964257663541, 1.1313658581006474, 1.1023745887923868, 0.7264708426768048, 0.7321370388498709, 0.5007596840104266, 0.4951241989277297, 2.959059623681005, 2.714614699889585]",1.2220555614276047,0.6745,1.422919381014729,0.0017291353001017223,5.8854887138450325,48.0,2.0,2.0,0.67
1,[0.0],0.0,0.0,0.0,0.0,0.0,1.0,1.0,1.0,0.33
2,"[1.2677407515766206, 12.857554840387492, 12.928420973928874, 0.6999346271373774, 0.6720223164943763, 0.174863061569469, 0.8328195907288214, 0.06898046290878357, 0.6745, 0.0, 0.7290200003250765, 0.7451249431116315, 0.07469229081334118, 0.6250230722969897, 0.31191404167479353]",2.1775073981969095,0.6745,4.216242213232014,0.0,12.928420973928874,15.0,1.0,3.0,1.0
