Cluster,Dist,mean,median,std,min,max,bag_count,day_count,Cluster_Rank,Cluster_perc
0,"[2.104658331122314, 1.8870430485539929, 0.6615254046166091, 0.17743877686388979, 0.3318812019103215, 0.04017650570443064, 0.6158906208543388, 21.240307442292387, 0.18334445476253655, 0.04017650570443123, 8.097489718758291, 0.3291968028654817, 0.6874745953833908, 1.8066900371451309, 0.5385799283629608, 0.19748228973202475, 0.2602972273812688, 10.63496265587689, 0.1633009418944016, 2.6084305518705224, 3.026659923056514, 3.187008026001592, 3.032386641018838, 2.5372044972141152, 17.321565523720068, 1.1861568811648682, 0.23792837012682044, 0.1517545796148429, 0.09599506810709257, 0.4305521371535936, 0.0, 47.33602348520436, 0.6745, 10.058572334429316, 0.20814772193518125, 0.7394471582902774, 75.97581939877882, 3.5834990605918295, 1.2669448097698457, 30.44501009863788, 6.376543682480041, 0.516725927665571, 26.314054015969955, 0.4153449976514795, 0.2186026303428843, 0.051007280413340336, 0.15714044152184198]",6.130871100691841,0.6745,13.84575108294665,0.0,75.97581939877882,47.0,2.0,3.0,1.0
1,[0.0],0.0,0.0,0.0,0.0,0.0,1.0,1.0,1.0,0.33
2,"[40.49301596075617, 0.2530464465183058, 0.16269346733668336, 1.9353420914094284, 0.6745, 0.12079344340751369, 1.5964942091409433, 0.16937552045944004, 1.7133494376645133, 0.028891002632208496, 1.973562144053602, 1.825330318257957, 0.0]",3.9189533878182123,0.6745,10.586907920693456,0.0,40.49301596075617,13.0,1.0,2.0,0.67
