Cluster,Dist,mean,median,std,min,max,bag_count,day_count,Cluster_Rank,Cluster_perc
0,"[1.9124511995637947, 0.4462663576881134, 0.08514967284623777, 0.36206515812431844, 0.08514967284623777, 0.2994272082878955, 0.2647401853871318, 0.31936450381679365, 4.92031161395856, 4.824961014176663, 0.23698282442748098, 1.952674209378408, 1.9192647219193022, 1.052708560523446, 0.9027336423118867, 0.3162287350054527, 0.11488140676117788, 0.2901360414394767, 2.553657851690294, 2.4557521810250815, 0.4116180479825517, 1.0304484732824426, 1.150575517993457, 1.1542919847328243, 1.5159806801560214, 0.0, 0.5685852480497318, 0.29696416382252555, 0.3831059696489516, 0.3738977785226719, 0.39165643283764023, 0.3864562713310579, 2.7089347269624575, 2.6667990309605076, 0.24936110433934688, 0.30660398890784996, 1.354282377498781, 3.9723889870794737, 4.298930354095563, 0.6745, 1.5331432685275477, 0.9616187987567044, 0.8076899073622622, 1.3128660714285716, 1.3213959806192102, 0.37093800280351036, 0.3426762554851293]",1.188523748603501,0.6745,1.2512281954682547,0.0,4.92031161395856,47.0,2.0,2.0,0.67
1,[0.0],0.0,0.0,0.0,0.0,0.0,1.0,1.0,1.0,0.33
2,"[6.1695442991115526, 65.00102566633765, 65.34992793682136, 3.380046232313263, 0.3780329466929915, 0.5026567538664034, 4.035181268509381, 0.12889630635077357, 0.21595541296479104, 0.0, 0.2254991773609744, 0.6745, 3.8626721783481424]",11.532610629129021,0.6745,22.952103227725015,0.0,65.34992793682136,13.0,1.0,3.0,1.0
