Cluster,Dist,mean,median,std,min,max,bag_count,day_count,Cluster_Rank,Cluster_perc
0,"[0.0, 0.0, 0.0]",0.0,0.0,0.0,0.0,0.0,3.0,3.0,1.0,0.33
1,"[1.0792000000000008, 0.6654603092783515, 0.07788041237113472, 1.3434371134020624, 0.03546340206185409, 0.0, 0.9811541237113413, 0.9846309278350522, 0.6745]",0.6490806987399775,0.6745,0.473170899316738,0.0,1.3434371134020624,9.0,1.0,2.0,0.67
2,"[0.6745000000000019, 0.6744999999999981]",0.6745,0.6745,1.887379141862766e-15,0.6744999999999981,0.6745000000000019,2.0,1.0,3.0,1.0
