Cluster,Dist,mean,median,std,min,max,bag_count,day_count,Cluster_Rank,Cluster_perc
0,"[21.584000000002245, 0.0, 0.0, 10.792000000001122, 10.792000000001122, 0.0, 0.0, 1176.3280000001296, 10.792000000001122, 10.792000000001122, 10.792000000001122, 10.792000000001122, 0.0, 0.0, 0.0, 0.0, 0.0, 10.117500000001124, 32.37600000000337, 0.6745, 0.0, 0.6323437500000044, 0.6745, 0.04215624999999561, 0.0, 1.349, 0.0, 70.14800000000042, 1011.750000000006, 644.1475000000039, 721.7150000000042, 687.3155000000041, 0.0, 0.7166562499999957, 0.6745, 0.0, 0.6745, 0.0, 1.349, 0.0, 0.6745, 1.349, 0.6745, 0.0, 45.19150000000028, 55.983500000000355, 0.6745, 0.6745, 0.0, 0.6745, 74.19500000000046, 22.933000000000142, 0.6745, 0.6745, 1.349, 0.6745, 0.5901875000000087, 47.97381250000031, 0.0, 0.6745, 0.0, 0.6745, 0.0, 12.14100000000007, 0.04215624999999561, 0.0, 0.6745, 0.6745, 0.6745, 76.93515625000049, 142.36165625000083, 0.0, 0.0, 0.6745, 0.0, 0.0, 0.04215624999999561, 0.6745, 0.0, 0.6745, 0.7166562499999957, 0.6323437500000044, 1.349, 0.6745, 59.35600000000035, 0.6745, 0.6745, 0.0, 1.349, 0.6745, 1.349, 0.6323437500000044, 1.349]",53.85302284946415,0.6745,196.65214541761043,0.0,1176.3280000001296,93.0,3.0,5.0,1.0
1,"[0.6745, 0.6745, 0.6745, 0.6745, 0.0, 0.0, 0.0, 0.6745, 0.7194666666666617, 0.0, 0.0]",0.3719969696969692,0.6745,0.33981068718056834,0.0,0.7194666666666617,11.0,5.0,3.0,0.6
2,"[0.0, 0.0, 0.0, 0.0]",0.0,0.0,0.0,0.0,0.0,4.0,4.0,1.5,0.3
3,"[0.0, 0.0, 0.0, 0.0, 0.0, 0.0]",0.0,0.0,0.0,0.0,0.0,6.0,2.0,1.5,0.3
4,"[0.6754060129582806, 0.6745, 0.6745, 0.6744467051201011, 0.6745, 0.6037243994943109, 6.07652232142857, 5.271556455436156, 5.367060880214917, 5.210160753792667, 4.425660121681416, 0.0, 0.14069848293299614, 0.1671327433628317, 0.6744467051201011]",2.087354372102823,0.6745,2.2809104215281795,0.0,6.07652232142857,15.0,1.0,4.0,0.8
