Cluster,Dist,mean,median,std,min,max,bag_count,day_count,Cluster_Rank,Cluster_perc
0,"[0.5246111111111019, 1543.2643271604734, 0.5412654320987541, 0.25814197530863786, 0.6745, 0.12490740740740587, 0.0, 0.0, 29.711308641974913, 669.7701728394973, 631.5401790123374, 29.453166666666277, 2986.8775246913187, 2167.60151234565, 0.14156172839505815, 0.14156172839505815, 0.133234567901232, 0.399703703703696, 0.541265432098768, 28.645432098765045, 29.711308641974913, 29.444839506172453, 27.446320987653955, 197.7752823834193, 0.39491450777201714, 0.0, 0.6745, 0.45083160621761253, 0.17124611398963555, 0.11532901554404015, 0.5626658031088092, 0.33899740932642175, 0.45083160621761253, 0.22716321243523094, 0.5032538860103586, 2285.7407072538813, 1297.2312512953342, 15.205955958549193, 11.515427461139874, 31.757417098445536, 11.186914507772, 11.463005181347127, 11.854424870466294, 11.571344559585468, 0.1677512953367862, 0.6150880829015494, 54.410831606217506, 51.835150259067255]",253.60764855527063,0.6745,657.0291128117159,0.0,2986.8775246913187,48.0,2.0,2.0,0.67
1,"[0.18778693181818604, 2340.7104517045377, 2319.0038153409014, 0.5556960227272735, 0.4253948863636391, 0.18778693181818604, 0.5556960227272735, 0.7933039772727265, 27.77330397727264, 102.098605113636]",479.2291840909076,0.6745,925.812885276292,0.18778693181818604,2340.7104517045377,10.0,1.0,3.0,1.0
2,"[0.10859605414746548, 104.58246831797237, 102.888253312212, 0.18008683755760396, 0.002914026497695856, 0.002914026497695856, 0.0, 0.009519153225806376, 0.0031082949308755582, 0.024866359447004466, 0.7086912442396315, 0.6894586693548387, 0.6807165898617511, 0.6778025633640552, 0.6745, 0.6900414746543778, 1.955117511520738, 1.3645414746543783, 0.0994654377880185]",11.333845334101385,0.6745,31.698739145356715,0.0,104.58246831797237,19.0,1.0,1.0,0.33
