Cluster,Dist,mean,median,std,min,max,bag_count,day_count,Cluster_Rank,Cluster_perc
0,"[0.0, 0.0]",0.0,0.0,0.0,0.0,0.0,2.0,2.0,1.0,0.33
1,"[0.6712415458937853, 2.4438405797102125, 0.5734879227053454, 0.7820289855071708, 1.094840579710126, 0.15640579710143418, 0.05213526570056488, 0.05213526570047806, 1.4076521739130814, 0.5734879227052586, 0.6842753623189047, 0.6777584541062147, 0.6842753623189047, 0.5800048309178618]",0.7452550034506674,0.6745,0.5891207122635064,0.05213526570047806,2.4438405797102125,14.0,1.0,3.0,1.0
2,"[0.8783208722741641, 0.743841121495334, 1.1115591900311632, 0.03361993769470056, 0.5694376947040607, 0.0, 0.6745]",0.5730398308856317,0.6745,0.3858253316006122,0.0,1.1115591900311632,7.0,1.0,2.0,0.67
