Cluster,Dist,mean,median,std,min,max,bag_count,day_count,Cluster_Rank,Cluster_perc
0,"[0.28819545454546486, 10.258531818181876, 1.0608045454545352, 0.28819545454544443, 0.8419473015873014, 0.6686115079365076, 0.6803884920634921, 0.6686115079365079, 0.28951141552511406, 4.04700000000002, 0.38806849315068465, 0.9609315068493154, 0.28951141552511406, 1.2504429223744296, 7.324392677824262, 0.013264225941423003, 0.013264225941422065, 1.335735774058577]",1.703744929968972,0.6745,2.697324246806081,0.013264225941422065,10.258531818181876,18.0,4.0,2.0,0.67
1,"[0.0, 0.0, 0.0, 0.0]",0.0,0.0,0.0,0.0,0.0,4.0,4.0,1.0,0.33
2,"[3.397384466019418, 0.3693378640776707, 0.6745, 0.0, 17.886692233009715, 0.2658708737864069, 1.1263495145631073, 0.2658708737864069, 8.717421359223302, 0.20431456310679547, 0.0, 14.42775145631068, 0.6758097087378638]",3.693177147124721,0.6745,5.823130552111042,0.0,17.886692233009715,13.0,1.0,3.0,1.0
