Cluster,Dist,mean,median,std,min,max,bag_count,day_count,Cluster_Rank,Cluster_perc
0,"[0.9067781456953634, 0.6045187637969098, 1.3028421633554086, 0.8606203090507744, 0.0, 0.6745, 0.11613907284768171, 139.7063708609271, 0.3722406181015439, 1.3404076433120957, 0.40384076433120597, 5.705324840764296, 0.46828343949044127, 56.18542038216524, 0.6745, 0.20192038216560299, 38.39924203821631, 2.818292993630559, 0.0, 0.6014649681528604, 0.40384076433120597, 0.5413184713375808, 2.1480891719745077, 0.47257961783438984, 54.10177388534998, 60.481598726114264]",14.211227231651744,0.6745,31.339531508780098,0.0,139.7063708609271,26.0,2.0,2.0,0.67
1,"[0.6745, 0.6745, 0.0, 0.6745, 4277.048016129043, 0.6745, 0.0, 0.7085656565656566, 0.6745, 6.111198307579101, 0.0]",389.74911637210806,0.6745,1229.2729464271092,0.0,4277.048016129043,11.0,4.0,3.0,1.0
2,"[16.840896797152983, 0.0, 0.6360943060498184, 29.629992882562206, 0.6745, 1.085623809523811, 0.08234155844155915, 0.08234155844155915, 1.7058134199134196, 0.4280593073593071, 0.9396281385281386, 0.9209406926406929, 0.08234155844155719, 0.0, 0.6745, 1.7642615658362921, 3.6749448398576456, 0.33845017793594095]",3.308929478482496,0.6745,7.410727643653518,0.0,29.629992882562206,18.0,3.0,1.0,0.33
