Cluster,Dist,mean,median,std,min,max,bag_count,day_count,Cluster_Rank,Cluster_perc
0,"[0.0, 2.109345454545466, 0.6745, 0.3325728828562995, 3.01982546473886, 3.04490277367955, 2.155255385069341, 0.46950295072292686, 0.46950295072292686, 0.7740131307170256, 0.07145042785482449, 0.5749868692829744, 0.07145042785482449, 2.1739638536441417, 2.111867660076718]",1.203542682117725,0.6745,1.0611301950627574,0.0,3.04490277367955,15.0,2.0,2.0,0.67
1,"[0.6744999999999999, 0.6745000000000001, 0.0, 0.6744999999999999, 0.6745000000000001, 0.0]",0.44966666666666666,0.6744999999999999,0.3179623492735509,0.0,0.6745000000000001,6.0,4.0,1.0,0.33
2,"[0.39106648936170835, 0.16862499999999403, 0.9507579787234107, 0.16862500000000596, 0.8431250000000059, 0.505874999999994, 4.545699468085125, 9.138039893617053, 18.31637652439026, 0.16039939024390207, 1.0919496951219518, 0.9623963414634158, 0.38660365853658424, 0.16039939024390207, 1.575225490196079, 19.51038235294118, 0.5004803921568634, 0.41277450980392255, 0.4127745098039202, 0.8485196078431366]",3.052504784626621,0.6744999999999999,5.6663421805518075,0.16039939024390207,19.51038235294118,20.0,3.0,3.0,1.0
