Cluster,Dist,mean,median,std,min,max,bag_count,day_count,Cluster_Rank,Cluster_perc
0,"[0.07058720930232593, 0.7137151162790691, 0.2588197674418612, 4.682284883720928, 2.015656976744184, 1.9215406976744172, 0.023529069767441704, 0.6509709302325579, 0.6980290697674421, 0.02352906976744252, 0.5882267441860467, 0.6352848837209301, 1.8901686046511608, 0.07058720930232593, 3.5058313953488343, 0.9646918604651156, 0.3058779069767446, 0.9019476744186036, 3.2279642857142963, 3.8061071428571536, 0.14453571428571374, 0.43360714285714125, 18.356035714285756, 0.9153928571428588, 0.14453571428571874, 0.24089285714286127]",1.8150134807053435,0.6745,3.5461421619034335,0.023529069767441704,18.356035714285756,26.0,2.0,3.0,0.75
1,"[0.6744999999999987, 0.6745000000000014, 0.0, 0.6744999999999988, 0.6745000000000012, 0.6745, 1.0920476190476212, 0.0, 0.0, 0.0, 0.0, 1.2452307692307685, 0.9339230769230781, 0.6745, 0.0, 0.2594230769230767, 0.0, 0.0]",0.4209791412291414,0.46696153846153765,0.42310754773171894,0.0,1.2452307692307685,18.0,10.0,1.0,0.25
2,"[0.6745, 0.0, 5.429725000000005, 0.369369047619047, 0.8511547619047599, 0.7869166666666685, 0.6584404761904771, 0.6905595238095228, 0.3693690476190487, 0.6745, 0.0, 0.6894888888888896, 21.102214285714254, 0.6745, 0.0, 0.0, 33.050500000000206, 0.6745, 0.0, 0.6745, 0.7744259259259266, 0.0, 0.6745, 0.6994814814814799]",2.896610212742511,0.6745,7.562444451735832,0.0,33.050500000000206,24.0,7.0,4.0,1.0
3,"[0.2759318181818188, 1.0730681818181813, 3.5257954545454404, 0.27593181818181556, 0.07494444444444401, 0.07494444444445181, 5.02127777777778, 1.2740555555555482]",1.449493686868685,0.6745000000000001,1.7238913640463913,0.07494444444444401,5.02127777777778,8.0,2.0,2.0,0.5
