Cluster,Dist,mean,median,std,min,max,bag_count,day_count,Cluster_Rank,Cluster_perc
0,"[0.3597333333333332, 0.6295333333333336, 0.809399999999999, 0.7644333333333327, 0.7194666666666664, 0.3597333333333332, 13.827250000000022, 0.0, 0.6744999999999999, 0.6745, 35.97333333333293, 0.0, 0.6745, 2.8328999999999844, 0.0, 0.0, 2.6080666666666628, 0.6745]",3.421213888888867,0.6745,8.477579108131987,0.0,35.97333333333293,18.0,5.0,5.0,1.0
1,"[0.6744999999999991, 0.6745000000000009, 0.0, 0.6744999999999998, 0.6745000000000002, 0.0, 0.0, 0.0, 0.6745000000000003, 0.6744999999999998, 0.0]",0.36790909090909096,0.6744999999999991,0.33585351367021327,0.0,0.6745000000000009,11.0,8.0,1.0,0.2
2,"[0.6745, 0.6745, 0.6745000000000001, 0.6745000000000001, 0.6745, 0.6745, 0.6745, 0.6745]",0.6745000000000001,0.6745,9.614813431917819e-17,0.6745,0.6745000000000001,8.0,4.0,2.0,0.4
3,"[2.545693548387093, 0.6309838709677422, 0.63098387096774, 0.7180161290322578, 0.5883936170212763, 0.7606063829787236, 1.966095744680852, 0.5883936170212763, 3.5281538461538466, 0.8820384615384617, 0.4669615384615383, 0.4669615384615383]",1.1477735138060288,0.6745,0.9479017106882394,0.4669615384615383,3.5281538461538466,12.0,3.0,4.0,0.8
4,"[0.596673076923076, 0.6745, 0.0, 1.400884615384615, 1.9456730769230772, 0.0, 1.1480851063829784, 0.6745, 0.7893085106382975, 0.17938829787234042]",0.7409012684124385,0.6745,0.5914373416631608,0.0,1.9456730769230772,10.0,2.0,3.0,0.6
