Cluster,Dist,mean,median,std,min,max,bag_count,day_count,Cluster_Rank,Cluster_perc
0,"[0.6295333333333358, 0.0, 1.4389333333333376, 0.6745, 0.04496666666666651, 11.376566666666696, 1.1691333333333362, 0.3514999999999999, 0.009499999999999944, 0.028499999999999834, 57.23750000000002, 0.009499999999999944, 4.474500000000001, 1.6245000000000005, 0.5984999999999999, 0.9785000000000001, 0.7505000000000001, 0.8265000000000001, 0.0854999999999995]",4.332033333333336,0.6745,12.729242424346308,0.0,57.23750000000002,19.0,2.0,4.0,0.8
1,"[0.7137912621359221, 0.4649466019417475, 0.30778155339805774, 0.006548543689320349, 0.949538834951456, 3.2677233009708737, 0.6352087378640779, 0.7530825242718442, 0.4256553398058247, 2.4949951456310684, 3.346305825242719, 0.8316650485436897, 0.13751941747572868, 0.00654854368932103, 4.032799999999995, 0.38339999999999946, 0.9655999999999997, 0.38340000000000024, 0.048178571428573576, 0.04817857142857107, 4.866035714285708, 4.384249999999993, 0.1445357142857157, 1.2044642857142842, 0.8993333333333359, 0.14988888888888802, 1.7986666666666717, 0.44966666666666405, 0.14988888888888802, 5.545888888888888, 1.5221824324324333, 0.5924662162162158, 0.5924662162162166, 0.7565337837837833, 0.22483333333333527, 9.330583333333347, 0.0, 0.7307083333333331, 0.6744999999999999]",1.3902502697111918,0.6744999999999999,1.9276062140160544,0.0,9.330583333333347,39.0,6.0,3.0,0.6
2,"[0.6745, 0.0, 101.5122499999993, 2.6277395833333355, 0.07026041666666702, 0.0, 0.6745, 2.2904895833333345, 1.2369495114006512, 0.5294934853420195, 0.8195065146579805, 0.5294934853420195, 0.0, 0.6745, 2.192125000000013]",7.588787172005021,0.6745,25.11570618530278,0.0,101.5122499999993,15.0,4.0,5.0,1.0
3,"[0.0, 0.6745, 1.3778247863247863, 0.0, 0.0, 0.0, 0.6745000000000014, 0.6744999999999987, 0.0]",0.3779249762583096,0.0,0.4687816718417065,0.0,1.3778247863247863,9.0,6.0,1.0,0.2
4,"[0.6745, 0.6745, 0.6745, 0.6745, 0.6745, 0.6745, 0.6744999999999999, 0.6744999999999999, 0.6745, 0.6745]",0.6744999999999999,0.6745,9.930136612989092e-17,0.6744999999999999,0.6745,10.0,5.0,2.0,0.4
