Cluster,Dist,mean,median,std,min,max,bag_count,day_count,Cluster_Rank,Cluster_perc
0,"[1.7087333333333392, 0.6745, 0.0, 0.6744999999999997, 0.6745000000000004, 0.6744999999999998, 0.6745000000000002, 0.6745000000000003, 0.6744999999999995, 0.0, 0.0, 0.0, 0.0, 0.6745000000000009, 0.6744999999999992, 0.6744999999999999, 0.6745000000000001, 0.0, 1.5738333333333316, 0.6745, 0.0]",0.54174126984127,0.6744999999999998,0.4727310870091399,0.0,1.7087333333333392,21.0,12.0,1.0,0.14
1,"[1.034233333333332, 0.314766666666668, 0.31476666666666336, 2.0234999999999883, 1.2213918918918927, 1.002635135135135, 0.3463648648648648, 0.3463648648648648]",0.8255029279279261,0.6744999999999999,0.5752954546946295,0.31476666666666336,2.0234999999999883,8.0,2.0,3.0,0.43
2,"[0.6744999999999999, 9.105750000000016, 0.0, 0.9442999999999981, 0.6745, 0.0]",1.899841666666669,0.6744999999999999,3.241910339652727,0.0,9.105750000000016,6.0,2.0,6.0,0.86
3,"[0.6745, 0.6745, 0.6745, 0.6745, 0.6745, 0.6745]",0.6745,0.6745,0.0,0.6745,0.6745,6.0,3.0,2.0,0.29
4,"[0.4970000000000003, 0.8519999999999996, 3.017499999999998, 0.4970000000000003]",1.2158749999999994,0.6745,1.0502166666336037,0.4970000000000003,3.017499999999998,4.0,1.0,4.0,0.57
5,"[4.991299999999997, 2.6642749999999986, 0.20235000000000045, 1.1466499999999995, 0.20235000000000045, 0.20235000000000045]",1.5682124999999996,0.6745,1.765093816424851,0.20235000000000045,4.991299999999997,6.0,1.0,5.0,0.71
6,"[0.6745, 0.0, 2.8104166666666597, 0.6745, 23.382666666666598]",5.508416666666652,0.6745,8.987148289826582,0.0,23.382666666666598,5.0,1.0,7.0,1.0
