Cluster,Dist,mean,median,std,min,max,bag_count,day_count,Cluster_Rank,Cluster_perc
0,"[2.1526595744680863, 0.02870212765957431, 4.448829787234047, 0.0287021276595758, 0.8323617021276595, 0.5166382978723405, 0.830984, 0.18346400000000004, 0.723064, 0.8633600000000008, 0.22663200000000008, 1.0198440000000004, 0.1780680000000001, 0.8525680000000001, 1.446128, 0.0053959999999996875, 0.6745, 0.0, 0.9281120000000016, 0.1133159999999999, 0.291384]",0.7783196960486327,0.6745,0.9762376339928172,0.0,4.448829787234047,21.0,2.0,4.0,0.5
1,"[0.6744999999999993, 0.6745000000000007, 0.0, 0.6745000000000003, 0.6744999999999997, 0.0, 0.674500000000007, 0.6744999999999929, 0.0, 0.6745000000000351, 0.6744999999999649, 0.0, 0.0, 1.2299705882352927, 0.0, 0.6745]",0.45627941176470577,0.6744999999999961,0.37718740967839326,0.0,1.2299705882352927,16.0,10.0,2.0,0.25
2,"[0.0, 3.3725, 0.6745, 4.410192307692305, 0.0, 0.6745, 4.528785714285725, 0.0, 0.6745]",1.5927753357753367,0.6745,1.8216568711068966,0.0,4.528785714285725,9.0,3.0,7.0,0.88
3,"[0.4985434782608681, 1.143717391304345, 0.0, 1.261021739130431, 0.6745, 1.9355217391304278, 0.6744999999999969]",0.8839720496894383,0.6745,0.5773226020258692,0.0,1.9355217391304278,7.0,1.0,5.0,0.62
4,"[0.04323717948717923, 0.04323717948717923, 1.3057628205128209, 4.488019230769229, 0.8190357142857143, 0.7347232142857142, 0.6142767857142858, 0.6142767857142858]",1.082821113782051,0.6745,1.3433339678190235,0.04323717948717923,4.488019230769229,8.0,2.0,6.0,0.75
5,"[0.6745, 0.6745]",0.6745,0.6745,0.0,0.6745,0.6745,2.0,1.0,3.0,0.38
6,"[0.899333333333345, 0.44966666666665495, 0.44966666666665495, 3.372499999999959, 1.3068437500000003, 25.841781249999983, 0.042156249999995336, 0.04215624999999972]",4.050513020833324,0.6745,8.29791211781416,0.042156249999995336,25.841781249999983,8.0,2.0,8.0,1.0
7,"[0.0, 0.0, 0.0]",0.0,0.0,0.0,0.0,0.0,3.0,1.0,1.0,0.12
