Cluster,Dist,mean,median,std,min,max,bag_count,day_count,Cluster_Rank,Cluster_perc
0,"[0.0, 0.6745000000000003, 0.6744999999999997, 0.0, 0.674499999999999, 0.674500000000001, 0.6744999999999883, 0.6745000000000116, 0.6744999999999991, 0.6745000000000009, 0.0, 0.0]",0.44966666666666666,0.674499999999999,0.3179623492735509,0.0,0.6745000000000116,12.0,8.0,1.0,0.11
1,"[0.6745, 0.6745, 0.6745, 0.6745, 0.6745, 0.6745]",0.6745,0.6745,0.0,0.6745,0.6745,6.0,3.0,2.0,0.22
2,"[3.5973333333333994, 0.6745, 0.0, 0.2248333333333236, 1.0117500000000206, 0.16862499999999855, 0.0, 3.428708333333324, 0.8431249999999986, 0.6745]",1.0623375000000066,0.6745,1.270221282046799,0.0,3.5973333333333994,10.0,2.0,6.0,0.67
3,"[3.673872340425532, 0.028702127659574292, 1.320297872340425, 0.02870212765957504, 0.2623055555555579, 1.086694444444442, 1.386472222222222, 0.2623055555555579, 1.3134999999999986, 0.03550000000000153, 0.035499999999999685, 2.6269999999999896]",1.0050710204885729,0.6744999999999999,1.1176578632917407,0.028702127659574292,3.673872340425532,12.0,3.0,5.0,0.56
4,"[0.08431249999999944, 0.0, 0.6745, 1.096062499999995, 6.534218749999996]",1.677818749999998,0.6745,2.4610586232414793,0.0,6.534218749999996,5.0,1.0,8.0,0.89
5,"[3.1344411764705837, 0.6745, 0.0, 10.99435000000001, 0.6745, 0.0, 0.6745, 0.0, 4.616109374999988]",2.3076000612745093,0.6745,3.4229390804795914,0.0,10.99435000000001,9.0,3.0,9.0,1.0
6,"[0.33724999999999117, 0.0, 0.6745, 1.011749999999997, 2.6979999999999826]",0.9442999999999941,0.6745,0.9394697892960634,0.0,2.6979999999999826,5.0,1.0,4.0,0.44
7,"[0.23348076923076735, 1.6862499999999931, 1.323057692307691, 0.49290384615384353, 0.7004423076923048, 0.6745, 4.358307692307682, 0.5966730769230721, 0.0]",1.118401709401706,0.6745,1.2441159787153167,0.0,4.358307692307682,9.0,1.0,7.0,0.78
8,"[1.0320662650602423, 0.17065662650602526, 0.23566867469879513, 1.0564457831325305, 0.6745, 1.5684156626506034, 0.0]",0.6768218588640281,0.6745,0.5310589174972196,0.0,1.5684156626506034,7.0,1.0,3.0,0.33
