Cluster,Dist,mean,median,std,min,max,bag_count,day_count,Cluster_Rank,Cluster_perc
0,"[0.7918043478260861, 1.4956304347826077, 0.6745, 0.29326086956521846, 0.3519130434782615, 1.6715869565217367, 6.744999999999994, 0.0, 0.2052826086956523, 0.0, 0.6745, 8.543666666666672, 0.14988888888889193, 0.37472222222222396, 2.698, 2.0984444444444437]",1.6730125301932368,0.6745,2.4027489524312595,0.0,8.543666666666672,16.0,2.0,6.0,0.75
1,"[0.7774770992366411, 0.6745, 0.7105419847328245, 1.0606641221374051, 0.20595419847328256, 0.31922900763358775, 0.0, 1.498888888888888, 2.135916666666666, 0.0, 0.11241666666666796, 0.6745, 0.0, 1.3489999999999982, 0.7358181818181814, 0.3065909090909085, 0.6745]",0.6609410426673561,0.6745,0.5736295544951794,0.0,2.135916666666666,17.0,3.0,3.0,0.38
2,"[2.3232777777777773, 1.4739074074074068, 0.024981481481481337, 1.2740555555555562, 0.024981481481481337, 0.07494444444444401, 0.37097499999999806, 0.37097500000000155, 13.321375000000012, 0.9780249999999985, 0.7708571428571371, 0.5781428571428628, 0.5781428571428529, 1.34900000000001]",1.6795457860922158,0.6745,3.2893898494484035,0.024981481481481337,13.321375000000012,14.0,3.0,7.0,0.88
3,"[0.6745, 4.95610869565217, 0.0, 21.92125000000012, 0.0, 0.6745, 0.6745, 3.188545454545451, 0.0, 0.0, 0.6745, 2.2193225806451586]",2.9152688942369083,0.6745,5.916296125179904,0.0,21.92125000000012,12.0,4.0,8.0,1.0
4,"[0.6745, 0.6745, 0.6745, 0.6745]",0.6745,0.6745,0.0,0.6745,0.6745,4.0,2.0,4.0,0.5
5,"[0.0, 0.0, 0.0]",0.0,0.0,0.0,0.0,0.0,3.0,1.0,1.0,0.12
6,"[0.6744999999999984, 0.6745, 1.3489999999999982, 0.8891136363636356, 0.09197727272727207, 1.9928409090909076, 0.0, 1.1466499999999988, 0.2023500000000013, 1.8661166666666686, 0.20234999999999895]",0.8263089531680435,0.6745,0.6652775634125238,0.0,1.9928409090909076,11.0,2.0,5.0,0.62
7,"[0.6745, 1.517624999999998, 0.0, 0.6745000000000009, 0.6744999999999991, 0.0, 0.6745, 1.2965388888888891, 0.0, 0.0]",0.5512163888888887,0.6744999999999995,0.5258901650752905,0.0,1.517624999999998,10.0,5.0,2.0,0.25
