Cluster,Dist,mean,median,std,min,max,bag_count,day_count,Cluster_Rank,Cluster_perc
0,"[0.0, 0.0]",0.0,0.0,0.0,0.0,0.0,2.0,2.0,1.0,0.33
1,"[0.6745, 0.6745]",0.6745,0.6745,0.0,0.6745,0.6745,2.0,1.0,2.0,0.67
2,"[8.460605769230561, 0.6745, 0.0]",3.0450352564101872,0.6745,3.83927428446203,0.0,8.460605769230561,3.0,1.0,3.0,1.0
