Cluster,Dist,mean,median,std,min,max,bag_count,day_count,Cluster_Rank,Cluster_perc
0,"[0.4188999999999997, 0.2768999999999998, 0.0, 0.6745, 2.8328999999999995, 1.2851000000000004, 0.8094000000000003, 0.06131818181818145, 1.3183409090909075, 0.6744999999999992, 0.4292272727272718, 0.6745000000000009, 0.18395454545454595, 1.4716363636363645, 0.061318181818183055, 0.9504318181818173, 1.5022954545454552, 0.6745, 0.0, 107.92000000000063, 1.517624999999999, 0.0, 0.8431250000000003, 0.0, 0.5058749999999996, 2.866624999999999, 8.126902439024391, 0.0, 0.6745]",4.7156681091826815,0.6745,19.563795353109,0.0,107.92000000000063,29.0,5.0,6.0,1.0
1,"[1.0117500000000175, 0.6745, 0.0, 0.6744999999999998, 0.6745000000000002, 0.0, 0.6745, 1.0295000000000016, 1.349, 0.0, 0.4260000000000014, 0.6745000000000011, 0.6744999999999988, 0.6745000000000043, 0.6744999999999955, 0.0, 0.6745, 1.1190568181818183]",0.6114337121212131,0.6745,0.3874635758572364,0.0,1.349,18.0,7.0,1.0,0.17
2,"[0.3113076923076924, 0.6226153846153848, 0.034589743589743406, 1.556538461538462, 0.034589743589743406, 1.1414615384615396, 0.06917948717948681, 0.24212820512820563, 0.5188461538461547, 0.7263846153846151, 0.24212820512820563, 1.6257179487179492, 1.5219487179487188, 15.461615384615396, 7.125487179487184, 0.9339230769230773]",2.0105288461538473,0.6744999999999999,3.841561959759366,0.034589743589743406,15.461615384615396,16.0,1.0,4.0,0.67
3,"[0.6463958333333313, 1.48952083333333, 0.7026041666666671, 0.6463958333333328, 0.24212820512820382, 1.1068717948717943, 0.24212820512820563, 12.417717948717959, 2.0378510638297866, 0.49750354609929065, 0.49750354609929065, 0.8514964539007094]",1.7815097858701587,0.6745,3.245223332769149,0.24212820512820382,12.417717948717959,12.0,3.0,3.0,0.5
4,"[0.746767857142858, 0.6985892857142868, 0.8431250000000002, 0.02408928571428558, 0.6504107142857132, 0.02408928571428558, 0.20234999999999895, 1.146650000000001, 1.2815500000000004, 0.20234999999999895, 0.7832903225806443, 0.6092258064516133, 0.7397741935483867, 0.6092258064516133]",0.6115348255431204,0.6745,0.36715949203550324,0.02408928571428558,1.2815500000000004,14.0,3.0,2.0,0.33
5,"[18.061611111111116, 0.6745, 2.473166666666668, 0.599555555555556, 0.0]",4.361766666666668,0.6745,6.899677153781891,0.0,18.061611111111116,5.0,1.0,5.0,0.83
