Cluster,Dist,mean,median,std,min,max,bag_count,day_count,Cluster_Rank,Cluster_perc
0,"[0.0, 0.0, 0.0, 0.0, 0.0, 0.0, 0.0, 0.0, 0.0]",0.0,0.0,0.0,0.0,0.0,9.0,9.0,1.0,0.33
1,"[2.7530883055563384, 0.0, 0.6745]",1.1425294351854463,0.6745,1.1716548037420618,0.0,2.7530883055563384,3.0,1.0,3.0,1.0
2,"[0.6745, 1.6565499747146355, 0.0]",0.7770166582382118,0.6745,0.6801576795586999,0.0,1.6565499747146355,3.0,1.0,2.0,0.67
