Cluster,Dist,mean,median,std,min,max,bag_count,day_count,Cluster_Rank,Cluster_perc
0,"[0.0, 0.0, 0.0, 0.0, 0.0, 0.0, 0.0, 0.0, 0.0, 0.0]",0.0,0.0,0.0,0.0,0.0,10.0,10.0,1.0,0.33
1,"[0.6745, 0.6745]",0.6745,0.6745,0.0,0.6745,0.6745,2.0,1.0,2.0,0.67
2,"[3.8556025503066835, 0.6745, 0.0]",1.510034183435561,0.6745,1.6812705087224658,0.0,3.8556025503066835,3.0,1.0,3.0,1.0
