Cluster,Dist,mean,median,std,min,max,bag_count,day_count,Cluster_Rank,Cluster_perc
0,"[0.0, 0.0, 1.349, 0.6745, 0.6745000000000009, 0.6744999999999991, 0.6744999999999991, 0.6745000000000009, 0.674500000000005, 0.674499999999995, 0.0, 0.6744999999999955, 0.6745000000000043]",0.5707307692307692,0.6744999999999991,0.3594671599092947,0.0,1.349,13.0,7.0,2.0,0.22
1,"[0.6745, 0.6745, 0.6745, 0.6745, 0.0, 0.0, 0.6745, 0.6745]",0.505875,0.6745,0.29206706742630195,0.0,0.6745,8.0,4.0,1.0,0.11
2,"[5.058749999999985, 8.768499999999976, 0.6744999999999942, 0.6745, 0.0, 5.685071428571421, 0.6745, 0.0, 3.950642857142853, 0.2890714285714264]",2.5775535714285653,0.6745,2.9225972840972663,0.0,8.768499999999976,10.0,2.0,6.0,0.67
3,"[8.034044444444435, 0.6295333333333336, 0.7194666666666664, 0.6295333333333321, 1.1884047619047593, 10.952595238095254, 0.16059523809524065, 0.1605952380952373]",2.809346031746032,0.6745,3.9392251115427754,0.1605952380952373,10.952595238095254,8.0,2.0,7.0,0.78
4,"[0.14453571428571374, 0.14453571428571374, 1.2044642857142862, 3.9988214285714387, 1.082111510791367, 0.6162697841726616, 0.12131294964028755, 0.7327302158273383, 0.12131294964028755, 0.5677446043165469, 0.9365359712230215, 0.7812553956834531, 0.5680000000000005, 0.5679999999999987, 1.136000000000001, 0.7809999999999995, 2.90878125, 0.2388854166666667, 0.2388854166666667, 1.1101145833333332, 0.299777777777778, 1.0492222222222218, 1.6862499999999998, 0.299777777777778]",0.88901354035819,0.6745,0.8878560538138016,0.12131294964028755,3.9988214285714387,24.0,5.0,3.0,0.33
5,"[7.981583333333331, 0.0, 1.1803749999999982, 0.0, 0.11241666666666593, 1.0679583333333322, 0.5058749999999996, 0.8431250000000003]",1.461416666666666,0.6745,2.5033225433564064,0.0,7.981583333333331,8.0,1.0,5.0,0.56
6,"[15.918199999999924, 0.0, 0.6745, 8.560961538461559, 0.0, 0.6745]",4.30469358974358,0.6745,6.005646409748342,0.0,15.918199999999924,6.0,2.0,9.0,1.0
7,"[0.32869035532994906, 19.529685279187813, 0.32869035532994934, 0.38347208121827386, 0.8696598984771574, 0.5478172588832486, 0.8148781725888326, 0.8011827411167515]",2.950509517766497,0.6745000000000001,6.269868555580951,0.32869035532994906,19.529685279187813,8.0,1.0,8.0,0.89
8,"[0.0, 2.4169583333333304, 1.2553194444444422, 0.11241666666666683, 0.6745]",0.891838888888888,0.6745,0.884106241459854,0.0,2.4169583333333304,5.0,1.0,4.0,0.44
