Cluster,Dist,mean,median,std,min,max,bag_count,day_count,Cluster_Rank,Cluster_perc
0,"[0.0, 0.6745, 1.1562857142857126, 0.6744999999999824, 0.6745000000000175, 1.0628484848484863, 0.0, 0.6745, 0.6744999999999994, 0.6745000000000005, 0.6744999999999942, 0.6745000000000058, 0.0, 0.6745, 1.349, 0.0, 0.6745, 1.1343863636363534]",0.6359733645983641,0.6745,0.39738459597975717,0.0,1.349,18.0,7.0,1.0,0.14
1,"[0.43167999999999457, 1.1871199999999937, 0.4316799999999974, 0.9173200000000026, 0.8703225806451614, 0.4786774193548386, 0.4786774193548386, 1.2184516129032263]",0.7517411290322566,0.6745,0.3167919648480274,0.43167999999999457,1.2184516129032263,8.0,2.0,3.0,0.43
2,"[0.0, 15.8507500000001, 0.6745, 5.3960000000000345, 0.0, 0.6745, 0.6745, 4.72150000000002, 0.0, 3.7579285714285664, 0.6745, 0.0]",2.702014880952394,0.6745,4.387357490162356,0.0,15.8507500000001,12.0,4.0,7.0,1.0
3,"[0.6745, 0.6745, 0.6745, 0.6745, 0.6745, 0.6745, 0.6745, 0.6745]",0.6745,0.6745,0.0,0.6745,0.6745,8.0,4.0,2.0,0.29
4,"[0.7164813278008302, 0.6325186721991698, 1.0579294605809118, 1.5057302904564305, 0.5709460580912858, 0.5709460580912855, 0.588025641025638, 2.4212820512820463, 0.6226153846153815, 1.93702564102564, 0.588025641025638, 0.7263846153846185]",0.9948259034649064,0.6745,0.5984137100465033,0.5709460580912855,2.4212820512820463,12.0,2.0,5.0,0.71
5,"[3.9706415094339573, 0.43269811320754814, 0.9163018867924517, 0.43269811320754686, 0.24527272727272234, 1.1037272727272744, 3.7404090909090804, 0.24527272727272553, 5.050102564102553, 0.44966666666666305, 0.4496666666666649, 0.8993333333333351, 3.4146562500000064, 0.632343749999998, 0.632343749999998, 0.7166562500000021]",1.458236916974533,0.6745000000000001,1.5406147056607569,0.24527272727272234,5.050102564102553,16.0,4.0,6.0,0.86
6,"[1.086694444444442, 0.562083333333334, 0.0, 2.248333333333334, 0.0, 0.6745, 1.0492222222222238]",0.8029761904761905,0.6745,0.716565962598067,0.0,2.248333333333334,7.0,1.0,4.0,0.57
