Cluster,Dist,mean,median,std,min,max,bag_count,day_count,Cluster_Rank,Cluster_perc
0,"[0.7114589041095893, 2.550164383561645, 0.5451438356164386, 0.0, 0.45274657534246604, 0.6745000000000004, 0.6745, 0.5781428571428578, 12.33371428571427, 1.7344285714285685, 0.0, 0.6745]",1.744108284409653,0.6745,3.263900521739631,0.0,12.33371428571427,12.0,2.0,6.0,0.67
1,"[0.0, 131.72021428571412, 0.6745, 0.0, 5.763909090909071, 0.6744999999999999, 0.0, 0.6745, 4.228596153846154, 0.0, 0.899333333333345, 0.6745]",12.109171071983559,0.6745,36.106743181102054,0.0,131.72021428571412,12.0,4.0,9.0,1.0
2,"[0.6745, 0.6745, 0.6745, 0.6745, 0.6745, 0.6745]",0.6745,0.6745,0.0,0.6745,0.6745,6.0,3.0,2.0,0.22
3,"[0.6744999999999995, 0.6745000000000004, 0.6745000000000351, 0.6744999999999649, 0.6744999999999991, 0.6745000000000009, 0.0, 0.6745, 1.7344285714285685, 0.0, 0.0, 0.0]",0.5379940476190473,0.6744999999999993,0.47606399045589065,0.0,1.7344285714285685,12.0,7.0,1.0,0.11
4,"[0.6745, 0.0, 1.6862500000000016, 0.33725000000000177, 0.6745, 0.472150000000001, 15.985650000000012]",2.832900000000002,0.6745,5.391179990105536,0.0,15.985650000000012,7.0,1.0,8.0,0.89
5,"[0.6117558139534879, 0.7058720930232565, 3.0274069767441865, 0.6745, 0.0, 5.974142857142848, 0.0, 3.8542857142857057, 0.6745, 0.19271428571428428]",1.5715177740863768,0.6745,1.9192173662349046,0.0,5.974142857142848,10.0,2.0,5.0,0.56
6,"[4.191535714285726, 0.24089285714285624, 13.393642857142892, 0.8190357142857138, 0.24089285714285877, 0.5299642857142862, 1.4321575342465758, 0.5359041095890414, 0.6837397260273972, 1.1549657534246582, 0.535904109589041, 0.6652602739726028]",2.035324649380304,0.6745,3.572875856597477,0.24089285714285624,13.393642857142892,12.0,2.0,7.0,0.78
7,"[0.0, 0.6745, 2.698, 0.10376923076923082, 0.8042115384615384, 0.8211304347826095, 0.0, 0.6158478260869568, 0.6745, 0.9677608695652191]",0.7359719899665554,0.6745,0.7362177591025452,0.0,2.698,10.0,2.0,3.0,0.33
8,"[1.1143913043478253, 0.23460869565217482, 0.2346086956521718, 4.516217391304331]",1.5249565217391259,0.6745000000000001,1.7639586454972662,0.2346086956521718,4.516217391304331,4.0,1.0,4.0,0.44
