Cluster,Dist,mean,median,std,min,max,bag_count,day_count,Cluster_Rank,Cluster_perc
0,"[0.0, 0.0, 0.0]",0.0,0.0,0.0,0.0,0.0,3.0,3.0,1.0,0.33
1,"[0.6745, 3.2270633208663124, 0.0, 0.6745, 0.0, 12.33081054131054]",2.8178123103628088,0.6745,4.391892710513747,0.0,12.33081054131054,6.0,2.0,3.0,1.0
2,"[0.6745000000000001, 0.6745000000000001]",0.6745000000000001,0.6745000000000001,0.0,0.6745000000000001,0.6745000000000001,2.0,1.0,2.0,0.67
