Cluster,Dist,mean,median,std,min,max,bag_count,day_count,Cluster_Rank,Cluster_perc
0,"[0.9836458333333328, 0.056208333333332965, 0.056208333333332965, 3.990791666666664, 1.4895208333333325, 0.36535416666666726, 0.4121944444444459, 4.983805555555556, 5.283583333333334, 0.48713888888889, 0.0, 1.798666666666668, 1.6487777777777801, 0.6745, 0.22483333333333202]",1.4970152777777779,0.6745,1.737000869049644,0.0,5.283583333333334,15.0,2.0,5.0,0.56
1,"[0.5620833333333308, 0.28104166666666835, 1.1803750000000006, 0.786916666666669, 6.463958333333346, 0.2810416666666654, 0.12646874999999916, 0.6604479166666667, 18.50659374999999, 3.583281249999999, 0.8009687499999991, 0.29509374999999954, 0.12646875000000066, 0.6885520833333332]",2.4530922619047617,0.6744999999999999,4.758651939257602,0.12646874999999916,18.50659374999999,14.0,2.0,8.0,0.89
2,"[0.6744999999999977, 0.6745000000000023, 0.0, 0.6744999999999993, 0.6745000000000005]",0.5396,0.6744999999999993,0.2698,0.0,0.6745000000000023,5.0,3.0,1.0,0.11
3,"[1.6300416666666662, 0.6745, 0.056208333333332965, 1.7003020833333324, 0.0, 0.6745, 3.2623775510204105, 0.0, 0.9085102040816329, 0.37166326530612337]",0.9278103103741498,0.6745,0.9725962587388384,0.0,3.2623775510204105,10.0,2.0,4.0,0.44
4,"[0.6745, 0.6745, 1.2610217391304321, 0.1466304347826077, 1.2023695652173922, 0.1466304347826077, 0.6745, 0.6745, 0.6745, 0.6745, 0.6745, 0.6745]",0.67938768115942,0.6745,0.3135362699640438,0.1466304347826077,1.2610217391304321,12.0,5.0,3.0,0.33
5,"[0.8431249999999999, 0.6745, 0.0, 0.0, 1.779930555555556]",0.6595111111111112,0.6745,0.6571435565887028,0.0,1.779930555555556,5.0,1.0,2.0,0.22
6,"[2.274476744186046, 0.3843081395348834, 1.4901744186046508, 0.0, 0.3607790697674421, 2.392122093023256, 0.17254651162790674, 10.846901162790697, 0.7764593023255816, 0.6666569767441861, 0.556854651162791, 0.7294011627906978, 0.6745]",1.640398479427549,0.6745,2.7518049256884507,0.0,10.846901162790697,13.0,1.0,6.0,0.67
7,"[0.7588124999999996, 0.5901875000000003, 3.4006041666666724, 0.5901875000000003, 1.01175, 9.443000000000051, 0.33725, 0.33725]",2.0586302083333403,0.6744999999999999,2.9443641756120256,0.33725,9.443000000000051,8.0,2.0,7.0,0.78
8,"[0.6745, 4.021057692307692, 0.0, 0.6745, 28.666250000000176, 0.0, 0.0, 7.194666666666576, 0.6745, 0.6745, 59.3559999999988, 0.0, 0.9509344262295082, 0.0, 0.6745]",6.904093919013517,0.6745,15.707751999922998,0.0,59.3559999999988,15.0,5.0,9.0,1.0
