Cluster,Dist,mean,median,std,min,max,bag_count,day_count,Cluster_Rank,Cluster_perc
0,"[14.973899999999935, 0.1348999999999986, 0.8093999999999986, 0.5396000000000014, 0.1348999999999986, 4.58659999999998, 0.6745, 0.44966666666666794, 0.0, 16.862500000000008, 3.222611111111112]",3.853507070707064,0.6745,5.864212479955184,0.0,16.862500000000008,11.0,2.0,5.0,0.83
1,"[0.36034931506849277, 0.3049109589041096, 0.8962534246575343, 27.672979452054783, 0.027719178082191605, 60.60336301369861, 57.38793835616436, 2.0050205479452052, 0.4527465753424657, 0.027719178082191605, 0.0, 0.8788939393939406, 13.714833333333353, 0.6745, 0.5314242424242442, 0.6336212121212134, 0.7358181818181826]",9.818122994652406,0.6745,19.23387757847655,0.0,60.60336301369861,17.0,2.0,6.0,1.0
2,"[0.6745, 1.5265000000000009, 0.0, 0.6745, 0.12425000000000024, 0.6745, 0.0, 4.7214999999999785, 0.6745, 5.395999999999941, 0.0, 0.6745, 24.95650000000016, 0.0, 0.0, 0.6745, 4.047000000000023, 0.6745, 0.0, 2.5630999999999875, 0.6745, 0.8093999999999986, 0.0, 0.0, 0.8504565217391293, 0.6745]",1.9640464046822774,0.6745,4.822655361195244,0.0,24.95650000000016,26.0,8.0,3.0,0.5
3,"[0.6744999999999961, 0.6745000000000039, 0.6744999999999998, 0.6745000000000001, 0.6745000000000011, 0.6744999999999989, 0.0, 0.0, 0.6744999999999994, 0.6745000000000005, 0.6745000000000007, 0.6744999999999992]",0.5620833333333333,0.6744999999999997,0.25137130847060135,0.0,0.6745000000000039,12.0,7.0,1.0,0.17
4,"[0.6745, 0.6745, 0.6745, 0.6745]",0.6745,0.6745,0.0,0.6745,0.6745,4.0,2.0,2.0,0.33
5,"[0.6295333333333336, 7.914133333333329, 4.631566666666663, 0.6745, 0.0, 9.635714285714307, 1.9271428571428624, 0.5781428571428574, 0.6745, 0.0]",2.666523333333335,0.6745,3.3344082023987833,0.0,9.635714285714307,10.0,2.0,4.0,0.67
