Cluster,Dist,mean,median,std,min,max,bag_count,day_count,Cluster_Rank,Cluster_perc
0,"[0.20391860465116435, 0.36077906976744206, 0.1411744186046516, 0.14117441860464996, 18.870313953488324, 11.78022093023253, 0.988220930232558, 7.921453488372073, 14.1126153846154, 0.31130769230769345, 1.0117500000000004, 19.819923076923097, 0.33724999999999966, 0.31130769230769206]",5.450814975721948,0.6745,7.251438548759948,0.14117441860464996,19.819923076923097,14.0,2.0,7.0,0.78
1,"[2.2364999999999924, 0.17749999999999852, 0.17750000000000224, 2.094499999999998, 0.17750000000000224, 1.1714999999999978, 0.51320652173913, 1.1877065217391298, 2.067489130434781, 0.14663043478260923, 2.2581086956521723, 0.0, 2.287434782608694, 0.0, 0.6745, 1.142682352941176, 2.7773529411764697, 0.3332823529411761, 0.9681058823529409, 0.3332823529411761, 0.38089411764705894]",1.0050321946169765,0.6745,0.8924068036063266,0.0,2.7773529411764697,21.0,3.0,4.0,0.44
2,"[5.806565217391314, 0.6745, 0.0, 0.6745, 0.0, 0.944300000000002, 0.0, 0.6745, 4.833916666666654]",1.5120313204508855,0.6745,2.075340796053513,0.0,5.806565217391314,9.0,3.0,6.0,0.67
3,"[0.0, 0.6745000000000001, 0.6744999999999998, 0.6744999999999942, 0.6745000000000058, 0.0]",0.44966666666666666,0.674499999999997,0.3179623492735509,0.0,0.6745000000000058,6.0,4.0,1.0,0.11
4,"[0.6745, 0.6745, 0.6744999999999999, 0.6745, 0.6745, 0.6745, 0.6745, 0.6745]",0.6744999999999999,0.6745,1.0385185452638061e-16,0.6744999999999999,0.6745,8.0,4.0,3.0,0.33
5,"[0.12847619047619285, 0.12847619047618952, 1.2205238095238071, 15.288666666666646, 0.362417910447761, 3.181223880597015, 0.36241791044776156, 0.9865820895522385, 6.351541666666664, 1.1054305555555552, 0.24356944444444484, 0.24356944444444484, 0.6745, 0.6745, 133.23623333333322, 0.6744999999999953]",10.303914318289495,0.6745,31.95977283213786,0.12847619047618952,133.23623333333322,16.0,4.0,9.0,1.0
6,"[1.1360000000000003, 0.0354999999999998, 1.4555000000000013, 0.6745, 0.0]",0.6603000000000003,0.6745,0.580552547147974,0.0,1.4555000000000013,5.0,1.0,2.0,0.22
7,"[0.14307575757575774, 60.56192424242423, 0.6745, 0.5314242424242422, 0.0, 1.7577878787878782, 0.7562575757575752]",9.203567099567099,0.6745,20.973543582492685,0.0,60.56192424242423,7.0,1.0,8.0,0.89
8,"[0.8431249999999989, 0.0, 0.6745, 0.3794062499999997, 3.75190625]",1.1297874999999997,0.6745,1.3419732226219623,0.0,3.75190625,5.0,1.0,5.0,0.56
