Cluster,Dist,mean,median,std,min,max,bag_count,day_count,Cluster_Rank,Cluster_perc
0,"[0.6745, 0.6745, 0.6745, 0.6745, 0.6745, 0.6745, 0.6744999999999999, 0.6744999999999999, 0.6745, 0.6745, 0.6745, 0.6745]",0.6745,0.6745,4.5324665183683945e-17,0.6744999999999999,0.6745,12.0,6.0,3.0,0.43
1,"[0.0, 0.0, 0.0, 0.0, 0.0, 1.6685000000000019, 0.0, 0.6745, 0.0, 0.6745, 1.4453571428571421, 0.0]",0.371904761904762,0.0,0.5861663726621561,0.0,1.6685000000000019,12.0,8.0,1.0,0.14
2,"[0.6601489361702129, 0.6601489361702129, 1.8369361702127671, 0.6888510638297872, 3.960893617021274, 0.9758723404255314, 0.3731276595744671, 0.37312765957446864]",1.1911382978723402,0.6745000000000001,1.1340973024287584,0.3731276595744671,3.960893617021274,8.0,2.0,6.0,0.86
3,"[0.747138461538461, 0.6745, 0.0, 3.709749999999991, 0.0, 0.6745]",0.9676480769230754,0.6745,1.2657214437210924,0.0,3.709749999999991,6.0,2.0,5.0,0.71
4,"[4.408926829268291, 0.756756097560976, 0.592243902439024, 1.118682926829268, 0.3619268292682921, 0.3619268292682938]",1.266743902439024,0.6745,1.4287326132556943,0.3619268292682921,4.408926829268291,6.0,1.0,7.0,1.0
5,"[0.6744999999999999, 0.36535416666666654, 0.0, 0.6745000000000014, 0.6745000000000014]",0.4777708333333338,0.6744999999999999,0.2672113662180397,0.0,0.6745000000000014,5.0,1.0,2.0,0.29
6,"[2.6417916666666654, 0.08431249999999946, 0.6745, 3.007145833333331, 0.0, 0.0, 0.9464758064516131, 0.8920806451612908, 0.6745, 0.130548387096774]",0.9051354838709674,0.6745,1.0224951413126413,0.0,3.007145833333331,10.0,2.0,4.0,0.57
