Cluster,Dist,mean,median,std,min,max,bag_count,day_count,Cluster_Rank,Cluster_perc
0,"[0.6745, 0.0, 2.0234999999999954, 0.08431250000000383, 20.74087499999999, 0.5691093749999994, 0.27401562499999865, 0.7798906250000006, 5.670015625000007, 7.39842187500001, 0.2740156250000009]",3.4989687500000013,0.6745,5.939374843414425,0.0,20.74087499999999,11.0,2.0,6.0,1.0
1,"[0.6745, 1.4022499999999987, 0.0, 0.0, 0.0, 1.5278446969696973, 0.6745, 0.6745, 0.0, 1.4333124999999995, 0.6745000000000009, 0.6744999999999991, 0.0, 0.0, 0.6745000000000014, 0.6744999999999987, 0.0, 0.0, 0.0]",0.47815301036682606,0.6744999999999987,0.5229307707064085,0.0,1.5278446969696973,19.0,11.0,1.0,0.17
2,"[0.0, 5.632075000000004, 0.6745, 0.6745, 2.173388888888888, 0.0, 0.6744999999999999, 2.4731666666666703, 0.0, 1.8395454545454586, 0.6131818181818185, 1.9621818181818216, 0.6745, 0.0, 0.6745, 5.193649999999989, 0.0]",1.3682170380273324,0.6745,1.6732315728263818,0.0,5.632075000000004,17.0,5.0,4.0,0.67
3,"[0.6745, 0.6745, 0.6745, 0.6745]",0.6745,0.6745,0.0,0.6745,0.6745,4.0,2.0,2.0,0.33
4,"[3.387742937853108, 0.6592570621468927, 0.6592570621468927, 0.6897429378531073, 0.7004423076923061, 0.6485576923076938, 0.6485576923076911, 9.728365384615389, 9.92478571428566, 0.09635714285714178, 0.09635714285714679, 1.2526428571428532, 0.8287461240310078, 0.5202538759689922, 0.5202538759689922, 2.951591085271318]",2.082056930956637,0.6745,3.0563915628617617,0.09635714285714178,9.92478571428566,16.0,4.0,5.0,0.83
5,"[1.1775169491525421, 1.3375677966101696, 0.537313559322033, 0.5144491525423721, 0.5144491525423733, 0.811686440677967]",0.8154971751412429,0.6745,0.33223398386401376,0.5144491525423721,1.3375677966101696,6.0,1.0,3.0,0.5
