Cluster,Dist,mean,median,std,min,max,bag_count,day_count,Cluster_Rank,Cluster_perc
0,"[0.812301075268817, 0.31911827956989186, 0.536698924731183, 0.31911827956989264, 1.7841612903225792, 8.761247311827951, 0.7550373134328358, 0.47315671641791013, 14.476582089552238, 0.6745, 0.0]",2.628356480063027,0.6745,4.430511358888388,0.0,14.476582089552238,11.0,2.0,5.0,1.0
1,"[0.6745000000000013, 0.6744999999999987, 0.0, 0.6745, 1.9110833333333284, 0.0, 0.6744999999999993, 0.6745000000000005, 0.0, 0.0, 0.6745000000000002, 0.6744999999999998, 0.0, 0.0, 0.0]",0.44217222222222186,0.6744999999999987,0.5101729866996327,0.0,1.9110833333333284,15.0,10.0,1.0,0.2
2,"[0.6745, 0.0, 15.754392857142832, 0.0, 0.6745, 2.452727272727277, 0.0, 0.6745, 4.576964285714279, 0.0, 3.1701500000000045, 0.6745, 0.0, 4.721500000000035, 0.6745, 0.0, 0.6745, 8.094, 0.33725000000000044, 0.6745, 1.9161931818181817, 1.9928409090909094, 0.0]",2.0755442828910224,0.6745,3.5193927564944776,0.0,15.754392857142832,23.0,7.0,4.0,0.8
3,"[1.206932637571157, 0.6591413662239087, 0.6591413662239091, 0.689858633776091, 0.6793178571428571, 0.6696821428571429, 0.6696821428571429, 1.2285535714285711, 2.1528561643835604, 0.7668972602739725, 0.748417808219178, 0.6005821917808218, 0.3973082191780825, 0.8962534246575343, 0.1570753424657534, 0.1570753424657534, 0.5686960784313732, 0.7803039215686268, 0.5686960784313718, 1.732539215686275]",0.7994505382811542,0.6745,0.46359913325661584,0.1570753424657534,2.1528561643835604,20.0,4.0,3.0,0.6
4,"[0.6745, 0.6745]",0.6745,0.6745,0.0,0.6745,0.6745,2.0,1.0,2.0,0.4
