Cluster,Dist,mean,median,std,min,max,bag_count,day_count,Cluster_Rank,Cluster_perc
0,"[0.6745, 0.6745, 0.6745, 0.6745, 0.6745, 0.6745, 0.49054545454545306, 0.0, 1.655590909090903, 0.1839545454545469, 1.5329545454545404, 0.6744999999999999, 3.1272272727272625, 0.6745, 0.6745, 0.6745, 0.6745]",0.847633689839571,0.6745,0.6832103867332859,0.0,3.1272272727272625,17.0,6.0,3.0,0.6
1,"[0.6745, 0.06527419354838677, 5.7658870967742, 1.8711935483870985, 0.0, 0.07494444444444401, 7.044777777777779, 0.07494444444444401, 1.274055555555556]",1.8717307845479898,0.6745,2.515264288004878,0.0,7.044777777777779,9.0,2.0,4.0,0.8
2,"[0.6744999999999999, 0.0, 4.890125000000008, 0.6745, 15.513500000000096, 0.0, 1.200381355932203, 0.6745, 1.1432203389830506, 0.0, 1.463322033898305, 0.22864406779660995, 0.16005084745762732]",2.047903357235992,0.6745,4.079905007657796,0.0,15.513500000000096,13.0,3.0,5.0,1.0
3,"[0.6745000000000003, 0.6744999999999997, 1.761194444444444, 0.6745, 0.0, 0.0, 0.0, 0.0, 0.0, 0.0, 0.0, 0.6745, 0.0, 1.706897959183675, 1.2141000000000042, 0.0, 0.6745]",0.4738054355075366,0.0,0.59149558856826,0.0,1.761194444444444,17.0,10.0,1.0,0.2
4,"[1.819106060606061, 0.6745, 1.2468030303030297, 0.6745, 0.0, 0.0, 0.6745, 0.29228333333333417, 1.2590666666666683, 1.0117500000000006]",0.7652509090909094,0.6745,0.5537817573753625,0.0,1.819106060606061,10.0,2.0,2.0,0.4
