Cluster,Dist,mean,median,std,min,max,bag_count,day_count,Cluster_Rank,Cluster_perc
0,"[0.9677608695652177, 0.9873115942028977, 0.1270797101449278, 0.5962971014492758, 0.7527028985507241, 0.9677608695652167, 0.12707971014492675, 0.3421376811594202, 7.194666666666713, 0.6745, 0.6745, 0.0, 10.342333333333393]",1.8272408026755933,0.6745,3.0401400060130754,0.0,10.342333333333393,13.0,2.0,4.0,0.57
1,"[0.6744999999999964, 0.6745000000000035, 0.0, 0.0, 0.0, 0.0, 0.0, 0.0, 0.6745, 0.0, 1.6637666666666724, 0.0, 0.0, 0.6745000000000013, 0.6744999999999987, 1.6497905405405395, 0.0, 0.6745]",0.40891984484484506,0.0,0.5379876050629893,0.0,1.6637666666666724,18.0,12.0,1.0,0.14
2,"[0.6744999999999964, 0.6745000000000035, 15.513500000000016, 0.6744999999999964, 0.3679090909090914, 0.9810909090909087, 0.3679090909090914, 4.733763636363637]",2.9984590909090927,0.6745,4.92124538831844,0.3679090909090914,15.513500000000016,8.0,2.0,6.0,0.86
3,"[0.2657121212121195, 3.3316212121212123, 1.0832878787878784, 0.2657121212121217, 0.86474358974359, 0.48425641025641, 1.0376923076923048, 0.4842564102564082]",0.9771602564102556,0.6745,0.9400316751070182,0.2657121212121195,3.3316212121212123,8.0,2.0,3.0,0.43
4,"[0.6745, 0.6745, 0.6745, 0.6745]",0.6745,0.6745,0.0,0.6745,0.6745,4.0,2.0,2.0,0.29
5,"[1.1037272727272738, 0.6745, 0.06131818181818153, 16.065363636363656, 0.1839545454545446, 0.0, 1.5942727272727293]",2.8118766233766266,0.6745,5.437985795949697,0.0,16.065363636363656,7.0,1.0,5.0,0.71
6,"[14.83900000000007, 0.0, 0.6745]",5.17116666666669,0.6745,6.841734116598121,0.0,14.83900000000007,3.0,1.0,7.0,1.0
