Cluster,Dist,mean,median,std,min,max,bag_count,day_count,Cluster_Rank,Cluster_perc
0,"[0.674500000000005, 0.674499999999995, 0.0, 0.674500000000001, 0.674499999999999, 0.0, 0.6745000000000022, 0.6744999999999978, 0.0, 0.6745000000000039, 0.6744999999999961]",0.4905454545454546,0.6744999999999978,0.30039651481950064,0.0,0.674500000000005,11.0,7.0,1.0,0.17
1,"[0.6745, 0.6745, 0.6745, 0.6745, 0.6745, 0.6745, 0.6745, 0.6745, 0.6745, 0.6745]",0.6745,0.6745,0.0,0.6745,0.6745,10.0,5.0,2.0,0.33
2,"[39.62687500000075, 0.0, 0.6745, 0.6745, 7.014800000000028, 0.0, 0.20234999999999614, 2.023499999999988, 2.934074999999987, 0.4384249999999954, 0.6070499999999972, 0.6745, 0.0, 1.281549999999992, 0.6745, 3.1027000000000284, 0.6745, 0.0, 0.6745, 0.0, 32.37599999999337, 0.0, 4.455893782383421, 0.6745]",4.116029949265731,0.6745,9.80797918187625,0.0,39.62687500000075,24.0,6.0,4.0,0.67
3,"[0.35330952380952135, 0.3533095238095247, 0.9956904761904752, 3.2440238095238443, 1.349, 0.0, 20.055133333333384, 0.0, 26.65186486486483, 0.49220270270270305, 0.8567972972972969, 0.49220270270270206]",4.570294519519524,0.6745,8.54733069785098,0.0,26.65186486486483,12.0,3.0,5.0,0.83
4,"[2.967800000000033, 0.0, 2.1584000000000323, 0.1348999999999972, 0.6745]",1.1871200000000124,0.6745,1.1741725757315393,0.0,2.967800000000033,5.0,1.0,3.0,0.5
5,"[0.6295333333333313, 0.6745, 6.75998888888889, 20.96945555555556, 0.0]",5.806695555555556,0.6745,7.970924816701706,0.0,20.96945555555556,5.0,1.0,6.0,1.0
