Cluster,Dist,mean,median,std,min,max,bag_count,day_count,Cluster_Rank,Cluster_perc
0,"[0.0, 0.6744999999999929, 0.674500000000007, 0.6745000000000003, 0.6744999999999997, 0.0, 1.1109411764705877, 0.6745, 0.6745, 0.0, 1.1382187499999992, 0.0, 0.6744999999999995, 0.6745000000000004, 0.0, 0.0, 0.6745000000000001, 0.6744999999999998, 0.6744999999999999, 0.0, 1.630041666666671, 0.0, 0.6745000000000009, 0.6744999999999992]",0.5269875663807191,0.6744999999999997,0.42991955752510286,0.0,1.630041666666671,24.0,13.0,1.0,0.2
1,"[0.6745, 0.6745, 0.6745, 0.6745, 0.6745, 0.6745, 0.6745, 0.6745, 0.6745, 0.6745]",0.6745,0.6745,0.0,0.6745,0.6745,10.0,5.0,2.0,0.4
2,"[1.8066964285714278, 0.16862500000000125, 0.2649821428571409, 1.5658035714285723, 0.21680357142856982, 0.6504107142857145, 0.16862499999999875, 0.6985892857142855, 2.0475892857142806, 8.985303571428556, 1.0840178571428567, 0.36133928571428303]",1.501565476190474,0.6745,2.344827968082259,0.16862499999999875,8.985303571428556,12.0,1.0,4.0,0.8
3,"[0.5395999999999989, 0.8093999999999998, 0.5396000000000003, 1.8076599999999965]",0.9240649999999988,0.6745000000000001,0.5218991422439767,0.5395999999999989,1.8076599999999965,4.0,1.0,3.0,0.6
4,"[0.0, 72.00287500000003, 0.6745]",24.225791666666677,0.6745,33.78462181173272,0.0,72.00287500000003,3.0,1.0,5.0,1.0
