Cluster,Dist,mean,median,std,min,max,bag_count,day_count,Cluster_Rank,Cluster_perc
0,"[0.0, 1.0755540540540547, 0.5833513513513519, 1.0026351351351357, 1.0573243243243244, 0.6015810810810815, 0.6745, 0.5058749999999967, 0.5058750000000055, 13.827249999999998, 0.8431249999999945]",1.879733722358722,0.6745,3.7897626590727307,0.0,13.827249999999998,11.0,2.0,5.0,1.0
1,"[0.0, 1.7360081967213115, 0.6745, 0.0, 0.0, 0.0, 0.0, 0.6745000000000002, 0.6744999999999999, 0.0, 0.0, 0.6744999999999998, 0.6745000000000002, 0.0]",0.3648934426229508,0.0,0.4945715726417287,0.0,1.7360081967213115,14.0,10.0,1.0,0.2
2,"[0.0, 0.6745, 0.6745000000000088, 0.0, 0.8126506024096382, 0.6745, 0.6745, 2.520499999999994, 0.0]",0.6701278447121823,0.6745,0.7296483397477153,0.0,2.520499999999994,9.0,3.0,2.0,0.4
3,"[0.6744999999999999, 0.6744999999999999, 0.6745, 0.6745]",0.6745,0.6744999999999999,7.850462293418876e-17,0.6744999999999999,0.6745,4.0,2.0,3.0,0.6
4,"[0.6117558139534888, 0.7372441860465113, 0.6117558139534879, 0.7843023255813955, 0.395396551724138, 0.953603448275862, 0.395396551724138, 1.9149597701149432]",0.8005518076717456,0.6745000000000001,0.45678102376912105,0.395396551724138,1.9149597701149432,8.0,2.0,4.0,0.8
