Cluster,Dist,mean,median,std,min,max,bag_count,day_count,Cluster_Rank,Cluster_perc
0,"[0.0, 0.0, 1.2876818181818217, 0.6745, 0.0, 0.6744999999999995, 0.6745000000000004, 0.0, 0.0, 0.6744999999999989, 0.6745000000000011, 0.0, 0.0, 1.218451612903225, 0.6745, 0.0, 0.0]",0.38547843712264984,0.0,0.44367175628940053,0.0,1.2876818181818217,17.0,11.0,1.0,0.17
1,"[0.6745, 0.6745, 0.6745, 0.6745, 0.6745, 0.6745, 0.6745, 0.6745]",0.6745,0.6745,0.0,0.6745,0.6745,8.0,4.0,2.0,0.33
2,"[0.0, 0.9303448275862075, 0.6745, 0.0, 0.6745, 5.058749999999992, 0.0, 0.6745, 2.0235000000000176]",1.1151216475095795,0.6745,1.5174697310551053,0.0,5.058749999999992,9.0,3.0,4.0,0.67
3,"[1.1186829268292686, 0.603211382113821, 0.603211382113821, 0.745788617886179, 1.2141000000000004, 0.13489999999999955, 3.282566666666674, 0.13489999999999955]",0.9796701219512204,0.6745,0.9449226466179002,0.13489999999999955,3.282566666666674,8.0,2.0,3.0,0.5
4,"[14.552848484848482, 1.522734848484848, 0.0, 0.6745, 0.6029621212121211]",3.4706090909090905,0.6745,5.562319600703639,0.0,14.552848484848482,5.0,1.0,6.0,1.0
5,"[0.1264687499999996, 5.691093750000016, 1.2225312500000005, 0.1264687499999996, 0.6629782918149465, 0.6860217081850533, 0.756112099644128, 0.6629782918149467, 0.6279827586206893, 1.6978793103448278, 0.6279827586206893, 0.7210172413793107]",1.1341262467020508,0.6745,1.4315786078005301,0.1264687499999996,5.691093750000016,12.0,3.0,5.0,0.83
