Cluster,Dist,mean,median,std,min,max,bag_count,day_count,Cluster_Rank,Cluster_perc
0,"[0.8852812500000037, 0.6745, 1.391156250000002, 0.5480312500000026, 1.6862500000000034, 0.0, 0.16862500000000163, 0.4996296296296267, 1.798666666666669, 0.19985185185185328, 0.8493703703703732, 0.9492962962962933, 0.1998518518518507, 0.9274374999999984, 0.6745, 0.08431249999999944, 0.0, 2.9509374999999984, 0.0, 4.721499999999964, 0.6745]",0.9468427579365065,0.6745,1.1016117095587594,0.0,4.721499999999964,21.0,4.0,3.0,0.5
1,"[0.09992592592592814, 0.9492962962963005, 0.09992592592592554, 0.44966666666666494, 0.6994814814814815, 0.9992592592592632, 4.146925925925936, 0.6495185185185186, 0.6745, 4.476227272727268, 0.8584545454545457, 0.0, 0.3985681818181806]",1.1155192307692319,0.6745,1.3989110310483117,0.0,4.476227272727268,13.0,2.0,5.0,0.83
2,"[0.6226153846153876, 0.6745, 0.0, 1.037692307692309, 3.4243846153846236, 0.2540324675324678, 0.2540324675324678, 3.8280064935064937, 0.9372922077922075, 0.4117077922077924, 0.9723311688311684, 0.6745, 1.846000000000001, 1.988000000000002, 0.0, 0.5680000000000005, 1.7395000000000014, 0.31950000000000006]",1.0862274947274957,0.6745,1.0658672464120817,0.0,3.8280064935064937,18.0,3.0,4.0,0.67
3,"[0.6745000000000001, 1.1730434782608705, 0.0, 0.6745000000000029, 0.6744999999999971, 0.6745000000000058, 0.6744999999999942, 1.6664117647058816, 0.0, 0.6745, 0.0, 1.287681818181817, 0.6745]",0.6806643893191207,0.6745,0.47820041218520765,0.0,1.6664117647058816,13.0,5.0,1.0,0.17
4,"[1.2646875000000006, 1.2646874999999984, 0.29509375000000027, 0.0, 0.6745, 1.4389333333333334, 0.6745, 0.2698000000000001, 0.0, 3.1364250000000005]",0.9018627083333334,0.6745,0.8968148793469581,0.0,3.1364250000000005,10.0,2.0,2.0,0.33
5,"[0.8211304347826092, 0.5278695652173907, 0.5278695652173907, 3.0499130434782584, 0.6745, 0.6745, 0.6745, 1.5004183673469378, 1.349, 13.34011111111112, 0.0, 0.0, 1.324018518518516, 0.02498148148148389, 0.02498148148148129, 6.270351851851843]",1.9240090887804395,0.6745,3.3144626144012124,0.0,13.34011111111112,16.0,4.0,6.0,1.0
