Cluster,Dist,mean,median,std,min,max,bag_count,day_count,Cluster_Rank,Cluster_perc
0,"[0.0, 0.2192955665024632, 6.77158128078818, 0.6745, 1.3323866995073899, 0.5469567279193835, 1.624077652637819, 0.8020432720806164, 0.5469567279193835]",1.390866436372804,0.6745,1.9607608533678162,0.0,6.77158128078818,9.0,2.0,3.0,1.0
1,[0.0],0.0,0.0,0.0,0.0,0.0,1.0,1.0,1.0,0.33
2,"[0.0, 0.6745, 0.7498852941176474]",0.47479509803921577,0.6745,0.33713847252412715,0.0,0.7498852941176474,3.0,1.0,2.0,0.67
