Cluster,Dist,mean,median,std,min,max,bag_count,day_count,Cluster_Rank,Cluster_perc
0,"[0.6745000000000002, 0.6744999999999998, 0.0]",0.44966666666666666,0.6744999999999998,0.3179623492735509,0.0,0.6745000000000002,3.0,2.0,1.0,0.33
1,"[4.497428813559322, 0.6745, 0.0]",1.7239762711864408,0.6745,1.980364750257883,0.0,4.497428813559322,3.0,1.0,3.0,1.0
2,"[0.6101803843364758, 0.6101803843364758, 1.3433750906453952, 0.7388196156635242]",0.8256388687454677,0.6745,0.30349344934469225,0.6101803843364758,1.3433750906453952,4.0,1.0,2.0,0.67
