Cluster,Dist,mean,median,std,min,max,bag_count,day_count,Cluster_Rank,Cluster_perc
0,"[0.25293750000000054, 0.33725, 3.5411249999999987, 5.185218749999997, 0.25293750000000054, 1.01175, 0.5951470588235294, 1.4944803921568603, 0.5951470588235279, 0.7538529411764706, 0.22483333333333477, 0.44966666666666666, 3.4849166666666647, 0.6745000000000014, 0.33724999999999783, 1.1241666666666652, 1.180375000000001, 1.4052083333333327, 0.6744999999999984, 0.6744999999999984, 0.22483333333333186, 1.7424583333333337, 0.6745, 0.9097906976744188, 0.0, 0.3869224806201549, 14.886058139534887, 3.882487804878047, 1.019975609756097, 0.0, 0.6745, 0.5922439024390249, 0.6745, 0.6745, 0.7166562499999998, 0.6323437500000003, 4.6793437499999975, 0.6323437500000003, 4.12635294117647, 0.714176470588235, 0.23805882352941443, 0.6348235294117649, 1.6664117647058803, 0.23805882352941032, 0.04087878787878768, 0.04087878787878981, 1.1446060606060615, 0.2043939393939384, 2.084818181818185, 124.59854545454562]",3.8597044846855777,0.6745,17.399037703664007,0.0,124.59854545454562,50.0,9.0,2.0,0.5
1,"[0.0, 0.6745, 1.1966935483870966, 0.5004354838709678, 1.5665806451612887, 1.5448225806451599, 0.1958225806451611, 80.04066666666681, 0.0, 0.6744999999999999, 0.9330583333333328, 1.2703083333333316, 0.41594166666666726, 0.41594166666666615, 1.5738333333333319, 0.02043939393939381, 0.5518636363636371, 0.7971363636363629, 0.02043939393939381, 0.9197727272727279, 1.1691333333333367, 0.7644333333333316, 0.5845666666666659, 0.5845666666666683]",4.01731068141089,0.6744999999999999,15.859247564823761,0.0,80.04066666666681,24.0,5.0,3.0,0.75
2,"[0.6745, 0.15565384615384553, 0.6226153846153848, 0.46696153846153926, 0.0, 0.778269230769233, 12.867384615384642, 4.098884615384623, 152.54076923076957, 0.7912403846153847, 0.16862500000000052, 8.781471153846166, 4.397221153846159, 0.4539903846153864, 0.7393557692307695, 0.4280480769230761, 1.0506634615384618, 1.0247211538461554, 0.5837019230769228, 0.7912403846153847, 0.6096442307692304, 0.11674038461538538, 0.9468942307692315, 0.11674038461538402, 0.5577596153846166, 0.2983365384615397, 1.076605769230772]",7.227334757834772,0.6745,28.639803349196264,0.0,152.54076923076957,27.0,2.0,4.0,1.0
3,"[0.6744999999999997, 0.6745000000000003, 0.0, 0.6745000000000011, 0.6744999999999988, 0.0, 0.6745000000000004, 0.6744999999999995, 0.6744999999999998, 0.6745000000000002, 0.0]",0.49054545454545456,0.6744999999999997,0.30039651481950064,0.0,0.6745000000000011,11.0,7.0,1.0,0.25
