Cluster,Dist,mean,median,std,min,max,bag_count,day_count,Cluster_Rank,Cluster_perc
0,"[5.995555555555558, 0.07494444444444401, 0.07494444444444401, 0.6745, 0.0, 0.7494444444444459, 3.934583333333336, 4.21562499999999, 0.5058750000000055, 0.5058749999999967, 6.5763750000000005, 0.6744999999999955, 0.6745000000000043]",1.8966709401709403,0.6745,2.2893014770256954,0.0,6.5763750000000005,13.0,2.0,6.0,0.86
1,"[0.0, 0.6744999999999997, 0.6745000000000003, 0.6744999999999999, 0.6745000000000002, 0.6744999999999971, 0.6745000000000029, 0.0, 0.0, 1.6084230769230812, 0.6745, 0.0, 0.0]",0.486917159763314,0.6744999999999997,0.4548481046749452,0.0,1.6084230769230812,13.0,8.0,1.0,0.14
2,"[0.16862500000000036, 0.6745, 1.7143541666666655, 1.0679583333333322, 0.0, 0.14663043478260923, 1.202369565217391, 1.9941739130434752, 0.1466304347826077, 1.0628484848484843, 2.684373737373739, 0.28615151515151566, 0.2861515151515149, 1.1005000000000014, 0.24849999999999864, 0.24849999999999864, 3.2305000000000006]",0.9566333588441961,0.6745,0.9311870070078908,0.0,3.2305000000000006,17.0,4.0,4.0,0.57
3,"[1.1466500000000033, 0.24731666666666768, 1.1016833333333325, 0.24731666666666535, 0.6745, 0.6745]",0.6819944444444448,0.6745,0.3582469872281205,0.24731666666666535,1.1466500000000033,6.0,2.0,2.0,0.29
4,"[0.6423809523809526, 8.640023809523818, 2.9228333333333376, 0.0, 0.6745, 0.0, 0.09635714285714321, 1.6958857142857129, 0.6745, 3.623028571428569]",1.8969509523809536,0.6745,2.5405302564319214,0.0,8.640023809523818,10.0,2.0,7.0,1.0
5,"[5.2733636363636185, 0.0, 0.6744999999999999, 0.6745, 0.7656486486486491, 0.0, 0.0, 3.14766666666669, 0.6745, 2.8045000000000013, 0.6745, 0.0, 0.6745, 9.868999999999978, 0.0]",1.6821785967785956,0.6745,2.6254351685900725,0.0,9.868999999999978,15.0,5.0,5.0,0.71
6,"[0.0, 1.349000000000002, 0.0, 0.22483333333333202, 1.124166666666668, 2.173388888888888]",0.8118981481481483,0.6745000000000001,0.8064995729250315,0.0,2.173388888888888,6.0,1.0,3.0,0.43
