Cluster,Dist,mean,median,std,min,max,bag_count,day_count,Cluster_Rank,Cluster_perc
0,"[8.09400000000001, 0.06423809523809491, 0.06423809523809491, 1.2847619047619052, 0.0, 1.6019374999999982, 0.3372499999999978, 8.178312499999995, 0.6745, 0.6540606060606061, 1.0219696969696948, 0.4087878787878805, 0.3679090909090907, 0.3679090909090907, 1.7169090909090885, 0.6949393939393939, 4.905454545454544, 0.6745, 4.271833333333363, 0.0, 0.44966666666666666, 3.5973333333333564, 0.9933545454545462, 0.6745, 0.28206363636363735, 0.282063636363636, 3.519663636363637, 0.6745]",1.6377377241805833,0.6745,2.218306765381112,0.0,8.178312499999995,28.0,5.0,4.0,1.0
1,"[0.6745, 0.6745, 0.6745, 0.6745, 0.6745, 0.6745]",0.6745,0.6745,0.0,0.6745,0.6745,6.0,3.0,2.0,0.5
2,"[0.41507692307691973, 2.8017692307692244, 2.1791538461538393, 0.41507692307691973, 0.5188461538461551, 0.8301538461538449, 1.168036585365853, 0.1809634146341469, 0.1809634146341469, 2.418329268292683, 0.6745, 2.276437500000003, 0.0, 0.6451739130434755, 0.7038260869565215, 0.6451739130434785, 0.8797826086956473]",0.9960743310436977,0.6745,0.841982752282083,0.0,2.8017692307692244,17.0,4.0,3.0,0.75
3,"[0.0, 0.0, 0.0, 0.6744999999999994, 0.6745000000000004, 0.6745000000000003, 0.6744999999999997, 0.0, 0.0, 0.6744999999999987, 0.6745000000000013]",0.3679090909090909,0.6744999999999987,0.3358535136702132,0.0,0.6745000000000013,11.0,8.0,1.0,0.25
