Cluster,Dist,mean,median,std,min,max,bag_count,day_count,Cluster_Rank,Cluster_perc
0,"[0.6323437499999981, 0.0, 0.6745, 0.12646875000000138, 1.517624999999999, 126.80599999999994, 1.349, 11.098238505747124, 0.6551178160919539, 1.0039971264367813, 0.693882183908046, 0.538824712643678, 0.003876436781609171, 1.275347701149425, 0.003876436781609171]",9.758606561302678,0.6745,31.39352993793547,0.0,126.80599999999994,15.0,2.0,9.0,1.0
1,"[0.0, 0.6745000000000009, 0.6744999999999991, 0.6745, 1.0857804878048793, 0.0, 0.0, 0.6745, 1.274055555555556, 0.0, 0.6744999999999998, 0.6745000000000002, 0.0, 0.0]",0.4576311459543168,0.6744999999999994,0.4309350801185819,0.0,1.274055555555556,14.0,8.0,1.0,0.11
2,"[0.7367017291066281, 0.950520172910663, 0.612298270893372, 0.6122982708933715, 0.9362462686567158, 2.043634328358209, 0.41275373134328314, 0.41275373134328414]",0.8396508129381908,0.6745000000000001,0.49366715882364237,0.41275373134328314,2.043634328358209,8.0,2.0,3.0,0.33
3,"[0.6745, 0.0, 0.8431249999999986, 14.569199999999933, 0.6745, 0.0, 7.756750000000002, 0.0, 0.6745, 0.5299642857142843, 0.6263214285714289, 0.5299642857142843, 0.7226785714285711, 0.7708571428571421, 1.108107142857142, 9.780249999999997, 0.0, 0.6745, 0.0, 2.9509374999999984, 0.6745]",2.074316921768704,0.6745,3.7334745542467886,0.0,14.569199999999933,21.0,6.0,7.0,0.78
4,"[0.6745, 0.6745, 0.6745, 0.6745]",0.6745,0.6745,0.0,0.6745,0.6745,4.0,2.0,2.0,0.22
5,"[0.6469693877551022, 0.7020306122448978, 0.6469693877551022, 5.657540816326531, 1.2950399999999989, 5.719760000000001, 0.05395999999999966, 0.05396000000000107]",1.8470287755102042,0.6745,2.248450518918869,0.05395999999999966,5.719760000000001,8.0,2.0,6.0,0.67
6,"[16.32289999999993, 0.4046999999999958, 16.457799999999924, 0.6745, 0.0]",6.771979999999969,0.6745,7.856416638493624,0.0,16.457799999999924,5.0,1.0,8.0,0.89
7,"[0.0, 0.6745, 0.2890714285714288, 4.175476190476195, 0.9635714285714305]",1.220523809523811,0.6745,1.5134855141650039,0.0,4.175476190476195,5.0,1.0,5.0,0.56
8,"[0.526953125, 0.40048437499999895, 2.381828124999994, 2.7612343749999932, 0.40048437499999895, 0.8220468749999998]",1.2155052083333309,0.6744999999999999,0.9752793746488471,0.40048437499999895,2.7612343749999932,6.0,1.0,4.0,0.44
