Cluster,Dist,mean,median,std,min,max,bag_count,day_count,Cluster_Rank,Cluster_perc
0,"[0.0, 2.9678000000000213, 0.6745, 0.11037272727272718, 0.6745, 1.3735272727272718, 1.2386272727272714, 0.0, 0.34338181818181845, 1.066936363636363, 0.6745, 0.0, 4.047000000000028, 0.6745, 17.17016666666666, 0.0, 0.0, 0.944300000000007, 0.6745]",1.7176111642743248,0.6745,3.7822491910840115,0.0,17.17016666666666,19.0,5.0,3.0,0.75
1,"[0.6745000000000004, 0.6744999999999995, 0.6745000000000003, 0.6744999999999997, 0.0, 0.0, 0.6745000000000017, 0.6744999999999983, 0.6745000000000002, 0.6744999999999999, 0.0, 0.0, 0.0, 0.0, 1.1803750000000088, 0.0, 0.6745]",0.4265220588235299,0.6744999999999995,0.3753570266977165,0.0,1.1803750000000088,17.0,11.0,1.0,0.25
2,"[0.6745, 0.6745, 0.6745, 0.6745, 0.6745, 0.6745, 0.6745, 0.6745]",0.6745,0.6745,0.0,0.6745,0.6745,8.0,4.0,2.0,0.5
3,"[0.0, 2.697999999999988, 0.6745, 0.0, 5.958083333333322, 10.749843749999997, 3.5411249999999987, 0.0, 0.04215624999999972, 0.6745]",2.43382083333333,0.6745,3.354899507939453,0.0,10.749843749999997,10.0,2.0,4.0,1.0
