Cluster,Dist,mean,median,std,min,max,bag_count,day_count,Cluster_Rank,Cluster_perc
0,"[0.6745, 2.7690000000000015, 0.0, 1.087903225806451, 0.2610967741935489, 0.26109677419354665, 2.2628387096774176, 0.9657613636363642, 0.0, 0.6745]",0.8956696847507329,0.6745,0.890394866079157,0.0,2.7690000000000015,10.0,3.0,4.0,0.8
1,"[0.0, 0.0, 0.0, 0.0, 0.0, 0.6745000000000031, 0.6744999999999968, 0.0, 0.0]",0.14988888888888885,0.0,0.2804164341532248,0.0,0.6745000000000031,9.0,8.0,1.0,0.2
2,"[0.6745, 0.6745, 0.6745, 0.6745, 0.6744999999999999, 0.6744999999999999, 0.6745, 0.6745, 0.6745, 0.6745, 0.6745, 0.6745, 0.6745, 0.6745, 0.6745, 0.6745]",0.6744999999999999,0.6745,1.0385185452638061e-16,0.6744999999999999,0.6745,16.0,8.0,3.0,0.6
3,"[4.131312499999964, 0.4215624999999945, 0.4215625000000033, 0.9274374999999966, 0.6969833333333332, 3.853643333333332, 0.6520166666666664, 0.6520166666666668, 0.27479629629629676, 0.27479629629629676, 1.074203703703703, 34.299574074074016]",3.9733254475308555,0.6745,9.232135258936074,0.27479629629629676,34.299574074074016,12.0,3.0,5.0,1.0
4,"[0.6863333333333327, 0.6863333333333332, 0.6153333333333331, 0.0, 0.6745]",0.5324999999999999,0.6745,0.26754850027611804,0.0,0.6863333333333332,5.0,1.0,2.0,0.4
