Cluster,Dist,mean,median,std,min,max,bag_count,day_count,Cluster_Rank,Cluster_perc
0,"[11.069735294117645, 0.0, 0.11902941176470722, 1.9044705882352928, 0.6745, 3.0992112068965523, 1.575771551724138, 0.7384612068965518, 0.6105387931034482, 0.5465775862068969, 0.5465775862068966, 0.37166326530612226, 0.3166020408163266, 5.299642857142868, 0.6469693877551022, 1.1149897959183697, 0.7020306122448978, 1.2526428571428603, 0.3166020408163281, 0.0, 0.0, 0.0]",1.4048189128315909,0.6287540904292752,2.4212140761818217,0.0,11.069735294117645,22.0,4.0,3.0,0.75
1,"[0.0, 0.0, 0.0, 0.6744999999999997, 0.6745000000000003, 0.0, 0.6745000000000043, 0.6744999999999955]",0.33725,0.3372499999999978,0.33725,0.0,0.6745000000000043,8.0,6.0,1.0,0.25
2,"[0.6744999999999999, 0.0, 0.7307083333333361, 4.011499999999991, 0.6745, 0.0, 0.0, 12.14100000000007, 0.6745, 0.6745, 0.809400000000001, 0.0, 0.0, 0.6745, 2.285805555555556, 0.749444444444444, 0.0, 0.6745, 5.644500000000004, 0.0, 0.6745, 0.6745, 2.173388888888888, 0.0, 0.6745, 2.7286590909090878, 0.0, 0.6745, 8.045821428571417, 0.0]",1.5355075913900933,0.6745,2.664910682069407,0.0,12.14100000000007,30.0,10.0,4.0,1.0
3,"[0.6745, 0.6745, 0.6745, 0.6745, 0.6745, 0.6745]",0.6745,0.6745,0.0,0.6745,0.6745,6.0,3.0,2.0,0.5
