Cluster,Dist,mean,median,std,min,max,bag_count,day_count,Cluster_Rank,Cluster_perc
0,"[1.686249999999999, 4.763656249999999, 0.6745, 0.0, 0.505875, 0.5058749999999986, 0.8431249999999998, 9.182397727272729, 2.437397727272729, 0.5058750000000002, 0.5058749999999986, 2.950937500000002, 0.6913624999999999, 0.6576375000000001, 0.6576375000000001, 3.622314814814816, 1.2490740740740744, 0.0, 0.6745, 0.09992592592592535, 10.042555555555557, 0.14988888888888932]",1.9275754983547595,0.6745,2.716224538307134,0.0,10.042555555555557,22.0,4.0,4.0,1.0
1,"[0.6745000000000028, 0.6744999999999972, 0.6744999999999984, 0.6745000000000015, 0.674500000000002, 0.674499999999998, 0.0, 0.6744999999999991, 0.6745000000000009, 0.0, 0.0, 0.6744999999999995, 0.6745000000000004, 0.0, 0.6744999999999991, 0.6745000000000008, 0.6744999999999987, 0.6745000000000014, 0.6744999999999991, 0.6745000000000009, 0.0]",0.5139047619047619,0.6744999999999991,0.287281495394973,0.0,0.6745000000000028,21.0,13.0,1.0,0.25
2,"[1.8104999999999962, 0.10649999999999912, 0.1065000000000028, 1.242499999999997, 0.47777083333333265, 0.8712291666666674, 1.8267708333333283, 0.47777083333333265]",0.8649427083333321,0.6745,0.6530750116893231,0.10649999999999912,1.8267708333333283,8.0,2.0,3.0,0.75
3,"[0.6745, 0.6745, 0.6745, 0.6745]",0.6745,0.6745,0.0,0.6745,0.6745,4.0,2.0,2.0,0.5
