Cluster,Dist,mean,median,std,min,max,bag_count,day_count,Cluster_Rank,Cluster_perc
0,"[1.1562857142857128, 0.19271428571428714, 0.19271428571428714, 2.0042285714285835, 0.6745, 0.8993333333333309, 1.7986666666666558, 0.2810416666666636, 0.0]",0.7999427248677244,0.6745,0.6869391073154699,0.0,2.0042285714285835,9.0,2.0,3.0,0.43
1,"[0.6745, 1.349, 0.0, 0.0, 0.0, 0.6744999999999998, 0.6745000000000002, 0.0, 0.0, 0.0, 0.6744999999999995, 0.6745000000000004, 0.0, 0.0, 0.6745000000000003, 0.6744999999999995]",0.37940624999999994,0.33724999999999977,0.4108882990983529,0.0,1.349,16.0,11.0,1.0,0.14
2,"[0.9039690721649475, 0.6953608247422688, 0.6536391752577312, 0.6536391752577307, 0.8684187500000008, 0.48058124999999835, 2.5883937499999963, 0.4805812499999991]",0.9155729059278341,0.6745,0.6485402011846335,0.48058124999999835,2.5883937499999963,8.0,2.0,4.0,0.57
3,"[0.6745, 0.6745, 0.6745, 0.6745]",0.6745,0.6745,0.0,0.6745,0.6745,4.0,2.0,2.0,0.29
4,"[2.398222222222224, 0.0, 0.6745, 0.6745, 0.0, 15.288666666665964]",3.1726481481480313,0.6745,5.477385646758568,0.0,15.288666666665964,6.0,2.0,7.0,1.0
5,"[0.6744999999999999, 0.0, 0.2697999999999969, 6.529159999999998, 2.4821599999999986]",1.9911239999999986,0.6744999999999999,2.428823457739158,0.0,6.529159999999998,5.0,1.0,6.0,0.86
6,"[1.71690909090909, 0.7358181818181829, 0.49054545454545423, 5.212045454545446, 0.613181818181817, 0.4905454545454574]",1.5431742424242414,0.6745,1.6942827497497641,0.49054545454545423,5.212045454545446,6.0,1.0,5.0,0.71
