Cluster,Dist,mean,median,std,min,max,bag_count,day_count,Cluster_Rank,Cluster_perc
0,"[0.0, 0.0, 0.6744999999999883, 0.6745000000000116, 0.0, 0.6745000000000008, 0.6744999999999991, 0.0, 0.0, 0.0, 1.4333124999999995, 0.6745, 0.0, 0.6744999999999998, 0.6745000000000002, 0.0, 0.0]",0.3620477941176471,0.0,0.42083252109734665,0.0,1.4333124999999995,17.0,12.0,1.0,0.12
1,"[1.0984714285714279, 0.2698000000000004, 1.3875428571428579, 0.6745, 0.0, 1.1466499999999982, 0.6745, 1.3152749999999966, 0.2697999999999979, 0.0]",0.6836539285714279,0.6745,0.5057990556940013,0.0,1.3875428571428579,10.0,2.0,3.0,0.38
2,"[0.6745, 0.97253488372093, 0.0, 0.8571770833333338, 0.6745, 0.0]",0.5297853278423773,0.6745,0.3886820016979589,0.0,0.97253488372093,6.0,2.0,2.0,0.25
3,"[0.1124166666666657, 0.1124166666666657, 2.810416666666654, 1.2365833333333343, 0.14988888888888802, 1.199111111111112, 2.997777777777776, 0.14988888888888802]",1.096062499999998,0.6745,1.1353140305080511,0.1124166666666657,2.997777777777776,8.0,2.0,5.0,0.62
4,"[0.54803125, 3.6675937499999898, 0.8009687500000001, 0.5480312499999977]",1.3911562499999968,0.6745000000000001,1.318352049701867,0.5480312499999977,3.6675937499999898,4.0,1.0,6.0,0.75
5,"[0.8690673076923079, 0.47993269230769214, 1.3100865384615386, 0.42804807692307706, 0.42804807692307706, 1.0766057692307696, 0.21875675675675713, 0.0729189189189184, 4.4115945945945905, 2.1875675675675654, 1.1302432432432428, 0.0729189189189184]",1.057149038461538,0.6745,1.1690544151807638,0.0729189189189184,4.4115945945945905,12.0,2.0,4.0,0.5
6,"[0.6745, 0.6744999999999883, 1.3489999999999767, 682.5939999999923, 0.0]",137.05839999999847,0.6745,272.7681335804062,0.0,682.5939999999923,5.0,1.0,8.0,1.0
7,"[7.091885714285702, 0.38542857142857057, 0.38542857142857256, 0.8094, 0.9635714285714254, 0.5396]",1.6958857142857118,0.6745,2.422483217495551,0.38542857142857057,7.091885714285702,6.0,1.0,7.0,0.88
