Cluster,Dist,mean,median,std,min,max,bag_count,day_count,Cluster_Rank,Cluster_perc
0,"[0.0, 0.0]",0.0,0.0,0.0,0.0,0.0,2.0,2.0,1.5,0.5
1,[0.0],0.0,0.0,0.0,0.0,0.0,1.0,1.0,1.5,0.5
2,"[1.2694332335329341, 0.0, 0.6745]",0.6479777445109781,0.6745,0.5185831698815784,0.0,1.2694332335329341,3.0,1.0,3.0,1.0
