Cluster,Dist,mean,median,std,min,max,bag_count,day_count,Cluster_Rank,Cluster_perc
0,"[0.0, 1.186017611835153, 0.6745, 0.0]",0.46512940295878824,0.33725,0.4990507438116801,0.0,1.186017611835153,4.0,2.0,1.0,0.33
1,"[0.6745, 0.6745]",0.6745,0.6745,0.0,0.6745,0.6745,2.0,1.0,2.0,0.67
2,"[2.974265795206973, 1.0580392156862746, 0.2909607843137254, 0.2909607843137254]",1.1535566448801746,0.6745,1.0968419014033302,0.2909607843137254,2.974265795206973,4.0,1.0,3.0,1.0
