Cluster,Dist,mean,median,std,min,max,bag_count,day_count,Cluster_Rank,Cluster_perc
0,"[0.0, 0.6745000000000001, 0.6744999999999999, 0.0]",0.33725,0.33724999999999994,0.33725,0.0,0.6745000000000001,4.0,3.0,1.0,0.33
1,"[3.314628698224851, 0.616628698224852, 0.732371301775148, 0.616628698224852]",1.3200643491124258,0.6745,1.15253128921931,0.616628698224852,3.314628698224851,4.0,1.0,3.0,1.0
2,"[0.6745000000000001, 0.6744999999999999]",0.6745,0.6745,1.1102230246251565e-16,0.6744999999999999,0.6745000000000001,2.0,1.0,2.0,0.67
