Cluster,Dist,mean,median,std,min,max,bag_count,day_count,Cluster_Rank,Cluster_perc
0,"[0.22483333333333202, 0.6745, 0.7494444444444479, 1.798666666666664, 0.0, 2.0975304878048777, 0.9459451219512194, 0.4030548780487805, 0.4030548780487805]",0.8107810900331224,0.6745,0.6671188497910349,0.0,2.0975304878048777,9.0,2.0,3.0,0.6
1,"[0.6744999999999974, 0.6745000000000024, 0.6745000000000001, 0.6745, 0.0, 0.0, 0.6745, 1.3490000000000033, 0.0, 0.0, 0.0, 0.6745000000000014, 0.6744999999999987, 0.6745000000000024, 0.6744999999999974]",0.49463333333333354,0.6744999999999987,0.38681789284135065,0.0,1.3490000000000033,15.0,9.0,1.0,0.2
2,"[0.6745, 0.6744999999999999, 0.6745, 0.6745, 0.6745, 0.6745, 0.6745, 0.6745]",0.6744999999999999,0.6745,1.0385185452638061e-16,0.6744999999999999,0.6745,8.0,4.0,2.0,0.4
3,"[0.8768499999999979, 0.47215000000000207, 0.4721499999999951, 10.05004999999995]",2.9677999999999862,0.6745,4.092275492009285,0.4721499999999951,10.05004999999995,4.0,1.0,5.0,1.0
4,"[0.9727000000000006, 0.0, 0.6745, 0.6745, 5.395999999999754, 0.0, 12.057842465753419, 0.6745, 0.0]",2.272226940639241,0.6745,3.805730175830227,0.0,12.057842465753419,9.0,3.0,4.0,0.8
