Cluster,Dist,mean,median,std,min,max,bag_count,day_count,Cluster_Rank,Cluster_perc
0,"[1.986027777777782, 0.7119722222222201, 0.6370277777777779, 0.6370277777777799, 0.6745, 0.0, 0.15565384615384678, 2.4904615384615645, 3.6319230769231106]",1.2138437796771202,0.6745,1.1486470953333616,0.0,3.6319230769231106,9.0,2.0,3.0,0.75
1,"[0.0, 0.0, 0.0, 0.0, 0.0, 0.0, 0.0, 0.0, 0.0, 0.0, 0.0, 0.0, 0.6745000000000002, 0.6744999999999998, 0.0, 0.6744999999999999, 0.6745000000000001]",0.15870588235294117,0.0,0.28611109827064246,0.0,0.6745000000000002,17.0,15.0,1.0,0.25
2,"[0.7523269230769227, 0.5966730769230773, 0.9079807692307763, 0.5966730769230773, 2.079708333333339, 1.142902777777777, 0.20609722222222102, 0.20609722222222296]",0.8110574252136766,0.6745,0.5652781243753846,0.20609722222222102,2.079708333333339,8.0,2.0,2.0,0.5
3,"[9.202107142857058, 0.6745, 0.0, 0.8768499999999985, 0.6745, 0.0, 6.070500000000035, 0.0, 0.6745]",2.0192174603174546,0.6745,3.1085600529052297,0.0,9.202107142857058,9.0,3.0,4.0,1.0
