Cluster,Dist,mean,median,std,min,max,bag_count,day_count,Cluster_Rank,Cluster_perc
0,"[0.6745, 88.54345454545467, 0.0, 0.0, 2.023500000000002, 0.6745, 0.9229999999999998, 0.4260000000000002, 0.4259999999999983, 2.3429999999999938, 3.14766666666669, 0.0, 0.6745]",7.681240093240103,0.6745,23.361698172398885,0.0,88.54345454545467,13.0,4.0,4.0,1.0
1,"[0.0, 1.1749354838709687, 0.6745, 0.0, 0.0, 0.6745000000000002, 0.6744999999999998, 0.0, 0.0, 0.0, 0.6745000000000011, 0.6744999999999989, 0.0, 0.0, 1.059928571428575, 0.6745, 0.0, 0.0, 0.0, 0.6745000000000002, 0.6744999999999998, 0.0]",0.3468574570590702,0.0,0.3986740447125983,0.0,1.1749354838709687,22.0,15.0,1.0,0.25
2,"[0.0, 0.487138888888888, 3.8221666666666683, 10.342333333333338, 0.6745, 9.828428571428558, 0.5781428571428578, 0.7708571428571421, 0.5781428571428578]",3.0090789241622566,0.6745,3.9247759292160573,0.0,10.342333333333338,9.0,2.0,3.0,0.75
3,"[0.6745, 0.6745, 0.6745, 0.6745]",0.6745,0.6745,0.0,0.6745,0.6745,4.0,2.0,2.0,0.5
