Cluster,Dist,mean,median,std,min,max,bag_count,day_count,Cluster_Rank,Cluster_perc
0,"[1.3545192635526757, 0.0, 0.8662944084555002, 0.6745, 0.07703972042277134, 0.6745000000000055, 0.6744999999999943, 0.0, 0.0, 0.0, 0.0]",0.3928503084028133,0.07703972042277134,0.45310336900548476,0.0,1.3545192635526757,11.0,6.0,1.0,0.33
1,"[1.5026586333663956, 0.4937228219641709, 0.07375929275835776, 0.07375929275836195, 15.082870105619406, 0.855277178035829, 0.39094079822614686, 0.47888004434590165, 0.3909407982261787, 0.8701199556540983, 38.98370709534489, 35.97163835920288]",7.930689531291885,0.6745,13.81716127328528,0.07375929275835776,38.98370709534489,12.0,2.0,2.0,0.67
2,"[0.9164489040284293, 0.4053792950236958, 0.5891885367298579, 0.5404391291469196, 0.858908619668246, 0.0, 0.33385352488151565, 54.68704546800945, 59.48346771327011, 1.2435094786729763, 0.0051946090047414245, 0.3921929798578178, 0.6583167950237024, 0.33465269549762394, 1.1841710604265412, 1.3509979265402867, 0.8607067535545084, 0.02197719194312287, 71.02129369075828, 11.557405657582933, 0.6745, 0.040957494075836834, 0.20918290876777468, 0.7650060722748728, 0.8281405509478676]",8.358517482227485,0.6745,19.970389708750073,0.0,71.02129369075828,25.0,1.0,3.0,1.0
