Cluster,Dist,mean,median,std,min,max,bag_count,day_count,Cluster_Rank,Cluster_perc
0,"[0.1263281280659294, 0.1282251455294648, 1.6759266956635526, 0.36160241022957706, 0.9873975897704228, 0.12632812806593177, 1.2483036660344062, 1.5014010890182532, 0.0, 0.6745, 0.7525426096997612, 0.531361035948969, 0.8176389640510171, 1.3005048318515675, 0.5313610359489828, 0.6745, 0.0, 37.65709898710846]",2.727501128721461,0.6745,8.48634983767901,0.0,37.65709898710846,18.0,4.0,3.0,1.0
1,"[6.652595720435553, 0.35219523930109353, 0.16055457077741717, 1.1752936186376248, 0.4473323626234443, 0.9016676373765556, 0.16055457077740806, 0.9990251962522211]",1.3561523645226647,0.6745,2.034450483663682,0.16055457077740806,6.652595720435553,8.0,1.0,2.0,0.67
2,"[0.6745, 0.6745]",0.6745,0.6745,0.0,0.6745,0.6745,2.0,1.0,1.0,0.33
