Cluster,Dist,mean,median,std,min,max,bag_count,day_count,Cluster_Rank,Cluster_perc
0,"[0.542844534166884, 0.44363441000260434, 0.8061554658331159, 2.234511852044806, 0.44363441000260745, 0.45839294087001764, 2.5566226447859726, 9.006100633845628, 0.32979016771997977, 0.8198437651920243, 4.862253099173538, 0.9700241249392251, 0.5291562348079756, 0.24486284637822298, 0.8942781356344143, 0.2758498420029167, 1.1429938624209959, 0.24486284637822298]",1.4892117675666197,0.6745,2.1371519922164195,0.24486284637822298,9.006100633845628,18.0,2.0,4.0,1.0
1,"[1.5327216079832184, 0.17744967965073527, 0.08926024834155462, 6.4624572773147415, 0.22938430572092855, 0.08926024834155462, 0.35451692464705037, 0.22250048194137392, 1.3246771559789077, 3.9965951125474874, 0.1787499574757605, 1.6157864149231722, 0.7166825423824916, 0.6323174576175083, 0.8974211600612353, 0.7979116629812352]",1.2073557648693098,0.6745,1.654354819283195,0.08926024834155462,6.4624572773147415,16.0,1.0,3.0,0.75
2,"[0.11183075382953024, 0.3417300896205431, 0.11153065213246072, 4.572992531621439, 4.13079268098901, 5.024752764889094, 0.5691643043284824, 0.9254921979279236, 0.8804983792029499, 0.834582819551262, 0.6459903387783645, 0.6745, 0.8275733013411318, 0.0, 0.001500508485348817, 0.4108606591241342, 3.8033817294857997, 0.13604443017990672, 0.6745, 0.7016012300272373, 0.7047724015891463, 0.8222929772210746, 0.15683842230356868, 0.0006201922242848066, 0.8031021234884888, 0.0, 0.3246062698426464, 2.534842638052774]",1.0973712284370214,0.6745,1.4371374782563293,0.0,5.024752764889094,28.0,2.0,2.0,0.5
3,"[0.6745, 0.6745]",0.6745,0.6745,0.0,0.6745,0.6745,2.0,1.0,1.0,0.25
