Cluster,Dist,mean,median,std,min,max,bag_count,day_count,Cluster_Rank,Cluster_perc
0,"[0.0, 0.6745, 1.3433830271291194, 0.0]",0.5044707567822798,0.33725,0.5571501659751731,0.0,1.3433830271291194,4.0,2.0,1.0,0.33
1,"[2.5730749389695533, 2.575934825902611, 0.7122418411923414, 0.2889785750995772, 1.493770943081077, 0.3941010856996013, 0.6367581588076586, 0.2889785750995772]",1.1204798679814996,0.6745,0.9137004237895515,0.2889785750995772,2.575934825902611,8.0,1.0,2.0,0.67
2,"[2.9978719290899, 1.8534627303182625, 0.0, 0.6745, 0.5858094639866004]",1.2223288246789525,0.6745,1.0724033192596103,0.0,2.9978719290899,5.0,1.0,3.0,1.0
