Cluster,Dist,mean,median,std,min,max,bag_count,day_count,Cluster_Rank,Cluster_perc
0,"[3.168168186423538, 4.772617122593762, 7.19220648429591, 7.196990172239178, 0.1277928064843002, 0.0, 0.09813394123607172, 0.6745, 0.6076650455927074, 0.8122702127659581, 3.30894528875383, 0.32665754812563474, 0.043736575481251906, 0.012847619047615926, 0.7838414387031444, 8.024516775884612, 0.11120851900392943, 0.0, 0.7598954128440255, 0.029879554390565957, 7.442307470511087, 17.26879121887275, 14.568139187417987, 1.4430587155963241, 0.6745, 0.3210726081258193, 0.6055471821756235, 0.3092268676277877, 14.345191743119168, 0.06559357798165194, 1.1951821756225347, 0.3019779816513738, 3.498144146855254, 7.376942020262815, 7.3709879626843255, 11.351140134416692, 27.216538469254687, 0.3818716019660942, 0.6488569565653522, 0.30325097803189877, 0.8396574380579819, 0.001488514394622267, 0.7634725649513533, 0.2897190289898664, 0.3334272243956257, 0.001488514394622267, 0.1822753535961487, 0.3380280870699173, 0.7162460627946574, 0.7023081552813724, 0.37713541980138504, 0.7001430434346477, 1.9725359006470429, 0.7379939469839198, 0.6745, 0.0, 0.27241859737006274, 8.809749947818785, 0.045614276768940254, 0.4348842621582053, 33.10033782091404]",3.377600292826695,0.6745,6.360419818566602,0.0,33.10033782091404,61.0,4.0,3.0,1.0
1,"[0.3373703003495752, 0.0, 0.6745, 0.3424229150317475, 1.1244393474590377, 0.9010656583672206, 2.7341863451523154, 0.11540813535944448, 0.8354939478252597, 0.7635310869174008, 0.6745, 0.0]",0.7085764780385001,0.6745,0.7048884191613086,0.0,2.7341863451523154,12.0,2.0,2.0,0.67
2,[0.0],0.0,0.0,0.0,0.0,0.0,1.0,1.0,1.0,0.33
