Cluster,Dist,mean,median,std,min,max,bag_count,day_count,Cluster_Rank,Cluster_perc
0,"[1.3507567167978694, 0.4504855872792075, 0.0, 1.1251044628519953, 0.6745, 0.6745000000000003, 0.6744999999999998, 0.0]",0.618730845866134,0.6744999999999999,0.44659390077011735,0.0,1.3507567167978694,8.0,3.0,1.0,0.33
1,"[6.107495102840344, 7.7461432691261205, 0.7976702035041868, 0.34991201436499947, 0.5710017956252028, 4.51230150179562, 0.888689900968548, 0.5693869300250298, 0.5363555882032852, 0.5444299162041579, 0.35182049189247877, 0.8560989770377591, 0.013579551637824865, 52.227616225922255, 52.23011192730434, 0.7779982043747972, 0.4964243660898932, 0.013579551637824865, 0.3997802635611397, 1.0662185105730997, 0.42954673613240113, 0.0, 5.734593625498036, 0.6745, 0.1356028194912626, 17.27612994177148, 0.5930556236592149, 0.8595068954949502, 2.2062330677291033, 0.36773996322403135, 30.685512411891075]",6.129646302502595,0.6745,13.552900237897719,0.0,52.23011192730434,31.0,2.0,3.0,1.0
2,"[5.838899108138244, 0.36635050167223715, 0.8976790412486023, 3.07081727982163, 0.5599026755852866, 0.026318283166109402, 0.863991638795994, 0.0, 2.8083863991081404, 0.6745, 0.6169005574136041, 1.0584461538461571, 0.60847870680045, 0.17761081382386307, 1.0319774804905302]",1.2400172426607234,0.6745,1.5004078139836794,0.0,5.838899108138244,15.0,1.0,2.0,0.67
