Cluster,Dist,mean,median,std,min,max,bag_count,day_count,Cluster_Rank,Cluster_perc
0,"[0.6745000000000001, 0.6745, 0.0]",0.4496666666666667,0.6745,0.3179623492735509,0.0,0.6745000000000001,3.0,2.0,2.0,0.67
1,"[14.668985996704949, 0.6745, 0.0]",5.114495332234983,0.6745,6.761654455115888,0.0,14.668985996704949,3.0,1.0,3.0,1.0
2,[0.0],0.0,0.0,0.0,0.0,0.0,1.0,1.0,1.0,0.33
