Cluster,Dist,mean,median,std,min,max,bag_count,day_count,Cluster_Rank,Cluster_perc
0,"[0.05835714285712991, 0.0, 0.6745, 13.313571428572, 14.066785714286299, 2.6276843036978703, 0.9655804484657744, 0.8116819433516919, 0.48495718594282333, 0.0543951612903276, 0.05439516129031817, 0.5373180566483081, 21.30034913453966, 2.7418574740996635, 0.2678700049333974, 0.072408090774543, 0.0, 0.4458288603848065, 0.276188949185987, 0.007919634928466195, 1.3995126295017333, 0.4031027627035043, 0.8710932905772053, 0.09210735076467763, 0.0029282683769096055, 0.29196166748890007, 0.6745, 0.7575563394178607, 22.090856635421872, 4.266220818944267, 0.3732876665022213, 1.0211004933399166, 11.217730291070582, 12.513222841637928, 7.387688357178119, 6.08707133695118, 0.0, 0.8410114489761025, 1.9863210185051225, 0.7472611563400103, 0.6745, 0.6475050964712692, 0.6208561677166493, 7.076822558268585, 0.37075041620421756, 8.756896503884565, 0.4326981132075391, 1.0924130133185348, 0.28728010543840354, 0.011790649278571815, 0.5075593784683721, 1.7135743618201942, 0.3810438401775831, 0.19033476692563328, 0.9728221420643722, 0.9602828801331873, 0.6744999999999999, 13.92082658157601, 11.607800638179784, 0.3817924528301862, 9.796906631520521, 0.24198903995560922, 0.1748010543840258, 0.0, 1.234462264150951, 1.7470747780244167, 1.5161277746947863, 0.5043777746947812]",2.9159407654755283,0.6745,5.037869555835643,0.0,22.090856635421872,68.0,5.0,3.0,1.0
1,"[0.0, 0.0, 0.6744999999999942, 0.6745000000000058, 0.0]",0.2698,0.0,0.33043616630145073,0.0,0.6745000000000058,5.0,4.0,1.0,0.33
2,"[3.568564673156909, 0.6745, 0.0, 2.900293461860832, 0.17945205364627223, 1.8423518021793512, 0.24503629505448213, 0.432742917015923, 1.1268051131600898, 2.1524069572505984, 0.5908235540653821, 0.15321835708298343, 0.7581764459346177, 0.11341550712489926, 1.3696929589270623, 0.773780972338641, 0.11341550712489926]",0.9996868574072318,0.6745,1.0185390669533385,0.0,3.568564673156909,17.0,2.0,2.0,0.67
