Cluster,Dist,mean,median,std,min,max,bag_count,day_count,Cluster_Rank,Cluster_perc
0,"[0.1341089426424776, 0.5527101276647731, 0.809886170667644, 0.796289872335227, 0.1341089426424776, 10.122361706676442, 1.0414006957621758, 0.6220246679316886, 4.358438962681847, 0.6744999999999999, 0.0, 0.02133143580012646, 7.299190702087286]",2.043565555914782,0.6744999999999999,3.088497104140748,0.0,10.122361706676442,13.0,2.0,2.0,0.67
1,"[0.6744999999999847, 0.6745000000000153]",0.6745,0.6745,1.532107773982716e-14,0.6744999999999847,0.6745000000000153,2.0,1.0,1.0,0.33
2,"[0.0, 8.973636396011395, 0.6745, 5.452688746438745, 0.3732809829059829]",3.094821225071225,0.6745,3.5485958236971022,0.0,8.973636396011395,5.0,1.0,3.0,1.0
