Cluster,Dist,mean,median,std,min,max,bag_count,day_count,Cluster_Rank,Cluster_perc
0,"[0.0, 2.284836991817119, 0.6745, 0.20543256631511211, 0.727744327261104, 0.5054977628635308, 0.874327900287625, 0.6745, 1.1651238414828982, 0.6826914349632432, 0.04419063598593445, 0.0, 0.6745, 0.6745, 0.00033580707895756686, 0.00033580707895756686, 0.6746783975106964, 0.2251376584986388, 0.6743216024893037, 0.6737759159859974, 1.1077645896538306, 1.0613392609879422, 0.9047692104239591, 1.0906384286269926, 0.0, 5.103605911330122, 0.6745, 0.7357485811577692, 0.6745, 0.4815669693530065, 2.867199205448383, 0.725795686719647, 1.1438172531214525, 1.6740002837684667, 0.13512968217934113, 0.0, 0.029475879682178994, 2.9184948921680305, 0.06392820658342929, 0.047467650397281354, 2.261603859250884, 0.3227034619750349, 0.48271538024973254, 2.818200340522168, 1.7910443188806844, 0.06963818419434357, 0.38168776906518886, 0.06963818419433804, 0.989090367466181, 1.0553581257687532, 0.2928122309348139, 0.9673122309348112]",0.8534226306664977,0.6745,0.9543714053884452,0.0,5.103605911330122,52.0,7.0,2.0,0.67
1,"[0.0, 0.0, 0.0, 0.0, 0.0]",0.0,0.0,0.0,0.0,0.0,5.0,5.0,1.0,0.33
2,"[73.36083574879326, 0.13510052025270616, 0.5802554812337511, 0.900085284280948, 0.6745, 0.0, 6.81944314381279]",11.781460025481922,0.6745,25.236927242696147,0.0,73.36083574879326,7.0,1.0,3.0,1.0
