Cluster,Dist,mean,median,std,min,max,bag_count,day_count,Cluster_Rank,Cluster_perc
0,"[1.88365813054555, 1.0679533954142153, 0.78975103224106, 0.7874993411227267, 0.7925952736536926, 0.0, 0.5606118334358275, 0.030694105244662106, 5.5008221470614105, 0.48292848985329007, 0.36347035052270976, 0.47338843011508613, 0.6745, 0.5839489495064207, 0.6114368721062289, 0.553868382545645, 8.624004269677645, 2.887189383681314, 0.7375631278937711, 2.7140419869834895, 0.553868382545645, 0.0, 0.947871315502196, 0.5618378820960764, 0.6745, 0.28865065502183407, 0.2527534115720475, 0.7989437772925785, 5.934274563318825, 11.004806222707513, 11.22893618042221, 0.6032955854126503, 0.6745, 0.0, 0.22202831094048642, 15.38856861804215, 15.473366602687085]",2.5602196488963798,0.6745,4.189977184589379,0.0,15.473366602687085,37.0,4.0,2.0,0.67
1,"[0.0, 0.0, 1.62518341681765, 0.0, 0.9890701801129701, 0.6745, 0.5246909836939138, 0.0, 0.0, 0.0]",0.3813444580624534,0.0,0.5380981212481623,0.0,1.62518341681765,10.0,6.0,1.0,0.33
2,"[0.7899641064257107, 0.8426170933734907, 0.0, 0.6745, 0.25107517570281934, 1.9744740303668111, 0.6717115529164154, 0.6717115529164154, 0.6772884470835846, 0.6745, 0.6745, 0.1635151515141613, 1037.2583636371066, 1.1854848484836602, 0.16351515151633975]",69.77821471649374,0.6745,258.57035208302005,0.0,1037.2583636371066,15.0,4.0,3.0,1.0
