Cluster,Dist,mean,median,std,min,max,bag_count,day_count,Cluster_Rank,Cluster_perc
0,"[0.6745, 0.6745000000000001, 0.0, 0.6745, 1.0522516110134743]",0.6151503222026949,0.6745,0.34059788852840983,0.0,1.0522516110134743,5.0,2.0,1.0,0.33
1,"[0.24707659620832417, 0.4813657659620832, 9.679787862279364, 0.2470765962083243, 4.141803334059708, 0.8676342340379167]",2.6107907314592866,0.6745,3.4414641823265506,0.24707659620832417,9.679787862279364,6.0,1.0,3.0,1.0
2,"[0.010173365300784613, 2.163868918918919, 0.01017336530078471, 0.284795422842197, 1.7865723190932867, 0.5376594158674803, 1.1955762423714036, 0.8113405841325196]",0.850019954228422,0.6745,0.7543181638714466,0.010173365300784613,2.163868918918919,8.0,1.0,2.0,0.67
