Cluster,Dist,mean,median,std,min,max,bag_count,day_count,Cluster_Rank,Cluster_perc
0,"[0.0, 0.0019081660410194359, 0.6745, 0.49887533322452615, 0.7721467275991547, 0.7738714161362297, 0.8968380392796923, 0.009614221206681244, 1.5610999945596051, 2.2981173261324814, 0.6745, 0.3247234652264963, 0.0, 9.07828083324149, 3.8433289906183594, 4.262033537629247, 0.11131582551530432, 0.157112357049922, 0.11131582551530556, 1.191887642950078, 1.183637409427055, 5.163323448121304, 0.16536259057293964, 0.165362590572945, 0.8697718112558382, 0.8835487698315169, 2.0200741787498995, 0.2919499604052323, 0.2912132246525232, 0.2912132246525212, 0.5942694765298594, 0.7547305234701406, 0.3038896676011192, 1.1883361589462875, 1.0439097806256372, 2.4447135896408954, 0.3591150491701133, 0.6612339029057102, 0.3038896676011224, 0.6877660970942899, 0.16852635156061813, 0.6745, 0.0, 1.8581303984996045, 1.7247344970577105]",1.1407704904637883,0.6745,1.6382008420193075,0.0,9.07828083324149,45.0,7.0,2.0,0.67
1,"[0.6744999999999997, 0.6745000000000003, 0.6745000000000005, 0.6744999999999994, 0.6744999999999981, 0.6745000000000019]",0.6745,0.6745,1.1519957148411756e-15,0.6744999999999981,0.6745000000000019,6.0,3.0,1.0,0.33
2,"[1.0360973710235681, 0.8581058595681516, 0.08043526454590828, 0.4908941404318484, 5.8250807235866295, 0.08043526454590237, 4.219674560987193, 0.4003463217845327, 0.22940042714760359, 1.1101239202657798, 0.14936957759847916, 0.14936957759847916, 0.8191957759848156, 0.5298042240151843, 6.285366824869495, 22.040175842430042, 8.182316485752985, 0.008007971506103368, 0.0, 1.5327257462686457, 0.6745000000000001]",2.6048298038053024,0.6745000000000001,4.922177707769136,0.0,22.040175842430042,21.0,3.0,3.0,1.0
