Cluster,Dist,mean,median,std,min,max,bag_count,day_count,Cluster_Rank,Cluster_perc
0,"[12.55701814058958, 9.151743602202792, 0.0, 0.6745, 0.1376530612244834, 0.5471098969072198, 2.0785725773195853, 0.1340655670103127, 0.4436402061855596, 1.7236604123711343, 0.6297187628866011, 0.5295868041237111, 2.0846917525773128, 0.7192812371133989, 1.6193562886597856, 0.1340655670103127, 0.35574659793813945, 0.6032950515463923, 1.5940451546391716, 1.0608424742267994, 1.725607422680403, 15.938991556220412, 0.7317416631038922, 0.6172583368960924, 0.6172583368961078]",2.2563780188131677,0.6745,3.965328141819216,0.0,15.938991556220412,25.0,3.0,2.0,0.67
1,"[1.2120315813563223, 0.0, 0.6745, 1.9349931506849347, 0.0, 0.6745, 0.6744999999999286, 0.6745000000000715, 0.0, 0.0]",0.5845024732041257,0.6744999999999644,0.6013807974640794,0.0,1.9349931506849347,10.0,5.0,1.0,0.33
2,"[0.6745, 26.733743558580883, 0.0, 0.4593945065629759, 2.8671988332523544]",6.146967379679242,0.6745,10.340733315716301,0.0,26.733743558580883,5.0,1.0,3.0,1.0
