Cluster,Dist,mean,median,std,min,max,bag_count,day_count,Cluster_Rank,Cluster_perc
0,"[0.6745, 0.7330865233937766, 0.0, 0.012381687933736306, 1.5768532572196101, 1.3352593463174387, 0.4455897694201926, 0.04386550779038949, 0.043865507790389224, 0.8199011976047902, 1.425699332677928, 0.5290988023952098, 1.1728346739357105]",0.6779181235753209,0.6745,0.5442140584541431,0.0,1.5768532572196101,13.0,2.0,1.0,0.33
1,"[0.6763726696701556, 0.651235238760337, 0.6726273303298445, 2.0929611093604947, 0.6512352387603368, 32.23763498667165]",6.1636777622588035,0.6745000000000001,11.672318939722155,0.6512352387603368,32.23763498667165,6.0,1.0,3.0,1.0
2,"[0.0, 11.970126666666657, 0.6745, 0.7307866397325159, 0.0, 0.6745]",2.3416522177331953,0.6745,4.317172519446167,0.0,11.970126666666657,6.0,2.0,2.0,0.67
