Cluster,Dist,mean,median,std,min,max,bag_count,day_count,Cluster_Rank,Cluster_perc
0,"[24.14766760168366, 2.3233828892006176, 0.8726875876578146, 0.0, 0.7463962131837499, 1.5306325385694852, 0.1731185133239875, 0.15183345021038167, 0.6745, 0.46212237026650693, 0.41198422159887804, 0.06574719495092816, 2.073165147265139, 2.161565578058436, 2.081518795306773, 0.04360230924445056, 15.497319258650295, 2.912684664823251, 14.374849637545745, 7.0322711680741214, 4.966277819296009, 0.05307888050220438, 0.048743853224722536, 0.9016352664225389, 0.08009719004558645, 0.07057021149390942, 0.7294439503774006, 0.0, 0.5818009864733537, 0.25334705926313345, 0.81911852626859, 0.2889346087736354, 10.540467603318119, 10.538199275091529, 6.662432852552112, 10.541274120020905, 0.5114828114490684, 0.5066941185262669, 0.23464595321724993, 0.23590613556535428, 0.13514195501083623, 0.8681144159629313, 0.5032664225394216, 0.6745, 0.7481450564232869, 0.02238083850235292, 0.4614711772665808, 0.09574431664411626, 0.26934364005412953, 0.4109064952638689, 0.2873242219215166, 0.1600910690121774, 0.07383903924221927, 0.0753906630581848, 0.3634450608930978, 0.09939519621109827, 0.24844235453315688, 4.03148376184034, 146.88857577807906, 146.90117131258515, 112.11951549391108, 18.00467767253052, 21.703201217862055, 11.589078281461479, 0.4756183355886356, 0.9040490527740134, 0.6745, 0.5484533829499354, 0.0, 0.31926941813261295, 8.249892557510181, 26.61126116373488, 17.27486684709073, 15.713750744249044, 12.599367929634688, 6.45247327469556, 7.977810757780816]",8.97191115930449,0.6745,26.379232043867358,0.0,146.90117131258515,77.0,3.0,4.0,1.0
1,"[2.91932509298738, 6.00637262995553, 10.474912183616045, 0.22615912183616127, 0.6022343282228048, 0.49356046448335344, 7.257529438446861, 0.0, 14.873205343372906, 0.1469789530980682, 0.22866792161843322, 0.6745, 17.97340878163834, 2.801595073936307, 0.6411513199673395, 6.25273048520322, 0.35202694053935873, 0.3520269405393568, 0.538795662162901, 0.4174808544390342, 0.8102043378370989, 0.4979515343799578, 7.167240468245724, 3.046337317433403, 2.3382986434002535]",3.4837077534943934,0.6745,4.750248648347742,0.0,17.97340878163834,25.0,2.0,3.0,0.75
2,"[0.0, 0.6745, 2.6135215381094072, 2.9673709677419717, 0.6745, 0.0]",1.1549820843085632,0.6745,1.1931599571388274,0.0,2.9673709677419717,6.0,2.0,2.0,0.5
3,"[0.0, 0.6744999999999999, 0.6745000000000001, 0.0, 0.0]",0.2698,0.0,0.33043616630145073,0.0,0.6745000000000001,5.0,4.0,1.0,0.25
