Cluster,Dist,mean,median,std,min,max,bag_count,day_count,Cluster_Rank,Cluster_perc
0,"[0.0, 0.0052566975158299285, 9.490967364831986, 0.14488772528007335, 1.4383638577691262, 0.6478879688261175, 0.019055528494887872, 1.6860857282026336, 0.6745, 0.766163662932291, 0.8910102289332781, 6.183554639039203, 0.07237277286525223, 6.1086003035502205, 0.3048914478025583, 0.07237277286525223, 0.7480300250758901, 0.6009699749241099, 0.2552186221459679, 0.9274931371255132, 4.96327669262241]",1.7143313881334572,0.6745,2.560549147445082,0.0,9.490967364831986,21.0,2.0,2.0,0.67
1,"[3.082140328665836, 0.00044405337654792096, 0.00044405337654792096, 1.348555946623452, 0.6837756352765321, 0.0, 0.7883841886729771, 0.6745, 0.4253125228367379, 0.6745, 0.0, 155.4160416666835]",13.591174866292677,0.6745,42.76973587218548,0.0,155.4160416666835,12.0,3.0,3.0,1.0
2,"[0.6745, 0.6745, 0.6745, 0.6745]",0.6745,0.6745,0.0,0.6745,0.6745,4.0,2.0,1.0,0.33
