Cluster,Dist,mean,median,std,min,max,bag_count,day_count,Cluster_Rank,Cluster_perc
0,"[132.38916375905092, 0.14631188281764804, 1.2026881171823518, 0.10146362738644565, 1.3958464450296177, 0.10146362738644565, 11.218546490147917, 16.52483466748787, 1.3365400246305486, 0.6745, 0.1021717980295632, 0.5594528940886785, 1.5483596059113547, 0.0, 0.06894519704434479]",11.15801920907958,0.6745,32.72786729667241,0.0,132.38916375905092,15.0,2.0,4.0,1.0
1,"[0.35102753108352414, 0.9979724689164758, 4.170398756660887, 0.3510275310833964, 0.6199815179891638, 0.7290184820108362, 0.619981517989146, 1.551782158698846]",1.1738987455540344,0.6745,1.1894620294165574,0.3510275310833964,4.170398756660887,8.0,2.0,2.0,0.5
2,"[0.06299135280553952, 0.9376120292083059, 2.5468725980015483, 0.0629913528055257, 0.41138797079169415, 13.78395964642586, 0.0, 0.6745, 0.20108062446534053, 1.0576206159110353, 55.05685585970862]",6.799624731829406,0.6745,15.730190591593235,0.0,55.05685585970862,11.0,2.0,3.0,0.75
3,"[0.0, 0.6744999999999998, 0.6745000000000002, 0.0]",0.33725,0.3372499999999999,0.33725,0.0,0.6745000000000002,4.0,3.0,1.0,0.25
