Cluster,Dist,mean,median,std,min,max,bag_count,day_count,Cluster_Rank,Cluster_perc
0,"[5.0315210953108265, 9.72210618168994, 3.681411329180852, 0.5757308144317734, 16.68961429075091, 23.586890057586007, 2.3319357151251516, 0.5344316605946661, 0.0, 0.6745, 0.1353121988482793, 0.3674118580326713, 0.05184193207192535, 0.08354953578564087, 0.7252321659419423, 0.5590604239164662, 0.4982465991774654, 12.252812084783164, 0.7235778234735812, 0.15235463460929677, 0.15235463460930812, 1.4354196456817374, 0.392195824106291, 0.6194474849730965, 1.1509816513761364, 1.4051194242328238, 1.1836290730781327, 0.3819534957291964, 0.5317475482442251, 0.6254221765264187, 1.435206263840552, 0.8381638721923345, 22.506449699461964]",3.3647160968291754,0.6745,6.20496166067371,0.0,23.586890057586007,33.0,2.0,2.0,0.67
1,"[0.0, 0.6745000000000004, 0.6744999999999995, 0.0, 0.6744999999999992, 0.6745000000000008, 0.0, 0.0]",0.33725,0.3372499999999996,0.33725,0.0,0.6745000000000008,8.0,6.0,1.0,0.33
2,"[0.6745, 0.6745, 0.6745, 7.480094426229517, 0.0, 0.6745, 0.2698000000002396, 495.982333332727, 0.0, 579.8226833326245, 1.0211395348837204, 0.3278604651162795, 0.3278604651162677, 38.288093023255264, 0.11775945683801158, 1.0132547041707196, 0.6154894277400448, 0.4029990300678848, 0.9302997090203737, 0.19966770126091543, 0.10231988360814116, 0.687976915615901, 0.662593210475255, 0.0921140640155225, 1.4926665373423855, 0.09211406401550855, 2.4229662463627593, 1.8043365664403608, 0.686406789524745, 1.9841160038797387, 0.39881202715808894, 1.113481086323949, 5.8825835803201665, 0.7346732365145235, 0.3162593360995831, 0.6143267634854764, 1.854974955542406, 0.31625933609959384]",30.283060926628284,0.6745,120.18945862707129,0.0,579.8226833326245,38.0,6.0,3.0,1.0
