Cluster,Dist,mean,median,std,min,max,bag_count,day_count,Cluster_Rank,Cluster_perc
0,"[0.4979063009234248, 0.6620431830527047, 1.04234247691475, 0.6869568169472953, 0.4979063009234053, 2.9954980988593136, 4.316680289883657, 1.6864495168605829, 0.0, 0.5093665450601467, 0.6745]",1.2336045026750255,0.6745,1.240168001046659,0.0,4.316680289883657,11.0,2.0,3.0,1.0
1,"[0.6255086691658845, 1.0161750234301774, 0.6255086691658845, 0.7234913308341154, 0.0, 0.6745, 9.705950642841621, 1.4078745237917394, 0.6745, 0.7087615970717877, 0.48606121610517705, 0.0, 0.0, 0.6794349508031321, 0.6745]",1.200151108213968,0.6745,2.3019673180696016,0.0,9.705950642841621,15.0,4.0,2.0,0.67
2,[0.0],0.0,0.0,0.0,0.0,0.0,1.0,1.0,1.0,0.33
