Cluster,Dist,mean,median,std,min,max,bag_count,day_count,Cluster_Rank,Cluster_perc
0,"[0.0, 0.6745000000000808, 0.6744999999999192, 0.0, 0.6745000000000015, 0.6744999999999984]",0.44966666666666666,0.6744999999999588,0.3179623492735509,0.0,0.6745000000000808,6.0,4.0,1.0,0.33
1,"[9.945029371112684, 0.6745, 0.0]",3.539843123704228,0.6745,4.5375136885371345,0.0,9.945029371112684,3.0,1.0,3.0,1.0
2,"[5.399193451431004, 9.156988748803066, 0.29935916054899686, 0.1448535216512372, 0.19487230024470914, 0.8675782264070646, 0.6097339344611121, 0.7392660655388879, 3.018457468879667, 0.07409524949462779, 4.139323039685074, 0.07409524949462779]",2.0598180347200064,0.6745,2.741093838790377,0.07409524949462779,9.156988748803066,12.0,1.0,2.0,0.67
