Cluster,Dist,mean,median,std,min,max,bag_count,day_count,Cluster_Rank,Cluster_perc
0,"[4.873795618620875, 14.099182474483479, 23.33607125964656, 0.6745, 0.4947508712969887, 0.5169151730146861, 0.0, 12.857635629935015, 12.963021836349663, 6.344051673537838, 5.981845503458878, 0.0011311578506043056, 0.6729446579554189, 0.6706352106771014, 0.0, 0.6723790790301167, 0.6745, 12.427135804625813, 0.5653866958324906, 1.6850730705037422, 0.7836133041675094, 0.5653866958324906, 0.015956387899084643, 0.9530653390237168, 0.38917196226376494, 0.015956387899083907, 1.142021476777308, 0.575208156785068, 0.6817034448607866, 0.5502509061392852, 0.6774061699151547, 3.1259989432629163, 0.6715938300848454, 0.6962067478022933]",3.245720454986252,0.6745,5.407657689350076,0.0,23.33607125964656,34.0,4.0,2.0,0.67
1,"[270.02483333396435, 0.6745, 0.0, 0.0, 0.6745, 121.02396317727444, 0.8570258199485628, 0.5859519711119274, 0.650938974769548, 0.698061025230452, 0.9641933466404177, 0.5859519711119274, 0.6326996354566378, 0.2623199347659111, 0.024717862624718524, 0.8602075019186384, 2.1318185917113945, 0.06897707214122532, 0.46575700306984397, 2.58916375671522, 2.0733239639293433, 0.49578079432079253, 0.9901380468150114, 0.7163003645433621, 0.4414273791250938, 0.9407023215656157, 1.7650624520337246, 1.5665430736760948, 0.4362508633921498, 0.024717862624704733, 2.862483787413601, 0.1686250000000086, 8.482209466911781, 0.6745, 0.0]",12.154675610137332,0.6745,48.55035682378613,0.0,270.02483333396435,35.0,5.0,3.0,1.0
2,[0.0],0.0,0.0,0.0,0.0,0.0,1.0,1.0,1.0,0.33
