Cluster,Dist,mean,median,std,min,max,bag_count,day_count,Cluster_Rank,Cluster_perc
0,"[0.9870460200583947, 6.800573251237736, 2.411570839151946, 0.21090434175447514, 0.2011426304430667, 1.1935832804367126, 0.3619539799416052, 0.2011426304430576, 100.00361128526565, 5.422782654127432, 0.5102800417972791, 0.6745, 0.0]",9.152237765742871,0.6745,26.30682571209022,0.0,100.00361128526565,13.0,2.0,4.0,1.0
1,"[0.0, 0.0, 0.0, 0.0]",0.0,0.0,0.0,0.0,0.0,4.0,4.0,1.0,0.25
2,"[0.07568754534461093, 1.6625160822249037, 0.15170133010882159, 3.344280290205564, 0.5676565900846429, 0.07568754534462832, 1.5959632406287716, 0.25316178960095737, 0.7813434099153571, 0.8808464328899642, 0.6244770071430917, 1.2377637841930282, 0.0, 0.660512212383554, 4.512504690740313, 2.980064847427499, 2.6706905098917013, 0.6620664110076041, 0.05832685407682872, 1.1476646696731292, 0.6745, 0.0, 0.6745, 0.9458319387238029, 0.000499545236022508, 0.9608621155620235, 0.06330202175071138, 1.4512314943544309]",1.0254872270897128,0.6745,1.1049896874522935,0.0,4.512504690740313,28.0,3.0,3.0,0.75
3,"[0.6745, 0.6745]",0.6745,0.6745,0.0,0.6745,0.6745,2.0,1.0,2.0,0.5
