Cluster,Dist,mean,median,std,min,max,bag_count,day_count,Cluster_Rank,Cluster_perc
0,"[0.6745, 0.6745, 0.8678485020426668, 2.940565876078067, 0.17467192464820885, 0.6745, 0.0, 0.3295191216522947, 1.2379355991829288, 0.18140773944620675, 0.9067325238311388, 0.3169424731182822, 0.6745, 1.5121854838709707, 0.014505376344064826, 1.2213526881720207, 0.0, 1.4933284946236132, 7.586536568955593e-05, 0.8960648004948978, 0.3008251412985412, 0.0, 0.7797821612349914, 0.6757328121924477, 0.6745, 2.631169428899412, 0.0, 0.6745, 0.6745, 0.6745]",0.7292215337498812,0.6745,0.6977027883095255,0.0,2.940565876078067,30.0,6.0,2.0,0.5
1,"[6.354128406424843, 0.5437631293990184, 0.590993954159903, 1.6193599530770726, 1.0528335138061868, 0.40693981230823895, 1.1984213138422755, 0.030067045659640412, 0.9739531672983253, 0.030067045659627444, 0.6525887926367072, 0.6964112073632928, 0.0, 0.6745, 0.7309570026156872, 0.7300639713243119, 0.7290184712758745, 0.5741319953498881, 0.6569660929376427]",0.9602718355336073,0.6745,1.328005548594276,0.0,6.354128406424843,19.0,2.0,3.0,0.75
2,"[0.028114093959731606, 0.0, 0.27506543624161284, 0.03216442953020255, 0.48746979865771817, 3.1341258389261712, 26.690639261744952, 26.70493456375837, 0.5883708053691251, 9.515072147650999, 0.6745, 0.6773590604026842, 0.1004244966442961, 0.9583808724832242, 0.21645469798657627, 0.8211459731543612, 0.617557046979861, 0.9046543624161105, 0.9045352348993281]",3.859524637937122,0.6745,8.104979463125462,0.0,26.70493456375837,19.0,1.0,4.0,1.0
3,"[0.6745000000000014, 0.6744999999999985]",0.6745,0.6745,1.4432899320127035e-15,0.6744999999999985,0.6745000000000014,2.0,1.0,1.0,0.25
