Cluster,Dist,mean,median,std,min,max,bag_count,day_count,Cluster_Rank,Cluster_perc
0,"[11.392508026755324, 0.013986287625400853, 0.01398628762544894, 1.335013712374551, 6.329382522087017, 1.4284356142690455, 0.347706492748791, 0.0, 0.6745]",2.392835438165064,0.6745,3.692609744811035,0.0,11.392508026755324,9.0,2.0,4.0,1.0
1,"[2.0228745843458253, 2.2131087735004487, 0.003191776441999905, 0.6745, 0.0, 0.6745, 2.6270000000013938, 0.0]",1.0268968917862085,0.6745,1.0225442474472515,0.0,2.6270000000013938,8.0,2.0,3.0,0.75
2,"[0.0, 0.6744999999980031, 0.674500000001997]",0.4496666666666667,0.6744999999980031,0.31796234927355094,0.0,0.674500000001997,3.0,2.0,1.0,0.25
3,"[0.7056947058245313, 0.6795419034725574, 0.6685298799885618, 0.6900626954765606, 0.6718148021553804, 0.6771851978446196, 1.3999132798956273, 1.4067754521652103, 1.4080502430611412, 1.4123869430593539, 1.413866664879453, 0.00037068387754001745, 0.029657723893267776, 0.14764067610315798, 0.006262447947384487, 0.004580808893178021, 0.02153582917806024, 0.00037068387754017807]",0.6302355900885069,0.6745,0.5568616909620848,0.00037068387754001745,1.413866664879453,18.0,1.0,2.0,0.5
