Cluster,Dist,mean,median,std,min,max,bag_count,day_count,Cluster_Rank,Cluster_perc
0,"[1.4448688090301718, 0.0, 0.9392657221838238, 0.6745, 0.12228322967058462, 0.6744999999999988, 0.6745000000000012]",0.6471311086977972,0.6745,0.45011414544778927,0.0,1.4448688090301718,7.0,2.0,1.0,0.33
1,"[0.4237302216427641, 0.4237302216427641, 0.9252697783572359, 3.81511973924381, 11.631725515175907, 2.07813296231729, 0.02137680479191758, 0.8889916633141114, 0.46000833668588853, 0.021376804791920792]",2.0689462047963607,0.6745,3.3702147744298996,0.02137680479191758,11.631725515175907,10.0,2.0,3.0,1.0
2,"[0.6745, 0.6745]",0.6745,0.6745,0.0,0.6745,0.6745,2.0,1.0,2.0,0.67
