Cluster,Dist,mean,median,std,min,max,bag_count,day_count,Cluster_Rank,Cluster_perc
0,"[0.6745, 1.6748051062480185, 0.0, 0.0]",0.5873262765620046,0.33725,0.6855862041628469,0.0,1.6748051062480185,4.0,2.0,1.0,0.33
1,"[0.5209493680641183, 0.620128313810111, 0.5941380240443895, 0.6858317663378544, 0.6745, 1.9797323520345251, 0.0, 1.6820915536374843, 1.1324489056720097, 0.3266459617755857, 5.433841861898889]",1.2409371006613605,0.6745,1.4352585046277875,0.0,5.433841861898889,11.0,1.0,3.0,1.0
2,"[0.6745000000000001, 0.6745]",0.6745000000000001,0.6745000000000001,7.850462293418876e-17,0.6745,0.6745000000000001,2.0,1.0,2.0,0.67
