Cluster,Dist,mean,median,std,min,max,bag_count,day_count,Cluster_Rank,Cluster_perc
0,"[0.6744999999999988, 0.6745000000000012, 0.0, 0.0]",0.33725,0.3372499999999994,0.33725,0.0,0.6745000000000012,4.0,3.0,1.0,0.33
1,"[0.6745, 0.6745, 0.6745, 0.6745]",0.6745,0.6745,0.0,0.6745,0.6745,4.0,2.0,2.0,0.67
2,"[0.3568579981725792, 0.3568579981725792, 1.9523338329352564, 0.9921420018274208]",0.9145479577769589,0.6745,0.6528890679964797,0.3568579981725792,1.9523338329352564,4.0,1.0,3.0,1.0
