Cluster,Dist,mean,median,std,min,max,bag_count,day_count,Cluster_Rank,Cluster_perc
0,"[0.6745, 0.6745000000000001, 0.0]",0.4496666666666667,0.6745,0.3179623492735509,0.0,0.6745000000000001,3.0,2.0,2.0,0.67
1,"[33.6265328467153, 0.0, 0.6745]",11.433677615571767,0.6745,15.695134172631787,0.0,33.6265328467153,3.0,1.0,3.0,1.0
2,[0.0],0.0,0.0,0.0,0.0,0.0,1.0,1.0,1.0,0.33
