Cluster,Dist,mean,median,std,min,max,bag_count,day_count,Cluster_Rank,Cluster_perc
0,"[1.409853650137757, 0.9462510330578913, 0.0, 0.04924035812672343, 0.6745, 18.69854590570704, 0.6744999999999999, 0.0]",2.806611368378676,0.6744999999999999,6.02509837521526,0.0,18.69854590570704,8.0,2.0,3.0,1.0
1,"[0.7846189693774374, 0.6218884154268379, 0.4496829048100531, 0.5213661887909866, 1.3722124259714006, 5.462081124512497, 0.4496829048100531, 0.7271115845731619]",1.2985805647840531,0.6744999999999999,1.5982068390937316,0.4496829048100531,5.462081124512497,8.0,1.0,1.0,0.33
2,"[0.7871513569937337, 2.4128512526096113, 0.21861403966596757, 0.46222259916492475, 0.2182620041753692, 0.5618486430062661, 0.8786805845511443, 1.1346103862213064, 0.2182620041753692, 14.405996346555302]",2.1298499217118994,0.6744999999999999,4.139364623986721,0.2182620041753692,14.405996346555302,10.0,1.0,2.0,0.67
