Cluster,Dist,mean,median,std,min,max,bag_count,day_count,Cluster_Rank,Cluster_perc
0,"[0.4868730745845169, 0.862126925415483, 0.4868730745845096, 6.900501368058323, 0.6744999999999999, 0.6744999999999999]",1.680895740440472,0.6744999999999999,2.3377949120993753,0.4868730745845096,6.900501368058323,6.0,2.0,1.0,0.33
1,"[1.1743969603466395, 0.23048663996848678, 0.2304866399684884, 8.398555289303225, 0.5362965795693272, 0.8127034204306728]",1.89715425493114,0.6745,2.926149991005816,0.23048663996848678,8.398555289303225,6.0,1.0,2.0,0.67
2,"[8.35278094059406, 0.0, 0.6745, 0.991983099604449, 0.0, 0.6745, 8.534321515892081, 0.0, 0.6745, 0.0, 7.939532935613343, 0.6745, 1.5755229597607274, 0.5202806192977606, 0.5202806192977606, 0.8287193807022394]",1.9975888794226515,0.6745,3.044546957666583,0.0,8.534321515892081,16.0,5.0,3.0,1.0
