Cluster,Dist,mean,median,std,min,max,bag_count,day_count,Cluster_Rank,Cluster_perc
0,"[0.9394957603165628, 12.603884680610514, 0.40950423968343697, 0.409504239683437, 0.8378512429831596, 3.2843336006415393, 0.5111487570168404, 0.5111487570168404]",2.438358909744041,0.6745,3.945291234463316,0.40950423968343697,12.603884680610514,8.0,2.0,3.0,1.0
1,"[0.28024705481150797, 1.068752945188492, 0.28024705481150797, 2.1255030691964283]",0.938687531001984,0.6745,0.7570561166517246,0.28024705481150797,2.1255030691964283,4.0,1.0,2.0,0.67
2,"[0.824070785237331, 0.5249292147626688, 0.524929214762669, 0.8797234070086443]",0.6884131554428282,0.6745,0.1646637502581138,0.5249292147626688,0.8797234070086443,4.0,1.0,1.0,0.33
