Cluster,Dist,mean,median,std,min,max,bag_count,day_count,Cluster_Rank,Cluster_perc
0,"[0.0, 0.0]",0.0,0.0,0.0,0.0,0.0,2.0,2.0,1.0,0.33
1,"[0.0, 0.0029673434856188033, 6.787684094754683, 0.6745000000000001, 1.6497288494077873]",1.8229760575296177,0.6745000000000001,2.554721557048841,0.0,6.787684094754683,5.0,1.0,3.0,1.0
2,"[4.555551818221036, 0.00010183547580046934, 0.00010183547579891881, 1.3488981645241995]",1.4761634134242088,0.6745,1.861205587446335,0.00010183547579891881,4.555551818221036,4.0,1.0,2.0,0.67
