Cluster,Dist,mean,median,std,min,max,bag_count,day_count,Cluster_Rank,Cluster_perc
0,"[0.6091327790973863, 1.6216838479809808, 2.046570783847961, 0.8456083135392023, 1.0455551068883646, 0.05447268408550857, 1.9962636579572288, 1.9703090261282425, 0.8786123515439384, 0.46878551068882174, 0.0, 0.3034448931116354, 1.1086793349168458, 0.10157553444179546, 0.1323365795724503, 0.5854211401425153, 0.595674821852728, 0.6745, 4.471886935866963, 2.7083397825499715, 0.6734068071312805, 0.67340680713128, 0.6755931928687195, 26.076529898804093, 3.92382773689053, 0.0, 0.6745, 0.061948098742717825, 0.7436082217334414, 0.7552702341509594, 0.6745, 0.25350322966840216, 2.3007967397054325, 0.0, 0.5004524459169758, 0.3135034384831698, 4.960355291366207]",1.7697312223461017,0.6745,4.226384151604256,0.0,26.076529898804093,37.0,4.0,2.0,0.67
1,"[1.3153075008030835, 0.0, 0.6745, 0.0, 0.0, 0.0, 0.674500000000002, 0.674499999999998]",0.41735093760038544,0.337249999999999,0.46117108142498037,0.0,1.3153075008030835,8.0,5.0,1.0,0.33
2,"[0.010897395707738278, 0.010897395707738278, 0.8859420062695957, 0.6821444417651295, 0.4245104895104893, 11.552215336387778, 0.7361434772124393, 0.6668555582348705]",1.8712007625994724,0.6745,3.6718490798458125,0.010897395707738278,11.552215336387778,8.0,1.0,3.0,1.0
