Cluster,Dist,mean,median,std,min,max,bag_count,day_count,Cluster_Rank,Cluster_perc
0,"[0.6744999999999993, 0.6745000000000007, 0.0]",0.44966666666666666,0.6744999999999993,0.3179623492735509,0.0,0.6745000000000007,3.0,2.0,2.0,0.67
1,"[0.35662206266318386, 4.793658616187984, 0.35662206266318386, 0.642290469973893, 1.2919497389033923, 0.7067095300261069]",1.3579754134029571,0.6745,1.5679098461949026,0.35662206266318386,4.793658616187984,6.0,1.0,3.0,1.0
2,[0.0],0.0,0.0,0.0,0.0,0.0,1.0,1.0,1.0,0.33
