Cluster,Dist,mean,median,std,min,max,bag_count,day_count,Cluster_Rank,Cluster_perc
0,"[0.0, 2.768208178438722, 0.6745, 0.6180827137546436, 0.04889498141263775, 1.3728206319702942, 1.6753844485750091, 12.030672862453764, 0.253668835192077, 2676.6171666666482, 2647.1284999999825, 0.0, 0.6745, 0.44966666666661415]",381.7365761417924,0.6745,930.8831449982387,0.0,2676.6171666666482,14.0,2.0,3.0,1.0
1,"[0.0, 0.0, 0.0, 0.0]",0.0,0.0,0.0,0.0,0.0,4.0,4.0,1.0,0.33
2,"[3.3080755047757178, 0.6745, 0.0]",1.3275251682585727,0.6745,1.4272753271200882,0.0,3.3080755047757178,3.0,1.0,2.0,0.67
