Cluster,Dist,mean,median,std,min,max,bag_count,day_count,Cluster_Rank,Cluster_perc
0,"[0.6745, 0.6745, 0.6745, 2.4818349397591026, 0.0]",0.9010669879518204,0.6745,0.83243580344988,0.0,2.4818349397591026,5.0,2.0,2.0,0.67
1,"[0.0, 0.0, 0.0]",0.0,0.0,0.0,0.0,0.0,3.0,3.0,1.0,0.33
2,"[0.7212838922327286, 0.6277161077672714, 0.5376281169389514, 0.36750487245629093, 3.7096533390656057, 0.36750487245629093, 1.8089127257093485, 3.479600315276563]",1.4524755302378813,0.6745,1.3104041261980264,0.36750487245629093,3.7096533390656057,8.0,1.0,3.0,1.0
