Cluster,Dist,mean,median,std,min,max,bag_count,day_count,Cluster_Rank,Cluster_perc
0,"[0.5044684806372105, 2.223831562530461, 0.5044684806372105, 0.8445315193627894, 5.46582889438704, 0.6745, 0.0, 0.6736165041478681, 6.06353019938874, 14.894369402984605, 14.879268656715983, 0.6745, 0.0362417910447979, 0.0, 0.01293988377699388, 0.0, 4.9402627705737565, 4.314099056005279, 0.6745]",3.0200503790627757,0.6745,4.5165692211833415,0.0,14.894369402984605,19.0,4.0,2.0,0.67
1,"[0.29654316020482857, 0.29654316020482857, 1.0583180266453855, 0.9824814457671078, 8.092430039236548, 0.36651855423289215, 1.3269863089540739, 1.3251381209766704, 2.865235694311504, 0.5799386014300996, 0.5799386014300996, 0.6734113413283783, 0.6384476756188646, 0.6755886586716218]",1.411251384929493,0.6745000000000001,1.9588034043050142,0.29654316020482857,8.092430039236548,14.0,2.0,1.0,0.33
2,"[0.6745, 0.0057377126653930365, 7.795638941398849, 0.0, 0.59927221172021, 1.060839319470681, 186.1065354442338]",28.034646232784134,0.6745,64.58301887183197,0.0,186.1065354442338,7.0,1.0,3.0,1.0
