Cluster,Dist,mean,median,std,min,max,bag_count,day_count,Cluster_Rank,Cluster_perc
0,"[0.6145707351740383, 0.7344292648259595, 0.6145707351740405, 0.8460878065745282, 0.0, 0.7221731087796949, 0.6745, 1.4706459362139914, 0.8806111008230453, 0.46838889917695475, 0.46838889917695464]",0.6813060441744734,0.6745,0.33820704602636537,0.0,1.4706459362139914,11.0,3.0,2.0,0.5
1,"[0.0, 0.6745000000000001, 0.6745, 1.112536041383981, 0.0, 0.6745000000000001, 0.0]",0.4480051487691402,0.6745,0.41362973437479145,0.0,1.112536041383981,7.0,4.0,1.0,0.25
2,"[6.239270995670943, 0.6745, 10.160130735930657, 0.3723862914862958, 10.156042857142777, 0.4434375180375153, 0.149110245310246, 0.0, 0.6573698412698329, 5.370888744588699, 0.8349005772005688, 0.3097054834054821, 0.6961073593073502, 0.037569552669554744, 0.8567025974025968]",2.463874853294834,0.6745,3.5246346618678017,0.0,10.160130735930657,15.0,1.0,4.0,1.0
3,"[0.9924450753186564, 1.1339103128621075, 0.3565549246813436, 0.3565549246813436]",0.7098663093858628,0.6745,0.3568339757379864,0.3565549246813436,1.1339103128621075,4.0,1.0,3.0,0.75
