Cluster,Dist,mean,median,std,min,max,bag_count,day_count,Cluster_Rank,Cluster_perc
0,"[0.0, 0.0]",0.0,0.0,0.0,0.0,0.0,2.0,2.0,1.0,0.33
1,"[0.6745, 0.6745]",0.6745,0.6745,0.0,0.6745,0.6745,2.0,1.0,2.0,0.67
2,"[2.0960150570633918, 0.27181826028579614, 1.0771817397142034, 0.2718182602857966]",0.9292083293372969,0.6745,0.749609477631607,0.27181826028579614,2.0960150570633918,4.0,1.0,3.0,1.0
