Cluster,Dist,mean,median,std,min,max,bag_count,day_count,Cluster_Rank,Cluster_perc
0,"[0.8505348385530617, 2.9996336489439313, 0.6595984462248232, 0.1408278708424353, 10.211330662782236, 0.12117747025978048, 2.3112146151978683, 0.26266035445495817, 0.12117747025976303, 0.6894015537751766, 41.600866893239186, 41.74009393871288, 0.6745, 0.22878021515041044, 0.0]",6.840786531893101,0.6745,13.8847450757017,0.0,41.74009393871288,15.0,2.0,3.0,1.0
1,"[0.22345757797159715, 1.125542422028403, 0.22345757797159552, 2.2666698936024434, 0.0, 0.6745, 26.87011611785103]",4.483391941346438,0.6745,9.167153881949103,0.0,26.87011611785103,7.0,2.0,2.0,0.67
2,"[0.0, 0.0, 0.0, 0.0, 0.0]",0.0,0.0,0.0,0.0,0.0,5.0,5.0,1.0,0.33
