Cluster,Dist,mean,median,std,min,max,bag_count,day_count,Cluster_Rank,Cluster_perc
0,"[22.560130972338648, 1.6129388795753046, 0.1224050712489482, 0.25771968426934766, 1.5565892008941062, 0.3395115255658027, 0.41753415758591905, 0.3366846186085487, 0.5334373428331959, 1.2384679379714967, 1.0680996786812011, 1.01928841855267, 0.7876705085219292, 0.10958975970941844, 1.4073285135512692, 0.7955858480022326, 0.10958975970941844, 0.5613294914780708, 0.863669374104156, 0.8686107660455402, 0.14222615066093716, 0.8402514731645171, 0.6258380315336884, 0.7633376333811123, 0.7231619684663115, 0.037382704252262366, 0.9751729574772962, 0.35363178850135646, 0.19529240324892713, 0.06208966395922928, 0.2891788501353648, 0.11923793597706289, 0.03738270425227381, 0.9064231565535901, 8.84015018315015, 0.3996082178690821, 0.7987867494823997, 0.7792360248447222]",1.4066992133199345,0.6745,3.7422290195460985,0.037382704252262366,22.560130972338648,38.0,2.0,3.0,0.75
1,"[0.6745, 0.6745, 0.9583945425224923, 2.1346476616873207, 0.476048612289934, 0.6745, 0.7867067560685791, 0.0, 0.5683901926667794]",0.7719653072483451,0.6745,0.5421474564437299,0.0,2.1346476616873207,9.0,2.0,2.0,0.5
2,"[0.6744999999999973, 0.6745000000000027, 0.0]",0.44966666666666666,0.6744999999999973,0.3179623492735509,0.0,0.6745000000000027,3.0,2.0,1.0,0.25
3,"[2.8285412859007746, 17.12468325717994, 0.5135797976501398, 0.5206241840730921, 0.8283758159269079, 0.5135797976501164, 0.6898716364634983, 0.6535723503569628, 0.27502265238880486, 0.27502265238878515, 0.6591283635365017, 1.9644210598572147, 84.58604104887334, 101.10851304228336]",15.181498353180675,0.6745,32.137124971754645,0.27502265238878515,101.10851304228336,14.0,2.0,4.0,1.0
