Cluster,Dist,mean,median,std,min,max,bag_count,day_count,Cluster_Rank,Cluster_perc
0,"[0.0, 1.2082720457433256, 0.3891016518424389, 0.08896200762389066, 0.3676753494282089, 14.95058818297327, 11.254122490470106, 0.044909529860230474, 0.3306506988564215, 0.7804316391359587, 1.0025795425667015, 0.35361969504447255, 0.6745, 0.6846132147395149, 0.8652797966963083, 0.1009607369758565, 0.9876668360864039, 44.979030210454724, 1.1232508486082806, 1.1060029418420405, 0.8569004299615285, 0.38952794749943087, 0.38952794749943087, 0.4920995700384715, 0.47073048200950407]",3.3556401518382604,0.6745,9.16958016875385,0.0,44.979030210454724,25.0,2.0,3.0,1.0
1,"[0.6745, 0.6745, 3.322211834319432, 0.3184917159763472, 1.2643881656804314, 0.0, 0.6745]",0.9897988165680301,0.6745,1.0172894480497854,0.0,3.322211834319432,7.0,2.0,2.0,0.67
2,"[0.6745000000000012, 0.6744999999999988, 0.6745000000000055, 0.6744999999999944]",0.6745,0.6745,4.019099355522905e-15,0.6744999999999944,0.6745000000000055,4.0,2.0,1.0,0.33
