Cluster,Dist,mean,median,std,min,max,bag_count,day_count,Cluster_Rank,Cluster_perc
0,"[3.7793140058765915, 0.25790871694417195, 0.25790871694417195, 1.0910912830558281, 0.6745, 3.713688034188037, 0.0, 0.8575982905982941, 0.024034188034189757, 0.6762510261570139, 0.6743086045431973, 0.6746913954568026, 0.6743086045431973]",1.0273540666416534,0.6745,1.1990440131668658,0.0,3.7793140058765915,13.0,3.0,3.0,1.0
1,"[0.0, 0.0, 0.0, 0.0, 0.6745000000000007, 0.6744999999999994]",0.22483333333333336,0.0,0.3179623492735509,0.0,0.6745000000000007,6.0,5.0,1.0,0.33
2,"[0.05467325759230162, 1.2943267424076828, 1.8569749836136922, 0.05467325759231734]",0.8151620603014985,0.6745000000000001,0.7860756003480726,0.05467325759230162,1.8569749836136922,4.0,1.0,2.0,0.67
