Cluster,Dist,mean,median,std,min,max,bag_count,day_count,Cluster_Rank,Cluster_perc
0,"[0.33607328588834784, 0.33607328588834684, 1.012926714111652, 3.4961296937306168, 3.780498325332125, 0.7354964273752352, 0.6135035726247646, 0.6135035726247566]",1.3655256096969808,0.6744999999999999,1.329635673520311,0.33607328588834684,3.780498325332125,8.0,2.0,4.0,0.67
1,"[0.6745, 7.3064605263159175, 0.0, 5.045791002811713, 0.6745, 0.0, 0.6745, 0.0, 20.718682041820415]",3.8993815078831155,0.6745,6.434511319358144,0.0,20.718682041820415,9.0,3.0,6.0,1.0
2,"[7.863161101836394, 1.668796327212015, 0.33427402814214574, 0.0, 0.7242067731934132, 0.029116265203909163, 0.019947054614827774, 0.3464996422609095, 1.1976275936084018, 1.1973058669210637, 0.1886927021225828, 0.6745, 0.9968701407107114, 0.38205044121154724, 0.8915046506081594, 5.663837467207252, 0.8056036250894407, 0.36097734319104025, 0.3918631051752963]",1.24930705938469,0.6745,1.973801120460648,0.0,7.863161101836394,19.0,1.0,2.0,0.33
3,[0.0],0.0,0.0,0.0,0.0,0.0,1.0,1.0,1.0,0.17
4,"[0.14295592746608132, 2.8250463903469782, 4.404596734610388, 0.4082681505215093, 0.9407318494784906, 0.14295592746608624]",1.4774258299815892,0.6745,1.600893973863828,0.14295592746608132,4.404596734610388,6.0,1.0,5.0,0.83
5,"[0.6718467266086008, 3.0791237707221, 0.37847049733071075, 0.6771532733913993, 2.6125266928912723, 0.37847049733071075]",1.2995985763791322,0.6745000000000001,1.1082233959927468,0.37847049733071075,3.0791237707221,6.0,1.0,3.0,0.5
