Cluster,Dist,mean,median,std,min,max,bag_count,day_count,Cluster_Rank,Cluster_perc
0,"[803.9196875000915, 0.0, 0.6745, 0.6745, 0.6745, 0.0, 0.9181979292725557, 0.009795078660751657, 0.2246519429877643, 1.560773228452336, 0.6608957240822939, 0.06965389269867092, 3.1869376764824593, 3.1830377840527175, 0.7625650127739676, 0.6745, 0.0, 4.140775182379351, 0.6745]",43.26365636589128,0.6745,179.29214479905932,0.0,803.9196875000915,19.0,4.0,3.0,1.0
1,"[0.0, 0.0, 0.0]",0.0,0.0,0.0,0.0,0.0,3.0,3.0,1.0,0.33
2,"[0.14367079087821394, 18.095319747695296, 0.0012272561863188218, 2.247187894226102, 0.0012272561863188218, 2.124544092673459, 1.00684097525473, 0.845334061135372, 0.08009892042697657, 0.2080608321203305, 0.5183930131004364, 5.880111656962641, 0.17713397622513197, 0.14260716885007182, 1.0537221615720516, 0.8306069868995636]",2.0847554243995634,0.6745,4.372927500804897,0.0012272561863188218,18.095319747695296,16.0,1.0,2.0,0.67
