Cluster,Dist,mean,median,std,min,max,bag_count,day_count,Cluster_Rank,Cluster_perc
0,"[0.40672432625561494, 0.8625420069416103, 80.71147146794644, 0.8131043793385095, 0.6777361678236025, 42.93120891180091, 0.6434465598203349, 0.04978190077582847, 0.7384659554920441, 0.819852133523888, 0.1555426194365024, 0.6837953756635402, 0.42352485708452475, 0.04978190077582847, 0.6712638321763975, 0.18212050837076307, 6.7081565512317285, 0.28936957039152633, 0.28936957039152633, 0.6273018564798315, 0.7216981435201684, 0.3720465905033898, 1.0647676425086277, 0.7239456741639922]",5.9007091042673805,0.6745,17.765237795512235,0.04978190077582847,80.71147146794644,24.0,2.0,3.0,1.0
1,"[1.9541965352449404, 0.6745, 2.29708751493429, 0.5048676821983422, 0.0, 0.6745, 0.0, 0.745456006884681, 0.677054924242424, 1.2305153882575588, 0.24175970643938258, 1.1596162405302821, 0.843763731060589, 1.168877840909071, 0.671945075757576, 0.7377343749999877, 0.042156250000003184, 0.2816803977272755, 0.8348214962121138, 0.49884895833332576, 0.9296730587120953, 0.04950165719697835, 0.042156250000003184, 0.33150142045453346]",0.6913422712539772,0.6745,0.5700916332285267,0.0,2.29708751493429,24.0,3.0,2.0,0.67
2,[0.0],0.0,0.0,0.0,0.0,0.0,1.0,1.0,1.0,0.33
