Cluster,Dist,mean,median,std,min,max,bag_count,day_count,Cluster_Rank,Cluster_perc
0,"[0.6745, 0.6744999999999999, 0.7338605418208155, 0.6151394581791845, 0.7452943116644153, 0.054726300232936, 0.05472630023293582, 0.7399339068647598]",0.5365851023743808,0.6744999999999999,0.2811617649439944,0.05472630023293582,0.7452943116644153,8.0,2.0,1.0,0.33
1,"[0.0, 0.6745, 1.4920155388709369]",0.7221718462903123,0.6745,0.6100448320982256,0.0,1.4920155388709369,3.0,1.0,2.0,0.67
2,"[3.9024768289507943, 0.6745, 0.0]",1.525658942983598,0.6745,1.7030727151808442,0.0,3.9024768289507943,3.0,1.0,3.0,1.0
