Cluster,Dist,mean,median,std,min,max,bag_count,day_count,Cluster_Rank,Cluster_perc
0,"[6.004297583532209, 0.4447031622911655, 0.3185362470167072, 0.1430696599045334, 1.1350997911694494, 0.9799567422434322, 1.206735232696893, 0.003420793556081517, 0.1366305190930783, 0.7998620226730319, 0.7908069809069216, 0.5581930190930783, 0.255553400954655, 0.30787142004773327, 0.8676742243436754, 0.7968436754176582, 0.0034207935560922405, 0.9368949880668287, 0.0, 3.85356273447266, 0.06607232180075553, 0.45519612338474735, 0.6745, 7.031500833680634, 0.9885543976656733, 0.15688661942475282, 0.7737490621091947, 6.234538684974912, 1.495762080802749, 0.6907079482439896, 1.4603183258516006, 0.3738514655400101, 0.058597966728280396, 0.0, 0.2705480591497153, 0.6745, 0.24899683126485195, 0.980491814100873, 0.6745, 5.004811446740857, 0.04653942766295899, 0.013511446740849847, 0.0, 0.9462302066772679, 0.47504531001589495, 1.1175896661367237, 0.2582187599364066, 0.38496899841017596, 1.2239655007949108, 0.9432276629570687, 0.14069062003179214, 0.7774443561208265, 1.1341036565977727, 0.1814394276629567, 1.019363593004765, 1.1898651828298865, 0.2715157392686871]",1.0172094127604987,0.6745,1.5219952037492372,0.0,7.031500833680634,57.0,4.0,2.0,0.67
1,"[0.0, 0.6744999999999961, 0.6745000000000039]",0.44966666666666666,0.6744999999999961,0.3179623492735509,0.0,0.6745000000000039,3.0,2.0,1.0,0.33
2,"[19.266809587217008, 0.6136063914780278, 0.7353936085219723, 0.6136063914780278, 0.9026807278742685, 0.5529895781637761, 0.7661070306037949, 0.599406782464846, 0.7495932175351541, 0.5529895781637642, 0.465572039148732, 0.8834279608512678, 0.25669799916631925, 0.25669799916631925, 1.0693625226264365, 1.226025755594511, 0.3870170362080091, 1.3229754777961134]",1.7344977602254634,0.6745000000000001,4.261985283174232,0.25669799916631925,19.266809587217008,18.0,3.0,3.0,1.0
