Cluster,Dist,mean,median,std,min,max,bag_count,day_count,Cluster_Rank,Cluster_perc
0,"[0.6745000000000001, 0.6745, 0.6745, 0.6745000000000001]",0.6745000000000001,0.6745000000000001,7.850462293418876e-17,0.6745,0.6745000000000001,4.0,2.0,2.0,0.67
1,"[0.6745, 0.6745]",0.6745,0.6745,0.0,0.6745,0.6745,2.0,1.0,1.0,0.33
2,"[0.8163196069031639, 0.5326803930968359, 0.5326803930968361, 1.647319127516778]",0.8822498801534034,0.6745,0.4566386445412814,0.5326803930968359,1.647319127516778,4.0,1.0,3.0,1.0
