Cluster,Dist,mean,median,std,min,max,bag_count,day_count,Cluster_Rank,Cluster_perc
0,"[15.410843170990072, 0.050882080465869964, 0.15835931709898154, 6.586283615669725, 6.5977097670725815, 0.9460496294335599, 1.6533998147168039, 0.05088208046585094, 1.4245197194282837, 13.579088274219286, 0.20263565378506382, 0.19763671254631845, 0.40295037056644, 0.39652316040232793, 1.0101278258778152, 15.761854858104822, 4.08609439634438, 0.21104485329485664, 0.16205519480519717, 1.368952741702747, 0.34114321789321744, 2.3208445165945144, 0.5092004569504506, 1.533765632515628, 1.209655242905251, 0.6577916065416052, 0.33660113035113476, 0.6315123857623764, 0.6912083934583948, 0.16205519480519717]",2.621722367158959,0.6745,4.426449679716647,0.05088208046585094,15.761854858104822,30.0,2.0,3.0,1.0
1,"[1.1550211562393917, 2.3529282724290046, 0.0, 0.6745, 0.773931327073197, 0.06379477316438414, 0.13453371422106658, 0.09690137581462654, 0.5657790007241116, 0.7832209992758885, 0.09690137581462654, 0.8715262853005036, 0.5360834178131808, 1.5265874004344595, 3.3051965242577728]",0.862460374837481,0.6745,0.8960254205116497,0.0,3.3051965242577728,15.0,2.0,2.0,0.67
2,"[1.4108092332952862, 1.1517893103258845, 0.19721068967411523, 0.19721068967411542, 0.48138055541974295, 0.9641461888231561, 0.48138055541974295, 0.8676194445802571]",0.7189433334015375,0.6745,0.4191576582182393,0.19721068967411523,1.4108092332952862,8.0,2.0,1.0,0.33
